course,term,year,prereqs
acma 210,spring,2021,MATH 152; or MATH 155 or MATH 158 with a grade of at least B.
acma 320,spring,2021,STAT 285 and ACMA 210.
acma 336,spring,2021,Students must apply and receive permission from the co-op coordinator at least one but preferably two terms in advance. They will normally be required to have completed 45 units with a GPA of 2.50 before they may take this practicum course.
acma 337,spring,2021,ACMA 336 or Job Practicum I from another department. Students must apply and receive permission from the co-op coordinator at least one term in advance.
acma 340,spring,2021,ACMA 210 and STAT 285.
acma 360w,spring,2021,ACMA 320.
acma 436,spring,2021,ACMA 337 or Job Practicum II from another department. Students must apply and receive permission from the co-op coordinator at least one term in advance.
acma 437,spring,2021,ACMA 436 or Job Practicum III from another department. Students must apply and receive permission from the co-op coordinator at least one term in advance.
acma 438,spring,2021,ACMA 437 or Job Practicum IV from another department. Students must apply and receive permission from the co-op coordinator at least one term in advance.
acma 455,spring,2021,ACMA 320 and ACMA 355.
acma 490,spring,2021,Dependent on the topic covered.
acma 820,spring,2021,ACMA 320.
acma 850,spring,2021,
als 610,spring,2021,
als 615,spring,2021,
als 620,spring,2021,
apma 930,spring,2021,
apma 990,spring,2021,
apma 995,spring,2021,Applied Mathematics PhD stream students only. Must be completed within first six terms of the program.
arab 100,spring,2021,
arch 100,spring,2021,
arch 101,spring,2021,
arch 105,spring,2021,
arch 131,spring,2021,
arch 226,spring,2021,
arch 273,spring,2021,"ARCH 100, 101, or 201."
arch 301,spring,2021,45 credit hours.
arch 313,spring,2021,"One of the following courses: ARCH 100, ARCH 201, HS 100, HS 231, HS 232, HS/HIST 277 or by permission of the instructor."
arch 322,spring,2021,ARCH 131.
arch 323,spring,2021,ARCH 131 or any lower division biology course.
arch 331,spring,2021,"ARCH 272W or 273 or by permission of instructor. Other prerequisites may be required, but will vary according to topic."
arch 340,spring,2021,ARCH 101 or ARCH 201.
arch 344,spring,2021,ARCH 131 or any lower division biology course.
arch 350,spring,2021,Acceptance in the Environment Co-operative Education Program.
arch 351,spring,2021,ARCH 350 and readmission to the Environment Co-operative Education Program.
arch 376,spring,2021,"ARCH 101 or ARCH 201, and any one of ARCH 285, GEOG 251, PSYC 210, STAT 101, STAT 201, STAT 203, or STAT 205."
arch 383,spring,2021,"ARCH 101, ARCH 131, or 201."
arch 386,spring,2021,ARCH 101 or ARCH 201.
arch 428,spring,2021,ARCH 388 (previously ARCH 438) or GEOG 317 or GEOG 318.
arch 442,spring,2021,ARCH 373.
arch 450,spring,2021,ARCH 351 and readmission to the Environment Co-operative Education Program.
arch 451,spring,2021,ARCH 450 and readmission to the Environment Co-operative Education Program.
arch 471w,spring,2021,"ARCH 101, 131, 201, 272W and 273."
arch 479,spring,2021,"45 credit hours, including ARCH 372, and permission of the department."
arch 480,spring,2021,"45 credit hours, including ARCH 372, and permission of the department."
arch 485,spring,2021,ARCH 372.
arch 498,spring,2021,Permission of the department.
arch 499,spring,2021,Permission of the department.
arch 551,spring,2021,Enrollment in the MA or Certificate in HRM.
arch 561,spring,2021,Enrollment in the MA or Certificate in HRM.
arch 591,spring,2021,"10 units, consent of supervising faculty member, and approval of the director of the HRM program."
arch 872,spring,2021,
arch 873,spring,2021,
arch 874,spring,2021,Only available to students in the Archaeology PhD program.
arch 875,spring,2021,Only available to students in the Archaeology PhD program.
arch 876,spring,2021,
arch 892,spring,2021,
arch 893,spring,2021,
arch 896,spring,2021,
arch 898,spring,2021,
arch 899,spring,2021,
bisc 101,spring,2021,"High school Biology 12 (or equivalent) with a C grade or better, or BISC 100 with C- or better, or BISC 113 with C+ or better, or HSCI 100 with C+ or better; and High school Chemistry 12 (or equivalent) with a C grade or better, or CHEM 111 with a C- or better."
bisc 102,spring,2021,"High school biology 12 (or equivalent) with a C grade or better, or BISC 100 with C- or better, or BISC 113 with C+ or better, or HSCI 100 with C+ or better."
bisc 113,spring,2021,"Recommended: Students with a C or better in Biology 12, who are considering a BISC major, are encouraged to proceed directly to BISC 101 and 102."
bisc 202,spring,2021,BISC 101 and 102 with a grade of C- or better.
bisc 204,spring,2021,BISC 101 and 102 with a grade of C- or better.
bisc 298,spring,2021,
bisc 300,spring,2021,BISC 202 with a grade of C- or better. Recommended: BISC 204.
bisc 302w,spring,2021,BISC 202 with a grade of C- or better.
bisc 309,spring,2021,BISC 204 with a grade of C- or better.
bisc 313,spring,2021,"BISC 101 and one of BISC 204, GEOG 
215, or MBB 231; all with a grade of C- or better."
bisc 317,spring,2021,BISC 101 and 102 with a grade of C- or better.
bisc 318,spring,2021,"BISC 101 and 102, and 204 or HSCI 212 with a grade of C- or better and completion of 60 units. Recommended: BISC 300 and 306."
bisc 333,spring,2021,"BISC 202, MBB 222, MBB 231 with a grade of C- or better."
bisc 337,spring,2021,BISC 101 and 102 with a grade of C- or better.
bisc 341,spring,2021,Acceptance in the Biological Sciences Co-operative Education Program.
bisc 342,spring,2021,BISC 341 and readmission to the Science Co-op Education Program.
bisc 366,spring,2021,BISC 205 and MBB 231 with a grade of C- or better.
bisc 371,spring,2021,A minimum of 45 units.
bisc 405,spring,2021,BISC 205 or BPK 205 and MBB 231 with a grade of C- or better.
bisc 406,spring,2021,BISC 306 or BISC 316 with a grade of C- or better.
bisc 423,spring,2021,"BISC 101, BISC 102, BISC 202, MBB 222, MBB 231; all with a grade of C- or better. Recommended: BISC 333 or MBB 331."
bisc 428,spring,2021,"BISC 101, BISC 102, MBB 222 and MBB 231, all with a minimum grade of C-."
bisc 443,spring,2021,BISC 342 and readmission to the Science Co-op Education Program.
bisc 444,spring,2021,BISC 443 and re-admission to the science co-operative education program.
bisc 446,spring,2021,BISC 444 and readmission to the Science Co-op Education Program.
bisc 472,spring,2021,To be announced.
bisc 474,spring,2021,To be announced.
bisc 490,spring,2021,"Completion of all lower division biological sciences courses, plus upper division BISC courses appropriate to the subject of the intended research as determined by the departmental undergraduate curriculum committee; completion of all physics, chemistry and mathematics requirements for the major or honours program."
bisc 491,spring,2021,"Completion of all lower division biological sciences courses, plus upper division BISC courses appropriate to the subject of the intended research as determined by the departmental undergraduate curriculum committee; completion of all physics, chemistry and mathematics requirements for the major or honours program; at the time of application, students will normally have a CGPA of 3.00 (B standing). Corequisite: BISC 490 and 492."
bisc 492w,spring,2021,"Completion of all lower division biological sciences courses, plus upper division BISC courses appropriate to the subject of the intended research as determined by the departmental undergraduate curriculum committee; completion of all physics, chemistry and mathematics requirements for the major or honours program; at the time of application, students will normally have a CGPA of 3.00 (B standing). Corequisite: BISC 490 and BISC 491."
bisc 497w,spring,2021,"Completion of lower division course
requirements."
bisc 498,spring,2021,Completion of lower division course requirements.
bisc 499,spring,2021,Completion of lower division course requirements.
bisc 652,spring,2021,BISC 313 or permission of the department.
bisc 654,spring,2021,BISC 313 or equivalent.
bisc 655,spring,2021,
bisc 656,spring,2021,Acceptance into the environmental toxicology program.
bisc 657,spring,2021,Permission of the department.
bisc 658,spring,2021,Permission of the department.
bisc 831,spring,2021,
bisc 832,spring,2021,
bisc 833,spring,2021,
bisc 838,spring,2021,
bisc 844,spring,2021,
bisc 849,spring,2021,
bisc 879,spring,2021,
bisc 888,spring,2021,
bisc 889,spring,2021,
bisc 890,spring,2021,
bisc 892,spring,2021,
bisc 898,spring,2021,
bisc 899,spring,2021,
bpk 105,spring,2021,"Recommended: Grade 11 Biology, Chemistry and Physics."
bpk 110,spring,2021,
bpk 140,spring,2021,
bpk 141,spring,2021,
bpk 142,spring,2021,"One of Grade 12 Anatomy and Physiology, Biology, Chemistry or Physics with a grade of C or better; or one of BPK 105, BPK 110, BPK 143, BISC 100, BISC 113 or HSCI 100 with a grade of C or better."
bpk 143,spring,2021,Recommended: Medical clearance from a personal physician.
bpk 201,spring,2021,"MATH 150, 151 or 154, MATH 152 or 155 (may be taken concurrently), PHYS 101 (or 120 or 125 or 140), BPK 142."
bpk 205,spring,2021,"BISC 101, CHEM 281, PHYS 101 and 102."
bpk 207,spring,2021,BPK 142 or permission of instructor.
bpk 208,spring,2021,
bpk 241,spring,2021,BPK 142.
bpk 303,spring,2021,"BPK 201, BPK 241 and STAT 201 or an equivalent statistics course."
bpk 304w,spring,2021,"BPK 142, 201, 205, and STAT 201."
bpk 305,spring,2021,"BPK 205, MBB 231 (or 201), MATH 155 (or 152). Majors from outside BPK require BPK 205 (or BISC 305), MBB 231 (or 201), MATH 155 (or 152) plus permission of the instructor."
bpk 306,spring,2021,"BPK 207. Corequisite: BPK 305. Majors from outside BPK require BPK 205 (or BISC 305), MBB 231 (or 201), MATH 155 (or 152) plus permission of the instructor."
bpk 307,spring,2021,"BPK 305. Corequisite: BPK 306; however, students who took BPK 306 prior to Fall 2017, cannot take this course. Majors from outside BPK require BPK 205 (or BISC 305), MBB 231 (or 201), MATH 155 or 152 plus permission of the instructor."
bpk 310,spring,2021,"BPK 205, MBB 201 (or 231). Recommended: BPK 201."
bpk 311,spring,2021,"BPK 105 or 205, and 110."
bpk 326,spring,2021,"Admission to the major or honours program in Behavioural Neuroscience or Biomedical Physiology or Kinesiology. BPK 142, 201, 205 and at least 60 units. Behavioral Neuroscience Major and Honours students require BPK 142, 205, PSYC 280 and at least 60 units."
bpk 336,spring,2021,"One of BPK 325, 326, BISC 305, 316."
bpk 340,spring,2021,"BPK 142, STAT 201 (or PSYC 201). Recommended: BPK 140."
bpk 342,spring,2021,"BPK 105 (or 205), 142 and 143."
bpk 343,spring,2021,"BPK 142, 143 and 205; STAT 201 or an equivalent statistics course, BPK 340 (may be taken concurrently). Students must successfully complete a Criminal Record Check prior to enrolling."
bpk 351,spring,2021,"Students must complete Bridging Online (visit www.sfu.ca/coop/bol for further details) at least two terms before co-op placement. Students must then apply to the BPK co-op program by Week 1 of the term prior; a minimum of 45 units, BPK 142, plus at least two other BPK courses and have a minimum GPA of 2.50."
bpk 352,spring,2021,BPK 351.
bpk 402,spring,2021,BPK 201.
bpk 408w,spring,2021,STAT 201 and BPK 305 for BPK Majors or BISC 305 for BISC Majors. Enrollment of non-BPK and non-BISC majors require permission of the instructor.
bpk 409,spring,2021,BPK 305 and 306.
bpk 415,spring,2021,BPK 306 or BISC 305.
bpk 417,spring,2021,"BPK 110, 306, 340."
bpk 446,spring,2021,BPK 306. Recommended: BPK 336 and/or BPK 415.
bpk 448,spring,2021,"BPK 201 or 207, and BPK 306, or for biomedical engineering students, BPK 201, 208 and 308."
bpk 451,spring,2021,BPK 352.
bpk 451w,spring,2021,BPK 352.
bpk 452,spring,2021,BPK 451.
bpk 453,spring,2021,BPK 452.
bpk 457,spring,2021,"75 units, with a minimum CGPA of 3.00, PSYC 301 or BPK 304W with a minimum grade of B, and permission from one of the Co-chairs of the Behavioural Neuroscience Program Committee."
bpk 459,spring,2021,A minimum grade of B in BPK 457. Corequisite: Must be enrolled in the Honours Program of the B.Sc. in Behavioural Neuroscience. Students must seek permission from their honours project supervisor to enroll in additional courses at the same time.
bpk 481,spring,2021,BPK 303 and 326.
bpk 482,spring,2021,"BPK 180W, 201, 326, and 381. Corequisite: BPK 481. Students must successfully complete a Criminal Record Check before enrolling."
bpk 491,spring,2021,"90 units, BPK 304W (may be taken concurrently) and permission of the chair of the undergraduate program committee. A minimum grade of B in this course is needed to register in BPK 495 or BPK 499."
bpk 495,spring,2021,BPK 491 (minimum grade of B). Corequisite: BPK 499. Only students in the honours program may enroll in BPK 495.
bpk 496,spring,2021,"BPK 304W (may be taken concurrently) or PSYC 210, and permission from the chair of the undergraduate program committee. Usually, upper level standing with at least 75 units in the Biomedical Physiology and Kinesiology program will be required."
bpk 498,spring,2021,"BPK 304W (may be taken concurrently) or PSYC 210, and permission from the chair of the undergraduate program committee. Usually, upper level standing with at least 75 units in the Biomedical Physiology and Kinesiology program will be required."
bpk 499,spring,2021,BPK 491 (minimum grade of B). Corequisite: BPK 495. Only students in the honours program may enroll in BPK 499.
bpk 805,spring,2021,
bpk 895,spring,2021,
bpk 896,spring,2021,
bpk 897,spring,2021,
bpk 898,spring,2021,
bpk 899,spring,2021,
bus 200,spring,2021,
bus 202,spring,2021,"This course is only open to approved Business Administration majors, joint majors, or second degree students admitted to the faculty through the Business Foundation Program - Transfer Stream."
bus 207,spring,2021,"Econ 103, 105, MATH 157 and 15 units."
bus 217w,spring,2021,"BUS 201 and 15 units; OR 45 units and corequisite: BUS 202; OR Business Administration joint major, joint honours, or double degree students with 45 units; OR Data Science majors with 15 units."
bus 221,spring,2021,
bus 225,spring,2021,
bus 232,spring,2021,"MATH 150, MATH 151, MATH 154, or MATH 157; 15 units. MATH 150, MATH 151, MATH 154, or MATH 157 may be taken concurrently with BUS 232."
bus 233,spring,2021,12 units.
bus 237,spring,2021,12 units.
bus 238,spring,2021,12 units.
bus 251,spring,2021,12 units.
bus 254,spring,2021,BUS 251; 15 units.
bus 272,spring,2021,12 units.
bus 303,spring,2021,45 units.
bus 307,spring,2021,45 units; BUS 207 or ECON 201.
bus 311,spring,2021,"This course is only open to students admitted to the Business Administration Minor between Fall 2012 - Summer 2016 and who have credit for BUS 251 and 45 units, OR to students admitted to the Business Administration Minor Fall 2016 - onwards and who have credit for BUS 251, 45 units, and corequisite BUS 200."
bus 312,spring,2021,"BUS 254 (or 324); 45 units. Recommended: BUS 207, ECON 201, or ECON 301."
bus 314,spring,2021,BUS 238 or BUS 254; 45 units.
bus 315,spring,2021,"BUS 312, BUS 336 and BUS 207 or ECON 201 or ECON 301; 45 units."
bus 316,spring,2021,"BUS 312, 336; 45 units."
bus 320,spring,2021,BUS 254; 45 units.
bus 321,spring,2021,BUS 320; 45 units.
bus 322,spring,2021,"BUS 254, 45 units."
bus 325,spring,2021,
bus 326,spring,2021,
bus 327,spring,2021,
bus 330,spring,2021,
bus 331,spring,2021,"BUS 330 (or BUS 329), 45 units."
bus 336,spring,2021,"MATH 150, MATH 151, MATH 154, or MATH 157; BUS 232 or STAT 270; 45 units."
bus 338,spring,2021,BUS 238 or BUS 254; 45 units.
bus 339,spring,2021,"BUS 238, IAT 330, 45 units; or permission from the instructor."
bus 340,spring,2021,"This course is only open to students admitted to the Business Administration Minor between Fall 2012 - Summer 2016 and who have 45 units, OR to students admitted to the Business Administration Minor Fall 2016 - onwards and who have 45 units, and corequisite BUS 200."
bus 341,spring,2021,"This course is only open to students admitted to the Business Administration Minor between Fall 2012 - Summer 2016 and who have 45 units, OR to students admitted to the Business Administration Minor Fall 2016 - onwards and who have 45 units, and corequisite BUS 200."
bus 343,spring,2021,45 units.
bus 345,spring,2021,"BUS 343, 336; 45 units; OR Data Science majors with BUS 343 and 45 units."
bus 346,spring,2021,45 units.
bus 347,spring,2021,BUS 343; 45 units.
bus 360w,spring,2021,"This course is open to students admitted prior to Fall 2014 to the Business Administration major, honours, or second degree program and who have 45 units, OR to students admitted Fall 2014 - Summer 2017 to the Business Administration major, honours, or second degree program and who have 45 units and BUS 130 or 201 or 202 or 301, OR to student admitted Fall 2017 - onwards to the Business Administration major, honours, or second degree program and who have 45 units and BUS 130 or 201 or 202 or 301 and BUS 217W, OR to Business Administration joint major or joint honours students with BUS 217W and 45 units, OR to Business and Economics Joint Major students with ECON 220W and 45 units, OR to Mechatronic Systems Engineering and Business Administration double degree students with 45 units, OR to Management Systems Science or Actuarial Science majors with 45 units OR to Data Science major with BUS 217W and 45 units."
bus 361,spring,2021,45 units.
bus 362,spring,2021,BUS 237; 45 units; OR Data Science majors with 45 units.
bus 374,spring,2021,45 units; BUS 272 (or 372).
bus 381,spring,2021,BUS 272 (or 372); 45 units.
bus 393,spring,2021,45 units. BUEC 391 is not to be taken concurrently with BUS 393.
bus 396,spring,2021,45 units.
bus 401,spring,2021,"BUS 311 (or BUS 254 and BUS 312), BUS 340, BUS 341, and 60 units. The course is only open to students in the Business Minor program."
bus 404,spring,2021,"Instructor permission, following acceptance into the technology entrepreneurship@SFU program; BUS 360W (or successful completion of an upper division Writing (W) course). This course may not be applied toward the Bachelor of Business Administration's requirements of three 400 division BUS or BUEC courses. Corequisite BUS 477."
bus 410,spring,2021,"BUS 315, 316, 360W; 60 units."
bus 413,spring,2021,"BUS 315, 316, 360W; 60 units."
bus 417,spring,2021,"BUS 315, 360W; 60 units. Recommended: BUS 221."
bus 418,spring,2021,"BUS 315, 316, 360W; 60 units."
bus 419,spring,2021,"BUS 315, 316, 360W; 60 units."
bus 420,spring,2021,"BUS 321, 360W; 60 units."
bus 421,spring,2021,"BUS 207 (or ECON 201 or ECON 301), BUS 321, BUS 360W, and 60 units."
bus 424,spring,2021,"BUS 322 or 319, 336, 360W; 60 units."
bus 425,spring,2021,
bus 426,spring,2021,"BUS 321, 360W and 60 units."
bus 428,spring,2021,"BUS 321, BUS 360W, 60 units."
bus 430,spring,2021,360W; 60 units. Recommended: BUS 346.
bus 432,spring,2021,BUS 360W and one of BUS 272 or 381; 60 units. Recommended: BUS 346.
bus 435,spring,2021,BUS 360W and 60 units. Recommended: BUS 346.
bus 437,spring,2021,"BUS 336, 360W; 60 units; OR Data Science majors with BUS 360W and 60 units."
bus 439,spring,2021,"BUS 345 or BUS 440, BUS 360W, BUS 437 or BUS 441, BUS 445, BUS 462, and BUS 464; 90 units; OR Data Science majors with BUS 360W, BUS 445, CMPT 354 and 90 units."
bus 440,spring,2021,"BUS 336, 360W, 60 units; OR Data Science majors with BUS 360W, 60 units."
bus 441,spring,2021,"BUS 360W, BUS 343; 60 units."
bus 443,spring,2021,"BUS 360W (or another upper division Writing (W) course), 343; 60 units."
bus 444,spring,2021,"BUS 343, 360W; 60 units."
bus 445,spring,2021,"BUS 343, 336, 360W, 60 units; OR Data Science majors with BUS 343, 360W, and 60 units."
bus 447,spring,2021,"BUS 343, 360W; 60 units. Recommended: BUS 346."
bus 448,spring,2021,"BUS 347, 360W; 60 units."
bus 449,spring,2021,"BUS 343, 360W; 60 units."
bus 450,spring,2021,BUS 360W (or another upper division Writing (W) course); 60 units. Recommended: BUS 338.
bus 453,spring,2021,BUS 360W (or another upper division Writing (W) course); 60units. Recommended: BUS 338.
bus 462,spring,2021,"BUS 336, 360W; 60 units. Corequisite: BUS 336 can be taken concurrently."
bus 464,spring,2021,"BUS 360W, 362; 60 units."
bus 465,spring,2021,"BUS 360W. Recommended: BUS 362, BUS 464, CMPT 354."
bus 468,spring,2021,"BUS 237, 360W; 90 units. Recommended: BUS 362."
bus 471,spring,2021,60 units; BUS 360W.
bus 473,spring,2021,"BUS 336, 360W; 60 units."
bus 474,spring,2021,"BUS 360W, 336 and 473; 60 units."
bus 475,spring,2021,BUS 360W; 60 units.
bus 477,spring,2021,"BUS 338, BUS 360W (or another upper division Writing (W) course); 60 units. Recommended: BUS 314, BUS 361."
bus 478,spring,2021,"BUS 207 (or ECON 201 or ECON 301), BUS 312, 343, 360W and either BUS
374 or 381; 90 units."
bus 481,spring,2021,BUS 381 and 360W; 60 units.
bus 482,spring,2021,"60 units; BUS 272, 381 and 360W."
bus 483,spring,2021,"BUS 393, BUS 360W and 60 units."
bus 484,spring,2021,BUS 381 and 360W; 60 units.
bus 485,spring,2021,"BUS 272, 360W, and either 374 or 381; 60 units."
bus 486,spring,2021,"BUS 272, 360W, and either 374 or 381; 60 units."
bus 488,spring,2021,"BUS 360W, BUS 374 or 381; 60 units."
bus 493,spring,2021,as stated by the faculty at the time of offering and BUS 360W; 60 units.
bus 494,spring,2021,as stated by the faculty at the time of offering and BUS 360W; 60 units.
bus 498,spring,2021,permission of the faculty and BUS 360W; 60 units.
bus 510,spring,2021,
bus 511,spring,2021,
bus 552,spring,2021,
bus 553,spring,2021,
bus 555,spring,2021,BUS 510 or equivalent.
bus 556,spring,2021,
bus 557,spring,2021,
bus 559,spring,2021,
bus 561,spring,2021,
bus 615,spring,2021,
bus 641,spring,2021,
bus 645,spring,2021,
bus 647,spring,2021,
bus 649,spring,2021,
bus 651,spring,2021,
bus 653,spring,2021,
bus 654,spring,2021,
bus 661,spring,2021,
bus 662,spring,2021,
bus 670,spring,2021,
bus 696,spring,2021,
bus 704,spring,2021,
bus 707,spring,2021,
bus 708,spring,2021,BUS 705.
bus 711,spring,2021,
bus 716,spring,2021,
bus 719,spring,2021,
bus 726,spring,2021,
bus 727,spring,2021,
bus 734,spring,2021,
bus 751,spring,2021,
bus 752,spring,2021,
bus 753,spring,2021,
bus 756,spring,2021,
bus 792,spring,2021,
bus 793,spring,2021,
bus 796,spring,2021,"BUS 790 Lab to Market, BUS 791 Opportunity Identification and Assessment"
bus 801,spring,2021,
bus 803,spring,2021,
bus 818,spring,2021,BUS 814 (corequisite acceptable).
bus 826,spring,2021,
bus 846,spring,2021,BUS 845.
bus 870,spring,2021,
bus 880,spring,2021,
bus 963,spring,2021,
bus 983,spring,2021,Enrollment in PhD program.
bus 984,spring,2021,Enrollment in PhD program.
bus 985,spring,2021,Enrollment in PhD program.
bus 987,spring,2021,Enrollment in PhD program.
bus 990,spring,2021,Enrollment in PhD program.
bus 992,spring,2021,Enrollment in PhD program.
bus 993,spring,2021,
ca 104,spring,2021,
ca 118,spring,2021,
ca 120,spring,2021,
ca 123,spring,2021,CA (or FPA) 122. Corequisite: CA 123 and CA 124 must be taken concurrently.
ca 124,spring,2021,
ca 131,spring,2021,CA (or FPA) 130 and prior approval.
ca 135,spring,2021,
ca 137,spring,2021,
ca 140,spring,2021,
ca 142,spring,2021,
ca 146,spring,2021,CA (or FPA) 140 and 145.
ca 149,spring,2021,
ca 150,spring,2021,
ca 153,spring,2021,CA 152.
ca 161,spring,2021,CA (or FPA) 160.
ca 170,spring,2021,
ca 171,spring,2021,
ca 216,spring,2021,"CA (or FPA) 135, 136, 137, 186, 235, 236, 316 (or 337), 318 (or 335), 416 (or 436) or 30 units."
ca 221,spring,2021,CA (or FPA) 220.
ca 228w,spring,2021,
ca 231,spring,2021,CA (or FPA) 230 and CA (or FPA) 233.
ca 232,spring,2021,CA (or FPA) 131.
ca 233,spring,2021,CA (or FPA) 131 and prior approval. Corequisite: CA 230.
ca 235,spring,2021,"One of CA (or FPA) 117 (or 167), 118 (or 168), 135, 136 or 137 or 30 units."
ca 243,spring,2021,Prior approval.
ca 245,spring,2021,CA (or FPA) 146.
ca 246,spring,2021,"CA (or FPA) 140 and 245, and prior approval from the area."
ca 251,spring,2021,CA (or FPA) 250 and 254. Corequisite: CA (or FPA) 255.
ca 252,spring,2021,CA (or FPA) 150 or CA 152 or CA 153.
ca 255,spring,2021,
ca 261,spring,2021,CA (or FPA) 260. A course materials fee is required.
ca 264,spring,2021,CA (or FPA) 160. A course materials fee is required.
ca 265,spring,2021,CA (or FPA) 160. A course materials fee is required.
ca 269,spring,2021,CA (or FPA) 160. A course materials fee is required.
ca 270,spring,2021,CA (or FPA) 170.
ca 271,spring,2021,CA (or FPA) 171.
ca 285,spring,2021,"One of CA (or FPA) 122, 130, 145, 150, 160, 170."
ca 306,spring,2021,45 units.
ca 314,spring,2021,"CA (or FPA) 117 (or 167), 186, and 210W (or 210)."
ca 316,spring,2021,9 units in CA (or FPA) courses including CA (or FPA) 136 or 137.
ca 319w,spring,2021,60 units including at least six units in CA (or FPA) history/theory courses.
ca 321,spring,2021,CA (or FPA) 320.
ca 323,spring,2021,CA (or FPA) 322 or prior approval.
ca 329,spring,2021,CA (or FPA) 221 or prior approval.
ca 339,spring,2021,"CA (or FPA) 231, or CA (or FPA) 251 with prior approval."
ca 340,spring,2021,CA (or FPA) 104 and 45 CA (or FPA) credits.
ca 343,spring,2021,CA (or FPA) 243.
ca 345,spring,2021,"CA (or FPA) 246 or 247, and prior approval."
ca 346,spring,2021,CA (or FPA) 345.
ca 347,spring,2021,CA (or FPA) 247.
ca 351,spring,2021,"CA (or FPA) 252, 253, 350, and 354. Corequisite: CA 355."
ca 353,spring,2021,"CA (or FPA 253), or prior approval."
ca 355,spring,2021,
ca 361,spring,2021,CA (or FPA) 360 and 366. Corequisite: CA 367.
ca 364,spring,2021,CA (or FPA) 160. A course materials fee is required.
ca 365,spring,2021,CA (or FPA) 160. A course materials fee is required.
ca 367,spring,2021,CA (or FPA) 366. Corequisite: CA 361.
ca 369,spring,2021,CA (or FPA) 160. A course materials fee is required.
ca 371,spring,2021,CA (or FPA) 270 and 271 or prior approval.
ca 375,spring,2021,CA (or FPA) 270 or prior approval.
ca 386,spring,2021,60 credit hours.
ca 389,spring,2021,30 units of CA (or FPA) courses.
ca 393,spring,2021,CA (or FPA) 390 or approval of instructor.
ca 400,spring,2021,"60 units plus a minimum standing of completion of second year in any of the programs offered in the School for the Contemporary Arts, and prior approval."
ca 401,spring,2021,"60 units plus a minimum standing of completion of second year in any of the programs offered in the School for the Contemporary Arts, and prior approval."
ca 406,spring,2021,60 units.
ca 416,spring,2021,CA (or FPA) 316 (or 337) or CA (or FPA) 318 (or 335).
ca 420,spring,2021,CA (or FPA) 285 and CA (or FPA) 321.
ca 425,spring,2021,"CA (or FPA) 285 and CA (or FPA) 326 or 327 with prior approval by application. Students must also be concurrently enrolled in a dance technique course at the appropriate level. These courses include CA 221, 321, 323, and 421."
ca 428,spring,2021,CA (or FPA) 427 or prior approval.
ca 432,spring,2021,CA (or FPA) 430.
ca 443,spring,2021,CA (or FPA) 343.
ca 445,spring,2021,CA (or FPA) 346.
ca 446,spring,2021,CA (or FPA) 445.
ca 447,spring,2021,CA (or FPA) 347. Recommended: CMPT 001 or 110.
ca 450,spring,2021,Prior approval by audition.
ca 457,spring,2021,Prior approval from the instructor.
ca 461,spring,2021,CA (or FPA) 460 and status as an approved major in visual art.
ca 471,spring,2021,CA (or FPA) 370 or 371 and prior approval.
ca 826,spring,2021,
ca 827,spring,2021,
ca 829,spring,2021,"CA (or FPA) 821 and two of the following: CA (or FPA) 823, 824, 825, or 826."
ca 883,spring,2021,
ca 887,spring,2021,
ca 889,spring,2021,
ca 898,spring,2021,
chem 110,spring,2021,"Pre-Calculus 12 (or equivalent), MATH 100 (may be taken concurrently), or permission of the Department. No previous training in chemistry is required for this course."
chem 120,spring,2021,"Chemistry 12 with a minimum grade of C, or CHEM 110 or 111 with a minimum grade of C-."
chem 122,spring,2021,CHEM 120 or 121 with a minimum grade of C-.
chem 125,spring,2021,"Chemistry 12 with a minimum grade of C, or CHEM 109 or CHEM 111 with a minimum grade of C-. Corequisite: CHEM 120."
chem 126,spring,2021,CHEM 121 with a minimum grade of C-. Corequisite: CHEM 122.
chem 210,spring,2021,CHEM 122 with a minimum grade of C-.
chem 216,spring,2021,"CHEM 122 and CHEM 126, both with a minimum grade of C-. Corequisite: CHEM 210."
chem 260,spring,2021,"CHEM 122, MATH 152, and PHYS 121, 126 or 141 (or PHYS 102 with a minimum grade of B), all with a minimum grade of C-. Recommended: MATH 232."
chem 266,spring,2021,CHEM 260 with a minimum grade of C-.
chem 280,spring,2021,CHEM 120 or CHEM 121 with a minimum grade of C-. Corequisite: CHEM 122.
chem 282,spring,2021,CHEM 281 with a minimum grade of C-.
chem 283,spring,2021,CHEM 281 with a minimum grade of C-.
chem 284,spring,2021,"CHEM 282 with a minimum of C+, or permission of the Department."
chem 286,spring,2021,CHEM 281 with a minimum grade of C-. Corequisite: CHEM 282 or 283.
chem 306,spring,2021,"Completion of 28 units in a science program, including first-year calculus, chemistry and physics. Minimum CGPA 2.67 (or permission of co-op co-ordinator)."
chem 307,spring,2021,CHEM 306 and completion of 42 units toward a BSc degree. Minimum CGPA 2.67 (or permission of co-op co-ordinator).
chem 316,spring,2021,"CHEM 215 and 260, both with a minimum grade of C-, or permission of the Department."
chem 332,spring,2021,"CHEM 230, 236W and 260, all with a minimum grade of C-, or permission of the Department."
chem 336,spring,2021,CHEM 236W with a minimum grade of C-. Corequisite: CHEM 332.
chem 360,spring,2021,CHEM 260 with a minimum grade of C-. Recommended: MATH 251.
chem 372,spring,2021,"CHEM 281 and CHEM 360, both with a minimum grade of C-."
chem 406,spring,2021,CHEM 307 and completion of 56 units toward a BSc degree. Minimum CGPA of 2.67 (or permission of co-op co-ordinator).
chem 407,spring,2021,CHEM 406. Minimum CGPA of 2.67 (or permission of co-op co-ordinator).
chem 408,spring,2021,CHEM 407.
chem 419,spring,2021,CHEM 316 with a minimum grade of C-.
chem 432,spring,2021,CHEM 332 with a minimum grade of C-.
chem 440,spring,2021,CHEM 340 with a minimum grade of C-.
chem 459,spring,2021,"CHEM 380 with a minimum grade of C-, or permission of the instructor."
chem 481,spring,2021,Permission of the Department; knowledge of chemistry at an advanced level. Normally taken after completion of 300-level course requirements.
chem 482,spring,2021,Permission of the Department. Normally taken during the fourth year of study.
chem 483,spring,2021,CHEM 481 and permission of the Department. This course cannot be counted towards the 400-level CHEM unit requirement for the Chemistry Majors program.
chem 484,spring,2021,Permission of the Department; knowledge of chemistry at an advanced level. Normally taken after completion of 300-level course requirements.
chem 740,spring,2021,
chem 759,spring,2021,
chem 802,spring,2021,
chem 808,spring,2021,For students in the PhD program.
chem 819,spring,2021,
chem 832,spring,2021,
chem 898,spring,2021,
chem 899,spring,2021,
chin 100,spring,2021,
chin 101,spring,2021,CHIN 100 or equivalent.
chin 190,spring,2021,"This course is for students of Chinese origin who have native or near native speaking ability in Chinese (Mandarin or other dialects), but limited knowledge of written Chinese."
chin 191,spring,2021,"CHIN 190 or equivalent. This course is for students of Chinese origin who have near native speaking ability in Chinese (Mandarin or other dialects), but limited knowledge of written Chinese."
chin 280,spring,2021,"CHIN 181, CHIN 101 or equivalent."
chin 281,spring,2021,"CHIN 280, CHIN 200 or equivalent. Corequisite: This course may be taken concurrently with CHIN 280."
chin 290,spring,2021,"CHIN 191 or equivalent. This course is for students of Chinese origin who have near native speaking ability in Chinese (Mandarin or other dialects), but basic knowledge of written Chinese."
chin 291,spring,2021,"CHIN 290 or equivalent. This course is for students of Chinese origin who have near native speaking ability in Chinese (Mandarin or other dialects), but basic knowledge of written Chinese."
chin 390,spring,2021,CHIN 291 or permission of the instructor.
cmns 110,spring,2021,
cmns 130,spring,2021,
cmns 201w,spring,2021,"24 units, and CMNS 110 and 130."
cmns 202,spring,2021,"24 units, and CMNS 110 and 130."
cmns 220,spring,2021,CMNS 110 and 130.
cmns 221,spring,2021,CMNS 110 and 130.
cmns 223w,spring,2021,CMNS 110 and 130.
cmns 226,spring,2021,CMNS 110 and 130. CMNS 220 recommended.
cmns 230,spring,2021,CMNS 130.
cmns 240,spring,2021,CMNS 110 and 130.
cmns 253w,spring,2021,CMNS 110 or 130.
cmns 258,spring,2021,
cmns 304w,spring,2021,"45 units, including one of CMNS 220, 221, 223, 223W, 235."
cmns 321,spring,2021,"One of CMNS 220, 221 or 223W."
cmns 322,spring,2021,"60 units including CMNS 220; or FPA 135, 136 or 137."
cmns 323w,spring,2021,45 units including one of CMNS 223W or 253W.
cmns 325,spring,2021,"60 units including two CMNS, IAT or FPA upper division courses."
cmns 326,spring,2021,CMNS 226 or 235; or permission of the instructor.
cmns 331,spring,2021,at least one of CMNS 235 or 240.
cmns 348,spring,2021,"60 units including at least two of CMNS 210, 220, 221, 223 (or 223W), 230, 235, 240, or 253 (or 253W)."
cmns 349,spring,2021,"45 units, including at least one upper division course in CMNS, DIAL, EVSC, GEOG or BlSC."
cmns 353,spring,2021,CMNS 253W and one of CMNS 201W (201 or 260) or CMNS 202 (or 262). Recommended: CMNS 362.
cmns 355,spring,2021,60 units.
cmns 356,spring,2021,"60 units, including two of CMNS 230, 240, and 253 (or 253W)."
cmns 357,spring,2021,CMNS 258 or CMNS 226 or equivalent introductory media course with permission of the Instructor
cmns 362,spring,2021,"60 units including CMNS 253 (or 253W), and two of CMNS 201W (201 or 260), CMNS 202 (or 262) or CMNS 261."
cmns 395,spring,2021,"Complete Bridging Online at least two terms before anticipated co-op placement. Students must then enroll with the co-op program by the second week of the term preceding the work term of application, and have a minimum GPA of 2.7."
cmns 396,spring,2021,CMNS 395.
cmns 408,spring,2021,Two upper division CMNS courses and permission of the instructor.
cmns 410,spring,2021,"75 units, including CMNS 310. CMNS 331 and SA 327 recommended."
cmns 426,spring,2021,"75 units, including CMNS 226 and two of CMNS 220, 326, 358."
cmns 428,spring,2021,Two upper division CMNS courses and permission of the instructor.
cmns 432,spring,2021,75 units including at least two CMNS or DIAL upper division courses.
cmns 440,spring,2021,60 units including CMNS 230 or CMNS 240 (or written permission of the instructor).
cmns 444,spring,2021,"60 units, including CMNS 240 or 247, and CMNS 346 or 348."
cmns 445,spring,2021,"75 units. Recommended: CMNS 201W (201 or 260), CMNS 202 (or 262), CMNS 230, CMNS 240, CMNS 310, CMNS 331 and CMNS 346."
cmns 452,spring,2021,"75 units including one of CMNS 202 (or 262), 220, 221, 223 (or 223W), and at least two CMNS upper division courses."
cmns 453,spring,2021,"75 units, including CMNS 253W, 353 or 354. CMNS 362 is recommended."
cmns 455w,spring,2021,"60 units, including CMNS 253W."
cmns 461,spring,2021,75 units including CMNS 460.
cmns 479,spring,2021,Two upper division CMNS courses and permission of the instructor.
cmns 480,spring,2021,Two upper division CMNS courses and consent of instructor.
cmns 481,spring,2021,Two upper division CMNS courses and consent of instructor.
cmns 482,spring,2021,Two upper division CMNS courses and consent of instructor.
cmns 483,spring,2021,Two upper division CMNS courses and consent of instructor.
cmns 486,spring,2021,Depends on topic; published before enrollment.
cmns 487,spring,2021,Depends on topic; published before enrollment.
cmns 488,spring,2021,Depends on topic; published before enrollment.
cmns 489,spring,2021,75 units and permission of the school.
cmns 494,spring,2021,CMNS 396.
cmns 495,spring,2021,CMNS 494.
cmns 496,spring,2021,CMNS 495.
cmns 497,spring,2021,Students accepted into honours program only.
cmns 498,spring,2021,"Successful completion of CMNS 497-5, Honours Research Proposal, with grade of ""B"" or higher."
cmns 8dd,spring,2021,
cmns 801,spring,2021,
cmns 802,spring,2021,
cmns 824,spring,2021,
cmns 848,spring,2021,
cmns 850,spring,2021,
cmns 851,spring,2021,
cmns 855,spring,2021,
cmns 880,spring,2021,
cmns 881,spring,2021,
cmns 882,spring,2021,
cmns 891,spring,2021,
cmns 892,spring,2021,
cmns 893,spring,2021,"CMNS 801 and one of CMNS 800, CMNS 802 or CMNS 804."
cmns 895,spring,2021,
cmns 896,spring,2021,"CMNS 801 and one of CMNS 800, 802, or 804."
cmns 897,spring,2021,
cmns 898,spring,2021,
cmns 899,spring,2021,
cmpt 105w,spring,2021,
cmpt 120,spring,2021,BC Math 12 or equivalent is recommended.
cmpt 125,spring,2021,CMPT 120. Corequisite: CMPT 127.
cmpt 127,spring,2021,CMPT 120 or CMPT 128 or CMPT 130. Corequisite: CMPT 125.
cmpt 129,spring,2021,CMPT 102 or CMPT 120.
cmpt 135,spring,2021,CMPT 130.
cmpt 218,spring,2021,
cmpt 225,spring,2021,"(MACM 101 and ((CMPT 125 and 127), CMPT 129 or CMPT 135)) or (ENSC 251 and ENSC 252)."
cmpt 276,spring,2021,"One W course, CMPT 225, (MACM 101 or (ENSC 251 and ENSC 252)) and (MATH 151 or MATH 150). MATH 154 or MATH 157 with at least a B+ may be substituted for MATH 151 or MATH 150."
cmpt 295,spring,2021,Either (MACM 101 and ((CMPT 125 and CMPT 127) or CMPT 135)) or (MATH 151 and CMPT 102 for students in an Applied Physics program).
cmpt 300,spring,2021,CMPT 225 and (CMPT 295 or (ENSC 251 and ENSC 252)).
cmpt 305,spring,2021,"CMPT 225, (MACM 101 or (ENSC 251 and ENSC 252)) and STAT 270."
cmpt 307,spring,2021,"CMPT 225, MACM 201, MATH 151 (or MATH 150), and MATH 232 or 240."
cmpt 310,spring,2021,CMPT 225 and (MACM 101 or ENSC 251 and ENSC 252)).
cmpt 318,spring,2021,CMPT 225. Additional prerequisites to be determined by the instructor subject to approval by the undergraduate program chair.
cmpt 320,spring,2021,A CMPT course and 45 units.
cmpt 340,spring,2021,"Completion of 60 units including one of CMPT 125, 126, 128, 135 or (102 with a grade of B or higher)."
cmpt 354,spring,2021,"CMPT 225, and (MACM 101 or (ENSC 251 and ENSC 252))."
cmpt 361,spring,2021,CMPT 225 and MATH 232 or 240.
cmpt 363,spring,2021,CMPT 225.
cmpt 365,spring,2021,CMPT 225.
cmpt 371,spring,2021,"CMPT 225 and (MATH 151 or MATH 150).
MATH 154 or MATH 157 with a grade of at least B+ may be substituted for MATH 151 (MATH 150)."
cmpt 373,spring,2021,CMPT 276 or 275.
cmpt 376w,spring,2021,CMPT 105W and (CMPT 275 or CMPT 276).
cmpt 404,spring,2021,MACM 201. CMPT 307 and 308 are recommended.
cmpt 415,spring,2021,Permission of Instructor and School.
cmpt 416,spring,2021,Permission of the department.
cmpt 417,spring,2021,CMPT 225.
cmpt 419,spring,2021,
cmpt 426,spring,2021,"Students must complete Bridging Online (visit www.sfu.ca/coop/bol for further details) at least two terms before their anticipated co-op placement. Students must then enrol with the co-op program by the second week of the term preceding the work term. Normally, students will have completed a minimum of 45 units by the end of the term of application, CMPT 275 or 276, and have a minimum CGPA of 2.50."
cmpt 427,spring,2021,"CMPT 426, CGPA of 2.50."
cmpt 428,spring,2021,"CMPT 427, CGPA of 2.50."
cmpt 429,spring,2021,"CMPT 428, CGPA of 2.50."
cmpt 430,spring,2021,"CMPT 429, CGPA of 2.50."
cmpt 433,spring,2021,CMPT 295 and CMPT 300.
cmpt 454,spring,2021,CMPT 300 and 354.
cmpt 459,spring,2021,CMPT 354.
cmpt 461,spring,2021,"CMPT 361, MACM 201 and 316."
cmpt 464,spring,2021,"CMPT 361, MACM 316."
cmpt 469,spring,2021,CMPT 361.
cmpt 473,spring,2021,(CMPT 275 or CMPT 276) and 15 upper division CMPT units.
cmpt 474,spring,2021,CMPT 371.
cmpt 475,spring,2021,"CMPT 275 or 276, MACM 201 and 15 units of upper division courses. Recommended: co-op experience."
cmpt 479,spring,2021,CMPT 300.
cmpt 494,spring,2021,Students must have completed at least 15 units of upper division CMPT courses. Successful Capstone Project Proposal.
cmpt 495,spring,2021,CMPT 494. CMPT 495 must be taken in the term immediately following the successful completion of CMPT 494 and must be for the same project and faculty supervisor.
cmpt 497,spring,2021,Submission of a satisfactory capstone project proposal.
cmpt 498,spring,2021,"Students must have completed 90 units, including 15 units of upper division CMPT courses, and have a GPA of at least 3.00. The proposal must be submitted to the Undergraduate Chair at least 15 days in advance of the term. The proposal must be signed by the supervisor(s) and the undergraduate chair."
cmpt 499,spring,2021,CMPT/ENSC 250.
cmpt 626,spring,2021,12 units of CMPT coursework at the 700-level or higher with a CGPA of at least 3.0. Department Consent is required for enrollment.
cmpt 627,spring,2021,CMPT 626 and a CGPA of at least 3.0. Department Consent is required for enrollment.
cmpt 628,spring,2021,CMPT 627 and a CGPA of at least 3.0. Department Consent is required for enrollment.
cmpt 629,spring,2021,Permission of the Graduate Program Chair.
cmpt 631,spring,2021,"12 units of CMPT course work with an SFU CGPA of at least 3.0. Approval of supervisor and a GPC representative is required prior to applying for, or accepting an internship."
cmpt 700,spring,2021,
cmpt 720,spring,2021,
cmpt 726,spring,2021,
cmpt 727,spring,2021,
cmpt 728,spring,2021,
cmpt 733,spring,2021,CMPT 732: Programming for Big Data 1
cmpt 743,spring,2021,CMPT 742.
cmpt 745,spring,2021,
cmpt 756,spring,2021,
cmpt 762,spring,2021,
cmpt 764,spring,2021,"CMPT 361, MACM 316."
cmpt 783,spring,2021,
cmpt 827,spring,2021,
cmpt 894,spring,2021,
cmpt 895,spring,2021,
cmpt 896,spring,2021,
cmpt 897,spring,2021,
cmpt 898,spring,2021,
cmpt 899,spring,2021,
cmpt 981,spring,2021,
cmpt 982,spring,2021,
cmpt 983,spring,2021,
cmpt 985,spring,2021,
cogs 100,spring,2021,Open to all students.
cogs 110,spring,2021,
cogs 200,spring,2021,COGS 100.
cogs 315,spring,2021,"One of: PHIL 110, 210, 310, 314, MACM 101, BUEC 232 or STAT 270."
crim 101,spring,2021,
crim 103,spring,2021,PSYC 100 and 102 are recommended.
crim 104,spring,2021,SA 150 is recommended.
crim 131,spring,2021,
crim 135,spring,2021,
crim 210,spring,2021,CRIM 101 and CRIM 131.
crim 213,spring,2021,Any 100 division CRIM course.
crim 220,spring,2021,Any 100 division CRIM course is recommended.
crim 230,spring,2021,CRIM 135.
crim 241,spring,2021,CRIM 131.
crim 251,spring,2021,CRIM 131.
crim 300w,spring,2021,CRIM 101.
crim 302,spring,2021,CRIM 101.
crim 310,spring,2021,CRIM 101 and CRIM 210.
crim 312,spring,2021,CRIM 101.
crim 315,spring,2021,45 units.
crim 317,spring,2021,CRIM 101.
crim 318,spring,2021,CRIM 101.
crim 319,spring,2021,CRIM 101.
crim 320,spring,2021,CRIM 101; one of CRIM 120 or 220. CRIM 320 may be taken concurrently with CRIM 321.
crim 321,spring,2021,CRIM 101; one of CRIM 120 or 220. This course may be taken concurrently with CRIM 320.
crim 330,spring,2021,CRIM 101 and 230.
crim 332,spring,2021,CRIM 101 and 135.
crim 335,spring,2021,CRIM 101 and CRIM 135.
crim 338,spring,2021,CRIM 101 and 135.
crim 343,spring,2021,CRIM 101. Recommended: CRIM 241.
crim 350,spring,2021,CRIM 101.
crim 351,spring,2021,CRIM 101 and 251.
crim 352,spring,2021,CRIM 101.
crim 355,spring,2021,45 units.
crim 356,spring,2021,CRIM 101.
crim 358,spring,2021,CRIM 101. Recommended: CRIM 320 or equivalent.
crim 370,spring,2021,"CRIM 320 and 330, and written application to the school no later than the last day of classes of the preceding term. CRIM 370 and 470 may not be taken concurrently."
crim 380,spring,2021,CRIM 101.
crim 402,spring,2021,CRIM 101.
crim 406,spring,2021,CRIM 101.
crim 410,spring,2021,CRIM 131.
crim 413,spring,2021,CRIM 101.
crim 414,spring,2021,CRIM 101.
crim 417,spring,2021,CRIM 101.
crim 418,spring,2021,CRIM 101.
crim 429,spring,2021,CRIM 101 or FNST 101 or 201 or permission of instructor.
crim 433,spring,2021,CRIM 101.
crim 438,spring,2021,CRIM 330 is recommended.
crim 441,spring,2021,CRIM 101 and CRIM 220.
crim 442,spring,2021,CRIM 315. Recommended: CRIM 343.
crim 452,spring,2021,CRIM 101. Recommended: CRIM 357.
crim 455,spring,2021,"CRIM 101, 131 and 251."
crim 458,spring,2021,CRIM 251.
crim 470,spring,2021,"CRIM 320, 321 and 330. Written application to the school no later than the last day of classes of the preceding term. Reserved for criminology honours and majors. Recommended: CRIM 370."
crim 480,spring,2021,CRlM 380.
crim 499,spring,2021,A minimum grade of B in CRIM 490 and 491 is required.
crim 801,spring,2021,"CRIM 800, or permission of the instructor."
crim 811,spring,2021,
crim 861,spring,2021,
crim 862,spring,2021,
crim 863,spring,2021,"CRIM 861, or permission of the instructor."
crim 870,spring,2021,
crim 897,spring,2021,Completion of all course work within the PhD program.
crim 898,spring,2021,
crim 899,spring,2021,
dial 390w,spring,2021,"45 units. Students should apply prior to the term in which they wish to enroll. Students can be accepted into either the Summer Institute in Dialogue (DIAL 390W and 391W, 10 units) or the Semester in Dialogue (fall or spring term, DIAL 390W, 391W and 392W, 15 units), but not both."
dial 391w,spring,2021,"45 units. Students should apply prior to the term in which they wish to enroll. Students can be accepted into either the Summer Institute in Dialogue (DIAL 390W and 391W, 10 units) or the Semester in Dialogue (fall or spring semester, DIAL 390W, 391W and 392W, 15 units) but not both."
dial 392w,spring,2021,"45 units. Students should apply prior to the term in which they wish to enroll. Students can be accepted into either the Summer Institute in Dialogue (DIAL 390W and 391W, 10 units) or the Semester in Dialogue (fall or spring semester, DIAL 390W, 391W and 392W, 15 units), but not both."
dial 393,spring,2021,45 units or permission of instructor. Corequisite: DIAL 394.
dial 394,spring,2021,45 units or permission of instructor. Corequisite: DIAL 393.
dial 395,spring,2021,45 units or permission of instructor. Corequisite: DIAL 393 and DIAL 394.
dial 461,spring,2021,45 units and permission of instructor.
dmed 501,spring,2021,
dmed 521,spring,2021,
dmed 531,spring,2021,DMED 530.
dmed 540,spring,2021,
easc 101,spring,2021,
easc 103,spring,2021,
easc 104,spring,2021,
easc 106,spring,2021,
easc 201,spring,2021,EASC 210 with a grade of C- or better.
easc 204,spring,2021,"EASC 210, PHYS 101 or 120 or 125 or 140. All with a grade of C- or better."
easc 205,spring,2021,"EASC 202, CHEM 122, and one of: (PHYS 102 and PHYS 130), (PHYS 121 and PHYS 133), (PHYS 126 and PHYS 133) or (PHYS 141). All with a grade of C- or better."
easc 208,spring,2021,"EASC 202, CHEM 121, 122 and 126. All with a grade of C- or better."
easc 210,spring,2021,EASC 101 with a grade of C- or better.
easc 305,spring,2021,"EASC 101; MATH 152, PHYS 121 or 126 or 102 or 141, and STAT 201 or 270 (all with a grade of C- or better), and six units in any 200 division or higher EASC courses."
easc 307,spring,2021,EASC 207 with a grade of C- or better.
easc 313,spring,2021,"EASC 101, 204 or permission of instructor. All with a grade of C- or better."
easc 400,spring,2021,To be determined by instructor.
easc 403,spring,2021,"EASC 201, EASC 209W or GEOG 213, and EASC 308. All with a grade of C- or better."
easc 410,spring,2021,EASC 315W or EASC 412. All with a grade of C- or better.
easc 411,spring,2021,EASC 206 and 209W. All with a grade of C- or better.
easc 493,spring,2021,75 units including 30 units in earth sciences courses and permission of the department.
easc 499,spring,2021,"105 units, admittance to the honours program and consent of a thesis supervisor."
easc 617,spring,2021,
easc 619,spring,2021,
easc 630,spring,2021,Permission of instructor. Undergraduate physical hydrogeology and aqueous geochemistry courses required.
easc 704,spring,2021,Permission of the instructor.
easc 711,spring,2021,Permission of the instructor.
easc 810,spring,2021,Enrollment in MSc program.
easc 898,spring,2021,Enrollment in MSc program.
easc 901,spring,2021,Enrollment in PhD program.
easc 910,spring,2021,Enrollment in PhD program.
easc 998,spring,2021,Enrollment in PhD Program.
eco 600,spring,2021,
eco 622,spring,2021,"ECOR 9100 - Concepts of ER and the Physical Environment; 
ECO 611 - Concepts of ER and the
Biological Environment; 
ECOR 9110 - Planning and Monitoring for ER."
econ 102,spring,2021,
econ 103,spring,2021,
econ 105,spring,2021,
econ 201,spring,2021,ECON 103 and 105; MATH 157.
econ 220w,spring,2021,"ECON 201, minimum 30 units and no more than 80 units. This course is only open to approved Economics majors/joint majors/honours/joint honours/extended minor students."
econ 233,spring,2021,"MATH 150, MATH 151, MATH 154, or MATH 157; 15 units. MATH 150, MATH 151, MATH 154, or MATH 157 may be taken concurrently with ECON 233."
econ 280,spring,2021,ECON 103 or 200 and 105 or 205.
econ 290,spring,2021,ECON 103 or 200 and ECON 105 or 205.
econ 302,spring,2021,ECON 201 or 301; 60 Units.
econ 305,spring,2021,"ECON 201 or 301, 60 units. Students with a minimum grade of A- in ECON 103 and 105 at Simon Fraser University at their first attempt can complete ECON 305 concurrently with ECON 201 after 30 units. Students seeking permission to register on this basis must contact the undergraduate advisor in economics."
econ 325,spring,2021,ECON 201 or 301; 60 units.
econ 331,spring,2021,ECON 201 or 301; 60 units.
econ 333,spring,2021,"ECON 103 or 200; ECON 105 or 205; ECON 233 or BUS (or BUEC) 232 or STAT 270; MATH 157; 60 units. Students with a minimum grade of A- in ECON 233, BUS (or BUEC) 232 or STAT 270 can take ECON 333 after 30 units. Students seeking permission to enroll based on their ECON 233, BUS (or BUEC) 232 or STAT 270 grade must contact the Undergraduate Advisor in Economics."
econ 335,spring,2021,
econ 342,spring,2021,ECON 103 or 200 and 105 or 205; 60 units or permission of the department.
econ 345,spring,2021,ECON 103 or 200 and 105 or 205; 60 units or permission of the department.
econ 354,spring,2021,ECON 103 and 105; 60 units.
econ 355w,spring,2021,ECON 103 or 200 and 105 or 205; 60 units.
econ 370,spring,2021,ECON 103 and ECON 105.
econ 381,spring,2021,ECON 201 or 301; 60 units.
econ 392,spring,2021,ECON 201 or 301; 60 units.
econ 398,spring,2021,ECON 103 or 200 and ECON 105 or 205; 60 units.
econ 403,spring,2021,"ECON 302, 305 and 331. Students who have completed both MATH 232 and 251 may substitute them for ECON 331. Entry into this course requires a minimum CGPA of 3.0 or permission of the department."
econ 425,spring,2021,ECON 302.
econ 426w,spring,2021,ECON 302.
econ 427w,spring,2021,"ECON 201 or 301, and ECON (or BUEC 333) or ECON 302."
econ 433,spring,2021,ECON 333 and ECON 305; 60 units.
econ 446,spring,2021,"ECON 201 or 301, ECON 305 and ECON 345."
econ 448w,spring,2021,ECON 302 and ECON (or BUEC) 333.
econ 450w,spring,2021,ECON 201 or 301 and ECON 305.
econ 455w,spring,2021,ECON 333.
econ 483,spring,2021,To be determined by the instructor subject to approval by the department chair.
econ 499w,spring,2021,ECON 494.
econ 750,spring,2021,"Completion of core MA degree requirements of ECON 802, 807 (or 808), 835, and 836 with a minimum GPA of 3.0."
econ 751,spring,2021,ECON 750.
econ 752,spring,2021,ECON 751 and department approval.
econ 804,spring,2021,ECON 802 and 803 or equivalent.
econ 807,spring,2021,ECON 798 or equivalent. Offered once a year.
econ 809,spring,2021,ECON 808.
econ 828,spring,2021,
econ 832,spring,2021,"ECON 802, 807 or 808, or with the approval of the instructor."
econ 836,spring,2021,ECON 835 or equivalent.
econ 838,spring,2021,ECON 837.
econ 857,spring,2021,
econ 899,spring,2021,"ECON 802, 807 (or 808), 835, and 836 (or 837)."
econ 900,spring,2021,
econ 921,spring,2021,
econ 987,spring,2021,
econ 990,spring,2021,
econ 991,spring,2021,
edpr 502,spring,2021,
edpr 503,spring,2021,
edpr 504,spring,2021,
edpr 506,spring,2021,
edpr 507,spring,2021,
edpr 510,spring,2021,
edpr 521,spring,2021,
edpr 525,spring,2021,
edpr 527,spring,2021,
edpr 528,spring,2021,
edpr 536,spring,2021,
edpr 541,spring,2021,
edpr 542,spring,2021,
edpr 543,spring,2021,
edpr 544,spring,2021,
edpr 545,spring,2021,
edpr 546,spring,2021,
edpr 548,spring,2021,
edpr 561,spring,2021,
edpr 562,spring,2021,
edpr 563,spring,2021,
edpr 564,spring,2021,
edpr 566,spring,2021,
edpr 577,spring,2021,
educ 100w,spring,2021,
educ 199,spring,2021,
educ 211,spring,2021,"Students who have credit for MATH 150, MATH 151, MATH 154, MATH 157 need permission of the instructor to participate in EDUC 211 and EDUC 212."
educ 220,spring,2021,
educ 222,spring,2021,
educ 230,spring,2021,
educ 240,spring,2021,
educ 250,spring,2021,
educ 252,spring,2021,
educ 298,spring,2021,
educ 311,spring,2021,60 units.
educ 315,spring,2021,EDUC 220 or PSYC 250 or LING 100. Students may be required to successfully complete a Criminal Record Check.
educ 320,spring,2021,EDUC 220.
educ 322,spring,2021,EDUC 220 or PSYC 250.
educ 323,spring,2021,60 units including EDUC 220.
educ 324,spring,2021,EDUC 220 or PSYC 250 and 60 units.
educ 326,spring,2021,"One of EDUC 100, 220, 230, or 240; or EDUC 401/402, or corequisite EDUC 403."
educ 327,spring,2021,"60 units, including EDUC 220."
educ 328,spring,2021,EDUC 220 or EDUC 401/402 or corequisite EDUC 403.
educ 341,spring,2021,60 units including three in EDUC courses.
educ 352w,spring,2021,EDUC 252.
educ 370,spring,2021,"Completion of at least 60 units, including 3 units in Education."
educ 371w,spring,2021,60 units; or permission of instructor.
educ 380,spring,2021,FREN 301 or 304 or 370 or equivalent.
educ 382,spring,2021,60 units.
educ 388,spring,2021,
educ 401w,spring,2021,Admission to Professional Development Program. Students must successfully complete a Criminal Record Check.
educ 402w,spring,2021,Admission to PDP or PLP program. Students must successfully complete a Criminal Record Check.
educ 403,spring,2021,EDUC 402. Students must successfully complete a Criminal Record Check.
educ 404,spring,2021,EDUC 401/402 or corequisite EDUC 403.
educ 405,spring,2021,EDUC 401/402 or EDUC 402/403. Students must successfully complete a Criminal Record Check.
educ 406,spring,2021,Permission will not be given to students without previous teaching experience. Students must successfully complete a Criminal Record Check.
educ 422,spring,2021,PSYC 250 or corequisite of EDUC 315 or 473. Students may be required to successfully complete a Criminal Record Check.
educ 423,spring,2021,Or corequisite: EDUC 323.
educ 426,spring,2021,"Students may be required to successfully complete a Criminal Record Check. 60 units including EDUC 220 or PSYC 250, or EDUC 401/402 or Corequsite: EDUC 403."
educ 437,spring,2021,60 units including 3 units in Education.
educ 446,spring,2021,60 units.
educ 458,spring,2021,60 units.
educ 464,spring,2021,EDUC 401/402 or PSYC 250 or corequisite EDUC 403.
educ 465,spring,2021,60 units.
educ 469,spring,2021,60 units.
educ 471,spring,2021,60 units.
educ 472,spring,2021,EDUC 401/402 or corequisite EDUC 403.
educ 482,spring,2021,60 units.
educ 490,spring,2021,"60 units, consent of supervising faculty member, and approval of the director of undergraduate programs."
educ 491,spring,2021,"60 units, consent of supervising faculty member, and approval of the director of undergraduate programs."
educ 492,spring,2021,"60 units, consent of supervising faculty member, and approval of the director of undergraduate programs."
educ 702,spring,2021,
educ 703,spring,2021,
educ 704,spring,2021,
educ 705,spring,2021,
educ 800,spring,2021,EDUC 799. Students must successfully complete a Criminal Record Check.
educ 801,spring,2021,EDUC 800. Students must successfully complete a Criminal Record Check.
educ 802,spring,2021,EDUC 801. Students must successfully complete a Criminal Record Check.
educ 805,spring,2021,
educ 806,spring,2021,
educ 807,spring,2021,Acceptance into the MEd in Educational Practice program.
educ 811,spring,2021,
educ 813,spring,2021,
educ 816,spring,2021,
educ 817,spring,2021,
educ 820,spring,2021,
educ 823,spring,2021,
educ 825,spring,2021,
educ 829,spring,2021,
educ 833,spring,2021,
educ 844,spring,2021,
educ 849,spring,2021,
educ 855,spring,2021,
educ 863,spring,2021,EDUC 810 or 864.
educ 864,spring,2021,
educ 866,spring,2021,
educ 872,spring,2021,
educ 874,spring,2021,EDUC 870.
educ 878,spring,2021,EDUC 874.
educ 881,spring,2021,
educ 882,spring,2021,
educ 883,spring,2021,
educ 885,spring,2021,
educ 886,spring,2021,
educ 892,spring,2021,
educ 898,spring,2021,
educ 899,spring,2021,
educ 902a,spring,2021,
educ 902b,spring,2021,
educ 904,spring,2021,
educ 910,spring,2021,
educ 912,spring,2021,
educ 922,spring,2021,
educ 923,spring,2021,
educ 924,spring,2021,
educ 928,spring,2021,
educ 945,spring,2021,
educ 946,spring,2021,EDUC 942.
educ 971,spring,2021,EDUC 860.
educ 983,spring,2021,
educ 984,spring,2021,
engl 111w,spring,2021,
engl 112w,spring,2021,
engl 114w,spring,2021,
engl 115w,spring,2021,
engl 121,spring,2021,
engl 199w,spring,2021,12 units.
engl 201,spring,2021,Two 100 division English courses.
engl 203,spring,2021,Two 100 division English courses.
engl 206,spring,2021,Two 100 division English courses.
engl 207,spring,2021,Two 100 division English courses.
engl 212,spring,2021,Two 100 division English courses OR formal declaration in the creative writing minor.
engl 306,spring,2021,"Two 100 division English courses, and two 200 division English courses."
engl 310,spring,2021,"Two 100 division English courses, and two 200 division English courses."
engl 311,spring,2021,"Two 100 division English courses, and two 200 division English courses."
engl 313,spring,2021,"Two 100 division English courses, and two 200 division English courses."
engl 320,spring,2021,"Two 100 division English courses, and two 200 division English courses."
engl 340,spring,2021,"Two 100 division English courses, and two 200 division English courses."
engl 357,spring,2021,"Two 100 division English courses, and two 200 division English courses."
engl 359,spring,2021,"Two 100 division English courses, and two 200 division English courses."
engl 364,spring,2021,"Two 100 division English courses, and two 200 division English courses. Recommended: ENGL 216."
engl 374,spring,2021,"Two 100 division English courses and two 200 division English courses, OR formal declaration in the creative writing minor and ENGL 272."
engl 375,spring,2021,"Two 100 division English courses, and two 200 division English courses. Recommended: One of English 199/199W or 214."
engl 385,spring,2021,"Two 100 division English courses, and two 200 division English courses."
engl 404w,spring,2021,"ENGL 304 or 306 strongly recommended. Reserved for English honours, major, joint major and minor students."
engl 410w,spring,2021,"One of ENGL 304, 306, 310, 311, 313 or 315. Reserved for English honours, major, joint major and minor students."
engl 434w,spring,2021,"Two 300 division English courses. Strongly recommend: ENGL 327 or 330. Reserved for English honours, major, joint major and minor students."
engl 441,spring,2021,"Two 100 division English courses, two 200 division English courses and two 300 division English courses. Reserved for English honours, major, joint major and minor students. Admission is by permission of the instructor and the Department."
engl 442,spring,2021,"Two 100 division English courses, two 200 division English courses and two 300 division English courses. Reserved for English honours, major, joint major and minor students. Admission is by permission of the instructor and the Department."
engl 472w,spring,2021,ENGL 372 or 374.
engl 486w,spring,2021,"One 300 division English course. Reserved for English honours, major, joint major and minor students."
engl 494,spring,2021,"Permission of the department, plus normally a minimum of 90 units, including credit or standing in two 100 division English courses, two 200 division English courses, and four 300 or 400 division English courses, one of which must be ENGL 364."
engl 496,spring,2021,"Lower division requirements for the English major. Open only to students who have been accepted into the English honours program, and who have completed ENGL 494."
engl 830,spring,2021,
engl 833,spring,2021,
engl 834,spring,2021,
engl 843,spring,2021,
engl 870,spring,2021,
engl 875,spring,2021,
engl 881,spring,2021,
engl 882,spring,2021,
engl 891,spring,2021,
engl 892,spring,2021,
engl 893,spring,2021,
engl 894,spring,2021,ENGL 892 and ENGL 893.
engl 899,spring,2021,
ensc 120,spring,2021,BC Pre-Calculus 12 and BC Physics 12 (or equivalents).
ensc 180,spring,2021,"(CMPT 128, CMPT 120, or CMPT 130)and (MATH 151 or MATH 150). Corequisite: MATH 152 and MATH 232."
ensc 194,spring,2021,
ensc 195,spring,2021,
ensc 196,spring,2021,
ensc 295,spring,2021,ENSC 195 or 196.
ensc 296,spring,2021,ENSC 195 or 196 and approval of internship co-ordinator required.
ensc 325,spring,2021,ENSC 225 or ENSC 226 or MSE 251.
ensc 327,spring,2021,(ENSC 380 or MSE 280) and ENSC 280. Students who completed STAT 270 prior to Spring 2015 may use STAT 270 instead of ENSC 280.
ensc 350,spring,2021,(ENSC 215 and either ENSC 250 or CMPT 250) or (ENSC 252 and ENSC 254).
ensc 383,spring,2021,ENSC 380 (or MSE 280).
ensc 386,spring,2021,"PHYS 120, (MATH 260 or MATH 310), and (ENSC 281 or ENSC 385)."
ensc 387,spring,2021,ENSC 380 or MSE 280.
ensc 395,spring,2021,ENSC 295 or 296 and a minimum of 75 units.
ensc 396,spring,2021,"ENSC 295 or 296, a minimum of 75 units and approval of internship co-ordinator required."
ensc 400,spring,2021,A minimum of 100 units and permission of the chair of the undergraduate curriculum committee.
ensc 405w,spring,2021,"(ENSC 105W or MSE 101W), ENSC 204, completion of a minimum of 22 units of upper division ENSC courses, and completion of (or concurrent enrollment in) two upper division technical electives meeting the requirements of the program. Students are required to complete at least two co-ops before enrolling in ENSC 440 Capstone B. Capstone B must be taken in the term immediately following Capstone A. Enrollment into Capstone A is by approval of the department via Capstone application form."
ensc 410,spring,2021,A minimum of 80 units is required to enroll in this course.
ensc 413,spring,2021,"MATH 251, ENSC 280, ENSC 351, ENSC 380."
ensc 416,spring,2021,ENSC 316 with a grade of at least C+.
ensc 427,spring,2021,ENSC 327. A minimum of 80 units required.
ensc 428,spring,2021,ENSC 327 and a minimum of 80 units.
ensc 450,spring,2021,"(ENSC 225 or ENSC 226 or MSE 251) and ENSC 350, and a minimum of 80 units."
ensc 452,spring,2021,"ENSC 350 and 351, a minimum of 80 units."
ensc 474,spring,2021,"((ENSC 180 and ENSC 251) or CMPT 225), and a minimum of 80 units."
ensc 475,spring,2021,"(ENSC 225 or MSE 251), ENSC 320, (ENSC 380 or MSE 280) and a minimum of 80 units. ENSC 380/MSE 280 can be taken concurrently."
ensc 488,spring,2021,(ENSC 230 or ENSC 386) and (ENSC 383 or MSE 381) and 80 units.
ensc 494,spring,2021,Permission of the undergraduate curriculum committee chair.
ensc 495,spring,2021,"ENSC 225 or ENSC 226 or MSE 251 or PHYS 365, and permission of the instructor and a minimum of 80 units. Enrolment in this course is by application only."
ensc 498,spring,2021,At least 115 units or permission of the academic supervisor.
ensc 499,spring,2021,ENSC 498.
ensc 704,spring,2021,"12 units of ENSC course work at the 800-level or higher with an SFU CGPA of at least 3.0. Approval of supervisor and a GPC representative is required prior to applying for, and accepting an internship."
ensc 813,spring,2021,MATH 251 or ENSC 280 or ENSC 380 or permission of instructor.
ensc 851,spring,2021,
ensc 870,spring,2021,Students may only register for the ENSC 870-0 during their final term.
ensc 880,spring,2021,ENSC PhD student.
ensc 891,spring,2021,
ensc 892,spring,2021,
ensc 894,spring,2021,
ensc 895,spring,2021,
ensc 896,spring,2021,
ensc 897,spring,2021,
ensc 898,spring,2021,
ensc 899,spring,2021,
env 302,spring,2021,Admission into Environment Co-operative Education Program.
env 303,spring,2021,"ARCH 350, ENV 302 or GEOG 302 and readmission into Environment Co-operative Education Program."
env 402,spring,2021,"ARCH 351, ENV 303 or GEOG 303 and readmission into Environment Co-operative Education Program."
env 403,spring,2021,"ARCH 450, ENV 402 or GEOG 402 and readmission into Environment Co-operative Education Program."
env 404,spring,2021,"ARCH 451, ENV 403 or GEOG 403 and readmission into Environment Co-operative Education Program."
evsc 100,spring,2021,
evsc 201w,spring,2021,EVSC 100.
evsc 305,spring,2021,EVSC 100 and 50 units of credit in the environmental science program.
evsc 380,spring,2021,Acceptance in the environment science co-operative education program.
evsc 381,spring,2021,EVSC 380 and re-admission to the environment science co-operative education program.
evsc 391,spring,2021,"60 units, 3.0 cumulative grade point average."
evsc 395,spring,2021,
evsc 400,spring,2021,EVSC 300 and EVSC 305.
evsc 445,spring,2021,"STAT 100, 201, 203, 205 or 270 or permission of the instructor."
evsc 480,spring,2021,EVSC 381 and readmission to the environment science co-operative education program.
evsc 481,spring,2021,EVSC 480 and re-admission to the environment science co-operative education program.
evsc 482,spring,2021,EVSC 481 and readmission to the environment science co-operative education program.
evsc 489,spring,2021,"EVSC 305, 90 units and consent of EVSC Director."
evsc 490,spring,2021,"EVSC 305, 90 units and consent of EVSC Director."
evsc 490w,spring,2021,"EVSC 305, EVSC 489, 90 units and consent of EVSC Director."
evsc 645,spring,2021,
fal x99,spring,2021,
fan x92,spring,2021,FAN X91.
fan x99,spring,2021,
fass 201,spring,2021,Open only to students accepted to the FASS Co-op Program.
fass 301,spring,2021,Open only to students accepted to the FASS Co-op Program.
fass 302,spring,2021,Open only to students accepted to the FASS Co-op Program.
fass 401,spring,2021,Open only to students accepted to the FASS Co-op Program.
fass 402,spring,2021,Open only to students accepted to the FASS Co-op Program.
fep 200,spring,2021,
fep 201,spring,2021,
fep 202,spring,2021,
fep 203,spring,2021,
fep 204,spring,2021,
fep 205,spring,2021,
fep 206,spring,2021,
fep 209,spring,2021,
fep 221,spring,2021,
fep 222,spring,2021,
fep 224,spring,2021,
fep 225,spring,2021,
fren 120,spring,2021,Never studied or experienced French before.
fren 121,spring,2021,FREN 120 or grade 10 French (or equivalent based on placement test). May not be taken for credit by students with French 11 or 12.
fren 122,spring,2021,FREN 121 or grade 11 French (or equivalent based on placement test). May not be taken for credit by students with French 12.
fren 200,spring,2021,Grade 12 French immersion or FREN 211 or FREN 212 (or FREN 221 with permission from the department). Contact the departmental advisor for details.
fren 210,spring,2021,"FREN 122 or grade 12 French (or equivalent based on placement test). May not be taken by students from French immersion, programme cadre or IB students."
fren 211,spring,2021,Grade 12 French with a grade of A or FREN 122 with a grade of A or FREN 210 (or equivalent based on placement test).
fren 215,spring,2021,FREN 211. May be taken concurrently with FREN 212 and 221.
fren 221,spring,2021,"FREN 211 or 212, or with a grade of A, FREN 210. In the latter case, FREN 211 and 221 may be taken concurrently."
fren 222,spring,2021,"FREN 221 or, with a grade of A, FREN 211 or, with a grade of A, FREN 212."
fren 245,spring,2021,FREN 222 (students with B+ in FREN 221 can take 222 concurrently with 245).
fren 275,spring,2021,FREN 222 (students with B+ in FREN 221 can take 222 concurrently with FREN 275).
fren 300,spring,2021,"FREN 222 or, with a grade of A and permission of instructor, FREN 215 or 217."
fren 301w,spring,2021,"FREN 222 or, with a grade of A, FREN 221."
fren 304,spring,2021,FREN 222 (or equivalent based on placement test).
fren 307,spring,2021,FREN 222.
fren 334,spring,2021,FREN 275 or 270 OR LING 222.
fren 341,spring,2021,FREN 245 or 230 or 240.
fren 345,spring,2021,"FREN 301W; FREN 245, 230, or 240."
fren 407w,spring,2021,FREN 301W and one of FREN 304 or FREN 307 or permission of the department.
fren 424,spring,2021,"FREN 270 or 275 or LING 222, FREN 301W and at least one 300-level group A (ling.) course."
fren 442,spring,2021,"FREN 230 or 240 or 245, FREN 301W, and at least one 300-level group B (lit.) course."
fren 444,spring,2021,"FREN 230 or 240 or 245, FREN 301W, and at least one 300-level group B (lit.) course."
fren 825,spring,2021,
fren 852,spring,2021,
fren 896,spring,2021,
fren 898,spring,2021,
fren 998,spring,2021,
ga 101,spring,2021,
ga 202,spring,2021,15 units.
ga 400,spring,2021,45 units.
geog 100,spring,2021,
geog 104,spring,2021,
geog 111,spring,2021,
geog 213,spring,2021,GEOG 111 or EASC 101.
geog 214,spring,2021,GEOG 111.
geog 215,spring,2021,GEOG 111.
geog 221,spring,2021,GEOG 100.
geog 241,spring,2021,GEOG 100.
geog 251,spring,2021,GEOG 100 or 111.
geog 255,spring,2021,GEOG 100 or 111 or permission of instructor.
geog 264,spring,2021,GEOG 100 or 162 or permission of instructor.
geog 266w,spring,2021,"One of: GEOG 100, GEOG 102, GEOG 104, GEOG 111."
geog 302,spring,2021,acceptance in the environment co-operative education program.
geog 303,spring,2021,GEOG 302 and readmission to the environment co-operative education program.
geog 310,spring,2021,"GEOG 213 and one of GEOG 214 or 215. Prerequisite or Corequisite: One of GEOG 311, 313, 314, 315, 316, 317 or 319."
geog 312,spring,2021,"One of GEOG 100, 104 or 111 or one of EASC 101 or 104."
geog 313,spring,2021,"GEOG 213, or both EASC 209W and EASC 304."
geog 316,spring,2021,GEOG 215 or BISC 204 or permission of the instructor.
geog 321,spring,2021,"At least 45 units, including GEOG 100."
geog 324,spring,2021,"At least 45 units, including GEOG 100."
geog 325,spring,2021,"At least 45 units, including GEOG 100."
geog 328,spring,2021,"At least 45 units, including GEOG 100 or LBST 101."
geog 352,spring,2021,"GEOG 251 or one of STAT 201, 203 (formerly 103), 205, or 270."
geog 353,spring,2021,GEOG 253.
geog 355,spring,2021,GEOG 255.
geog 362w,spring,2021,"At least 45 units, including GEOG 100."
geog 365,spring,2021,"At least 45 units, including GEOG 100."
geog 389w,spring,2021,"At least 45 units, including GEOG 100 or REM 100."
geog 402,spring,2021,GEOG 303 and readmission to the environment co-operative education program.
geog 403,spring,2021,GEOG 402 and readmission to the environment co-operative education program.
geog 404,spring,2021,"Permission to enter directed readings courses requires written consent of both the faculty member willing to supervise the research, and the chair of the department."
geog 405,spring,2021,"Permission to enter directed readings courses requires written consent of both the faculty member willing to supervise the research, and the chair of the department."
geog 409,spring,2021,GEOG 403 and readmission to the environment co-operative education program.
geog 418,spring,2021,"One of GEOG 311, GEOG 314, GEOG 316, GEOG 317, EASC 304, or EASC 405; one of GEOG 251, STAT 201, STAT 203 (formerly STAT 103), STAT 205, or STAT 270."
geog 432,spring,2021,60 units including eight of upper division geography.
geog 442,spring,2021,"60 credit hours, including Geog 362."
geog 457,spring,2021,GEOG 356.
geog 486,spring,2021,GEOG 386 or HSCI 305.
geog 491,spring,2021,105 units and consent of supervisor. See a departmental academic advisor for details.
geog 601,spring,2021,
geog 611,spring,2021,
geog 613,spring,2021,
geog 617,spring,2021,
geog 657,spring,2021,Enrolment in any graduate program plus permission of the instructor. Graduate students from other disciplines are welcome to take this course.
geog 671,spring,2021,GEOG 600.
geog 677,spring,2021,"GEOG 600, GEOG 601 and GEOG 606."
geog 678,spring,2021,"GEOG 600, GEOG 601 and GEOG 603."
geog 679,spring,2021,GEOG 600 and GEOG 671.
geog 686,spring,2021,
geog 691,spring,2021,
geog 697,spring,2021,
geog 698,spring,2021,
geog 699,spring,2021,
germ 102,spring,2021,
germ 103,spring,2021,GERM 102 or equivalent.
germ 202,spring,2021,GERM 201 or equivalent.
gero 101,spring,2021,
gero 300,spring,2021,60 units.
gero 401,spring,2021,60 units. Recommended: GERO 300.
gero 407,spring,2021,60 units and GERO 300 or KIN 110.
gero 411,spring,2021,60 units. Recommended: GERO 300.
gero 420,spring,2021,60 units. Recommended: GERO 300.
gero 450,spring,2021,60 units. GERO 301 or PSYC 201 or SA 255 or HSCI 307. Recommended: GERO 101 or 300. Students must successfully complete a Criminal Record Check.
gero 803,spring,2021,
gero 830,spring,2021,
gero 850,spring,2021,MA in Gerontology students in good academic standing who have successfully completed a Criminal Record Check.
gero 889,spring,2021,
gero 896,spring,2021,
gero 897,spring,2021,
gero 898,spring,2021,
gero 899,spring,2021,
gero 994,spring,2021,All coursework towards the PhD in Gerontology.
gero 995,spring,2021,All coursework towards the PhD in Gerontology.
gero 996,spring,2021,GERO 994 and GERO 995.
gero 998,spring,2021,
grad 700,spring,2021,
grad 800,spring,2021,
grad 850,spring,2021,
grk 191,spring,2021,
grk 192,spring,2021,GRK 191 or equivalent.
grk 291,spring,2021,GRK 192 or equivalent.
grk 292,spring,2021,GRK 291 or equivalent.
gsws 101,spring,2021,
gsws 204,spring,2021,
gsws 212,spring,2021,
gsws 306,spring,2021,30 units including three units in GSWS or WS or GDST.
gsws 312,spring,2021,15 units.
gsws 315,spring,2021,15 units.
gsws 316,spring,2021,30 units.
gsws 318,spring,2021,"30 units, including three units in GSWS."
gsws 319,spring,2021,30 units including three units in GSWS or WS or GDST.
gsws 320,spring,2021,15 units.
gsws 321,spring,2021,15 units.
gsws 322,spring,2021,"30 units, including three units in GSWS or WS or GDST."
gsws 330,spring,2021,15 units.
gsws 331,spring,2021,"30 units, including three unist in GSWS. Students who have taken GDST 301, or WS 301 Special Topics: Theorizing Queer Genders may not take this course for further credit."
gsws 402,spring,2021,Nine units in GSWS including GSWS 101 (or WS 101) and/or GSWS 102 (or WS 102) and approval of course proposal by Dept.
gsws 431,spring,2021,45 units including six units in GSWS or CA.
gsws 800,spring,2021,
gsws 811,spring,2021,
gsws 812,spring,2021,
gsws 830,spring,2021,
gsws 831,spring,2021,
gsws 840,spring,2021,
gsws 844,spring,2021,GSWS 822.
gsws 898,spring,2021,
gsws 997,spring,2021,
gsws 998,spring,2021,
gsws 999,spring,2021,GSWS 822 and five graduate courses.
hist 101,spring,2021,
hist 102w,spring,2021,
hist 106,spring,2021,
hist 151,spring,2021,
hist 185,spring,2021,
hist 200,spring,2021,
hist 204,spring,2021,Recommended: HIST 101 and 102W.
hist 206,spring,2021,
hist 213,spring,2021,Recommended: HIST 212.
hist 215,spring,2021,
hist 225,spring,2021,
hist 243,spring,2021,
hist 249,spring,2021,
hist 255,spring,2021,
hist 277,spring,2021,
hist 304,spring,2021,"45 units, including six units of lower division history."
hist 326,spring,2021,"45 units, including six units of lower division history."
hist 330w,spring,2021,"45 units, including six units of lower division history."
hist 332,spring,2021,"45 units, including six units of lower division history."
hist 335,spring,2021,"45 units, including six units of lower division history."
hist 338,spring,2021,"45 units, including six units of lower division history. Recommended: HIST 225."
hist 355,spring,2021,"45 units, including six units of lower division history. Recommended: one of HIST 151, 249."
hist 362,spring,2021,"45 units, including six units of lower division history."
hist 372,spring,2021,"45 units, including six units of lower division history or enrollment in the Urban Studies Certificate program."
hist 402,spring,2021,"45 units including nine units of lower division history and one of HIST 220, 223, HUM 219, 305, 311, 312W or permission of the department."
hist 404,spring,2021,45 units including nine units of lower division history. Recommended: HIST 315.
hist 417w,spring,2021,45 units including nine units of lower division history. Recommended: HIST 224 or 225.
hist 425w,spring,2021,45 units including nine units of lower division history.
hist 430,spring,2021,"45 units, including nine units of lower division history or permission of the instructor. Recommended: HIST 101, 102W, 104."
hist 432,spring,2021,45 units including nine units of lower division history.
hist 433w,spring,2021,"45 units, including nine units of lower division history, or permission of the instructor."
hist 438w,spring,2021,45 units including 9 units of lower division history.
hist 440,spring,2021,"45 units, including nine units of lower division history."
hist 464,spring,2021,45 units including nine units of lower division history.
hist 465,spring,2021,"45 units including nine units of lower division history and one of HIST 151, 249, 350, 354, 355 or permission of the department."
hist 472w,spring,2021,45 units including nine units of lower division history.
hist 476,spring,2021,"45 units, including 6 units of lower division history or by permission of instructor."
hist 479w,spring,2021,"45 units including nine units of lower division history, and one of HIST 255, 366, or 367."
hist 489,spring,2021,45 units including nine units of lower division history. Recommended: at least three upper division courses in history.
hist 490,spring,2021,45 units including nine units of lower division history. Recommended: at least three upper division courses in history.
hist 494,spring,2021,Admission to the honours program in history.
hist 498,spring,2021,Admission to the honours program in History.
hist 806,spring,2021,
hist 810,spring,2021,
hist 815,spring,2021,
hist 821,spring,2021,
hist 852,spring,2021,
hist 860,spring,2021,
hist 861,spring,2021,
hist 862,spring,2021,
hist 882,spring,2021,
hist 883,spring,2021,
hist 892,spring,2021,
hist 897,spring,2021,
hist 898,spring,2021,
hist 899,spring,2021,
hsci 100,spring,2021,
hsci 120,spring,2021,
hsci 130,spring,2021,
hsci 160,spring,2021,
hsci 204,spring,2021,"HSCI 100 or BISC 101, HSCI 130."
hsci 206,spring,2021,HSCI 130.
hsci 210,spring,2021,Will vary according to topic.
hsci 211,spring,2021,"HSCI 100 or BISC 101, HSCI 130."
hsci 212,spring,2021,"HSCI 100 or BISC 101, HSCI 130."
hsci 305,spring,2021,"60 units, including nine HSCI units."
hsci 307,spring,2021,"two HSCI 200 division courses, one of which may be taken concurrently."
hsci 310,spring,2021,60 units including HSCI 130.
hsci 319w,spring,2021,"45 units including nine HSCI units, one of which must be a 200 division course."
hsci 321,spring,2021,"MBB 231, or permission of the instructor."
hsci 324,spring,2021,BISC 202.
hsci 326,spring,2021,MBB 231.
hsci 330,spring,2021,nine HSCI units including one HSCI 200 division course and either STAT 302 or 305 which may be taken concurrently.
hsci 333,spring,2021,"60 units and completion of one of: HSCI 100, BISC 100, BISC 101 or BISC 102 with a minimum grade
of C-."
hsci 340,spring,2021,"60 units and two HSCI 200-level courses, one of which may be taken concurrently."
hsci 350,spring,2021,Students must be accepted into the Health Sciences Co-op program and complete Bridging Online.
hsci 351,spring,2021,Completion of HSCI 350 Co-op Practicum I.
hsci 406,spring,2021,"60 units and completion of HSCI 305 and either HSCI 340 or
HSCI 319W."
hsci 408,spring,2021,"90 units, including HSCI 330."
hsci 410,spring,2021,STAT 302 or STAT 305. Recommended: HSCI 330.
hsci 427,spring,2021,"MBB 326 or HSCI 326, with a minimum grade of C, or permission of the instructor."
hsci 431,spring,2021,60 units including either HSCI 212 or 330.
hsci 432,spring,2021,HSCI 330.
hsci 441,spring,2021,"HSCI 338 and one of: BISC 303, BISC 357, MBB 308, or MBB 309."
hsci 442,spring,2021,"HSCI 326 or MBB 326, and one of BISC 303, BISC 357, MBB 308, or MBB 309W."
hsci 449,spring,2021,90 units including HSCI 312 and 319 or 327. Students may be required to successfully complete a Criminal Record Check.
hsci 450,spring,2021,Completion of HSCI 351 Co-op Practicum II.
hsci 451,spring,2021,Completion of HSCI 450 Co-op Practicum III.
hsci 452,spring,2021,Completion of HSCI 451 Co-op Practicum IV.
hsci 471,spring,2021,Will vary according to topic.
hsci 476,spring,2021,"HSCI 323 and MBB 331, or permission of the instructor"
hsci 478,spring,2021,HSCI 330 and MBB 331 as pre- or co-requisites.
hsci 482,spring,2021,"HSCI 326 or MBB 326, or HSCI 338."
hsci 483,spring,2021,"90 units, including HSCI 204 and HSCI 330."
hsci 484,spring,2021,"90 units, including HSCI 330 and either STAT 302 or STAT 305."
hsci 488,spring,2021,
hsci 489,spring,2021,
hsci 490,spring,2021,
hsci 491,spring,2021,HSCI 490.
hsci 492,spring,2021,"One of HSCI 491, HSCI 493, HSCI 494."
hsci 493,spring,2021,HSCI 490-3.
hsci 494,spring,2021,HSCI 490.
hsci 495,spring,2021,Minimum 90 units completed.
hsci 727,spring,2021,MBB/HSCI 426 or permission of the instructor.
hsci 776,spring,2021,
hsci 778,spring,2021,"BISC 303, 330, MBB 331, or permission from the instructor."
hsci 803,spring,2021,
hsci 821,spring,2021,
hsci 827,spring,2021,
hsci 842,spring,2021,
hsci 849,spring,2021,HSCI 802.
hsci 880,spring,2021,"HSCI 801, 802, 803, 901."
hsci 886,spring,2021,
hsci 887,spring,2021,
hsci 891,spring,2021,
hsci 893,spring,2021,
hsci 897,spring,2021,HSCI 880.
hsci 898,spring,2021,
hsci 901,spring,2021,HSCI 900
hsci 903,spring,2021,HSCI 902.
hsci 983,spring,2021,
hsci 990,spring,2021,
hum 101w,spring,2021,
hum 102w,spring,2021,
hum 130,spring,2021,
hum 162,spring,2021,HUM 161 or permission of the instructor.
hum 232,spring,2021,
hum 277,spring,2021,
hum 304,spring,2021,"45 units, including 9 units of lower division history credit or permission of instructor."
hum 309,spring,2021,45 units.
hum 313,spring,2021,"One of the following courses: ARCH 100, ARCH 201, HS 100, HS 231, HS 232, HS 277, HIST 277 or by permission of the instructor."
hum 320,spring,2021,45 units.
hum 321w,spring,2021,45 units.
hum 325,spring,2021,45 units.
hum 330,spring,2021,45 units.
hum 332,spring,2021,45 units. Recommended: HUM 102.
hum 340,spring,2021,45 units.
hum 350,spring,2021,45 units.
hum 375,spring,2021,45 units.
hum 390,spring,2021,Two of any 300 division humanities courses or permission of the chair plus permission of instructor.
hum 476,spring,2021,"45 units, including 6 units of lower division history or by permission of instructor."
hum 800,spring,2021,
hum 801,spring,2021,
hum 803,spring,2021,
hum 804,spring,2021,
iat 100,spring,2021,
iat 102,spring,2021,
iat 103w,spring,2021,
iat 106,spring,2021,
iat 110,spring,2021,
iat 167,spring,2021,"CMPT 166 (or equivalent first year programming course such as CMPT 120, 125, 126, 128, 130 or 135)."
iat 201,spring,2021,"Completion of 21 units, including at least one lower division ""W"" course."
iat 202,spring,2021,IAT 100 and a minimum of 21 units.
iat 206w,spring,2021,IAT 103W and completion of 21 units.
iat 210,spring,2021,Completion of 21 units.
iat 222,spring,2021,Completion of 21 units.
iat 233,spring,2021,"Completion of 21 units, IAT 102, and IAT 106."
iat 235,spring,2021,Completion of 21 units and IAT 102.
iat 265,spring,2021,"Completion of 21 units and IAT 167 and one of MATH 130, MACM 101, MATH 150, MATH 151, MATH 154, or MATH 157."
iat 267,spring,2021,"Completion of 21 units and IAT 167 and one of MATH 130, MACM 101, MATH 150, MATH 151, MATH 154, or MATH 157. Recommended: IAT 265."
iat 271,spring,2021,
iat 272,spring,2021,IAT 271 (or WKTM 100).
iat 309w,spring,2021,IAT 206W and completion of 48 units.
iat 312,spring,2021,"Completion of 48 units, including IAT 265."
iat 313,spring,2021,Completion of 48 units.
iat 333,spring,2021,"Completion of 48 credits, including IAT 265. Recommended: IAT 102 or 233."
iat 334,spring,2021,"Completion of 48 units, including IAT 235."
iat 336,spring,2021,Prerequisite: IAT 233.
iat 339,spring,2021,IAT 235 and IAT 265.
iat 340,spring,2021,Completion of 24 units. Recommended: IAT 202 New Media Images.
iat 343,spring,2021,"Minimum of 24 units, including MATH 130 or MACM 101 or MATH 150 or MATH 151 or MATH 154 or MATH 157."
iat 344,spring,2021,Minimum of 48 units and IAT 202.
iat 355,spring,2021,IAT 201 and IAT 267 and either IAT 265 or CMPT 225. Recommended: IAT 235.
iat 359,spring,2021,"Completion of 48 units, including IAT 265 and IAT 267."
iat 373,spring,2021,IAT 272 (or WKTM 200).
iat 374,spring,2021,Prerequisite: IAT 373 (or WKTM 300).
iat 375,spring,2021,IAT 374 (or WKTM 400).
iat 386,spring,2021,"Completion of 45 units, and permission of the instructor and of the School is required. No more than 6 units of Directed Studies may be taken."
iat 387,spring,2021,"Completion of 45 units, and permission of the School and the instructor is required. No more than 6 units of Directed Studies may be taken."
iat 431,spring,2021,Completion of 60 units.
iat 432,spring,2021,IAT 334 and completion of 60 units. Recommended: IAT 201 and 235.
iat 437,spring,2021,Completion of 60 units and IAT 336.
iat 438,spring,2021,"Completion of 60 units, including IAT 233, 235 and 267."
iat 443,spring,2021,"Completion of 60 units, including IAT 344."
iat 445,spring,2021,"Completion of 60 units, including IAT 343."
iat 452,spring,2021,"Completion of 60 units, including IAT 351."
iat 455,spring,2021,"Completion of 60 units, including IAT 265 and MACM 101. Recommended: MATH 151 or equivalent."
iat 486,spring,2021,"Completion of 69 units, and permission of the instructor and School are required. No more than 6 units of Directed Studies may be taken."
iat 487,spring,2021,"Completion of 69 units, and permission of the instructor and School are required. No more than 6 units of Directed Studies may be taken."
iat 488,spring,2021,"Completion of 69 units. No more than six units of Directed Studies may be taken, and permission of the instructor and school are required."
iat 499,spring,2021,"Completion of 90 credits (ensuring a 4th year equivalent student), including 18 upper division IAT units plus IAT 309W. Enrollment is competitive- each term we will enroll a maximum of 20 students or team based on the strongest student project ideas and CGPA."
iat 801,spring,2021,
iat 802,spring,2021,Graduate student status.
iat 803,spring,2021,SIAT Graduate Student.
iat 805,spring,2021,Enrollment in the SIAT graduate program.
iat 814,spring,2021,
iat 848,spring,2021,IAT 806 and one of IAT 801 or 802 or 803 or 834 or permission of the instructor.
iat 871,spring,2021,
iat 883,spring,2021,
iat 884,spring,2021,
iat 890,spring,2021,Enrollment in SIAT PhD Program and completion of Annotated Bibliography.
iat 897,spring,2021,
iat 898,spring,2021,
iat 899,spring,2021,
indg 101,spring,2021,
indg 110w,spring,2021,
indg 201w,spring,2021,
indg 222,spring,2021,Vary according to topic. Consult course outline on prerequisite(s) of each topic offering.
indg 326,spring,2021,45 units including INDG (or FNST) 101 or 201W.
indg 327,spring,2021,45 units.
indg 332,spring,2021,INDG (or FNST) 101.
indg 333,spring,2021,Either INDG (or FNST) 101 or 201W and INDG (or FNST) 232.
indg 363,spring,2021,45 units and permission of instructor; no previous artistic training and/or experience are required.
indg 402w,spring,2021,60 units and one of INDG (or FNST) 101 or INDG (or FNST) 201W.
indg 403,spring,2021,INDG (or FNST) 101 or INDG (or FNST) 201W.
indg 429,spring,2021,"INDG (or FNST) 101 or 201W, or CRIM 101, or permission of instructor."
indg 442,spring,2021,15 units in Indigenous (or First Nations) Studies. Corequisite: Permission of an instructor and department.
indg 447,spring,2021,15 units of INDG (or FNST) courses; permission of an instructor and department approval. Corequisite: varies depending on topic.
inlg 130,spring,2021,Students in the Indigenous Studies program should complete INLG 133 before INLG 130.
inlg 133,spring,2021,
inlg 134,spring,2021,INLG (or FNLG) 133.
inlg 158,spring,2021,
inlg 200,spring,2021,
inlg 233,spring,2021,INLG (or FNLG) 134.
inlg 234,spring,2021,INLG (or FNLG) 233.
inlg 258,spring,2021,
inlg 300,spring,2021,"Completion of Certificate in Indigenous Language Proficiency offered in the same language as INLG (or FNLG) 300, including INLG (or FNLG) 200 or LING 220; or with permission of instructor."
inlg 333,spring,2021,Completion of Certificate in Indigenous Language Proficiency; or with permission of instructor.
inlg 334,spring,2021,Completion of Certificate in Indigenous Language Proficiency including INLG (or FNLG) 333 (or as corequisite); or permission of instructor.
inlg 335,spring,2021,"INLG (or FNLG) 130, INLG (or FNLG) 133, INLG (or FNLG) 233 or permission of instructor. Recommended: LING 360."
inlg 358,spring,2021,Completion of Certificate in Indigenous Language Proficiency including INLG (or FNLG) 258; or permission of instructor.
inlg 433,spring,2021,INLG (or FNLG) 332 or permission of course supervisor.
inlg 434,spring,2021,INLG (or FNLG) 433 or permission of course supervisor. Recommended: LING 431 and 432.
inlg 435,spring,2021,"LING 220, INLG (or FNLG) 332 or permission of instructor. Recommended: LING 360, 431 and 432."
ins 890,spring,2021,Permission of the department.
ins 891,spring,2021,
ins 892,spring,2021,
ins 893,spring,2021,
ins 894,spring,2021,
ins 895,spring,2021,
ins 896,spring,2021,
ins 897,spring,2021,
ins 898,spring,2021,
ins 899,spring,2021,
is 101,spring,2021,
is 105,spring,2021,
is 200,spring,2021,
is 210,spring,2021,
is 220,spring,2021,
is 221,spring,2021,
is 300,spring,2021,IS 101 and 45 units.
is 304,spring,2021,45 units. Recommended: IS 200 and HIST 335.
is 307,spring,2021,45 units.
is 309,spring,2021,45 units.
is 314,spring,2021,45 units.
is 319,spring,2021,45 units.
is 329,spring,2021,45 units.
is 350w,spring,2021,60 units. International Studies major or honours students.
is 355,spring,2021,45 units.
is 358,spring,2021,45 units.
is 409,spring,2021,45 units.
is 428,spring,2021,By application to the undergraduate chair. May only be taken once for credit towards a degree or diploma.
is 451,spring,2021,90 units. International Studies major or honours students.
is 490,spring,2021,Admission is by permission of the instructor and the School.
is 499,spring,2021,Minimum grade of B+ in IS 490.
is 806,spring,2021,
is 808,spring,2021,
is 820,spring,2021,
is 830,spring,2021,Acceptance into the MA in International Studies Program. Undergraduate course work in methods is highly recommended.
is 880,spring,2021,Enrollment in the MA in International Studies program.
is 886,spring,2021,Enrollment in the MA in International Studies program.
is 898,spring,2021,Enrollment in the MA in International Studies program.
ital 100,spring,2021,
ital 101,spring,2021,ITAL 100.
ital 200,spring,2021,ITAL 101.
ital 300,spring,2021,ITAL 201 or permission of Instructor.
japn 100,spring,2021,
japn 101,spring,2021,JAPN 100 or equivalent.
japn 200,spring,2021,JAPN 101 or equivalent.
japn 201,spring,2021,JAPN 200 or equivalent.
japn 300,spring,2021,JAPN 201 or by permission of the department
lbrl 750,spring,2021,
lbrl 751,spring,2021,
lbrl 752,spring,2021,
lbst 101,spring,2021,
lbst 201,spring,2021,Strongly Recommended: LBST 101.
lbst 230,spring,2021,Strongly Recommended: LBST 101.
lbst 301w,spring,2021,LBST 101 or on permission of instructor.
lbst 306,spring,2021,Strongly Recommended: LBST 101.
lbst 307,spring,2021,Strongly Recommended: LBST 101.
lbst 309,spring,2021,Strongly Recommended: LBST 101 and at least one other Labour Studies course.
lbst 311,spring,2021,30 units. Strongly Recommended: LBST 101.
lbst 328,spring,2021,60 units; LBST 101 or GEOG 221.
lbst 330,spring,2021,Strongly Recommended: LBST 101 and/or 301.
lbst 431,spring,2021,Will vary according to topic. LBST 101 is strongly recommended for all upper division LBST courses.
ling 100,spring,2021,
ling 111,spring,2021,
ling 160,spring,2021,
ling 200,spring,2021,
ling 220,spring,2021,
ling 250,spring,2021,
ling 282w,spring,2021,LING 220.
ling 290,spring,2021,
ling 301w,spring,2021,LING 282W; or LING 222 and any lower division W course.
ling 309w,spring,2021,LING 282W. Recommended: LING 160 or LING 260.
ling 321,spring,2021,LING 282W; or LING 221 and any lower division W course.
ling 322,spring,2021,LING 282W; or LING 222 and any lower division W course.
ling 324,spring,2021,LING 282W; or LING 222 and any lower division W course.
ling 330,spring,2021,LING 282W; or LING 221 and any lower division W course.
ling 360,spring,2021,LING 282W.
ling 363,spring,2021,"LING 360, 362."
ling 411,spring,2021,"LING 321 or 330, and 9 additional units of upper division Linguistics."
ling 431,spring,2021,LING 282W; or LING 221 and 222.
ling 480,spring,2021,Requirements will vary according to the topic offered.
ling 481,spring,2021,Requirements will vary according to the topic offered.
ling 491,spring,2021,"LING 220, 60 units, and permission of the Undergraduate Committee Chair."
ling 800,spring,2021,
ling 811,spring,2021,
ling 832,spring,2021,
ling 833,spring,2021,
ling 851,spring,2021,
ling 891,spring,2021,
ling 893,spring,2021,
ling 895,spring,2021,All PhD coursework in Linguistics.
ling 898,spring,2021,
ling 899,spring,2021,
ls 801,spring,2021,
ls 811,spring,2021,
ls 819,spring,2021,
ls 829,spring,2021,
ls 898,spring,2021,
ls 991,spring,2021,
ls 998,spring,2021,
ls 999,spring,2021,
macm 101,spring,2021,"BC Math 12 (or equivalent), or any of MATH 100, 150, 151, 154, 157."
macm 201,spring,2021,MACM 101 or (ENSC 251 and one of MATH 232 or MATH 240).
macm 316,spring,2021,"MATH 152 or 155 or 158, and MATH 232 or 240, and computing experience."
macm 401,spring,2021,CMPT 307 or MATH 332 or MATH 340.
math 100,spring,2021,"Pre-Calculus 11 or Foundations of Mathematics 11 (or equivalent)
with a grade of at least B or Pre-Calculus 12 (or equivalent), with a grade of at least C and SFU FAN credit, or SFU FAN X99 course with a grade of at least B-, or achieving a satisfactory grade on the
Simon Fraser University Quantitative Placement Test. Students with
credit for MATH 150 or 151 or 154 or 157 may not take MATH 100
for further credit. MATH 100 may not be counted towards the
mathematics minor, major or honours degree requirements."
math 130,spring,2021,"Pre-Calculus 12 or Foundations of
Mathematics 12 (or equivalent) with a
grade of at least B, or MATH 100 with a grade of at least C."
math 150,spring,2021,"Pre-Calculus 12 (or equivalent) with a grade of at least B+, or MATH 100 with a grade of at least B-, or achieving a
satisfactory grade on the Simon Fraser University Calculus
Readiness Test. Students with credit for either MATH 151,
154 or 157 may not take MATH 150 for further credit."
math 152,spring,2021,MATH 150 or 151; or MATH 154 or 157 with a grade of at least B.
math 154,spring,2021,"Pre-Calculus 12 (or equivalent) with a grade of at least B, or MATH 100 with a grade of at least C, or achieving a
satisfactory grade on the Simon Fraser University Calculus
Readiness Test. Students with credit for either MATH 150,
151 or 157 may not take MATH 154 for further credit."
math 155,spring,2021,"MATH 150, 151 or 154; or MATH 157 with a grade of at least B."
math 157,spring,2021,"Pre-Calculus 12 (or equivalent) with a grade of at least B, or MATH 100 with a grade of at least C, or achieving a
satisfactory grade on the Simon Fraser University Calculus
Readiness Test."
math 158,spring,2021,MATH 150 or 151 or 154 or 157.
math 190,spring,2021,"Pre-Calculus 11 or Foundations of Mathematics 11 (or equivalent)
with a grade of at least B, or SFU FAN X99 course with a grade of at least C, or achieving a satisfactory grade on the Simon Fraser University Quantitative Placement Test. This course may not be counted toward the Mathematics minor, major or honours degree requirements. Students who have taken, have received transfer credit for, or are currently taking MATH 150, 151, 154 or 157 may not take MATH 190 for credit without permission from the Department of Mathematics. Intended to be particularly accessible to students who are not specializing in mathematics."
math 208w,spring,2021,MATH 150 or 151 or 154 or 157.
math 232,spring,2021,"MATH 150 or 151; or MACM 101; or MATH 154 or 157, both with a grade of at least B."
math 240,spring,2021,"MATH 150 or 151; or MACM 101; or MATH 154 or 157, both with a grade of at least B."
math 242,spring,2021,MATH 152; or MATH 155 or 158 with a grade of B.
math 251,spring,2021,MATH 152; or MATH 155 or MATH 158 with a grade of at least B. Recommended: It is recommended that MATH 240 or 232 be taken before or concurrently with MATH 251.
math 252,spring,2021,"MATH 240 or 232, and 251. MATH 240 or 232 may be taken concurrently."
math 260,spring,2021,"MATH 152; or MATH 155/158 with a grade of at least B, MATH 232 or 240."
math 304,spring,2021,"MATH 152 or 155 or 158, and MATH 232 or 240. There may be additional prerequisites depending on the specific course topic."
math 308,spring,2021,"MATH 150, 151, 154, or 157 and MATH 240 or 232."
math 309,spring,2021,"MATH 232 or 240, and 251."
math 314,spring,2021,"MATH 260 or MATH 310; and one of MATH 251 with a grade of B+, or one of MATH 252 or 254."
math 320,spring,2021,MATH 242 and 251.
math 336,spring,2021,"Students must apply to and receive permission from the co-op co-ordinator at least one, preferably two, terms in advance. They will normally be required to have completed 45 units with a GPA of 2.5. This course will be graded on a pass/withdraw basis. A course fee is required."
math 337,spring,2021,MATH 336 and permission of the co-op co-ordinator; students must apply at least one term in advance.
math 341,spring,2021,MATH 340 or 342 or 332.
math 381w,spring,2021,Six units of mathematics at the 200 division or higher.
math 402w,spring,2021,MATH 308 and STAT 285.
math 436,spring,2021,MATH 337 and permission of the co-op co-ordinator; students must apply at least one term in advance.
math 437,spring,2021,MATH 436 and permission of the co-op co-ordinator; students must apply at least one term in advance.
math 440,spring,2021,MATH 340 or 332.
math 445,spring,2021,MATH 345.
math 467,spring,2021,MATH 310.
math 486,spring,2021,MATH 437 and permission of the co-op co-ordinator. Students must apply at least one term in advance.
math 701,spring,2021,
math 740,spring,2021,
math 745,spring,2021,
math 767,spring,2021,
math 801,spring,2021,
math 841,spring,2021,
math 843,spring,2021,
math 877,spring,2021,
math 879,spring,2021,
math 880,spring,2021,
math 890,spring,2021,
math 891,spring,2021,
math 894,spring,2021,
math 895,spring,2021,
math 898,spring,2021,
math 899,spring,2021,
mbb 151,spring,2021,Acceptance in the Science Co-operative Education Program.
mbb 222,spring,2021,or Corequisite CHEM 281.
mbb 231,spring,2021,"MBB 222, BISC 101, CHEM 281 with grades of C- or better. Corequisite or Prerequisite: CHEM 282 or CHEM 283."
mbb 243,spring,2021,MBB 222 and MATH 152 or MATH 155. STAT 201 (or an equivalent statistics course) or STAT 270 is recommended.
mbb 251,spring,2021,Acceptance in the Science Co-operative Education Program.
mbb 308,spring,2021,or corequisite: MBB 331 with a minimum grade of C-.
mbb 309w,spring,2021,"MBB 231, with a minimum grade of C. Recommended: CHEM 215 and CHEM 286 precede MBB 309W."
mbb 321,spring,2021,"MBB 231, with a minimum grade of C."
mbb 322,spring,2021,"MBB 231, with a minimum grade of C."
mbb 323,spring,2021,"MATH 152 (or 155), PHYS 121 (or 102, or 126, or 141), CHEM 122 (or 102), MBB 222 with a minimum grade of C."
mbb 324,spring,2021,MBB 222 with a minimum grade of C.
mbb 326,spring,2021,MBB 231 with a minimum grade of C.
mbb 331,spring,2021,"MBB 231, and BISC 202, with a minimum grade of C."
mbb 342,spring,2021,"MBB 231, BISC 202 and either MBB 243 or 3 units of CMPT or equivalent, all with a minimum grade of C. Recommended: STAT 201 (or an equivalent statistics course) or STAT 270."
mbb 351,spring,2021,Acceptance in the Science Co-operative Education Program.
mbb 427,spring,2021,"One of MBB 326, HSCI 326, MBB 426 or HSCI 426, with a minimum grade of C, or permission of the instructor."
mbb 428,spring,2021,MBB 322 with a minimum grade of C.
mbb 433,spring,2021,"MBB 331 or BISC 333, with a minimum grade of C."
mbb 438,spring,2021,"MBB 331, with a minimum grade of C."
mbb 441,spring,2021,"MBB 331 and MBB 342, with a minimum grade of C."
mbb 446,spring,2021,"MBB 322 and 331, with a minimum grade of C, or permission of the instructor."
mbb 451,spring,2021,Acceptance in the Science Co-operative Education Program.
mbb 452,spring,2021,Acceptance in the Science Co-operative Education Program.
mbb 462,spring,2021,"MBB 331 and MBB 342, with a minimum grade of C."
mbb 471,spring,2021,Permission of the instructor.
mbb 481,spring,2021,"MBB 308, MBB 309W and MBB 331, enrollment in the MBB or Biological Physics Honours Program, a minimum 3.0 CGPA and 3.0 UDGPA and permission of the MBB department. Corequisite: MBB 482 and MBB 483."
mbb 482,spring,2021,"MBB 308, MBB 309W and MBB 331, enrollment in the MBB or Biological Physics Honours Program, a minimum 3.0 CGPA and 3.0 UDGPA and permission of the MBB department. Corequisite: MBB 481 and MBB 483."
mbb 483,spring,2021,"MBB 308, MBB 309W and MBB 331, enrollment in the MBB or Biological Physics Honours Program, a minimum 3.0 CGPA and 3.0 UDGPA and permission of the MBB department. Corequisite: MBB 481 and MBB 482."
mbb 490,spring,2021,"MBB 231, with a minimum grade of C, and permission of the molecular biology and biochemistry department. Usually, upper level standing with at least 60 units in a Biochemistry major, minor or honours program will be required."
mbb 491,spring,2021,"MBB 308 or MBB 309W and permission of the MBB department. Upper level standing in an MBB major, minor or honours program is required."
mbb 492,spring,2021,"MBB 491, MBB 308, MBB 309W and MBB 331, enrollment in the MBB honours program, a minimum 3.0 CGPA and 3.0 UDGPA and permission of the department."
mbb 496,spring,2021,"75 units and upper division standing in MBB-BUS or MBB-CS Joint Honours program, and MBB 308 or 309W with a minimum grade of C."
mbb 498,spring,2021,"MBB 308 or 309W; Students may not take MBB 498 concurrently with MBB 481, 482, 483, 491 or 492 or BISC 490, 491, 492W, 498 or 499."
mbb 505,spring,2021,MBB 741 or equivalent bioinformatics course (undergraduate or graduate).
mbb 727,spring,2021,MBB 426 or HSCI 426 or permission of the instructor.
mbb 728,spring,2021,
mbb 738,spring,2021,MBB 331 (or BISC 331) or equivalent.
mbb 741,spring,2021,MBB 331 and MBB 342 or permission of the instructor.
mbb 746,spring,2021,
mbb 762,spring,2021,
mbb 806,spring,2021,Permission of the student's supervisory committee.
mbb 839,spring,2021,
mbb 861,spring,2021,BISC 331/MBB 331 or equivalent.
mbb 871,spring,2021,
mbb 872,spring,2021,
mbb 873,spring,2021,
mbb 898,spring,2021,
mbb 899,spring,2021,
mse 101w,spring,2021,
mse 102,spring,2021,
mse 110,spring,2021,
mse 193,spring,2021,
mse 210,spring,2021,PHYS 141 or equivalent. MATH 150 or MATH 151.
mse 211,spring,2021,"MATH 152 or equivalent, and MATH 232 or equivalent."
mse 222,spring,2021,"PHYS 140, MATH 152, and (MATH 260 or MATH 310)."
mse 223,spring,2021,"PHYS 140, MATH 251, and (MATH 260 or MATH 310)."
mse 251,spring,2021,MSE 250 or ENSC 220 or SEE 230.
mse 280,spring,2021,MSE 250 (or ENSC 220) and (MATH 260 or MATH 310).
mse 293,spring,2021,
mse 294,spring,2021,
mse 393,spring,2021,MSE 293 or 294.
mse 394,spring,2021,"MSE 293 or 294 and approval of
internship co-ordinator required."
mse 402,spring,2021,"100 units including one of MSE 102, ENSC 100, ENSC 106, or CMPT 106."
mse 403,spring,2021,
mse 410,spring,2021,Completion of at least 24 units from the upper division list of MSE curriculum courses and completion of two co-op terms (MSE 293 or MSE 294 and MSE 393 or MSE 394). Must not be taken concurrently with MSE 493 or MSE 494.
mse 421,spring,2021,"MSE 222 (or ENSC 282), MSE 380 and a minimum of 80 units."
mse 426,spring,2021,"Math 232, MATH 251, MSE 320 or ENSC 382 and a minimum of 80 credits."
mse 483,spring,2021,MSE 381 or ENSC 383 and a minimum of 80 credits.
mse 486,spring,2021,A minimum of 100 units and permission of the chair of the undergraduate curriculum committee.
mse 487,spring,2021,A minimum of 100 units and permission of the chair of the undergraduate curriculum committee.
mse 489,spring,2021,A minimum of 100 units and permission of the chair of the undergraduate curriculum committee.
mse 490,spring,2021,"To be determined by the instructor subject to approval by the department
chair."
mse 491,spring,2021,"To be determined by instructor subject to approval by the department
chair."
mse 493,spring,2021,MSE 393 or 394 and a minimum of 75 units.
mse 494,spring,2021,"MSE 393 or 394, a minimum of 75 units and approval of internship co-ordinator required."
mse 495,spring,2021,"Permission of the undergraduate
curriculum committee chair."
mse 496,spring,2021,"Permission of the undergraduate
curriculum committee chair."
mse 497,spring,2021,"Permission of the undergraduate
curriculum committee chair."
mse 498,spring,2021,At least 115 units or permission of the academic supervisor.
mse 499,spring,2021,MSE 498.
mse 721,spring,2021,
mse 726,spring,2021,
mse 782,spring,2021,Recommended: MSE 381 or equivalent.
mse 795,spring,2021,12 units of MSE course work at the 700-level or higher with a minimum SFU CGPA of 3.0. Approval of supervisor and a GPC representative is required prior to applying for and accepting an internship.
mse 890,spring,2021,PhD Students in the School of Mechatronic Systems Engineering (MSE).
mse 891,spring,2021,
mse 892,spring,2021,
mse 893,spring,2021,
mse 894,spring,2021,
mse 895,spring,2021,
mse 898,spring,2021,
mse 899,spring,2021,MSE 890.
neur 802,spring,2021,Enrollment in translational and integrative neuroscience graduate specialization or permission from lead workshop organizer.
nusc 342,spring,2021,"NUSC 341, with a minimum grade of C-, or permission of the Department. Recommended: MATH 251."
nusc 482,spring,2021,Permission of the Department.
onc 510,spring,2021,Enrollment in a participating graduate program. No specific courses are prerequisites.
onc 548,spring,2021,Enrollment in a participating graduate program. No specific courses are prerequisites. Permission from instructor required.
phil 100w,spring,2021,
phil 105,spring,2021,
phil 110,spring,2021,
phil 120w,spring,2021,
phil 201,spring,2021,"One of PHIL 100W (or equivalent), 120W (or equivalent), 121, 144, 150, 151, or COGS 100."
phil 203,spring,2021,"One of PHIL 100W (or equivalent), 120W (or equivalent), 121, 144, 150, 151, or COGS 100."
phil 221,spring,2021,"One of: PHIL 100W (or equivalent), PHIL 120W (or equivalent), PHIL 121, PHIL 144, PHIL 150 or PHIL 151."
phil 300,spring,2021,At least 60 units.
phil 310,spring,2021,"One of PHIL 110, 210, 314, 315, or MACM 101; or a minimum of 12 units in MATH."
phil 315,spring,2021,"One of: PHIL 110, 210, 310, 314, MACM 101, BUEC 232 or STAT 270."
phil 320,spring,2021,"One of PHIL 120W (or equivalent), 121, 220, 221 or ENV 320W."
phil 322,spring,2021,"One of PHIL 120W (or equivalent), 121, 150, 151, 220 or 221."
phil 326,spring,2021,"One of PHIL 120W (or equivalent), 121, 220, 221, ENV 320W, or with permission of instructor."
phil 329,spring,2021,"One of PHIL 120W (or equivalent), 121, 220, 221, ENV 320W, or with permission of instructor."
phil 331,spring,2021,As stated by department at time of offering.
phil 341,spring,2021,Either one of: PHIL 201 or 203; or both of PHIL 100W (or equivalent) and COGS 200.
phil 345w,spring,2021,"One of PHIL 110, 210, 314, 315 or MACM 101; and one of PHIL 100W, 201 or 203."
phil 421w,spring,2021,"two 300 level PHIL courses; it is strongly recommended that
students have taken some prior course in moral theory."
phil 451w,spring,2021,two 300 level PHIL courses.
phil 455w,spring,2021,Two 300 division PHIL courses.
phil 477,spring,2021,
phil 478,spring,2021,PHIL 478 is a requisite for all honours students. It must be taken concurrently with or consecutively to PHIL 477.
phil 803,spring,2021,
phil 822,spring,2021,
phil 823,spring,2021,
phil 854,spring,2021,
phil 898,spring,2021,
phil 899,spring,2021,
phys 100,spring,2021,BC Pre-Calculus 12 (or equivalent) or MATH 100. BC Physics 11 (or equivalent) is recommended.
phys 101,spring,2021,"BC Principles of Physics 12 or PHYS 100 or equivalent, with a minimum grade of C-. This prerequisite may be waived, at the discretion of the department, as determined by the student's performance on a regularly scheduled PHYS 100 final exam. Please consult the physics advisor for further details. Corequisite: MATH 150 or 151 or 154 or 157; BISC 100 or 101 or 102. Recommended Corequisite: PHYS 132."
phys 102,spring,2021,"PHYS 101 or 120 or 125 or 140; MATH 150 or 151 or 154 or 157; both with a minimum grade of C-. Corequisite: BISC 100 or 101 or 102. Recommended Corequisites: MATH 152, 155 or 158; PHYS 133."
phys 120,spring,2021,"BC Principles of Physics 12 or PHYS 100 or equivalent, with a minimum grade of C-. This prerequisite may be waived, at the discretion of the department, as determined by the student's performance on a regularly scheduled PHYS 100 final exam. Please consult the physics advisor for further details. Corequisite: MATH 150 or 151 or 154. Recommended Corequisite: PHYS 132."
phys 121,spring,2021,"PHYS 120 or 125 or 140, with a minimum grade of C-, or PHYS 101 with a minimum grade of B. Corequisite: MATH 152 or 155. Recommended Corequisite: PHYS 133."
phys 126,spring,2021,PHYS 125 or permission of the department. Corequisite: MATH 152. Recommended Corequisite: PHYS 133.
phys 132,spring,2021,
phys 133,spring,2021,"PHYS 132 or 140 or ENSC 120 (no substitutions), with a minimum grade of C-. Corequisite: PHYS 102 or 121 or 126."
phys 190,spring,2021,
phys 201,spring,2021,"PHYS 121 or PHYS 126 or PHYS 141, with a minimum grade of C-, or PHYS 102 with a minimum grade of B."
phys 211,spring,2021,MATH 251; MATH 232 or MATH 240; PHYS 255 or ENSC 380. All prerequisite courses require a minimum grade of C-. Recommended Corequisite: MATH 260 or MATH 310.
phys 234,spring,2021,"PHYS 233 and PHYS 255, with a minimum grade of C-."
phys 285,spring,2021,"Either MATH 232 or MATH 240, with a minimum grade of C-."
phys 321,spring,2021,"PHYS 121 or PHYS 126 or PHYS 141 (or PHYS 102 with a minimum grade of B); MATH 252 or MATH 254; MATH 260 or MATH 310. All prerequisite courses require a minimum grade of C-, unless specified."
phys 332w,spring,2021,"PHYS 233; PHYS 285 or CHEM 260, both with a minimum grade of C-."
phys 335,spring,2021,"Completion of 30 units, with a minimum GPA of 2.75 in the physics program. Students should apply to the department at least one term in advance."
phys 336,spring,2021,PHYS 335 followed by 12 units. A minimum cumulative GPA of 2.75. Students should apply to the department at least one term in advance.
phys 365,spring,2021,
phys 391,spring,2021,PHYS 233 or equivalent. Recommended Prerequisite: CMPT 120 or equivalent.
phys 395,spring,2021,MATH 260 or MATH 310; PHYS 255; CMPT 120 or equivalent. All prerequisite courses require a minimum grade of C-.
phys 415,spring,2021,PHYS 385; PHYS 384 or both MATH 314 and MATH 419; all with a minimum grade of C-.
phys 416,spring,2021,"PHYS 385; PHYS 384 or both MATH 314 and MATH 419, or equivalent. All prerequisite courses require a minimum grade of C-."
phys 432,spring,2021,All students interested in taking this course must consult with their faculty supervisor regarding prerequisites.
phys 435,spring,2021,PHYS 336 and 60 units with a minimum cumulative GPA of 2.75.
phys 436,spring,2021,PHYS 435 followed by 12 units. A minimum cumulative GPA of 2.75.
phys 437,spring,2021,PHYS 436 and a minimum cumulative GPA of 2.75. Students should apply to the department at least one term in advance.
phys 445,spring,2021,"PHYS 344 or CHEM 360, with a minimum grade of C-. Recommended: PHYS 385."
phys 485,spring,2021,"PHYS 385 or CHEM 364, with a minimum grade of C- or permission of the department."
phys 801,spring,2021,
phys 816,spring,2021,"Recommended Prerequisite: PHYS 385 and either PHYS 384 or MATH 314 and 419, or equivalent, with a minimum grade of C-."
phys 841,spring,2021,PHYS 445 or equivalent.
phys 871,spring,2021,Recommended Corequisite: PHYS 812.
phys 881,spring,2021,
phys 882,spring,2021,
phys 898,spring,2021,
phys 899,spring,2021,
plan 400,spring,2021,PLAN 200 and 60 units.
plcy 802,spring,2021,
plcy 804,spring,2021,
plcy 806,spring,2021,
plcy 807,spring,2021,"PLCY 800 or MPP 800, or permission of the instructor."
plcy 809,spring,2021,
plcy 821,spring,2021,
plcy 823,spring,2021,
plcy 825,spring,2021,
plcy 829,spring,2021,"PLCY 801 and PLCY 802 or, MPP 801 and MPP 802, or equivalent."
plcy 835,spring,2021,"PLCY 802, PLCY 804, PLCY 806, PLCY 807 and approval of the department."
plcy 850,spring,2021,
pol 100,spring,2021,
pol 121,spring,2021,
pol 131,spring,2021,
pol 132,spring,2021,
pol 141,spring,2021,
pol 151,spring,2021,
pol 200w,spring,2021,
pol 201,spring,2021,
pol 210,spring,2021,POL 100 or 101W or permission of department.
pol 221,spring,2021,POL 100 or 101W or 151 or permission of department.
pol 222,spring,2021,POL 100 or 101W or 151 or permission of department.
pol 244,spring,2021,
pol 253,spring,2021,
pol 310,spring,2021,Six lower division units in political science or permission of the department.
pol 312,spring,2021,"POL 210 or equivalent, or permission of the department."
pol 315,spring,2021,POL 201 or permission of instructor.
pol 325,spring,2021,Six lower division units in political science or permission of the department.
pol 330,spring,2021,Six lower division units in political science or permission of the department.
pol 340,spring,2021,Six lower division units in Political Science or permission of the department.
pol 344,spring,2021,Six lower division units in political science or permission of the department.
pol 346,spring,2021,Six lower division units in political science or permission of the department.
pol 348,spring,2021,Six lower division units in political science or permission of the department.
pol 349,spring,2021,Six lower division units in Political Science or permission of the department.
pol 350,spring,2021,30 units.
pol 351,spring,2021,Six lower division units in political science or permission of the department.
pol 373,spring,2021,Six lower division units in Political Science or permission of the department.
pol 390,spring,2021,"One of POL 201, ECON 233, STAT 203 or equivalent."
pol 411,spring,2021,POL 210 or 312 or 313; or permission of the department.
pol 414,spring,2021,Eight upper division units in political science or permission of the department.
pol 446w,spring,2021,Eight upper division units in political science or permission of the department.
pol 449,spring,2021,Eight upper division units in Political Science or permission of the department .
pol 455,spring,2021,Eight upper division units in political science or permission of the department.
pol 472,spring,2021,Eight upper division units in political science or permission of the department.
pol 496,spring,2021,90 units. By application to the undergraduate chair.
pol 498,spring,2021,Permission of the department. Students may count only one readings course as credit towards their upper division political science requirements.
pol 499,spring,2021,Permission of the department (see regulations listed in the Department of Political Science section).
pol 802,spring,2021,
pol 803,spring,2021,
pol 814,spring,2021,
pol 827,spring,2021,
pol 837,spring,2021,
pol 842,spring,2021,
pol 845,spring,2021,
pol 846,spring,2021,
pol 890,spring,2021,
pol 891,spring,2021,
pol 892,spring,2021,
pol 893,spring,2021,
pol 894,spring,2021,
pol 896,spring,2021,
pol 897,spring,2021,
pol 898,spring,2021,
pol 899,spring,2021,
psyc 100,spring,2021,
psyc 102,spring,2021,
psyc 201w,spring,2021,PSYC 100 or 102.
psyc 210,spring,2021,PSYC 201W and BC high school Math 12 with a minimum grade of C (2.0) or BC high school Math 11 with a minimum grade of B- (2.67) or any level MATH or STAT course with a C- (1.67) or FAN X99 taken at SFU with a minimum grade of C (2.00).
psyc 221,spring,2021,PSYC 100.
psyc 241,spring,2021,PSYC 102.
psyc 250,spring,2021,PSYC 102.
psyc 260,spring,2021,PSYC 102.
psyc 268,spring,2021,PSYC 102.
psyc 280,spring,2021,PSYC 100. Recommended: BISC 101.
psyc 300w,spring,2021,PSYC 201W.
psyc 301,spring,2021,PSYC 201 and 210 and a minimum CGPA of 2.67.
psyc 303,spring,2021,PSYC 201 and 221 (or 335).
psyc 308,spring,2021,PSYC 201.
psyc 325,spring,2021,PSYC 201W and PSYC 221 (or PSYC 280).
psyc 330,spring,2021,PSYC 201 and 221.
psyc 352,spring,2021,PSYC 201 and PSYC 250.
psyc 354,spring,2021,PSYC 201 and 250.
psyc 355,spring,2021,PSYC 201 and 250.
psyc 357,spring,2021,PSYC 201 and 250 or acceptance into the diploma program in gerontology.
psyc 362,spring,2021,PSYC 201 and 260.
psyc 363,spring,2021,PSYC 201 and 260.
psyc 365,spring,2021,PSYC 201.
psyc 366,spring,2021,PSYC 201 and PSYC 260.
psyc 370,spring,2021,PSYC 201.
psyc 381,spring,2021,PSYC 201 and 280.
psyc 383,spring,2021,PSYC 201 and 280.
psyc 391,spring,2021,PSYC 201. Other prerequisites vary by topic offering.
psyc 393,spring,2021,"PSYC 201, 60 units, a UDGPA of at least 2.5, and permission of the department. Tri-council ethics certificate."
psyc 402,spring,2021,"PSYC 201, 210, 308 (or 207), 60 units, and a CGPA of 3.0. Other prerequisites vary by topic offering."
psyc 411,spring,2021,"PSYC 201, 210, 301, 60 units, and a CGPA of 3.0. Recommended: PSYC 410."
psyc 441,spring,2021,"PSYC 201, 210, 241, and 60 units, and a CGPA of 3.0. Other prerequisites vary by topic offering."
psyc 450,spring,2021,"PSYC 201, 210, 250 and 60 units, and a CGPA of 3.0. Other prerequisites vary by topic offering."
psyc 459,spring,2021,A minimum grade of B in PSYC 457/KIN 457.
psyc 476,spring,2021,"PSYC 201, 210, 268, 60 units, and a CGPA of 3.0. Other prerequisites vary by topic offering."
psyc 493,spring,2021,"PSYC 201, 210, 60 units, a UDGPA of at least 3.0, and permission of the department."
psyc 494,spring,2021,"PSYC 201, 210, 60 units, a UDGPA of at least 3.0, and permission of the department."
psyc 495,spring,2021,"PSYC 201, 210, 60 units, a UDGPA of at least 3.0, and permission of the department."
psyc 499,spring,2021,PSYC 490.
psyc 715,spring,2021,
psyc 750,spring,2021,
psyc 770,spring,2021,
psyc 791,spring,2021,
psyc 809,spring,2021,"PSYC 820, 821, 822, 823, 824, or permission of the instructor."
psyc 819,spring,2021,Graduate program standing.
psyc 821a,spring,2021,Admission to the Clinical Psychology Graduate Program. Corequisite: Enrollment in PSYC 820A. Students must successfully complete a Criminal Record Check.
psyc 823,spring,2021,Admission to the Clinical Psychology Graduate Program.
psyc 824,spring,2021,Admission to the Masters or Doctoral program.
psyc 825,spring,2021,Admission to Clinical Psychology Graduate Program. Students must successfully complete a Criminal Record Check.
psyc 880,spring,2021,"PSYC 744, 770, 820, 821, 910, 911. Students must successfully complete a Criminal Record Check."
psyc 881,spring,2021,Admission to the doctoral clinical program. Students must successfully complete a Criminal Record Check.
psyc 882,spring,2021,Admission to the clinical program with a specialization in neuropsychology. Students must successfully complete a Criminal Record Check.
psyc 886,spring,2021,"Equivalent of the MA clinical program, three PhD level courses, successful completion of the PhD comprehensive examinations, and successful defense of the PhD research proposal. Students must successfully complete a Criminal Record Check."
psyc 890,spring,2021,"PSYC 790, 835 or 836. Students must successfully complete a Criminal Record Check."
psyc 892,spring,2021,PSYC 790. Students must successfully complete a Criminal Record Check.
psyc 895,spring,2021,
psyc 896,spring,2021,
psyc 897,spring,2021,PSYC 790.
psyc 898,spring,2021,
psyc 899,spring,2021,
psyc 911,spring,2021,
psyc 912,spring,2021,
psyc 913,spring,2021,
psyc 914,spring,2021,
psyc 916,spring,2021,
psyc 917,spring,2021,
psyc 918,spring,2021,
psyc 944,spring,2021,
psyc 990,spring,2021,PSYC 790.
psyc 991,spring,2021,
psyc 992,spring,2021,
psyc 993,spring,2021,
psyc 997,spring,2021,
psyc 998,spring,2021,Admission to the masters or doctoral program.
psyc 999,spring,2021,Admission to Clinical Psychology Graduate Program.
pub 101,spring,2021,
pub 201,spring,2021,PUB 101.
pub 210w,spring,2021,
pub 231,spring,2021,PUB 131 or equivalent. IAT 102 is recommended.
pub 332,spring,2021,PUB 231.
pub 350,spring,2021,60 units.
pub 355w,spring,2021,60 units.
pub 438,spring,2021,"PUB 231. IAT 102, CMNS 253, and CMNS 354 highly recommended."
pub 450,spring,2021,75 units.
pub 456,spring,2021,75 units.
pub 480,spring,2021,75 units.
pub 602,spring,2021,Admittance to the program.
pub 606,spring,2021,admittance to the program.
pub 607,spring,2021,admittance to the program.
pub 801,spring,2021,Admittance to the program.
pub 802,spring,2021,Admittance to the program.
pub 877,spring,2021,
pub 898,spring,2021,
pub 899,spring,2021,Admittance to the program.
rem 100,spring,2021,
rem 200,spring,2021,"One of REM 100, GEOG 100 or 111, or EVSC 100; and 30 units."
rem 211,spring,2021,
rem 221,spring,2021,"One of REM 100, or GEOG 100 or 111, or EVSC 100."
rem 281,spring,2021,30 units.
rem 311,spring,2021,REM 100 or EVSC 100; BISC 204 or GEOG 215 or REM 211; STAT 201 or STAT 203 or STAT 205 or GEOG 251 or equivalent. Recommended: REM 225.
rem 325,spring,2021,45 units. Recommended: REM 225 or STAT 201 or STAT 203 or STAT 205 or GEOG 251 or equivalent.
rem 350,spring,2021,45 units.
rem 375,spring,2021,45 units.
rem 381,spring,2021,45 units.
rem 406,spring,2021,REM 356 and 75 units.
rem 407,spring,2021,75 units or permission of instructor.
rem 446,spring,2021,REM 100 or 200 and 75 units.
rem 481,spring,2021,60 units and SD 281 or REM 281 or SD 201 or DEVS 201 or SCD 201 or REM 201.
rem 495,spring,2021,90 units or permission of instructor.
rem 602,spring,2021,Eight REM courses or permission of instructor.
rem 607,spring,2021,
rem 610,spring,2021,
rem 625,spring,2021,Permission of instructor.
rem 641,spring,2021,Enrollment in a REM graduate program or permission of the department.
rem 643,spring,2021,
rem 644,spring,2021,
rem 658,spring,2021,Permission of instructor.
rem 664,spring,2021,
rem 690,spring,2021,
rem 691,spring,2021,Students must have completed at least one term's courses and permission of REM's co-op co-ordinator.
rem 697,spring,2021,
rem 699,spring,2021,
rem 801,spring,2021,
rem 898,spring,2021,
rem 899,spring,2021,
sa 101,spring,2021,
sa 150,spring,2021,
sa 200w,spring,2021,
sa 201w,spring,2021,Recommended: SA 101.
sa 250,spring,2021,SA 150.
sa 255,spring,2021,SA 101 or 150.
sa 257,spring,2021,SA 101 or 150.
sa 301,spring,2021,SA 201W.
sa 302w,spring,2021,
sa 304,spring,2021,SA 101 or 150 or 201W.
sa 315,spring,2021,
sa 317,spring,2021,SA 101 or 150 or 201W.
sa 321,spring,2021,SA 101 or 150 or 201W.
sa 322,spring,2021,SA 101 or 150 or 201W.
sa 325,spring,2021,SA 101 or 150 or 201W.
sa 326,spring,2021,SA 101 or 150 or 201W.
sa 331,spring,2021,SA 101 or 150 or 201W.
sa 335,spring,2021,SA 101 or 150 or 201W.
sa 340,spring,2021,SA 101 or 150 or 201W.
sa 345,spring,2021,SA 101 or 150 or 201W.
sa 350,spring,2021,SA 250.
sa 351,spring,2021,SA 250.
sa 352,spring,2021,SA 101 or 201W.
sa 355,spring,2021,SA 255 and SA 257.
sa 356w,spring,2021,SA 255.
sa 359,spring,2021,SA 101 or 150 or 201W.
sa 360,spring,2021,SA 101 or 150 or 201W.
sa 375,spring,2021,SA 101 or SA 150 or SA 201W.
sa 388,spring,2021,SA 101 or 150 or 201W.
sa 420,spring,2021,"72 units including SA 101 or 150 or SA 201W, or acceptance into the diploma program in gerontology, or by consent of instructor."
sa 474,spring,2021,Minimum 72 units including SA 101 or SA 201W.
sa 496,spring,2021,Minimum of 72 units including SA 101 or 150 or 201W.
sa 497,spring,2021,Minimum of 72 units including SA 101 or 150 or 201W.
sa 499,spring,2021,"SA 495, permission from the SA department, and prior agreement from an SA faculty member who has agreed to supervise the honours essay."
sa 853,spring,2021,
sa 854,spring,2021,
sa 856,spring,2021,
sa 871,spring,2021,
sa 872,spring,2021,
sa 875,spring,2021,
sa 887,spring,2021,
sa 897,spring,2021,"All PhD course requirements, with the exception of SA 857 must be completed before student may enrol in SA 897."
sa 898,spring,2021,
sa 899,spring,2021,
sci 192,spring,2021,
sci 300,spring,2021,60 units.
sd 281,spring,2021,30 units.
sd 301,spring,2021,45 units or admission to the Post Baccalaureate Diploma in Sustainable Development.
sd 381,spring,2021,Completion of 45 units or admission to the Post Baccalaureate Diploma in Sustainable Development.
sd 481,spring,2021,60 units and SD 281 or REM 281 or SD 201 or DEVS 201 or SCD 201 or REM 201 or admission to the Post Baccalaureate Diploma in Sustainable Development.
sd 491,spring,2021,60 units and permission of the program director.
sd 494,spring,2021,Permission of the Director of the Sustainable Development Program.
sda 250,spring,2021,
sda 270,spring,2021,
see 111,spring,2021,SEE 110.
see 222,spring,2021,"PHYS 140, CHEM 121 or (CHEM 122 and CHEM 126)."
see 224,spring,2021,MATH 251.
see 225,spring,2021,"PHYS 140, MATH 251, (MATH 260 or MATH 310)."
see 231,spring,2021,SEE 230.
see 242,spring,2021,"MATH 152, MATH 232."
see 251,spring,2021,"SEE 230, SEE 221, (MATH 260 or MATH 310)."
see 290,spring,2021,
see 294,spring,2021,
see 390,spring,2021,SEE 290 or SEE 294.
see 394,spring,2021,SEE 290 or SEE 294.
see 490,spring,2021,SEE 390 or SEE 394.
see 494,spring,2021,SEE 390 or SEE 394.
see 820,spring,2021,
see 891,spring,2021,
see 893,spring,2021,
see 896,spring,2021,
see 897,spring,2021,
see 898,spring,2021,
see 899,spring,2021,SEE 890. Corequisite: SEE 897.
span 102,spring,2021,
span 103,spring,2021,"SPAN 102, grade 12 Spanish, or equivalent."
span 202,spring,2021,SPAN 201.
stat 100,spring,2021,
stat 201,spring,2021,Recommended: 30 units.
stat 203,spring,2021,"Recommended: 30 units including a research methods course such as SA 255, CRIM 220, POL 200, or equivalent."
stat 240,spring,2021,"One of STAT 201, STAT 203, STAT 205, STAT 270, or BUEC 232, and one of CMPT 102, CMPT 120, CMPT 125, CMPT 128, CMPT 129, CMPT 130, or permission of the instructor. STAT 260 is also recommended."
stat 270,spring,2021,or Corequisite: MATH 152 or 155 or 158. Students wishing an intuitive appreciation of a broad range of statistical strategies may wish to take STAT 100 first.
stat 285,spring,2021,"STAT 270 and one of MATH 152, MATH 155, or MATH 158."
stat 300w,spring,2021,Admission to the major or honours programs in statistics; STAT 350 or permission of the instructor; prior completion of a lower division W course.
stat 302,spring,2021,"One of STAT 201, STAT 203, STAT 205, STAT 270, or BUEC 232."
stat 305,spring,2021,"One of STAT 201, STAT 203, STAT 205, STAT 270, or BUEC 232."
stat 336,spring,2021,Students must apply and receive permission from the co-op co-ordinator at least one but preferably two terms in advance. They will normally be required to have completed 45 units with a GPA of 2.5 before they may take this practicum course.
stat 337,spring,2021,STAT 336 or Job Practicum I from another department. Students must apply and receive permission from the co-op co-ordinator at least one term in advance.
stat 360,spring,2021,"One of STAT 260 or STAT 341 and one of STAT 302, STAT 305, STAT 350, or ECON 333. CMPT 125 or CMPT 129 is also recommended. Corequisite: STAT 361."
stat 361,spring,2021,"One of STAT 260 or STAT 341 and one of STAT 302, STAT 305, STAT 350, or ECON 333. CMPT 125 or CMPT 129 is also recommended. Corequisite: STAT 360."
stat 380,spring,2021,"STAT 330, or all of: STAT 285, MATH 208W, and MATH 251."
stat 403,spring,2021,"STAT 302, 305 or 350 or BUEC 333."
stat 410,spring,2021,STAT 350.
stat 436,spring,2021,STAT 337 or Job Practicum II from another department. Students must apply and receive permission from the co-op co-ordinator at least one term in advance.
stat 437,spring,2021,STAT 436 or Job Practicum III from another department. Students must apply and receive permission from the co-op co-ordinator at least one term in advance.
stat 438,spring,2021,STAT 437 or Job Practicum IV from another department. Students must apply and receive permission from the co-op co-ordinator at least one term in advance.
stat 445,spring,2021,STAT 285 or STAT 302 or STAT 305 or BUEC 333 or equivalent.
stat 460,spring,2021,STAT 330 and 350.
stat 475,spring,2021,STAT 302 or STAT 305 or STAT 350 or BUEC 333 or equivalent.
stat 490,spring,2021,Dependent on the topic covered.
stat 603,spring,2021,A course in statistics.
stat 604,spring,2021,Any course in Statistics. Open only to students in departments other than Statistics and Actuarial Science.
stat 605,spring,2021,Any course in Statistics. Open only to students in departments other than Statistics and Actuarial Science.
stat 645,spring,2021,STAT 302 or STAT 305 or STAT 650 or BUEC 333 or permission of instructor. Open only to graduate students in departments other than Statistics & Actuarial Science.
stat 675,spring,2021,STAT 302 or STAT 305 or STAT 650 or BUEC 333 or permission of instructor. Open only to graduate students in departments other than Statistics & Actuarial Science.
stat 811,spring,2021,
stat 812,spring,2021,
stat 831,spring,2021,STAT 830 or permission from the instructor.
stat 843,spring,2021,STAT 830 or permission of the instructor.
stat 851,spring,2021,STAT 830 and STAT 850 or permission of instructor.
stat 854,spring,2021,STAT 450 or permission of the instructor.
stat 880,spring,2021,
stat 881,spring,2021,
stat 882,spring,2021,
stat 894,spring,2021,
stat 895,spring,2021,
stat 898,spring,2021,
stat 899,spring,2021,
tekx 101,spring,2021,
trss 711,spring,2021,
trss 721,spring,2021,
trss 798,spring,2021,Successful completion of 24 credit hours in TRSS program.
urb 602,spring,2021,
urb 620,spring,2021,
urb 630,spring,2021,
urb 635,spring,2021,
urb 645,spring,2021,
urb 665,spring,2021,
urb 670,spring,2021,
urb 675,spring,2021,
urb 693,spring,2021,
urb 694,spring,2021,
urb 697,spring,2021,"URB 696 with a grade of A- or higher. Students who receive a
B+ in URB 696 may register for URB 697 with permission of their senior supervisor."
urb 699,spring,2021,URB 697.
urb 701,spring,2021,Enrollment in the M.URB program with a CGPA of at least of 3.0.
urb 702,spring,2021,Cooperative Education Practicum I and a CGPA of at least 3.0.
wl 100,spring,2021,
wl 101w,spring,2021,
wl 103w,spring,2021,
wl 104w,spring,2021,
wl 204,spring,2021,
wl 300,spring,2021,"45 units, including WL 200."
wl 304,spring,2021,45 units.
wl 309,spring,2021,45 units.
wl 340,spring,2021,Admission is by permission of the Instructor and Director.
wl 404w,spring,2021,"60 units including two 300 level courses in World Literature, English, or Humanities."
wl 480,spring,2021,Lower division and language requirements for the World Literature major plus 12 units of upper division requirements including WL 300. Open only to students who have been accepted into the World Literature honours program. Admission is by permission of the Instructor and the Department.
