course,section,term,year,prereq_text,prereq_codes,prereq_unparseable,schedule,instructors,units
ALS 601,G100,fall,2026,,,False,[],Margaret Hall,4.0
ALS 602,G100,fall,2026,,,False,[],,3.0
ALS 611,G100,fall,2026,,,False,[],,3.0
ALS 630,G100,fall,2026,,,False,[],Graeme Bowbrick,6.0
ALS 631,G100,fall,2026,,,False,"[{'days': 'We', 'startTime': '9:00', 'endTime': '15:50', 'campus': None}]",Margaret Hall,3.0
APMA 920,G100,fall,2026,,,False,"[{'days': 'Tu, Th', 'startTime': '14:30', 'endTime': '16:20', 'campus': 'Burnaby'}]",Manfred Trummer,4.0
APMA 940,G100,fall,2026,,,False,"[{'days': 'We, Fr', 'startTime': '10:30', 'endTime': '12:20', 'campus': 'Burnaby'}]",Paul Tupper,4.0
APMA 995,G100,fall,2026,Applied Mathematics PhD stream students only. Must be completed within first six terms of the program.,,False,[],,
ARCH 100,OL01,fall,2026,,,False,[],Gregory Morrissey,3.0
ARCH 101,D100,fall,2026,,,False,"[{'days': 'Mo', 'startTime': '14:30', 'endTime': '17:20', 'campus': 'Burnaby'}]",Brea McCauley,3.0
ARCH 101,OL01,fall,2026,,,False,[],Gregory Morrissey,3.0
ARCH 131,D100,fall,2026,,,False,"[{'days': 'We', 'startTime': '14:30', 'endTime': '17:20', 'campus': 'Burnaby'}]",Dennis Sandgathe,3.0
ARCH 131,OL01,fall,2026,,,False,[],Dennis Sandgathe,3.0
ARCH 200,D100,fall,2026,30 units.,,False,"[{'days': 'Tu', 'startTime': '10:30', 'endTime': '12:20', 'campus': 'Burnaby'}, {'days': 'Fr', 'startTime': '10:30', 'endTime': '11:20', 'campus': 'Burnaby'}]",Sabrina Higgins,3.0
ARCH 226,OL01,fall,2026,,,False,[],Brea McCauley,3.0
ARCH 271,D100,fall,2026,ARCH 101 or ARCH 201.,ARCH 101;ARCH 201,False,"[{'days': 'We', 'startTime': '14:30', 'endTime': '17:20', 'campus': 'Burnaby'}]",Bob Muir,3.0
ARCH 272W,D100,fall,2026,"ARCH 100, 101, or 201.",ARCH 100,False,"[{'days': 'Mo', 'startTime': '12:30', 'endTime': '14:20', 'campus': 'Burnaby'}]",Dennis Sandgathe,4.0
ARCH 272W,D101,fall,2026,"ARCH 100, 101, or 201.",ARCH 100,False,"[{'days': 'Tu', 'startTime': '9:30', 'endTime': '11:20', 'campus': 'Burnaby'}]",,4.0
ARCH 272W,D102,fall,2026,"ARCH 100, 101, or 201.",ARCH 100,False,"[{'days': 'Tu', 'startTime': '12:30', 'endTime': '14:20', 'campus': 'Burnaby'}]",,4.0
ARCH 301,OL01,fall,2026,45 credit hours.,,False,[],Bob Muir,3.0
ARCH 332,D100,fall,2026,30 units.,,False,"[{'days': 'Tu', 'startTime': '14:30', 'endTime': '17:20', 'campus': 'Burnaby'}]",Cara Tremain;Sabrina Higgins,3.0
ARCH 340,D100,fall,2026,ARCH 101 or ARCH 201.,ARCH 101;ARCH 201,False,"[{'days': 'Mo', 'startTime': '14:30', 'endTime': '17:20', 'campus': 'Burnaby'}]",Christine Conlan,5.0
ARCH 340,D101,fall,2026,ARCH 101 or ARCH 201.,ARCH 101;ARCH 201,False,"[{'days': 'Th', 'startTime': '11:30', 'endTime': '13:20', 'campus': 'Burnaby'}]",,5.0
ARCH 373,D100,fall,2026,"ARCH 131 or any lower division ARCH, BISC, HSCI, or BPK course.",ARCH 131,False,"[{'days': 'Mo', 'startTime': '10:30', 'endTime': '12:20', 'campus': 'Burnaby'}]",Casey Kirkpatrick,5.0
ARCH 373,D101,fall,2026,"ARCH 131 or any lower division ARCH, BISC, HSCI, or BPK course.",ARCH 131,False,"[{'days': 'We', 'startTime': '10:30', 'endTime': '13:20', 'campus': 'Burnaby'}]",,5.0
ARCH 373,D102,fall,2026,"ARCH 131 or any lower division ARCH, BISC, HSCI, or BPK course.",ARCH 131,False,"[{'days': 'We', 'startTime': '14:30', 'endTime': '17:20', 'campus': 'Burnaby'}]",,5.0
ARCH 383,D100,fall,2026,"Any lower division ARCH, BISC, BPK, CHEM, CRIM or HSCI course.",,False,"[{'days': 'Tu', 'startTime': '10:30', 'endTime': '12:20', 'campus': 'Burnaby'}]",Dongya Yang,4.0
ARCH 383,D101,fall,2026,"Any lower division ARCH, BISC, BPK, CHEM, CRIM or HSCI course.",,False,"[{'days': 'Th', 'startTime': '9:30', 'endTime': '11:20', 'campus': 'Burnaby'}]",,4.0
ARCH 383,D102,fall,2026,"Any lower division ARCH, BISC, BPK, CHEM, CRIM or HSCI course.",,False,"[{'days': 'Th', 'startTime': '11:30', 'endTime': '13:20', 'campus': 'Burnaby'}]",,4.0
ARCH 471W,D100,fall,2026,"ARCH 101, 131, 201, 272W and 273.",ARCH 101,False,"[{'days': 'We, Fr', 'startTime': '10:30', 'endTime': '12:20', 'campus': 'Burnaby'}]",,4.0
ARCH 479,D100,fall,2026,"45 units, including ARCH 282 or 372, and permission of the department.",ARCH 282,False,[],,3.0
ARCH 479,D200,fall,2026,"45 units, including ARCH 282 or 372, and permission of the department.",ARCH 282,False,[],,3.0
ARCH 479,D300,fall,2026,"45 units, including ARCH 282 or 372, and permission of the department.",ARCH 282,False,[],,3.0
ARCH 480,D100,fall,2026,"45 units, including ARCH 282 or 372, and permission of the department.",ARCH 282,False,[],,
ARCH 480,D200,fall,2026,"45 units, including ARCH 282 or 372, and permission of the department.",ARCH 282,False,[],,
ARCH 480,D300,fall,2026,"45 units, including ARCH 282 or 372, and permission of the department.",ARCH 282,False,[],,
ARCH 498,D100,fall,2026,Permission of the department.,,True,[],,5.0
ARCH 498,D200,fall,2026,Permission of the department.,,True,[],,5.0
ARCH 498,D300,fall,2026,Permission of the department.,,True,[],,5.0
ARCH 499,D100,fall,2026,Permission of the department.,,True,[],,5.0
ARCH 499,D200,fall,2026,Permission of the department.,,True,[],,5.0
ARCH 499,D300,fall,2026,Permission of the department.,,True,[],,5.0
ARCH 740,G100,fall,2026,This course is only available for archaeology graduate students. Department permission is required.,,True,"[{'days': 'Mo', 'startTime': '14:30', 'endTime': '17:20', 'campus': 'Burnaby'}]",Christine Conlan,5.0
ARCH 740,G101,fall,2026,This course is only available for archaeology graduate students. Department permission is required.,,True,"[{'days': 'Th', 'startTime': '11:30', 'endTime': '13:20', 'campus': 'Burnaby'}]",,5.0
ARCH 773,G100,fall,2026,This course is only available for archaeology graduate students. Department permission is required.,,True,"[{'days': 'Mo', 'startTime': '10:30', 'endTime': '12:20', 'campus': 'Burnaby'}]",Casey Kirkpatrick,5.0
ARCH 773,G101,fall,2026,This course is only available for archaeology graduate students. Department permission is required.,,True,"[{'days': 'We', 'startTime': '10:30', 'endTime': '13:20', 'campus': 'Burnaby'}]",,5.0
ARCH 773,G102,fall,2026,This course is only available for archaeology graduate students. Department permission is required.,,True,"[{'days': 'We', 'startTime': '14:30', 'endTime': '17:20', 'campus': 'Burnaby'}]",,5.0
ARCH 783,G100,fall,2026,This course is only available for archaeology graduate students. Department permission is required.,,True,"[{'days': 'Tu', 'startTime': '10:30', 'endTime': '12:20', 'campus': 'Burnaby'}]",Dongya Yang,3.0
ARCH 783,G101,fall,2026,This course is only available for archaeology graduate students. Department permission is required.,,True,"[{'days': 'Th', 'startTime': '9:30', 'endTime': '11:20', 'campus': 'Burnaby'}]",,3.0
ARCH 783,G102,fall,2026,This course is only available for archaeology graduate students. Department permission is required.,,True,"[{'days': 'Th', 'startTime': '11:30', 'endTime': '13:20', 'campus': 'Burnaby'}]",,3.0
ARCH 871,G100,fall,2026,,,False,"[{'days': 'We, Fr', 'startTime': '10:30', 'endTime': '12:20', 'campus': 'Burnaby'}]",,5.0
ARCH 871,G101,fall,2026,,,False,"[{'days': 'We', 'startTime': '12:30', 'endTime': '13:20', 'campus': 'Burnaby'}]",Ross Jamieson,5.0
ARCH 872,G100,fall,2026,,,False,"[{'days': 'Th', 'startTime': '15:30', 'endTime': '16:20', 'campus': 'Burnaby'}]",Ross Jamieson,1.0
ARCH 872,G200,fall,2026,,,False,"[{'days': 'Th', 'startTime': '15:30', 'endTime': '16:20', 'campus': 'Burnaby'}]",Ross Jamieson,1.0
ARCH 874,G100,fall,2026,Only available to students in the Archaeology PhD program.,,False,[],Ross Jamieson,
ARCH 874,G200,fall,2026,Only available to students in the Archaeology PhD program.,,False,[],Ross Jamieson,
ARCH 875,G100,fall,2026,Only available to students in the Archaeology PhD program.,,False,[],Ross Jamieson,
ARCH 875,G200,fall,2026,Only available to students in the Archaeology PhD program.,,False,[],Ross Jamieson,
ARCH 892,G100,fall,2026,,,False,[],,5.0
ARCH 892,G200,fall,2026,,,False,[],,5.0
ARCH 892,G300,fall,2026,,,False,[],,5.0
ARCH 893,G100,fall,2026,,,False,[],,3.0
ARCH 893,G200,fall,2026,,,False,[],,3.0
ARCH 893,G300,fall,2026,,,False,[],,3.0
ARCH 893,G400,fall,2026,,,False,[],,3.0
ARCH 893,G500,fall,2026,,,False,[],,3.0
ARCH 894,G100,fall,2026,,,False,[],,3.0
ARCH 894,G200,fall,2026,,,False,[],,3.0
ARCH 895,G100,fall,2026,,,False,[],,5.0
ARCH 895,G200,fall,2026,,,False,[],,5.0
ARCH 896,G100,fall,2026,,,False,[],,5.0
ARCH 896,G200,fall,2026,,,False,[],,5.0
ARCH 898,G100,fall,2026,,,False,[],Ross Jamieson,18.0
ARCH 898,G200,fall,2026,,,False,[],Ross Jamieson,18.0
ARCH 898,G300,fall,2026,,,False,[],Ross Jamieson,18.0
ARCH 899,G100,fall,2026,,,False,[],Ross Jamieson,18.0
ARCH 899,G200,fall,2026,,,False,[],Ross Jamieson,18.0
BISC 101,D100,fall,2026,"Biology 12 (or equivalent) with a minimum grade of C (or BISC 100 with a minimum grade of C-, or BISC 113 with a minimum grade of C+, or BPK 105 with a minimum grade of C+, or HSCI 100 with a minimum grade of C+); and Chemistry 12 (or equivalent) with a minimum grade of C (or CHEM 111 with a minimum grade of C-; or CHEM 110 and 115, both with a minimum grade of C-).",BISC 100;BISC 113;BPK 105;HSCI 100;CHEM 111;CHEM 110,False,"[{'days': 'Tu', 'startTime': '9:30', 'endTime': '10:20', 'campus': 'Burnaby'}, {'days': 'Th', 'startTime': '9:30', 'endTime': '11:20', 'campus': 'Burnaby'}]",Tony Williams;Megan Barker,4.0
BISC 101,D101,fall,2026,"Biology 12 (or equivalent) with a minimum grade of C (or BISC 100 with a minimum grade of C-, or BISC 113 with a minimum grade of C+, or BPK 105 with a minimum grade of C+, or HSCI 100 with a minimum grade of C+); and Chemistry 12 (or equivalent) with a minimum grade of C (or CHEM 111 with a minimum grade of C-; or CHEM 110 and 115, both with a minimum grade of C-).",BISC 100;BISC 113;BPK 105;HSCI 100;CHEM 111;CHEM 110,False,"[{'days': 'Tu', 'startTime': '11:30', 'endTime': '13:20', 'campus': 'Burnaby'}, {'days': 'Th', 'startTime': '11:30', 'endTime': '12:20', 'campus': 'Burnaby'}]",Megan Barker,4.0
BISC 101,D102,fall,2026,"Biology 12 (or equivalent) with a minimum grade of C (or BISC 100 with a minimum grade of C-, or BISC 113 with a minimum grade of C+, or BPK 105 with a minimum grade of C+, or HSCI 100 with a minimum grade of C+); and Chemistry 12 (or equivalent) with a minimum grade of C (or CHEM 111 with a minimum grade of C-; or CHEM 110 and 115, both with a minimum grade of C-).",BISC 100;BISC 113;BPK 105;HSCI 100;CHEM 111;CHEM 110,False,"[{'days': 'Tu', 'startTime': '11:30', 'endTime': '13:20', 'campus': 'Burnaby'}, {'days': 'Th', 'startTime': '12:30', 'endTime': '13:20', 'campus': 'Burnaby'}]",Megan Barker,4.0
BISC 101,D103,fall,2026,"Biology 12 (or equivalent) with a minimum grade of C (or BISC 100 with a minimum grade of C-, or BISC 113 with a minimum grade of C+, or BPK 105 with a minimum grade of C+, or HSCI 100 with a minimum grade of C+); and Chemistry 12 (or equivalent) with a minimum grade of C (or CHEM 111 with a minimum grade of C-; or CHEM 110 and 115, both with a minimum grade of C-).",BISC 100;BISC 113;BPK 105;HSCI 100;CHEM 111;CHEM 110,False,"[{'days': 'Tu', 'startTime': '11:30', 'endTime': '13:20', 'campus': 'Burnaby'}, {'days': 'Th', 'startTime': '13:30', 'endTime': '14:20', 'campus': 'Burnaby'}]",Megan Barker,4.0
BISC 101,D104,fall,2026,"Biology 12 (or equivalent) with a minimum grade of C (or BISC 100 with a minimum grade of C-, or BISC 113 with a minimum grade of C+, or BPK 105 with a minimum grade of C+, or HSCI 100 with a minimum grade of C+); and Chemistry 12 (or equivalent) with a minimum grade of C (or CHEM 111 with a minimum grade of C-; or CHEM 110 and 115, both with a minimum grade of C-).",BISC 100;BISC 113;BPK 105;HSCI 100;CHEM 111;CHEM 110,False,"[{'days': 'Tu', 'startTime': '14:30', 'endTime': '16:20', 'campus': 'Burnaby'}, {'days': 'Th', 'startTime': '13:30', 'endTime': '14:20', 'campus': 'Burnaby'}]",Megan Barker,4.0
BISC 101,D105,fall,2026,"Biology 12 (or equivalent) with a minimum grade of C (or BISC 100 with a minimum grade of C-, or BISC 113 with a minimum grade of C+, or BPK 105 with a minimum grade of C+, or HSCI 100 with a minimum grade of C+); and Chemistry 12 (or equivalent) with a minimum grade of C (or CHEM 111 with a minimum grade of C-; or CHEM 110 and 115, both with a minimum grade of C-).",BISC 100;BISC 113;BPK 105;HSCI 100;CHEM 111;CHEM 110,False,"[{'days': 'Tu', 'startTime': '14:30', 'endTime': '16:20', 'campus': 'Burnaby'}, {'days': 'Th', 'startTime': '14:30', 'endTime': '15:20', 'campus': 'Burnaby'}]",Megan Barker,4.0
BISC 101,D106,fall,2026,"Biology 12 (or equivalent) with a minimum grade of C (or BISC 100 with a minimum grade of C-, or BISC 113 with a minimum grade of C+, or BPK 105 with a minimum grade of C+, or HSCI 100 with a minimum grade of C+); and Chemistry 12 (or equivalent) with a minimum grade of C (or CHEM 111 with a minimum grade of C-; or CHEM 110 and 115, both with a minimum grade of C-).",BISC 100;BISC 113;BPK 105;HSCI 100;CHEM 111;CHEM 110,False,"[{'days': 'Tu', 'startTime': '14:30', 'endTime': '16:20', 'campus': 'Burnaby'}, {'days': 'Th', 'startTime': '15:30', 'endTime': '16:20', 'campus': 'Burnaby'}]",Megan Barker,4.0
BISC 101,D107,fall,2026,"Biology 12 (or equivalent) with a minimum grade of C (or BISC 100 with a minimum grade of C-, or BISC 113 with a minimum grade of C+, or BPK 105 with a minimum grade of C+, or HSCI 100 with a minimum grade of C+); and Chemistry 12 (or equivalent) with a minimum grade of C (or CHEM 111 with a minimum grade of C-; or CHEM 110 and 115, both with a minimum grade of C-).",BISC 100;BISC 113;BPK 105;HSCI 100;CHEM 111;CHEM 110,False,"[{'days': 'We', 'startTime': '11:30', 'endTime': '13:20', 'campus': 'Burnaby'}, {'days': 'Fr', 'startTime': '11:30', 'endTime': '12:20', 'campus': 'Burnaby'}]",Megan Barker,4.0
BISC 101,D108,fall,2026,"Biology 12 (or equivalent) with a minimum grade of C (or BISC 100 with a minimum grade of C-, or BISC 113 with a minimum grade of C+, or BPK 105 with a minimum grade of C+, or HSCI 100 with a minimum grade of C+); and Chemistry 12 (or equivalent) with a minimum grade of C (or CHEM 111 with a minimum grade of C-; or CHEM 110 and 115, both with a minimum grade of C-).",BISC 100;BISC 113;BPK 105;HSCI 100;CHEM 111;CHEM 110,False,"[{'days': 'We', 'startTime': '11:30', 'endTime': '13:20', 'campus': 'Burnaby'}, {'days': 'Fr', 'startTime': '12:30', 'endTime': '13:20', 'campus': 'Burnaby'}]",Megan Barker,4.0
BISC 101,D109,fall,2026,"Biology 12 (or equivalent) with a minimum grade of C (or BISC 100 with a minimum grade of C-, or BISC 113 with a minimum grade of C+, or BPK 105 with a minimum grade of C+, or HSCI 100 with a minimum grade of C+); and Chemistry 12 (or equivalent) with a minimum grade of C (or CHEM 111 with a minimum grade of C-; or CHEM 110 and 115, both with a minimum grade of C-).",BISC 100;BISC 113;BPK 105;HSCI 100;CHEM 111;CHEM 110,False,"[{'days': 'We', 'startTime': '11:30', 'endTime': '13:20', 'campus': 'Burnaby'}, {'days': 'Fr', 'startTime': '13:30', 'endTime': '14:20', 'campus': 'Burnaby'}]",Megan Barker,4.0
BISC 101,D110,fall,2026,"Biology 12 (or equivalent) with a minimum grade of C (or BISC 100 with a minimum grade of C-, or BISC 113 with a minimum grade of C+, or BPK 105 with a minimum grade of C+, or HSCI 100 with a minimum grade of C+); and Chemistry 12 (or equivalent) with a minimum grade of C (or CHEM 111 with a minimum grade of C-; or CHEM 110 and 115, both with a minimum grade of C-).",BISC 100;BISC 113;BPK 105;HSCI 100;CHEM 111;CHEM 110,False,"[{'days': 'We', 'startTime': '14:30', 'endTime': '16:20', 'campus': 'Burnaby'}, {'days': 'Fr', 'startTime': '13:30', 'endTime': '14:20', 'campus': 'Burnaby'}]",Megan Barker,4.0
BISC 101,D111,fall,2026,"Biology 12 (or equivalent) with a minimum grade of C (or BISC 100 with a minimum grade of C-, or BISC 113 with a minimum grade of C+, or BPK 105 with a minimum grade of C+, or HSCI 100 with a minimum grade of C+); and Chemistry 12 (or equivalent) with a minimum grade of C (or CHEM 111 with a minimum grade of C-; or CHEM 110 and 115, both with a minimum grade of C-).",BISC 100;BISC 113;BPK 105;HSCI 100;CHEM 111;CHEM 110,False,"[{'days': 'We', 'startTime': '14:30', 'endTime': '16:20', 'campus': 'Burnaby'}, {'days': 'Fr', 'startTime': '14:30', 'endTime': '15:20', 'campus': 'Burnaby'}]",Megan Barker,4.0
BISC 101,D113,fall,2026,"Biology 12 (or equivalent) with a minimum grade of C (or BISC 100 with a minimum grade of C-, or BISC 113 with a minimum grade of C+, or BPK 105 with a minimum grade of C+, or HSCI 100 with a minimum grade of C+); and Chemistry 12 (or equivalent) with a minimum grade of C (or CHEM 111 with a minimum grade of C-; or CHEM 110 and 115, both with a minimum grade of C-).",BISC 100;BISC 113;BPK 105;HSCI 100;CHEM 111;CHEM 110,False,"[{'days': 'Tu', 'startTime': '11:30', 'endTime': '12:20', 'campus': 'Burnaby'}, {'days': 'Th', 'startTime': '11:30', 'endTime': '13:20', 'campus': 'Burnaby'}]",Megan Barker,4.0
BISC 101,D114,fall,2026,"Biology 12 (or equivalent) with a minimum grade of C (or BISC 100 with a minimum grade of C-, or BISC 113 with a minimum grade of C+, or BPK 105 with a minimum grade of C+, or HSCI 100 with a minimum grade of C+); and Chemistry 12 (or equivalent) with a minimum grade of C (or CHEM 111 with a minimum grade of C-; or CHEM 110 and 115, both with a minimum grade of C-).",BISC 100;BISC 113;BPK 105;HSCI 100;CHEM 111;CHEM 110,False,"[{'days': 'Tu', 'startTime': '12:30', 'endTime': '13:20', 'campus': 'Burnaby'}, {'days': 'Th', 'startTime': '11:30', 'endTime': '13:20', 'campus': 'Burnaby'}]",Megan Barker,4.0
BISC 101,D115,fall,2026,"Biology 12 (or equivalent) with a minimum grade of C (or BISC 100 with a minimum grade of C-, or BISC 113 with a minimum grade of C+, or BPK 105 with a minimum grade of C+, or HSCI 100 with a minimum grade of C+); and Chemistry 12 (or equivalent) with a minimum grade of C (or CHEM 111 with a minimum grade of C-; or CHEM 110 and 115, both with a minimum grade of C-).",BISC 100;BISC 113;BPK 105;HSCI 100;CHEM 111;CHEM 110,False,"[{'days': 'Tu', 'startTime': '13:30', 'endTime': '14:20', 'campus': 'Burnaby'}, {'days': 'Th', 'startTime': '11:30', 'endTime': '13:20', 'campus': 'Burnaby'}]",Megan Barker,4.0
BISC 101,D119,fall,2026,"Biology 12 (or equivalent) with a minimum grade of C (or BISC 100 with a minimum grade of C-, or BISC 113 with a minimum grade of C+, or BPK 105 with a minimum grade of C+, or HSCI 100 with a minimum grade of C+); and Chemistry 12 (or equivalent) with a minimum grade of C (or CHEM 111 with a minimum grade of C-; or CHEM 110 and 115, both with a minimum grade of C-).",BISC 100;BISC 113;BPK 105;HSCI 100;CHEM 111;CHEM 110,False,"[{'days': 'We', 'startTime': '11:30', 'endTime': '12:20', 'campus': 'Burnaby'}, {'days': 'Fr', 'startTime': '11:30', 'endTime': '13:20', 'campus': 'Burnaby'}]",Megan Barker,4.0
BISC 101,D120,fall,2026,"Biology 12 (or equivalent) with a minimum grade of C (or BISC 100 with a minimum grade of C-, or BISC 113 with a minimum grade of C+, or BPK 105 with a minimum grade of C+, or HSCI 100 with a minimum grade of C+); and Chemistry 12 (or equivalent) with a minimum grade of C (or CHEM 111 with a minimum grade of C-; or CHEM 110 and 115, both with a minimum grade of C-).",BISC 100;BISC 113;BPK 105;HSCI 100;CHEM 111;CHEM 110,False,"[{'days': 'We', 'startTime': '12:30', 'endTime': '13:20', 'campus': 'Burnaby'}, {'days': 'Fr', 'startTime': '11:30', 'endTime': '13:20', 'campus': 'Burnaby'}]",Megan Barker,4.0
BISC 101,D121,fall,2026,"Biology 12 (or equivalent) with a minimum grade of C (or BISC 100 with a minimum grade of C-, or BISC 113 with a minimum grade of C+, or BPK 105 with a minimum grade of C+, or HSCI 100 with a minimum grade of C+); and Chemistry 12 (or equivalent) with a minimum grade of C (or CHEM 111 with a minimum grade of C-; or CHEM 110 and 115, both with a minimum grade of C-).",BISC 100;BISC 113;BPK 105;HSCI 100;CHEM 111;CHEM 110,False,"[{'days': 'We', 'startTime': '13:30', 'endTime': '14:20', 'campus': 'Burnaby'}, {'days': 'Fr', 'startTime': '11:30', 'endTime': '13:20', 'campus': 'Burnaby'}]",Megan Barker,4.0
BISC 101,D200,fall,2026,"Biology 12 (or equivalent) with a minimum grade of C (or BISC 100 with a minimum grade of C-, or BISC 113 with a minimum grade of C+, or BPK 105 with a minimum grade of C+, or HSCI 100 with a minimum grade of C+); and Chemistry 12 (or equivalent) with a minimum grade of C (or CHEM 111 with a minimum grade of C-; or CHEM 110 and 115, both with a minimum grade of C-).",BISC 100;BISC 113;BPK 105;HSCI 100;CHEM 111;CHEM 110,False,"[{'days': 'We', 'startTime': '11:30', 'endTime': '12:20', 'campus': 'Surrey'}, {'days': 'Fr', 'startTime': '10:30', 'endTime': '12:20', 'campus': 'Surrey'}]",Sessional,4.0
BISC 101,D201,fall,2026,"Biology 12 (or equivalent) with a minimum grade of C (or BISC 100 with a minimum grade of C-, or BISC 113 with a minimum grade of C+, or BPK 105 with a minimum grade of C+, or HSCI 100 with a minimum grade of C+); and Chemistry 12 (or equivalent) with a minimum grade of C (or CHEM 111 with a minimum grade of C-; or CHEM 110 and 115, both with a minimum grade of C-).",BISC 100;BISC 113;BPK 105;HSCI 100;CHEM 111;CHEM 110,False,"[{'days': 'We', 'startTime': '8:30', 'endTime': '9:20', 'campus': 'Surrey'}]",,4.0
BISC 101,D202,fall,2026,"Biology 12 (or equivalent) with a minimum grade of C (or BISC 100 with a minimum grade of C-, or BISC 113 with a minimum grade of C+, or BPK 105 with a minimum grade of C+, or HSCI 100 with a minimum grade of C+); and Chemistry 12 (or equivalent) with a minimum grade of C (or CHEM 111 with a minimum grade of C-; or CHEM 110 and 115, both with a minimum grade of C-).",BISC 100;BISC 113;BPK 105;HSCI 100;CHEM 111;CHEM 110,False,"[{'days': 'We', 'startTime': '10:30', 'endTime': '11:20', 'campus': 'Surrey'}]",,4.0
BISC 101,D203,fall,2026,"Biology 12 (or equivalent) with a minimum grade of C (or BISC 100 with a minimum grade of C-, or BISC 113 with a minimum grade of C+, or BPK 105 with a minimum grade of C+, or HSCI 100 with a minimum grade of C+); and Chemistry 12 (or equivalent) with a minimum grade of C (or CHEM 111 with a minimum grade of C-; or CHEM 110 and 115, both with a minimum grade of C-).",BISC 100;BISC 113;BPK 105;HSCI 100;CHEM 111;CHEM 110,False,"[{'days': 'We', 'startTime': '10:30', 'endTime': '11:20', 'campus': 'Surrey'}]",,4.0
BISC 101,D204,fall,2026,"Biology 12 (or equivalent) with a minimum grade of C (or BISC 100 with a minimum grade of C-, or BISC 113 with a minimum grade of C+, or BPK 105 with a minimum grade of C+, or HSCI 100 with a minimum grade of C+); and Chemistry 12 (or equivalent) with a minimum grade of C (or CHEM 111 with a minimum grade of C-; or CHEM 110 and 115, both with a minimum grade of C-).",BISC 100;BISC 113;BPK 105;HSCI 100;CHEM 111;CHEM 110,False,"[{'days': 'We', 'startTime': '13:30', 'endTime': '14:20', 'campus': 'Surrey'}]",,4.0
BISC 101,D205,fall,2026,"Biology 12 (or equivalent) with a minimum grade of C (or BISC 100 with a minimum grade of C-, or BISC 113 with a minimum grade of C+, or BPK 105 with a minimum grade of C+, or HSCI 100 with a minimum grade of C+); and Chemistry 12 (or equivalent) with a minimum grade of C (or CHEM 111 with a minimum grade of C-; or CHEM 110 and 115, both with a minimum grade of C-).",BISC 100;BISC 113;BPK 105;HSCI 100;CHEM 111;CHEM 110,False,"[{'days': 'We', 'startTime': '14:30', 'endTime': '15:20', 'campus': 'Surrey'}]",,4.0
BISC 101,D206,fall,2026,"Biology 12 (or equivalent) with a minimum grade of C (or BISC 100 with a minimum grade of C-, or BISC 113 with a minimum grade of C+, or BPK 105 with a minimum grade of C+, or HSCI 100 with a minimum grade of C+); and Chemistry 12 (or equivalent) with a minimum grade of C (or CHEM 111 with a minimum grade of C-; or CHEM 110 and 115, both with a minimum grade of C-).",BISC 100;BISC 113;BPK 105;HSCI 100;CHEM 111;CHEM 110,False,"[{'days': 'We', 'startTime': '14:30', 'endTime': '15:20', 'campus': 'Surrey'}]",,4.0
BISC 101,LAS1,fall,2026,"Biology 12 (or equivalent) with a minimum grade of C (or BISC 100 with a minimum grade of C-, or BISC 113 with a minimum grade of C+, or BPK 105 with a minimum grade of C+, or HSCI 100 with a minimum grade of C+); and Chemistry 12 (or equivalent) with a minimum grade of C (or CHEM 111 with a minimum grade of C-; or CHEM 110 and 115, both with a minimum grade of C-).",BISC 100;BISC 113;BPK 105;HSCI 100;CHEM 111;CHEM 110,False,"[{'days': 'Th', 'startTime': '8:30', 'endTime': '10:20', 'campus': 'Surrey'}]",,4.0
BISC 101,LAS2,fall,2026,"Biology 12 (or equivalent) with a minimum grade of C (or BISC 100 with a minimum grade of C-, or BISC 113 with a minimum grade of C+, or BPK 105 with a minimum grade of C+, or HSCI 100 with a minimum grade of C+); and Chemistry 12 (or equivalent) with a minimum grade of C (or CHEM 111 with a minimum grade of C-; or CHEM 110 and 115, both with a minimum grade of C-).",BISC 100;BISC 113;BPK 105;HSCI 100;CHEM 111;CHEM 110,False,"[{'days': 'Th', 'startTime': '10:30', 'endTime': '12:20', 'campus': 'Surrey'}]",,4.0
BISC 101,LAS3,fall,2026,"Biology 12 (or equivalent) with a minimum grade of C (or BISC 100 with a minimum grade of C-, or BISC 113 with a minimum grade of C+, or BPK 105 with a minimum grade of C+, or HSCI 100 with a minimum grade of C+); and Chemistry 12 (or equivalent) with a minimum grade of C (or CHEM 111 with a minimum grade of C-; or CHEM 110 and 115, both with a minimum grade of C-).",BISC 100;BISC 113;BPK 105;HSCI 100;CHEM 111;CHEM 110,False,"[{'days': 'Th', 'startTime': '13:30', 'endTime': '15:20', 'campus': 'Surrey'}]",,4.0
BISC 102,D100,fall,2026,"Biology 12 (or equivalent) with a minimum grade of C (or BISC 100 with a minimum grade of C-, or BISC 113 with a minimum grade of C+, or BPK 105 with a minimum grade of C+, or HSCI 100 with a minimum grade of C+).",BISC 100;BISC 113;BPK 105;HSCI 100,False,"[{'days': 'Tu, Th', 'startTime': '12:30', 'endTime': '13:20', 'campus': 'Burnaby'}]",Kevin Lam;Melissa Chen,4.0
BISC 102,D101,fall,2026,"Biology 12 (or equivalent) with a minimum grade of C (or BISC 100 with a minimum grade of C-, or BISC 113 with a minimum grade of C+, or BPK 105 with a minimum grade of C+, or HSCI 100 with a minimum grade of C+).",BISC 100;BISC 113;BPK 105;HSCI 100,False,"[{'days': 'Tu', 'startTime': '9:30', 'endTime': '12:20', 'campus': 'Burnaby'}, {'days': 'Th', 'startTime': '9:30', 'endTime': '10:20', 'campus': 'Burnaby'}]",,4.0
BISC 102,D102,fall,2026,"Biology 12 (or equivalent) with a minimum grade of C (or BISC 100 with a minimum grade of C-, or BISC 113 with a minimum grade of C+, or BPK 105 with a minimum grade of C+, or HSCI 100 with a minimum grade of C+).",BISC 100;BISC 113;BPK 105;HSCI 100,False,"[{'days': 'Tu', 'startTime': '9:30', 'endTime': '12:20', 'campus': 'Burnaby'}, {'days': 'Th', 'startTime': '10:30', 'endTime': '11:20', 'campus': 'Burnaby'}]",,4.0
BISC 102,D103,fall,2026,"Biology 12 (or equivalent) with a minimum grade of C (or BISC 100 with a minimum grade of C-, or BISC 113 with a minimum grade of C+, or BPK 105 with a minimum grade of C+, or HSCI 100 with a minimum grade of C+).",BISC 100;BISC 113;BPK 105;HSCI 100,False,"[{'days': 'Tu', 'startTime': '13:30', 'endTime': '16:20', 'campus': 'Burnaby'}, {'days': 'Th', 'startTime': '14:30', 'endTime': '15:20', 'campus': 'Burnaby'}]",,4.0
BISC 102,D104,fall,2026,"Biology 12 (or equivalent) with a minimum grade of C (or BISC 100 with a minimum grade of C-, or BISC 113 with a minimum grade of C+, or BPK 105 with a minimum grade of C+, or HSCI 100 with a minimum grade of C+).",BISC 100;BISC 113;BPK 105;HSCI 100,False,"[{'days': 'Tu', 'startTime': '13:30', 'endTime': '16:20', 'campus': 'Burnaby'}, {'days': 'Th', 'startTime': '15:30', 'endTime': '16:20', 'campus': 'Burnaby'}]",,4.0
BISC 102,D105,fall,2026,"Biology 12 (or equivalent) with a minimum grade of C (or BISC 100 with a minimum grade of C-, or BISC 113 with a minimum grade of C+, or BPK 105 with a minimum grade of C+, or HSCI 100 with a minimum grade of C+).",BISC 100;BISC 113;BPK 105;HSCI 100,False,"[{'days': 'We', 'startTime': '11:30', 'endTime': '14:20', 'campus': 'Burnaby'}, {'days': 'Fr', 'startTime': '11:30', 'endTime': '12:20', 'campus': 'Burnaby'}]",,4.0
BISC 102,D106,fall,2026,"Biology 12 (or equivalent) with a minimum grade of C (or BISC 100 with a minimum grade of C-, or BISC 113 with a minimum grade of C+, or BPK 105 with a minimum grade of C+, or HSCI 100 with a minimum grade of C+).",BISC 100;BISC 113;BPK 105;HSCI 100,False,"[{'days': 'We', 'startTime': '11:30', 'endTime': '14:20', 'campus': 'Burnaby'}, {'days': 'Fr', 'startTime': '12:30', 'endTime': '13:20', 'campus': 'Burnaby'}]",,4.0
BISC 102,D107,fall,2026,"Biology 12 (or equivalent) with a minimum grade of C (or BISC 100 with a minimum grade of C-, or BISC 113 with a minimum grade of C+, or BPK 105 with a minimum grade of C+, or HSCI 100 with a minimum grade of C+).",BISC 100;BISC 113;BPK 105;HSCI 100,False,"[{'days': 'We', 'startTime': '14:30', 'endTime': '17:20', 'campus': 'Burnaby'}, {'days': 'Fr', 'startTime': '14:30', 'endTime': '15:20', 'campus': 'Burnaby'}]",,4.0
BISC 102,D108,fall,2026,"Biology 12 (or equivalent) with a minimum grade of C (or BISC 100 with a minimum grade of C-, or BISC 113 with a minimum grade of C+, or BPK 105 with a minimum grade of C+, or HSCI 100 with a minimum grade of C+).",BISC 100;BISC 113;BPK 105;HSCI 100,False,"[{'days': 'We', 'startTime': '14:30', 'endTime': '17:20', 'campus': 'Burnaby'}, {'days': 'Fr', 'startTime': '15:30', 'endTime': '16:20', 'campus': 'Burnaby'}]",,4.0
BISC 102,D109,fall,2026,"Biology 12 (or equivalent) with a minimum grade of C (or BISC 100 with a minimum grade of C-, or BISC 113 with a minimum grade of C+, or BPK 105 with a minimum grade of C+, or HSCI 100 with a minimum grade of C+).",BISC 100;BISC 113;BPK 105;HSCI 100,False,"[{'days': 'Tu', 'startTime': '9:30', 'endTime': '10:20', 'campus': 'Burnaby'}, {'days': 'Th', 'startTime': '9:30', 'endTime': '12:20', 'campus': 'Burnaby'}]",,4.0
BISC 102,D110,fall,2026,"Biology 12 (or equivalent) with a minimum grade of C (or BISC 100 with a minimum grade of C-, or BISC 113 with a minimum grade of C+, or BPK 105 with a minimum grade of C+, or HSCI 100 with a minimum grade of C+).",BISC 100;BISC 113;BPK 105;HSCI 100,False,"[{'days': 'Tu', 'startTime': '10:30', 'endTime': '11:20', 'campus': 'Burnaby'}, {'days': 'Th', 'startTime': '9:30', 'endTime': '12:20', 'campus': 'Burnaby'}]",,4.0
BISC 102,D111,fall,2026,"Biology 12 (or equivalent) with a minimum grade of C (or BISC 100 with a minimum grade of C-, or BISC 113 with a minimum grade of C+, or BPK 105 with a minimum grade of C+, or HSCI 100 with a minimum grade of C+).",BISC 100;BISC 113;BPK 105;HSCI 100,False,"[{'days': 'Tu', 'startTime': '14:30', 'endTime': '15:20', 'campus': 'Burnaby'}, {'days': 'Th', 'startTime': '13:30', 'endTime': '16:20', 'campus': 'Burnaby'}]",,4.0
BISC 102,D112,fall,2026,"Biology 12 (or equivalent) with a minimum grade of C (or BISC 100 with a minimum grade of C-, or BISC 113 with a minimum grade of C+, or BPK 105 with a minimum grade of C+, or HSCI 100 with a minimum grade of C+).",BISC 100;BISC 113;BPK 105;HSCI 100,False,"[{'days': 'Tu', 'startTime': '15:30', 'endTime': '16:20', 'campus': 'Burnaby'}, {'days': 'Th', 'startTime': '13:30', 'endTime': '16:20', 'campus': 'Burnaby'}]",,4.0
BISC 102,D113,fall,2026,"Biology 12 (or equivalent) with a minimum grade of C (or BISC 100 with a minimum grade of C-, or BISC 113 with a minimum grade of C+, or BPK 105 with a minimum grade of C+, or HSCI 100 with a minimum grade of C+).",BISC 100;BISC 113;BPK 105;HSCI 100,False,"[{'days': 'We', 'startTime': '11:30', 'endTime': '12:20', 'campus': 'Burnaby'}, {'days': 'Fr', 'startTime': '11:30', 'endTime': '14:20', 'campus': 'Burnaby'}]",,4.0
BISC 102,D114,fall,2026,"Biology 12 (or equivalent) with a minimum grade of C (or BISC 100 with a minimum grade of C-, or BISC 113 with a minimum grade of C+, or BPK 105 with a minimum grade of C+, or HSCI 100 with a minimum grade of C+).",BISC 100;BISC 113;BPK 105;HSCI 100,False,"[{'days': 'We', 'startTime': '12:30', 'endTime': '13:20', 'campus': 'Burnaby'}, {'days': 'Fr', 'startTime': '11:30', 'endTime': '14:20', 'campus': 'Burnaby'}]",,4.0
BISC 102,D115,fall,2026,"Biology 12 (or equivalent) with a minimum grade of C (or BISC 100 with a minimum grade of C-, or BISC 113 with a minimum grade of C+, or BPK 105 with a minimum grade of C+, or HSCI 100 with a minimum grade of C+).",BISC 100;BISC 113;BPK 105;HSCI 100,False,"[{'days': 'We', 'startTime': '14:30', 'endTime': '15:20', 'campus': 'Burnaby'}, {'days': 'Fr', 'startTime': '14:30', 'endTime': '17:20', 'campus': 'Burnaby'}]",,4.0
BISC 102,D116,fall,2026,"Biology 12 (or equivalent) with a minimum grade of C (or BISC 100 with a minimum grade of C-, or BISC 113 with a minimum grade of C+, or BPK 105 with a minimum grade of C+, or HSCI 100 with a minimum grade of C+).",BISC 100;BISC 113;BPK 105;HSCI 100,False,"[{'days': 'We', 'startTime': '15:30', 'endTime': '16:20', 'campus': 'Burnaby'}, {'days': 'Fr', 'startTime': '14:30', 'endTime': '17:20', 'campus': 'Burnaby'}]",,4.0
BISC 106,B100,fall,2026,Enrolled in the MSE program.,,False,[],Sessional,3.0
BISC 106,LAB1,fall,2026,Enrolled in the MSE program.,,False,"[{'days': 'Fr', 'startTime': '14:30', 'endTime': '16:20', 'campus': 'Surrey'}]",,3.0
BISC 113,OL01,fall,2026,,,False,[],Tegan Williams,3.0
BISC 171,D100,fall,2026,,,False,"[{'days': 'Fr', 'startTime': '13:30', 'endTime': '14:20', 'campus': 'Burnaby'}]",Tony Williams,1.0
BISC 202,D100,fall,2026,"BISC 101 and 102, both with a minimum grade of C-.",BISC 101,False,"[{'days': 'Tu', 'startTime': '8:30', 'endTime': '10:20', 'campus': 'Burnaby'}, {'days': 'Th', 'startTime': '8:30', 'endTime': '9:20', 'campus': 'Burnaby'}]",Tegan Williams,3.0
BISC 202,D101,fall,2026,"BISC 101 and 102, both with a minimum grade of C-.",BISC 101,False,"[{'days': 'Tu', 'startTime': '10:30', 'endTime': '11:20', 'campus': 'Burnaby'}]",,3.0
BISC 202,D102,fall,2026,"BISC 101 and 102, both with a minimum grade of C-.",BISC 101,False,"[{'days': 'Tu', 'startTime': '11:30', 'endTime': '12:20', 'campus': 'Burnaby'}]",,3.0
BISC 202,D103,fall,2026,"BISC 101 and 102, both with a minimum grade of C-.",BISC 101,False,"[{'days': 'Tu', 'startTime': '12:30', 'endTime': '13:20', 'campus': 'Burnaby'}]",,3.0
BISC 202,D104,fall,2026,"BISC 101 and 102, both with a minimum grade of C-.",BISC 101,False,"[{'days': 'Tu', 'startTime': '14:30', 'endTime': '15:20', 'campus': 'Burnaby'}]",,3.0
BISC 202,D105,fall,2026,"BISC 101 and 102, both with a minimum grade of C-.",BISC 101,False,"[{'days': 'Tu', 'startTime': '15:30', 'endTime': '16:20', 'campus': 'Burnaby'}]",,3.0
BISC 202,D106,fall,2026,"BISC 101 and 102, both with a minimum grade of C-.",BISC 101,False,"[{'days': 'Tu', 'startTime': '16:30', 'endTime': '17:20', 'campus': 'Burnaby'}]",,3.0
BISC 202,D107,fall,2026,"BISC 101 and 102, both with a minimum grade of C-.",BISC 101,False,"[{'days': 'We', 'startTime': '14:30', 'endTime': '15:20', 'campus': 'Burnaby'}]",,3.0
BISC 202,D108,fall,2026,"BISC 101 and 102, both with a minimum grade of C-.",BISC 101,False,"[{'days': 'We', 'startTime': '15:30', 'endTime': '16:20', 'campus': 'Burnaby'}]",,3.0
BISC 202,D109,fall,2026,"BISC 101 and 102, both with a minimum grade of C-.",BISC 101,False,"[{'days': 'We', 'startTime': '16:30', 'endTime': '17:20', 'campus': 'Burnaby'}]",,3.0
BISC 202,D110,fall,2026,"BISC 101 and 102, both with a minimum grade of C-.",BISC 101,False,"[{'days': 'Th', 'startTime': '9:30', 'endTime': '10:20', 'campus': 'Burnaby'}]",,3.0
BISC 202,D111,fall,2026,"BISC 101 and 102, both with a minimum grade of C-.",BISC 101,False,"[{'days': 'Th', 'startTime': '10:30', 'endTime': '11:20', 'campus': 'Burnaby'}]",,3.0
BISC 202,D112,fall,2026,"BISC 101 and 102, both with a minimum grade of C-.",BISC 101,False,"[{'days': 'We', 'startTime': '16:30', 'endTime': '17:20', 'campus': 'Burnaby'}]",,3.0
BISC 204,D100,fall,2026,"BISC 101 and 102, both with a minimum grade of C-.",BISC 101,False,"[{'days': 'Tu', 'startTime': '14:30', 'endTime': '16:20', 'campus': 'Burnaby'}, {'days': 'Th', 'startTime': '14:30', 'endTime': '15:20', 'campus': 'Burnaby'}]",Sessional,3.0
BISC 204,D101,fall,2026,"BISC 101 and 102, both with a minimum grade of C-.",BISC 101,False,"[{'days': 'Tu', 'startTime': '16:30', 'endTime': '17:20', 'campus': 'Burnaby'}]",,3.0
BISC 204,D102,fall,2026,"BISC 101 and 102, both with a minimum grade of C-.",BISC 101,False,"[{'days': 'Tu', 'startTime': '17:30', 'endTime': '18:20', 'campus': 'Burnaby'}]",,3.0
BISC 204,D103,fall,2026,"BISC 101 and 102, both with a minimum grade of C-.",BISC 101,False,"[{'days': 'We', 'startTime': '14:30', 'endTime': '15:20', 'campus': 'Burnaby'}]",,3.0
BISC 204,D104,fall,2026,"BISC 101 and 102, both with a minimum grade of C-.",BISC 101,False,"[{'days': 'We', 'startTime': '15:30', 'endTime': '16:20', 'campus': 'Burnaby'}]",,3.0
BISC 204,D105,fall,2026,"BISC 101 and 102, both with a minimum grade of C-.",BISC 101,False,"[{'days': 'Th', 'startTime': '15:30', 'endTime': '16:20', 'campus': 'Burnaby'}]",,3.0
BISC 205,D100,fall,2026,"BISC 101, BISC 102, and PHYS 101, all with a minimum grade of C-.",BISC 101;BISC 102;PHYS 101,False,"[{'days': 'Mo, We, Fr', 'startTime': '9:30', 'endTime': '10:20', 'campus': 'Burnaby'}]",Onkar Bains,3.0
BISC 205,D101,fall,2026,"BISC 101, BISC 102, and PHYS 101, all with a minimum grade of C-.",BISC 101;BISC 102;PHYS 101,False,"[{'days': 'Mo', 'startTime': '14:30', 'endTime': '15:20', 'campus': 'Burnaby'}]",,3.0
BISC 205,D102,fall,2026,"BISC 101, BISC 102, and PHYS 101, all with a minimum grade of C-.",BISC 101;BISC 102;PHYS 101,False,"[{'days': 'Mo', 'startTime': '15:30', 'endTime': '16:20', 'campus': 'Burnaby'}]",,3.0
BISC 205,D103,fall,2026,"BISC 101, BISC 102, and PHYS 101, all with a minimum grade of C-.",BISC 101;BISC 102;PHYS 101,False,"[{'days': 'Mo', 'startTime': '16:30', 'endTime': '17:20', 'campus': 'Burnaby'}]",,3.0
BISC 205,D104,fall,2026,"BISC 101, BISC 102, and PHYS 101, all with a minimum grade of C-.",BISC 101;BISC 102;PHYS 101,False,"[{'days': 'We', 'startTime': '14:30', 'endTime': '15:20', 'campus': 'Burnaby'}]",,3.0
BISC 298,D001,fall,2026,,,False,[],,3.0
BISC 298,D002,fall,2026,,,False,[],,3.0
BISC 298,D003,fall,2026,,,False,[],,3.0
BISC 298,D004,fall,2026,,,False,[],,3.0
BISC 298,D005,fall,2026,,,False,[],,3.0
BISC 300,D100,fall,2026,BISC 202 with a minimum grade of C-. Recommended: BISC 204.,BISC 202,False,"[{'days': 'Mo, We', 'startTime': '12:30', 'endTime': '13:20', 'campus': 'Burnaby'}, {'days': 'Fr', 'startTime': '12:30', 'endTime': '13:20', 'campus': 'Burnaby'}]",Arne Mooers,3.0
BISC 300,D101,fall,2026,BISC 202 with a minimum grade of C-. Recommended: BISC 204.,BISC 202,False,"[{'days': 'Mo', 'startTime': '13:30', 'endTime': '14:20', 'campus': 'Burnaby'}]",,3.0
BISC 300,D104,fall,2026,BISC 202 with a minimum grade of C-. Recommended: BISC 204.,BISC 202,False,"[{'days': 'We', 'startTime': '13:30', 'endTime': '14:20', 'campus': 'Burnaby'}]",,3.0
BISC 300,D105,fall,2026,BISC 202 with a minimum grade of C-. Recommended: BISC 204.,BISC 202,False,"[{'days': 'We', 'startTime': '14:30', 'endTime': '15:20', 'campus': 'Burnaby'}]",,3.0
BISC 303,D100,fall,2026,"BISC 102, MBB 222, and MBB 231, all with a minimum grade of C-.",BISC 102;MBB 222;MBB 231,False,"[{'days': 'Tu, Th', 'startTime': '9:30', 'endTime': '10:20', 'campus': 'Burnaby'}]",Julian Guttman;Peter Hollmann,4.0
BISC 303,LAB1,fall,2026,"BISC 102, MBB 222, and MBB 231, all with a minimum grade of C-.",BISC 102;MBB 222;MBB 231,False,"[{'days': 'Tu', 'startTime': '10:30', 'endTime': '12:20', 'campus': 'Burnaby'}, {'days': 'Th', 'startTime': '10:30', 'endTime': '12:20', 'campus': 'Burnaby'}]",Peter Hollmann,4.0
BISC 303,LAB2,fall,2026,"BISC 102, MBB 222, and MBB 231, all with a minimum grade of C-.",BISC 102;MBB 222;MBB 231,False,"[{'days': 'Tu', 'startTime': '13:30', 'endTime': '15:20', 'campus': 'Burnaby'}, {'days': 'Th', 'startTime': '13:30', 'endTime': '15:20', 'campus': 'Burnaby'}]",Peter Hollmann,4.0
BISC 303,LAB3,fall,2026,"BISC 102, MBB 222, and MBB 231, all with a minimum grade of C-.",BISC 102;MBB 222;MBB 231,False,"[{'days': 'Tu', 'startTime': '15:30', 'endTime': '17:20', 'campus': 'Burnaby'}, {'days': 'Th', 'startTime': '15:30', 'endTime': '17:20', 'campus': 'Burnaby'}]",Peter Hollmann,4.0
BISC 308,D100,fall,2026,"BISC 101, 102, and (BISC 204 or GEOG 215 or REM 211), all with a minimum grade of C-.",BISC 101;BISC 204;GEOG 215;REM 211,False,"[{'days': 'Tu', 'startTime': '8:30', 'endTime': '10:20', 'campus': 'Burnaby'}, {'days': 'Th', 'startTime': '8:30', 'endTime': '9:20', 'campus': 'Burnaby'}]",Vicki Marlatt,3.0
BISC 308,D101,fall,2026,"BISC 101, 102, and (BISC 204 or GEOG 215 or REM 211), all with a minimum grade of C-.",BISC 101;BISC 204;GEOG 215;REM 211,False,"[{'days': 'Mo', 'startTime': '14:30', 'endTime': '15:20', 'campus': 'Burnaby'}]",,3.0
BISC 308,D102,fall,2026,"BISC 101, 102, and (BISC 204 or GEOG 215 or REM 211), all with a minimum grade of C-.",BISC 101;BISC 204;GEOG 215;REM 211,False,"[{'days': 'Mo', 'startTime': '15:30', 'endTime': '16:20', 'campus': 'Burnaby'}]",,3.0
BISC 308,D103,fall,2026,"BISC 101, 102, and (BISC 204 or GEOG 215 or REM 211), all with a minimum grade of C-.",BISC 101;BISC 204;GEOG 215;REM 211,False,"[{'days': 'Mo', 'startTime': '16:30', 'endTime': '17:20', 'campus': 'Burnaby'}]",,3.0
BISC 308,D104,fall,2026,"BISC 101, 102, and (BISC 204 or GEOG 215 or REM 211), all with a minimum grade of C-.",BISC 101;BISC 204;GEOG 215;REM 211,False,"[{'days': 'Mo', 'startTime': '17:30', 'endTime': '18:20', 'campus': 'Burnaby'}]",,3.0
BISC 316,D100,fall,2026,"BISC 101 and 102, both with a minimum grade of C-.",BISC 101,False,"[{'days': 'Mo, We, Fr', 'startTime': '8:30', 'endTime': '9:20', 'campus': 'Burnaby'}]",Erin Barley;Tegan Williams,4.0
BISC 316,LAB1,fall,2026,"BISC 101 and 102, both with a minimum grade of C-.",BISC 101,False,"[{'days': 'Tu', 'startTime': '13:30', 'endTime': '17:20', 'campus': 'Burnaby'}]",Tegan Williams,4.0
BISC 316,LAB2,fall,2026,"BISC 101 and 102, both with a minimum grade of C-.",BISC 101,False,"[{'days': 'We', 'startTime': '13:30', 'endTime': '17:20', 'campus': 'Burnaby'}]",Tegan Williams,4.0
BISC 316,LAB3,fall,2026,"BISC 101 and 102, both with a minimum grade of C-.",BISC 101,False,"[{'days': 'Th', 'startTime': '13:30', 'endTime': '17:20', 'campus': 'Burnaby'}]",Tegan Williams,4.0
BISC 316,LAB4,fall,2026,"BISC 101 and 102, both with a minimum grade of C-.",BISC 101,False,"[{'days': 'Fr', 'startTime': '13:30', 'endTime': '17:20', 'campus': 'Burnaby'}]",Tegan Williams,4.0
BISC 328,D100,fall,2026,"BISC 101 and 102, both with a minimum grade of C-. Recommended: BISC 204.",BISC 101,False,"[{'days': 'Mo', 'startTime': '10:30', 'endTime': '12:20', 'campus': 'Burnaby'}]",Zamir Punja;Elizabeth Steves,3.0
BISC 328,LAB1,fall,2026,"BISC 101 and 102, both with a minimum grade of C-. Recommended: BISC 204.",BISC 101,False,"[{'days': 'Tu', 'startTime': '14:30', 'endTime': '17:20', 'campus': 'Burnaby'}]",Elizabeth Steves,3.0
BISC 328,LAB2,fall,2026,"BISC 101 and 102, both with a minimum grade of C-. Recommended: BISC 204.",BISC 101,False,"[{'days': 'We', 'startTime': '14:30', 'endTime': '17:30', 'campus': 'Burnaby'}]",Elizabeth Steves,3.0
BISC 328,LAB3,fall,2026,"BISC 101 and 102, both with a minimum grade of C-. Recommended: BISC 204.",BISC 101,False,"[{'days': 'Th', 'startTime': '14:30', 'endTime': '17:20', 'campus': 'Burnaby'}]",Elizabeth Steves,3.0
BISC 328,LAB4,fall,2026,"BISC 101 and 102, both with a minimum grade of C-. Recommended: BISC 204.",BISC 101,False,"[{'days': 'Fr', 'startTime': '14:30', 'endTime': '17:20', 'campus': 'Burnaby'}]",Elizabeth Steves,3.0
BISC 341,D100,fall,2026,Acceptance in the Biological Sciences Co-operative Education Program.,,True,[],Susan Wiggins,3.0
BISC 341,D200,fall,2026,Acceptance in the Biological Sciences Co-operative Education Program.,,True,[],Susan Wiggins,3.0
BISC 341,I100,fall,2026,Acceptance in the Biological Sciences Co-operative Education Program.,,True,[],Susan Wiggins,3.0
BISC 342,D100,fall,2026,BISC 341 and readmission to the Science Co-op Education Program.,BISC 341,False,[],Susan Wiggins,3.0
BISC 342,D200,fall,2026,BISC 341 and readmission to the Science Co-op Education Program.,BISC 341,False,[],Susan Wiggins,3.0
BISC 342,I100,fall,2026,BISC 341 and readmission to the Science Co-op Education Program.,BISC 341,False,[],Susan Wiggins,3.0
BISC 357,D100,fall,2026,"BISC 202, MBB 222, and MBB 231, all with a minimum grade of C-. Recommended: MBB 331.",BISC 202;MBB 222;MBB 231,False,"[{'days': 'Mo, We, Fr', 'startTime': '10:30', 'endTime': '11:20', 'campus': 'Burnaby'}]",Kathleen Fitzpatrick,4.0
BISC 357,LAB1,fall,2026,"BISC 202, MBB 222, and MBB 231, all with a minimum grade of C-. Recommended: MBB 331.",BISC 202;MBB 222;MBB 231,False,"[{'days': 'Tu', 'startTime': '13:30', 'endTime': '17:20', 'campus': 'Burnaby'}]",Kathleen Fitzpatrick,4.0
BISC 357,LAB2,fall,2026,"BISC 202, MBB 222, and MBB 231, all with a minimum grade of C-. Recommended: MBB 331.",BISC 202;MBB 222;MBB 231,False,"[{'days': 'We', 'startTime': '13:30', 'endTime': '17:20', 'campus': 'Burnaby'}]",Kathleen Fitzpatrick,4.0
BISC 357,LAB3,fall,2026,"BISC 202, MBB 222, and MBB 231, all with a minimum grade of C-. Recommended: MBB 331.",BISC 202;MBB 222;MBB 231,False,"[{'days': 'Th', 'startTime': '13:30', 'endTime': '17:20', 'campus': 'Burnaby'}]",Kathleen Fitzpatrick,4.0
BISC 357,LAB4,fall,2026,"BISC 202, MBB 222, and MBB 231, all with a minimum grade of C-. Recommended: MBB 331.",BISC 202;MBB 222;MBB 231,False,"[{'days': 'Fr', 'startTime': '13:30', 'endTime': '17:20', 'campus': 'Burnaby'}]",Kathleen Fitzpatrick,4.0
BISC 360W,D100,fall,2026,"BISC 202, (BISC 204 or GEOG 215 or REM 211), and STAT 201, all with a minimum grade of C-.",BISC 202;BISC 204;GEOG 215;REM 211;STAT 201,False,"[{'days': 'Tu', 'startTime': '14:30', 'endTime': '16:20', 'campus': 'Burnaby'}]",Chelsea Little;Erin Barley,4.0
BISC 360W,LAB1,fall,2026,"BISC 202, (BISC 204 or GEOG 215 or REM 211), and STAT 201, all with a minimum grade of C-.",BISC 202;BISC 204;GEOG 215;REM 211;STAT 201,False,"[{'days': 'Th', 'startTime': '13:30', 'endTime': '17:20', 'campus': 'Burnaby'}]",Erin Barley,4.0
BISC 360W,LAB2,fall,2026,"BISC 202, (BISC 204 or GEOG 215 or REM 211), and STAT 201, all with a minimum grade of C-.",BISC 202;BISC 204;GEOG 215;REM 211;STAT 201,False,"[{'days': 'Fr', 'startTime': '13:30', 'endTime': '17:20', 'campus': 'Burnaby'}]",Erin Barley,4.0
BISC 366,D100,fall,2026,"BISC 205 and MBB 231, both with a minimum grade of C-.",BISC 205;MBB 231,False,"[{'days': 'Mo, We, Fr', 'startTime': '9:30', 'endTime': '10:20', 'campus': 'Burnaby'}]",Jim Mattsson,3.0
BISC 366,D101,fall,2026,"BISC 205 and MBB 231, both with a minimum grade of C-.",BISC 205;MBB 231,False,"[{'days': 'Mo', 'startTime': '14:30', 'endTime': '15:20', 'campus': 'Burnaby'}]",,3.0
BISC 366,D102,fall,2026,"BISC 205 and MBB 231, both with a minimum grade of C-.",BISC 205;MBB 231,False,"[{'days': 'Mo', 'startTime': '15:30', 'endTime': '16:20', 'campus': 'Burnaby'}]",,3.0
BISC 366,D103,fall,2026,"BISC 205 and MBB 231, both with a minimum grade of C-.",BISC 205;MBB 231,False,"[{'days': 'Mo', 'startTime': '16:30', 'endTime': '17:20', 'campus': 'Burnaby'}]",,3.0
BISC 425,D100,fall,2026,"(BISC 205 or BPK 205) and MBB 231, both with a minimum grade of C-.",BISC 205;BPK 205;MBB 231,False,"[{'days': 'Tu', 'startTime': '11:30', 'endTime': '13:20', 'campus': 'Burnaby'}, {'days': 'Th', 'startTime': '11:30', 'endTime': '12:20', 'campus': 'Burnaby'}]",Inigo Novales Flamarique,3.0
BISC 441,D100,fall,2026,"BISC 202 or 204 or (BISC 101, BISC 102, and REM 211), all with a minimum grade of C-. Recommended: BISC 300.",BISC 202;BISC 101;BISC 102;REM 211,False,"[{'days': 'Mo, We, Fr', 'startTime': '12:30', 'endTime': '13:20', 'campus': 'Burnaby'}]",Bernard Crespi,3.0
BISC 443,D100,fall,2026,BISC 342 and readmission to the Science Co-op Education Program.,BISC 342,False,[],Susan Wiggins,3.0
BISC 443,D200,fall,2026,BISC 342 and readmission to the Science Co-op Education Program.,BISC 342,False,[],Susan Wiggins,3.0
BISC 443,I100,fall,2026,BISC 342 and readmission to the Science Co-op Education Program.,BISC 342,False,[],Susan Wiggins,3.0
BISC 444,D100,fall,2026,BISC 443 and re-admission to the science co-operative education program.,BISC 443,False,[],Susan Wiggins,3.0
BISC 444,D200,fall,2026,BISC 443 and re-admission to the science co-operative education program.,BISC 443,False,[],Susan Wiggins,3.0
BISC 444,I100,fall,2026,BISC 443 and re-admission to the science co-operative education program.,BISC 443,False,[],Susan Wiggins,3.0
BISC 446,D100,fall,2026,BISC 444 and readmission to the Science Co-op Education Program.,BISC 444,False,[],Susan Wiggins,3.0
BISC 446,D200,fall,2026,BISC 444 and readmission to the Science Co-op Education Program.,BISC 444,False,[],Susan Wiggins,3.0
BISC 446,I100,fall,2026,BISC 444 and readmission to the Science Co-op Education Program.,BISC 444,False,[],Susan Wiggins,3.0
BISC 450,D100,fall,2026,"BISC 101, BISC 102, and BISC 205, all with a minimum grade of C-.",BISC 101;BISC 102;BISC 205,False,"[{'days': 'Tu', 'startTime': '13:30', 'endTime': '14:20', 'campus': 'Burnaby'}, {'days': 'Th', 'startTime': '12:30', 'endTime': '14:20', 'campus': 'Burnaby'}]",Tanya Brown,3.0
BISC 450,D101,fall,2026,"BISC 101, BISC 102, and BISC 205, all with a minimum grade of C-.",BISC 101;BISC 102;BISC 205,False,"[{'days': 'Mo', 'startTime': '14:30', 'endTime': '15:20', 'campus': 'Burnaby'}]",,3.0
BISC 450,D102,fall,2026,"BISC 101, BISC 102, and BISC 205, all with a minimum grade of C-.",BISC 101;BISC 102;BISC 205,False,"[{'days': 'Mo', 'startTime': '15:30', 'endTime': '16:20', 'campus': 'Burnaby'}]",,3.0
BISC 450,D103,fall,2026,"BISC 101, BISC 102, and BISC 205, all with a minimum grade of C-.",BISC 101;BISC 102;BISC 205,False,"[{'days': 'Mo', 'startTime': '16:30', 'endTime': '17:20', 'campus': 'Burnaby'}]",,3.0
BISC 471,D100,fall,2026,To be announced.,,False,"[{'days': 'Mo', 'startTime': '16:30', 'endTime': '18:20', 'campus': 'Burnaby'}, {'days': 'We', 'startTime': '16:30', 'endTime': '17:20', 'campus': 'Burnaby'}]",Sherryl Bisgrove,3.0
BISC 490,D001,fall,2026,"Completion of all lower division biological sciences courses, plus upper division BISC courses appropriate to the subject of the intended research as determined by the departmental undergraduate curriculum committee; completion of all physics, chemistry and mathematics requirements for the major or honours program.",,False,[],,5.0
BISC 490,D002,fall,2026,"Completion of all lower division biological sciences courses, plus upper division BISC courses appropriate to the subject of the intended research as determined by the departmental undergraduate curriculum committee; completion of all physics, chemistry and mathematics requirements for the major or honours program.",,False,[],,5.0
BISC 490,D003,fall,2026,"Completion of all lower division biological sciences courses, plus upper division BISC courses appropriate to the subject of the intended research as determined by the departmental undergraduate curriculum committee; completion of all physics, chemistry and mathematics requirements for the major or honours program.",,False,[],,5.0
BISC 490,D004,fall,2026,"Completion of all lower division biological sciences courses, plus upper division BISC courses appropriate to the subject of the intended research as determined by the departmental undergraduate curriculum committee; completion of all physics, chemistry and mathematics requirements for the major or honours program.",,False,[],,5.0
BISC 490,D005,fall,2026,"Completion of all lower division biological sciences courses, plus upper division BISC courses appropriate to the subject of the intended research as determined by the departmental undergraduate curriculum committee; completion of all physics, chemistry and mathematics requirements for the major or honours program.",,False,[],,5.0
BISC 490,D006,fall,2026,"Completion of all lower division biological sciences courses, plus upper division BISC courses appropriate to the subject of the intended research as determined by the departmental undergraduate curriculum committee; completion of all physics, chemistry and mathematics requirements for the major or honours program.",,False,[],,5.0
BISC 491,D001,fall,2026,"Completion of all lower division biological sciences courses, plus upper division BISC courses appropriate to the subject of the intended research as determined by the departmental undergraduate curriculum committee; completion of all physics, chemistry and mathematics requirements for the major or honours program; at the time of application, students will normally have a CGPA of 3.00 (B standing). Corequisite: BISC 490 and 492.",BISC 490,False,[],Lisa Julian,5.0
BISC 491,D002,fall,2026,"Completion of all lower division biological sciences courses, plus upper division BISC courses appropriate to the subject of the intended research as determined by the departmental undergraduate curriculum committee; completion of all physics, chemistry and mathematics requirements for the major or honours program; at the time of application, students will normally have a CGPA of 3.00 (B standing). Corequisite: BISC 490 and 492.",BISC 490,False,[],,5.0
BISC 491,D003,fall,2026,"Completion of all lower division biological sciences courses, plus upper division BISC courses appropriate to the subject of the intended research as determined by the departmental undergraduate curriculum committee; completion of all physics, chemistry and mathematics requirements for the major or honours program; at the time of application, students will normally have a CGPA of 3.00 (B standing). Corequisite: BISC 490 and 492.",BISC 490,False,[],,5.0
BISC 491,D004,fall,2026,"Completion of all lower division biological sciences courses, plus upper division BISC courses appropriate to the subject of the intended research as determined by the departmental undergraduate curriculum committee; completion of all physics, chemistry and mathematics requirements for the major or honours program; at the time of application, students will normally have a CGPA of 3.00 (B standing). Corequisite: BISC 490 and 492.",BISC 490,False,[],,5.0
BISC 491,D005,fall,2026,"Completion of all lower division biological sciences courses, plus upper division BISC courses appropriate to the subject of the intended research as determined by the departmental undergraduate curriculum committee; completion of all physics, chemistry and mathematics requirements for the major or honours program; at the time of application, students will normally have a CGPA of 3.00 (B standing). Corequisite: BISC 490 and 492.",BISC 490,False,[],,5.0
BISC 491,D006,fall,2026,"Completion of all lower division biological sciences courses, plus upper division BISC courses appropriate to the subject of the intended research as determined by the departmental undergraduate curriculum committee; completion of all physics, chemistry and mathematics requirements for the major or honours program; at the time of application, students will normally have a CGPA of 3.00 (B standing). Corequisite: BISC 490 and 492.",BISC 490,False,[],,5.0
BISC 492W,D001,fall,2026,"Completion of all lower division biological sciences courses, plus upper division BISC courses appropriate to the subject of the intended research as determined by the departmental undergraduate curriculum committee; completion of all physics, chemistry and mathematics requirements for the major or honours program; at the time of application, students will normally have a CGPA of 3.00 (B standing). Corequisite: BISC 490 and BISC 491.",BISC 490;BISC 491,False,[],Lisa Julian,5.0
BISC 492W,D002,fall,2026,"Completion of all lower division biological sciences courses, plus upper division BISC courses appropriate to the subject of the intended research as determined by the departmental undergraduate curriculum committee; completion of all physics, chemistry and mathematics requirements for the major or honours program; at the time of application, students will normally have a CGPA of 3.00 (B standing). Corequisite: BISC 490 and BISC 491.",BISC 490;BISC 491,False,[],,5.0
BISC 492W,D003,fall,2026,"Completion of all lower division biological sciences courses, plus upper division BISC courses appropriate to the subject of the intended research as determined by the departmental undergraduate curriculum committee; completion of all physics, chemistry and mathematics requirements for the major or honours program; at the time of application, students will normally have a CGPA of 3.00 (B standing). Corequisite: BISC 490 and BISC 491.",BISC 490;BISC 491,False,[],,5.0
BISC 492W,D004,fall,2026,"Completion of all lower division biological sciences courses, plus upper division BISC courses appropriate to the subject of the intended research as determined by the departmental undergraduate curriculum committee; completion of all physics, chemistry and mathematics requirements for the major or honours program; at the time of application, students will normally have a CGPA of 3.00 (B standing). Corequisite: BISC 490 and BISC 491.",BISC 490;BISC 491,False,[],,5.0
BISC 492W,D005,fall,2026,"Completion of all lower division biological sciences courses, plus upper division BISC courses appropriate to the subject of the intended research as determined by the departmental undergraduate curriculum committee; completion of all physics, chemistry and mathematics requirements for the major or honours program; at the time of application, students will normally have a CGPA of 3.00 (B standing). Corequisite: BISC 490 and BISC 491.",BISC 490;BISC 491,False,[],,5.0
BISC 492W,D006,fall,2026,"Completion of all lower division biological sciences courses, plus upper division BISC courses appropriate to the subject of the intended research as determined by the departmental undergraduate curriculum committee; completion of all physics, chemistry and mathematics requirements for the major or honours program; at the time of application, students will normally have a CGPA of 3.00 (B standing). Corequisite: BISC 490 and BISC 491.",BISC 490;BISC 491,False,[],,5.0
BISC 497W,D001,fall,2026,Completion of lower division course requirements.,,False,[],Gordon Rintoul,3.0
BISC 497W,D002,fall,2026,Completion of lower division course requirements.,,False,[],,3.0
BISC 497W,D003,fall,2026,Completion of lower division course requirements.,,False,[],,3.0
BISC 497W,D004,fall,2026,Completion of lower division course requirements.,,False,[],,3.0
BISC 497W,D005,fall,2026,Completion of lower division course requirements.,,False,[],,3.0
BISC 497W,D006,fall,2026,Completion of lower division course requirements.,,False,[],,3.0
BISC 497W,D007,fall,2026,Completion of lower division course requirements.,,False,[],,3.0
BISC 497W,D008,fall,2026,Completion of lower division course requirements.,,False,[],,3.0
BISC 497W,D009,fall,2026,Completion of lower division course requirements.,,False,[],,3.0
BISC 497W,D010,fall,2026,Completion of lower division course requirements.,,False,[],,3.0
BISC 498,D001,fall,2026,Completion of lower division course requirements.,,False,[],Melissa Chen,3.0
BISC 498,D002,fall,2026,Completion of lower division course requirements.,,False,[],Inigo Novales Flamarique,3.0
BISC 498,D003,fall,2026,Completion of lower division course requirements.,,False,[],Timothy Audas,3.0
BISC 498,D004,fall,2026,Completion of lower division course requirements.,,False,[],Harald Hutter,3.0
BISC 498,D005,fall,2026,Completion of lower division course requirements.,,False,[],Julian Christians,3.0
BISC 498,D006,fall,2026,Completion of lower division course requirements.,,False,[],Zamir Punja,3.0
BISC 498,D007,fall,2026,Completion of lower division course requirements.,,False,[],Jonathan Moore,3.0
BISC 498,D008,fall,2026,Completion of lower division course requirements.,,False,[],Chris Kennedy,3.0
BISC 498,D009,fall,2026,Completion of lower division course requirements.,,False,[],,3.0
BISC 498,D010,fall,2026,Completion of lower division course requirements.,,False,[],,3.0
BISC 498,D011,fall,2026,Completion of lower division course requirements.,,False,[],,3.0
BISC 498,D012,fall,2026,Completion of lower division course requirements.,,False,[],,3.0
BISC 498,D013,fall,2026,Completion of lower division course requirements.,,False,[],,3.0
BISC 498,D014,fall,2026,Completion of lower division course requirements.,,False,[],,3.0
BISC 498,D015,fall,2026,Completion of lower division course requirements.,,False,[],,3.0
BISC 499,D001,fall,2026,Completion of lower division course requirements.,,False,[],Nick Dulvy,3.0
BISC 499,D002,fall,2026,Completion of lower division course requirements.,,False,[],Melissa Chen,3.0
BISC 499,D003,fall,2026,Completion of lower division course requirements.,,False,[],Jane Fowler,3.0
BISC 499,D004,fall,2026,Completion of lower division course requirements.,,False,[],,3.0
BISC 499,D005,fall,2026,Completion of lower division course requirements.,,False,[],,3.0
BISC 499,D006,fall,2026,Completion of lower division course requirements.,,False,[],,3.0
BISC 499,D007,fall,2026,Completion of lower division course requirements.,,False,[],,3.0
BISC 499,D008,fall,2026,Completion of lower division course requirements.,,False,[],,3.0
BISC 499,D009,fall,2026,Completion of lower division course requirements.,,False,[],,3.0
BISC 499,D010,fall,2026,Completion of lower division course requirements.,,False,[],,3.0
BISC 650,G100,fall,2026,BISC 313.,BISC 313,False,[],Tara Leigh Siemens,3.0
BISC 651,G100,fall,2026,BISC 313.,BISC 313,False,[],Chris Kennedy;Blair McDonald,3.0
BISC 656,G100,fall,2026,Acceptance into the environmental toxicology program.,,False,[],,10.0
BISC 656,G200,fall,2026,Acceptance into the environmental toxicology program.,,False,[],,10.0
BISC 800,G100,fall,2026,,,False,[],Mike Hart,1.0
BISC 831,G100,fall,2026,,,False,[],Mike Hart,1.0
BISC 832,G100,fall,2026,,,False,[],Mike Hart,1.0
BISC 833,G100,fall,2026,,,False,[],Mike Hart,1.0
BISC 849,G100,fall,2026,,,False,[],,18.0
BISC 849,G200,fall,2026,,,False,[],,18.0
BISC 855,G100,fall,2026,BISC 313.,BISC 313,False,[],Chris Kennedy,3.0
BISC 859,G100,fall,2026,,,False,"[{'days': 'Mo', 'startTime': '16:30', 'endTime': '18:20', 'campus': 'Burnaby'}, {'days': 'We', 'startTime': '16:30', 'endTime': '17:20', 'campus': 'Burnaby'}]",Sherryl Bisgrove,3.0
BISC 880,G100,fall,2026,,,False,"[{'days': 'Mo, We, Fr', 'startTime': '12:30', 'endTime': '13:20', 'campus': 'Burnaby'}]",Bernard Crespi,3.0
BISC 883,G100,fall,2026,,,False,"[{'days': 'Tu', 'startTime': '13:30', 'endTime': '14:20', 'campus': 'Burnaby'}, {'days': 'Th', 'startTime': '12:30', 'endTime': '14:20', 'campus': 'Burnaby'}]",Tanya Brown,3.0
BISC 888,G100,fall,2026,,,False,[],,1.0
BISC 889,G100,fall,2026,,,False,[],,2.0
BISC 890,G100,fall,2026,,,False,[],,3.0
BISC 892,G100,fall,2026,,,False,[],,
BISC 898,G100,fall,2026,,,False,[],,18.0
BISC 898,G200,fall,2026,,,False,[],,18.0
BISC 899,G100,fall,2026,,,False,[],,18.0
BISC 899,G200,fall,2026,,,False,[],,18.0
BPK 105,OL01,fall,2026,"Recommended: Grade 11 Biology, Chemistry and Physics.",,False,[],Ryan Peter Dill,3.0
BPK 110,D100,fall,2026,,,False,"[{'days': 'Tu', 'startTime': '14:30', 'endTime': '16:20', 'campus': 'Burnaby'}]",Diana Bedoya,3.0
BPK 110,D101,fall,2026,,,False,"[{'days': 'Tu', 'startTime': '16:30', 'endTime': '17:20', 'campus': 'Burnaby'}]",,3.0
BPK 110,D102,fall,2026,,,False,"[{'days': 'Th', 'startTime': '12:30', 'endTime': '13:20', 'campus': 'Burnaby'}]",,3.0
BPK 110,D103,fall,2026,,,False,"[{'days': 'We', 'startTime': '11:30', 'endTime': '12:20', 'campus': 'Burnaby'}]",,3.0
BPK 110,D104,fall,2026,,,False,"[{'days': 'We', 'startTime': '12:30', 'endTime': '13:20', 'campus': 'Burnaby'}]",,3.0
BPK 110,D105,fall,2026,,,False,"[{'days': 'We', 'startTime': '13:30', 'endTime': '14:20', 'campus': 'Burnaby'}]",,3.0
BPK 110,D106,fall,2026,,,False,"[{'days': 'Th', 'startTime': '13:30', 'endTime': '14:20', 'campus': 'Burnaby'}]",,3.0
BPK 110,OL01,fall,2026,,,False,[],Diana Bedoya,3.0
BPK 140,D100,fall,2026,,,False,"[{'days': 'Th', 'startTime': '8:30', 'endTime': '10:20', 'campus': 'Burnaby'}]",,3.0
BPK 140,D101,fall,2026,,,False,"[{'days': 'Th', 'startTime': '10:30', 'endTime': '11:20', 'campus': 'Burnaby'}]",,3.0
BPK 140,D102,fall,2026,,,False,"[{'days': 'Th', 'startTime': '11:30', 'endTime': '12:20', 'campus': 'Burnaby'}]",,3.0
BPK 140,D103,fall,2026,,,False,"[{'days': 'Th', 'startTime': '12:30', 'endTime': '13:20', 'campus': 'Burnaby'}]",,3.0
BPK 140,D104,fall,2026,,,False,"[{'days': 'Th', 'startTime': '13:30', 'endTime': '14:20', 'campus': 'Burnaby'}]",,3.0
BPK 140,D105,fall,2026,,,False,"[{'days': 'Th', 'startTime': '14:30', 'endTime': '15:20', 'campus': 'Burnaby'}]",,3.0
BPK 140,OL01,fall,2026,,,False,[],Yuen-Fung Ng,3.0
BPK 141,OL01,fall,2026,,,False,[],Carmen Bott,3.0
BPK 142,D100,fall,2026,"One of Grade 12 Anatomy and Physiology, Biology, Chemistry or Physics with a grade of B or better; or one of BPK 105, BPK 110, BPK 143, BISC 100, BISC 113 or HSCI 100 with a grade of C or better.",BPK 105;BPK 110;BPK 143;BISC 100;BISC 113;HSCI 100,False,"[{'days': 'Tu', 'startTime': '8:30', 'endTime': '10:20', 'campus': 'Burnaby'}]",Jim Carter,3.0
BPK 142,D101,fall,2026,"One of Grade 12 Anatomy and Physiology, Biology, Chemistry or Physics with a grade of B or better; or one of BPK 105, BPK 110, BPK 143, BISC 100, BISC 113 or HSCI 100 with a grade of C or better.",BPK 105;BPK 110;BPK 143;BISC 100;BISC 113;HSCI 100,False,"[{'days': 'We', 'startTime': '8:30', 'endTime': '10:20', 'campus': 'Burnaby'}]",,3.0
BPK 142,D102,fall,2026,"One of Grade 12 Anatomy and Physiology, Biology, Chemistry or Physics with a grade of B or better; or one of BPK 105, BPK 110, BPK 143, BISC 100, BISC 113 or HSCI 100 with a grade of C or better.",BPK 105;BPK 110;BPK 143;BISC 100;BISC 113;HSCI 100,False,"[{'days': 'We', 'startTime': '10:30', 'endTime': '12:20', 'campus': 'Burnaby'}]",,3.0
BPK 142,D103,fall,2026,"One of Grade 12 Anatomy and Physiology, Biology, Chemistry or Physics with a grade of B or better; or one of BPK 105, BPK 110, BPK 143, BISC 100, BISC 113 or HSCI 100 with a grade of C or better.",BPK 105;BPK 110;BPK 143;BISC 100;BISC 113;HSCI 100,False,"[{'days': 'We', 'startTime': '13:30', 'endTime': '15:20', 'campus': 'Burnaby'}]",,3.0
BPK 142,D104,fall,2026,"One of Grade 12 Anatomy and Physiology, Biology, Chemistry or Physics with a grade of B or better; or one of BPK 105, BPK 110, BPK 143, BISC 100, BISC 113 or HSCI 100 with a grade of C or better.",BPK 105;BPK 110;BPK 143;BISC 100;BISC 113;HSCI 100,False,"[{'days': 'We', 'startTime': '15:30', 'endTime': '17:20', 'campus': 'Burnaby'}]",,3.0
BPK 142,D105,fall,2026,"One of Grade 12 Anatomy and Physiology, Biology, Chemistry or Physics with a grade of B or better; or one of BPK 105, BPK 110, BPK 143, BISC 100, BISC 113 or HSCI 100 with a grade of C or better.",BPK 105;BPK 110;BPK 143;BISC 100;BISC 113;HSCI 100,False,"[{'days': 'Th', 'startTime': '8:30', 'endTime': '10:20', 'campus': 'Burnaby'}]",,3.0
BPK 142,D106,fall,2026,"One of Grade 12 Anatomy and Physiology, Biology, Chemistry or Physics with a grade of B or better; or one of BPK 105, BPK 110, BPK 143, BISC 100, BISC 113 or HSCI 100 with a grade of C or better.",BPK 105;BPK 110;BPK 143;BISC 100;BISC 113;HSCI 100,False,"[{'days': 'Th', 'startTime': '10:30', 'endTime': '12:20', 'campus': 'Burnaby'}]",,3.0
BPK 142,D107,fall,2026,"One of Grade 12 Anatomy and Physiology, Biology, Chemistry or Physics with a grade of B or better; or one of BPK 105, BPK 110, BPK 143, BISC 100, BISC 113 or HSCI 100 with a grade of C or better.",BPK 105;BPK 110;BPK 143;BISC 100;BISC 113;HSCI 100,False,"[{'days': 'Th', 'startTime': '13:30', 'endTime': '15:20', 'campus': 'Burnaby'}]",,3.0
BPK 142,D108,fall,2026,"One of Grade 12 Anatomy and Physiology, Biology, Chemistry or Physics with a grade of B or better; or one of BPK 105, BPK 110, BPK 143, BISC 100, BISC 113 or HSCI 100 with a grade of C or better.",BPK 105;BPK 110;BPK 143;BISC 100;BISC 113;HSCI 100,False,"[{'days': 'Th', 'startTime': '15:30', 'endTime': '17:20', 'campus': 'Burnaby'}]",,3.0
BPK 142,D109,fall,2026,"One of Grade 12 Anatomy and Physiology, Biology, Chemistry or Physics with a grade of B or better; or one of BPK 105, BPK 110, BPK 143, BISC 100, BISC 113 or HSCI 100 with a grade of C or better.",BPK 105;BPK 110;BPK 143;BISC 100;BISC 113;HSCI 100,False,"[{'days': 'Fr', 'startTime': '8:30', 'endTime': '10:20', 'campus': 'Burnaby'}]",,3.0
BPK 142,D110,fall,2026,"One of Grade 12 Anatomy and Physiology, Biology, Chemistry or Physics with a grade of B or better; or one of BPK 105, BPK 110, BPK 143, BISC 100, BISC 113 or HSCI 100 with a grade of C or better.",BPK 105;BPK 110;BPK 143;BISC 100;BISC 113;HSCI 100,False,"[{'days': 'Fr', 'startTime': '10:30', 'endTime': '12:20', 'campus': 'Burnaby'}]",,3.0
BPK 142,D111,fall,2026,"One of Grade 12 Anatomy and Physiology, Biology, Chemistry or Physics with a grade of B or better; or one of BPK 105, BPK 110, BPK 143, BISC 100, BISC 113 or HSCI 100 with a grade of C or better.",BPK 105;BPK 110;BPK 143;BISC 100;BISC 113;HSCI 100,False,"[{'days': 'Fr', 'startTime': '13:30', 'endTime': '15:20', 'campus': 'Burnaby'}]",,3.0
BPK 142,D112,fall,2026,"One of Grade 12 Anatomy and Physiology, Biology, Chemistry or Physics with a grade of B or better; or one of BPK 105, BPK 110, BPK 143, BISC 100, BISC 113 or HSCI 100 with a grade of C or better.",BPK 105;BPK 110;BPK 143;BISC 100;BISC 113;HSCI 100,False,"[{'days': 'Fr', 'startTime': '15:30', 'endTime': '17:20', 'campus': 'Burnaby'}]",,3.0
BPK 143,D100,fall,2026,Recommended: Medical clearance from a personal physician.,,False,"[{'days': 'Mo, We', 'startTime': '11:30', 'endTime': '12:20', 'campus': 'Burnaby'}]",Liane Jean,3.0
BPK 143,D101,fall,2026,Recommended: Medical clearance from a personal physician.,,False,"[{'days': 'Mo, We', 'startTime': '13:30', 'endTime': '14:20', 'campus': 'Burnaby'}]",,3.0
BPK 143,D102,fall,2026,Recommended: Medical clearance from a personal physician.,,False,"[{'days': 'Mo, We', 'startTime': '14:30', 'endTime': '15:20', 'campus': 'Burnaby'}]",,3.0
BPK 143,D103,fall,2026,Recommended: Medical clearance from a personal physician.,,False,"[{'days': 'Mo, We', 'startTime': '15:30', 'endTime': '16:20', 'campus': 'Burnaby'}]",,3.0
BPK 201,D100,fall,2026,"MATH 150, 151 or 154, MATH 152 or 155 (may be taken concurrently), PHYS 101 (or 120 or 125 or 140), BPK 142.",MATH 150;MATH 152;PHYS 101;BPK 142,False,"[{'days': 'Mo', 'startTime': '12:30', 'endTime': '14:20', 'campus': 'Burnaby'}, {'days': 'We', 'startTime': '12:30', 'endTime': '13:20', 'campus': 'Burnaby'}]",Maxwell Donelan,3.0
BPK 201,D101,fall,2026,"MATH 150, 151 or 154, MATH 152 or 155 (may be taken concurrently), PHYS 101 (or 120 or 125 or 140), BPK 142.",MATH 150;MATH 152;PHYS 101;BPK 142,False,"[{'days': 'Th', 'startTime': '9:30', 'endTime': '10:20', 'campus': 'Burnaby'}]",,3.0
BPK 201,D102,fall,2026,"MATH 150, 151 or 154, MATH 152 or 155 (may be taken concurrently), PHYS 101 (or 120 or 125 or 140), BPK 142.",MATH 150;MATH 152;PHYS 101;BPK 142,False,"[{'days': 'Th', 'startTime': '10:30', 'endTime': '11:20', 'campus': 'Burnaby'}]",,3.0
BPK 201,D103,fall,2026,"MATH 150, 151 or 154, MATH 152 or 155 (may be taken concurrently), PHYS 101 (or 120 or 125 or 140), BPK 142.",MATH 150;MATH 152;PHYS 101;BPK 142,False,"[{'days': 'Th', 'startTime': '11:30', 'endTime': '12:20', 'campus': 'Burnaby'}]",,3.0
BPK 201,D104,fall,2026,"MATH 150, 151 or 154, MATH 152 or 155 (may be taken concurrently), PHYS 101 (or 120 or 125 or 140), BPK 142.",MATH 150;MATH 152;PHYS 101;BPK 142,False,"[{'days': 'Th', 'startTime': '13:30', 'endTime': '14:20', 'campus': 'Burnaby'}]",,3.0
BPK 201,D105,fall,2026,"MATH 150, 151 or 154, MATH 152 or 155 (may be taken concurrently), PHYS 101 (or 120 or 125 or 140), BPK 142.",MATH 150;MATH 152;PHYS 101;BPK 142,False,"[{'days': 'Th', 'startTime': '14:30', 'endTime': '15:20', 'campus': 'Burnaby'}]",,3.0
BPK 201,D106,fall,2026,"MATH 150, 151 or 154, MATH 152 or 155 (may be taken concurrently), PHYS 101 (or 120 or 125 or 140), BPK 142.",MATH 150;MATH 152;PHYS 101;BPK 142,False,"[{'days': 'Th', 'startTime': '15:30', 'endTime': '16:20', 'campus': 'Burnaby'}]",,3.0
BPK 205,D100,fall,2026,"BISC 101, CHEM 281, PHYS 101 and 102.",BISC 101;CHEM 281;PHYS 101,False,"[{'days': 'Mo, We, Fr', 'startTime': '9:30', 'endTime': '10:20', 'campus': 'Burnaby'}]",,3.0
BPK 205,D101,fall,2026,"BISC 101, CHEM 281, PHYS 101 and 102.",BISC 101;CHEM 281;PHYS 101,False,"[{'days': 'We', 'startTime': '14:30', 'endTime': '15:20', 'campus': 'Burnaby'}]",,3.0
BPK 205,D102,fall,2026,"BISC 101, CHEM 281, PHYS 101 and 102.",BISC 101;CHEM 281;PHYS 101,False,"[{'days': 'We', 'startTime': '15:30', 'endTime': '16:20', 'campus': 'Burnaby'}]",,3.0
BPK 205,D103,fall,2026,"BISC 101, CHEM 281, PHYS 101 and 102.",BISC 101;CHEM 281;PHYS 101,False,"[{'days': 'We', 'startTime': '16:30', 'endTime': '17:20', 'campus': 'Burnaby'}]",,3.0
BPK 205,D104,fall,2026,"BISC 101, CHEM 281, PHYS 101 and 102.",BISC 101;CHEM 281;PHYS 101,False,"[{'days': 'Fr', 'startTime': '14:30', 'endTime': '15:20', 'campus': 'Burnaby'}]",,3.0
BPK 205,D105,fall,2026,"BISC 101, CHEM 281, PHYS 101 and 102.",BISC 101;CHEM 281;PHYS 101,False,"[{'days': 'Fr', 'startTime': '15:30', 'endTime': '16:20', 'campus': 'Burnaby'}]",,3.0
BPK 205,D106,fall,2026,"BISC 101, CHEM 281, PHYS 101 and 102.",BISC 101;CHEM 281;PHYS 101,False,"[{'days': 'Fr', 'startTime': '16:30', 'endTime': '17:20', 'campus': 'Burnaby'}]",,3.0
BPK 207,D100,fall,2026,BPK 142.,BPK 142,False,"[{'days': 'Tu', 'startTime': '10:30', 'endTime': '12:20', 'campus': 'Burnaby'}, {'days': 'Fr', 'startTime': '10:30', 'endTime': '11:20', 'campus': 'Burnaby'}]",Gustavo Balbinot,3.0
BPK 207,D101,fall,2026,BPK 142.,BPK 142,False,"[{'days': 'Tu', 'startTime': '14:30', 'endTime': '15:20', 'campus': 'Burnaby'}]",,3.0
BPK 207,D102,fall,2026,BPK 142.,BPK 142,False,"[{'days': 'Tu', 'startTime': '15:30', 'endTime': '16:20', 'campus': 'Burnaby'}]",,3.0
BPK 207,D103,fall,2026,BPK 142.,BPK 142,False,"[{'days': 'Tu', 'startTime': '16:30', 'endTime': '17:20', 'campus': 'Burnaby'}]",,3.0
BPK 207,D104,fall,2026,BPK 142.,BPK 142,False,"[{'days': 'Fr', 'startTime': '11:30', 'endTime': '12:20', 'campus': 'Burnaby'}]",,3.0
BPK 207,D105,fall,2026,BPK 142.,BPK 142,False,"[{'days': 'Fr', 'startTime': '13:30', 'endTime': '14:20', 'campus': 'Burnaby'}]",,3.0
BPK 207,D106,fall,2026,BPK 142.,BPK 142,False,"[{'days': 'Fr', 'startTime': '14:30', 'endTime': '15:20', 'campus': 'Burnaby'}]",,3.0
BPK 207,D107,fall,2026,BPK 142.,BPK 142,False,"[{'days': 'Tu', 'startTime': '13:30', 'endTime': '14:20', 'campus': 'Burnaby'}]",,3.0
BPK 241,D100,fall,2026,BPK 142.,BPK 142,False,"[{'days': 'Tu', 'startTime': '8:30', 'endTime': '10:20', 'campus': 'Burnaby'}]",Kevin Lunnie,3.0
BPK 241,D101,fall,2026,BPK 142.,BPK 142,False,"[{'days': 'We', 'startTime': '8:30', 'endTime': '10:20', 'campus': 'Burnaby'}]",Kevin Lunnie,3.0
BPK 241,D102,fall,2026,BPK 142.,BPK 142,False,"[{'days': 'We', 'startTime': '10:30', 'endTime': '12:20', 'campus': 'Burnaby'}]",Kevin Lunnie,3.0
BPK 241,D103,fall,2026,BPK 142.,BPK 142,False,"[{'days': 'We', 'startTime': '13:30', 'endTime': '15:20', 'campus': 'Burnaby'}]",Kevin Lunnie,3.0
BPK 241,D104,fall,2026,BPK 142.,BPK 142,False,"[{'days': 'We', 'startTime': '15:30', 'endTime': '17:20', 'campus': 'Burnaby'}]",Kevin Lunnie,3.0
BPK 303,D100,fall,2026,"BPK 201, BPK 241 and STAT 201 or an equivalent statistics course.",BPK 201;BPK 241;STAT 201,False,"[{'days': 'Tu', 'startTime': '8:30', 'endTime': '10:20', 'campus': 'Burnaby'}]",Christopher Napier,3.0
BPK 303,D101,fall,2026,"BPK 201, BPK 241 and STAT 201 or an equivalent statistics course.",BPK 201;BPK 241;STAT 201,False,"[{'days': 'We', 'startTime': '8:30', 'endTime': '10:20', 'campus': 'Burnaby'}]",,3.0
BPK 303,D102,fall,2026,"BPK 201, BPK 241 and STAT 201 or an equivalent statistics course.",BPK 201;BPK 241;STAT 201,False,"[{'days': 'We', 'startTime': '10:30', 'endTime': '12:20', 'campus': 'Burnaby'}]",,3.0
BPK 303,D103,fall,2026,"BPK 201, BPK 241 and STAT 201 or an equivalent statistics course.",BPK 201;BPK 241;STAT 201,False,"[{'days': 'Th', 'startTime': '12:30', 'endTime': '14:20', 'campus': 'Burnaby'}]",,3.0
BPK 304W,D100,fall,2026,"BPK 142, STAT 201 and two of BPK 201, 205 and 207.",BPK 142;STAT 201;BPK 201,False,"[{'days': 'Th', 'startTime': '14:30', 'endTime': '17:20', 'campus': 'Burnaby'}]",Sessional,3.0
BPK 304W,D101,fall,2026,"BPK 142, STAT 201 and two of BPK 201, 205 and 207.",BPK 142;STAT 201;BPK 201,False,"[{'days': 'Th', 'startTime': '12:30', 'endTime': '13:20', 'campus': 'Burnaby'}]",,3.0
BPK 304W,D102,fall,2026,"BPK 142, STAT 201 and two of BPK 201, 205 and 207.",BPK 142;STAT 201;BPK 201,False,"[{'days': 'Th', 'startTime': '13:30', 'endTime': '14:20', 'campus': 'Burnaby'}]",,3.0
BPK 304W,D103,fall,2026,"BPK 142, STAT 201 and two of BPK 201, 205 and 207.",BPK 142;STAT 201;BPK 201,False,"[{'days': 'Th', 'startTime': '17:30', 'endTime': '18:20', 'campus': 'Burnaby'}]",,3.0
BPK 304W,D104,fall,2026,"BPK 142, STAT 201 and two of BPK 201, 205 and 207.",BPK 142;STAT 201;BPK 201,False,"[{'days': 'Th', 'startTime': '11:30', 'endTime': '12:20', 'campus': 'Burnaby'}]",,3.0
BPK 305,D100,fall,2026,"BPK 205, MBB 231 (or 201), MATH 155 (or 152). Majors from outside BPK require BPK 205 (or BISC 305), MBB 231 (or 201), MATH 155 (or 152) plus permission of the instructor.",BPK 205;MBB 231;MATH 155;BISC 305,False,"[{'days': 'Mo, We, Fr', 'startTime': '9:30', 'endTime': '10:20', 'campus': 'Burnaby'}]",Damon Poburko,3.0
BPK 305,D101,fall,2026,"BPK 205, MBB 231 (or 201), MATH 155 (or 152). Majors from outside BPK require BPK 205 (or BISC 305), MBB 231 (or 201), MATH 155 (or 152) plus permission of the instructor.",BPK 205;MBB 231;MATH 155;BISC 305,False,"[{'days': 'Th', 'startTime': '10:30', 'endTime': '11:20', 'campus': 'Burnaby'}]",,3.0
BPK 305,D102,fall,2026,"BPK 205, MBB 231 (or 201), MATH 155 (or 152). Majors from outside BPK require BPK 205 (or BISC 305), MBB 231 (or 201), MATH 155 (or 152) plus permission of the instructor.",BPK 205;MBB 231;MATH 155;BISC 305,False,"[{'days': 'Th', 'startTime': '11:30', 'endTime': '12:20', 'campus': 'Burnaby'}]",,3.0
BPK 305,D103,fall,2026,"BPK 205, MBB 231 (or 201), MATH 155 (or 152). Majors from outside BPK require BPK 205 (or BISC 305), MBB 231 (or 201), MATH 155 (or 152) plus permission of the instructor.",BPK 205;MBB 231;MATH 155;BISC 305,False,"[{'days': 'Th', 'startTime': '12:30', 'endTime': '13:20', 'campus': 'Burnaby'}]",,3.0
BPK 305,D104,fall,2026,"BPK 205, MBB 231 (or 201), MATH 155 (or 152). Majors from outside BPK require BPK 205 (or BISC 305), MBB 231 (or 201), MATH 155 (or 152) plus permission of the instructor.",BPK 205;MBB 231;MATH 155;BISC 305,False,"[{'days': 'Fr', 'startTime': '12:30', 'endTime': '13:20', 'campus': 'Burnaby'}]",,3.0
BPK 305,D105,fall,2026,"BPK 205, MBB 231 (or 201), MATH 155 (or 152). Majors from outside BPK require BPK 205 (or BISC 305), MBB 231 (or 201), MATH 155 (or 152) plus permission of the instructor.",BPK 205;MBB 231;MATH 155;BISC 305,False,"[{'days': 'Fr', 'startTime': '14:30', 'endTime': '15:20', 'campus': 'Burnaby'}]",,3.0
BPK 305,D106,fall,2026,"BPK 205, MBB 231 (or 201), MATH 155 (or 152). Majors from outside BPK require BPK 205 (or BISC 305), MBB 231 (or 201), MATH 155 (or 152) plus permission of the instructor.",BPK 205;MBB 231;MATH 155;BISC 305,False,"[{'days': 'Fr', 'startTime': '15:30', 'endTime': '16:20', 'campus': 'Burnaby'}]",,3.0
BPK 306,D100,fall,2026,"BPK 207. Corequisite: BPK 305. Majors from outside BPK require BPK 205 (or BISC 305), MBB 231 (or 201), MATH 155 (or 152) plus permission of the instructor.",BPK 207;BPK 305;BPK 205;BISC 305;MBB 231;MATH 155,False,"[{'days': 'Mo, We, Fr', 'startTime': '10:30', 'endTime': '11:20', 'campus': 'Burnaby'}]",,3.0
BPK 306,D101,fall,2026,"BPK 207. Corequisite: BPK 305. Majors from outside BPK require BPK 205 (or BISC 305), MBB 231 (or 201), MATH 155 (or 152) plus permission of the instructor.",BPK 207;BPK 305;BPK 205;BISC 305;MBB 231;MATH 155,False,"[{'days': 'Tu', 'startTime': '10:30', 'endTime': '11:20', 'campus': 'Burnaby'}]",,3.0
BPK 306,D102,fall,2026,"BPK 207. Corequisite: BPK 305. Majors from outside BPK require BPK 205 (or BISC 305), MBB 231 (or 201), MATH 155 (or 152) plus permission of the instructor.",BPK 207;BPK 305;BPK 205;BISC 305;MBB 231;MATH 155,False,"[{'days': 'Tu', 'startTime': '12:30', 'endTime': '13:20', 'campus': 'Burnaby'}]",,3.0
BPK 306,D103,fall,2026,"BPK 207. Corequisite: BPK 305. Majors from outside BPK require BPK 205 (or BISC 305), MBB 231 (or 201), MATH 155 (or 152) plus permission of the instructor.",BPK 207;BPK 305;BPK 205;BISC 305;MBB 231;MATH 155,False,"[{'days': 'Tu', 'startTime': '13:30', 'endTime': '14:20', 'campus': 'Burnaby'}]",,3.0
BPK 306,D104,fall,2026,"BPK 207. Corequisite: BPK 305. Majors from outside BPK require BPK 205 (or BISC 305), MBB 231 (or 201), MATH 155 (or 152) plus permission of the instructor.",BPK 207;BPK 305;BPK 205;BISC 305;MBB 231;MATH 155,False,"[{'days': 'Fr', 'startTime': '13:30', 'endTime': '14:20', 'campus': 'Burnaby'}]",,3.0
BPK 306,D105,fall,2026,"BPK 207. Corequisite: BPK 305. Majors from outside BPK require BPK 205 (or BISC 305), MBB 231 (or 201), MATH 155 (or 152) plus permission of the instructor.",BPK 207;BPK 305;BPK 205;BISC 305;MBB 231;MATH 155,False,"[{'days': 'Fr', 'startTime': '14:30', 'endTime': '15:20', 'campus': 'Burnaby'}]",,3.0
BPK 306,D106,fall,2026,"BPK 207. Corequisite: BPK 305. Majors from outside BPK require BPK 205 (or BISC 305), MBB 231 (or 201), MATH 155 (or 152) plus permission of the instructor.",BPK 207;BPK 305;BPK 205;BISC 305;MBB 231;MATH 155,False,"[{'days': 'Fr', 'startTime': '15:30', 'endTime': '16:20', 'campus': 'Burnaby'}]",,3.0
BPK 310,D100,fall,2026,"BPK 205, MBB 201 (or 231). Recommended: BPK 201.",BPK 205;MBB 201,False,"[{'days': 'We', 'startTime': '11:30', 'endTime': '12:20', 'campus': 'Burnaby'}, {'days': 'Fr', 'startTime': '10:30', 'endTime': '12:20', 'campus': 'Burnaby'}]",Dave Clarke,3.0
BPK 312,D100,fall,2026,"BPK 105 (or 205), and 110.",BPK 105,False,"[{'days': 'We', 'startTime': '16:30', 'endTime': '19:20', 'campus': 'Burnaby'}]",Matthew White,3.0
BPK 312,D101,fall,2026,"BPK 105 (or 205), and 110.",BPK 105,False,"[{'days': 'We', 'startTime': '14:30', 'endTime': '15:20', 'campus': 'Burnaby'}]",,3.0
BPK 312,D102,fall,2026,"BPK 105 (or 205), and 110.",BPK 105,False,"[{'days': 'We', 'startTime': '15:30', 'endTime': '16:20', 'campus': 'Burnaby'}]",,3.0
BPK 326,D100,fall,2026,"Admission to the major or honours program in behavioural neuroscience or biomedical physiology or kinesiology. BPK 142, 201, 205 and at least 60 units. Behavioural neuroscience major and honours students require BPK 142, 205, PSYC 280 and at least 60 units.",BPK 142;PSYC 280,False,"[{'days': 'Mo, We', 'startTime': '11:30', 'endTime': '12:20', 'campus': 'Burnaby'}]",Leanne Ramer,5.0
BPK 326,D101,fall,2026,"Admission to the major or honours program in behavioural neuroscience or biomedical physiology or kinesiology. BPK 142, 201, 205 and at least 60 units. Behavioural neuroscience major and honours students require BPK 142, 205, PSYC 280 and at least 60 units.",BPK 142;PSYC 280,False,"[{'days': 'Mo', 'startTime': '12:30', 'endTime': '14:20', 'campus': 'Burnaby'}, {'days': 'We', 'startTime': '12:30', 'endTime': '14:20', 'campus': 'Burnaby'}]",,5.0
BPK 326,D102,fall,2026,"Admission to the major or honours program in behavioural neuroscience or biomedical physiology or kinesiology. BPK 142, 201, 205 and at least 60 units. Behavioural neuroscience major and honours students require BPK 142, 205, PSYC 280 and at least 60 units.",BPK 142;PSYC 280,False,"[{'days': 'Mo', 'startTime': '14:30', 'endTime': '16:20', 'campus': 'Burnaby'}, {'days': 'We', 'startTime': '14:30', 'endTime': '16:20', 'campus': 'Burnaby'}]",,5.0
BPK 326,D103,fall,2026,"Admission to the major or honours program in behavioural neuroscience or biomedical physiology or kinesiology. BPK 142, 201, 205 and at least 60 units. Behavioural neuroscience major and honours students require BPK 142, 205, PSYC 280 and at least 60 units.",BPK 142;PSYC 280,False,"[{'days': 'Mo', 'startTime': '16:30', 'endTime': '18:20', 'campus': 'Burnaby'}, {'days': 'We', 'startTime': '16:30', 'endTime': '18:20', 'campus': 'Burnaby'}]",,5.0
BPK 340,D100,fall,2026,"BPK 142, STAT 201 (or PSYC 201). Recommended: BPK 140.",BPK 142;STAT 201;PSYC 201,False,"[{'days': 'Th', 'startTime': '8:30', 'endTime': '11:20', 'campus': 'Burnaby'}]",Jim Carter,3.0
BPK 343,D000,fall,2026,"BPK 142, 143 and 205; STAT 201 or an equivalent statistics course, BPK 340 (may be taken concurrently). Students must successfully complete a Criminal Record Check prior to enrolling.",BPK 142;STAT 201;BPK 340,False,[],Carmen Bott,3.0
BPK 343,D100,fall,2026,"BPK 142, 143 and 205; STAT 201 or an equivalent statistics course, BPK 340 (may be taken concurrently). Students must successfully complete a Criminal Record Check prior to enrolling.",BPK 142;STAT 201;BPK 340,False,"[{'days': 'Tu', 'startTime': '10:30', 'endTime': '12:20', 'campus': 'Burnaby'}]",Carmen Bott,3.0
BPK 343,D101,fall,2026,"BPK 142, 143 and 205; STAT 201 or an equivalent statistics course, BPK 340 (may be taken concurrently). Students must successfully complete a Criminal Record Check prior to enrolling.",BPK 142;STAT 201;BPK 340,False,"[{'days': 'Tu', 'startTime': '13:30', 'endTime': '15:20', 'campus': 'Burnaby'}]",Carmen Bott,3.0
BPK 343,D102,fall,2026,"BPK 142, 143 and 205; STAT 201 or an equivalent statistics course, BPK 340 (may be taken concurrently). Students must successfully complete a Criminal Record Check prior to enrolling.",BPK 142;STAT 201;BPK 340,False,"[{'days': 'Tu', 'startTime': '15:30', 'endTime': '17:20', 'campus': 'Burnaby'}]",Carmen Bott,3.0
BPK 351,D100,fall,2026,Approval into the science co-op program.,,True,[],Natalia Bussard,3.0
BPK 351,D200,fall,2026,Approval into the science co-op program.,,True,[],Natalia Bussard,3.0
BPK 351,I100,fall,2026,Approval into the science co-op program.,,True,[],Natalia Bussard,3.0
BPK 352,D100,fall,2026,BPK 351.,BPK 351,False,[],Natalia Bussard,3.0
BPK 352,D200,fall,2026,BPK 351.,BPK 351,False,[],Natalia Bussard,3.0
BPK 352,I100,fall,2026,BPK 351.,BPK 351,False,[],Natalia Bussard,3.0
BPK 375,OL01,fall,2026,"BPK 105 or 205, and 142.",BPK 105,False,[],Leanne Ramer,3.0
BPK 381,B100,fall,2026,PSYC 210 or both of BPK 207 and STAT 201. Corequisite: STAT 201 may be taken concurrently. Recommended: BPK 180.,PSYC 210;BPK 207;STAT 201,False,"[{'days': 'Mo', 'startTime': '16:30', 'endTime': '18:20', 'campus': 'Burnaby'}]",Yuen-Fung Ng,3.0
BPK 402,D100,fall,2026,BPK 201 and BPK 306.,BPK 201;BPK 306,False,"[{'days': 'Mo', 'startTime': '12:30', 'endTime': '14:20', 'campus': 'Burnaby'}, {'days': 'We', 'startTime': '12:30', 'endTime': '13:20', 'campus': 'Burnaby'}]",Steve Robinovitch,3.0
BPK 407,D100,fall,2026,"BPK 304W, 305 and 306.",BPK 304W,False,"[{'days': 'Th', 'startTime': '13:30', 'endTime': '17:20', 'campus': 'Burnaby'}]",Sabrina Lee,4.0
BPK 407,D200,fall,2026,"BPK 304W, 305 and 306.",BPK 304W,False,"[{'days': 'Fr', 'startTime': '8:30', 'endTime': '12:20', 'campus': 'Burnaby'}]",Sabrina Lee,4.0
BPK 407,D300,fall,2026,"BPK 304W, 305 and 306.",BPK 304W,False,"[{'days': 'Fr', 'startTime': '12:30', 'endTime': '16:20', 'campus': 'Burnaby'}]",Sabrina Lee,4.0
BPK 408W,D100,fall,2026,"75 units, STAT 201, (BISC 205 or BPK 305), (MBB 201 or MBB 231), and one of (BISC 302W, BISC 303, BISC 357, or BPK 304W), all with a C- or better. Enrollment of non-BPK and non-BISC majors require permission of the instructor or advisor.",STAT 201;BISC 205;BPK 305;MBB 201;MBB 231;BISC 302W;BISC 303;BISC 357;BPK 304W,False,"[{'days': 'Mo', 'startTime': '8:30', 'endTime': '9:20', 'campus': 'Burnaby'}]",Agata Becalska,4.0
BPK 408W,D101,fall,2026,"75 units, STAT 201, (BISC 205 or BPK 305), (MBB 201 or MBB 231), and one of (BISC 302W, BISC 303, BISC 357, or BPK 304W), all with a C- or better. Enrollment of non-BPK and non-BISC majors require permission of the instructor or advisor.",STAT 201;BISC 205;BPK 305;MBB 201;MBB 231;BISC 302W;BISC 303;BISC 357;BPK 304W,False,"[{'days': 'Tu', 'startTime': '9:30', 'endTime': '13:20', 'campus': 'Burnaby'}]",Agata Becalska,4.0
BPK 408W,D102,fall,2026,"75 units, STAT 201, (BISC 205 or BPK 305), (MBB 201 or MBB 231), and one of (BISC 302W, BISC 303, BISC 357, or BPK 304W), all with a C- or better. Enrollment of non-BPK and non-BISC majors require permission of the instructor or advisor.",STAT 201;BISC 205;BPK 305;MBB 201;MBB 231;BISC 302W;BISC 303;BISC 357;BPK 304W,False,"[{'days': 'We', 'startTime': '12:30', 'endTime': '16:20', 'campus': 'Burnaby'}]",Agata Becalska,4.0
BPK 420,D100,fall,2026,To be announced in the Undergraduate Schedule of Classes and Examinations found at go.sfu.ca.,,False,"[{'days': 'Tu, Th', 'startTime': '12:30', 'endTime': '14:20', 'campus': 'Burnaby'}]",Dylan Cooke;Daniel Marigold,3.0
BPK 426,D100,fall,2026,BPK 326. Corequisite: BPK 306. BPK 306 is recommended to be completed prior to enrolling in BPK 426.,BPK 326;BPK 306;BPK 426,False,"[{'days': 'Tu', 'startTime': '14:30', 'endTime': '16:20', 'campus': 'Burnaby'}]",Leanne Ramer;Alex Wiesman,3.0
BPK 426,D101,fall,2026,BPK 326. Corequisite: BPK 306. BPK 306 is recommended to be completed prior to enrolling in BPK 426.,BPK 326;BPK 306;BPK 426,False,"[{'days': 'Tu', 'startTime': '10:30', 'endTime': '11:20', 'campus': 'Burnaby'}]",,3.0
BPK 426,D102,fall,2026,BPK 326. Corequisite: BPK 306. BPK 306 is recommended to be completed prior to enrolling in BPK 426.,BPK 326;BPK 306;BPK 426,False,"[{'days': 'Tu', 'startTime': '11:30', 'endTime': '12:20', 'campus': 'Burnaby'}]",,3.0
BPK 448,D100,fall,2026,"BPK 201 or 207, and BPK 306, or for biomedical engineering students, BPK 201 and 208.",BPK 201;BPK 306,False,"[{'days': 'Mo', 'startTime': '14:30', 'endTime': '16:20', 'campus': 'Burnaby'}, {'days': 'We', 'startTime': '14:30', 'endTime': '15:20', 'campus': 'Burnaby'}]",Andy Hoffer,3.0
BPK 449,D100,fall,2026,BPK 306.,BPK 306,False,"[{'days': 'Th', 'startTime': '8:30', 'endTime': '10:20', 'campus': 'Burnaby'}]",Randy McIntosh,3.0
BPK 449,D101,fall,2026,BPK 306.,BPK 306,False,"[{'days': 'Th', 'startTime': '10:30', 'endTime': '11:20', 'campus': 'Burnaby'}]",,3.0
BPK 449,D102,fall,2026,BPK 306.,BPK 306,False,"[{'days': 'Th', 'startTime': '11:30', 'endTime': '12:20', 'campus': 'Burnaby'}]",,3.0
BPK 451,D100,fall,2026,BPK 352.,BPK 352,False,[],Natalia Bussard,3.0
BPK 451,D200,fall,2026,BPK 352.,BPK 352,False,[],Natalia Bussard,3.0
BPK 451,I100,fall,2026,BPK 352.,BPK 352,False,[],Natalia Bussard,3.0
BPK 451W,D100,fall,2026,,,False,[],Natalia Bussard,
BPK 451W,D200,fall,2026,,,False,[],Natalia Bussard,
BPK 451W,I100,fall,2026,,,False,[],Natalia Bussard,
BPK 452,D100,fall,2026,BPK 451.,BPK 451,False,[],Natalia Bussard,3.0
BPK 452,D200,fall,2026,BPK 451.,BPK 451,False,[],Natalia Bussard,3.0
BPK 452,I100,fall,2026,BPK 451.,BPK 451,False,[],Natalia Bussard,3.0
BPK 453,D100,fall,2026,BPK 452.,BPK 452,False,[],Natalia Bussard,3.0
BPK 453,D200,fall,2026,BPK 452.,BPK 452,False,[],Natalia Bussard,3.0
BPK 453,I100,fall,2026,BPK 452.,BPK 452,False,[],Natalia Bussard,3.0
BPK 457,D100,fall,2026,"75 units, with a minimum CGPA of 3.00, PSYC 301 or BPK 304W with a minimum grade of B, and permission from one of the Co-chairs of the Behavioural Neuroscience Program Committee.",PSYC 301;BPK 304W,False,[],,3.0
BPK 459,D100,fall,2026,A minimum grade of B in BPK 457. Corequisite: Must be enrolled in the Honours Program of the B.Sc. in Behavioural Neuroscience. Students must seek permission from their honours project supervisor to enroll in additional courses at the same time.,BPK 457,False,[],,9.0
BPK 481,D100,fall,2026,BPK 303 and 326.,BPK 303,False,"[{'days': 'Tu', 'startTime': '14:30', 'endTime': '17:20', 'campus': 'Burnaby'}]",Kevin Lunnie,3.0
BPK 481,D101,fall,2026,BPK 303 and 326.,BPK 303,False,"[{'days': 'Th', 'startTime': '11:30', 'endTime': '12:20', 'campus': 'Burnaby'}]",,3.0
BPK 481,D102,fall,2026,BPK 303 and 326.,BPK 303,False,"[{'days': 'Th', 'startTime': '12:30', 'endTime': '13:20', 'campus': 'Burnaby'}]",,3.0
BPK 491,D100,fall,2026,"90 units, BPK 304W (may be taken concurrently) and permission of the chair of the undergraduate program committee. A minimum grade of B in this course is needed to register in BPK 495 or BPK 499.",BPK 304W;BPK 495;BPK 499,False,[],,3.0
BPK 495,D100,fall,2026,BPK 491 (minimum grade of B). Corequisite: BPK 499. Only students in the honours program may enroll in BPK 495.,BPK 491;BPK 499;BPK 495,False,[],,6.0
BPK 496,D100,fall,2026,"BPK 304W (may be taken concurrently) or PSYC 210, and permission from the chair of the undergraduate program committee. Usually, upper level standing with at least 75 units in the Biomedical Physiology and Kinesiology program will be required.",BPK 304W;PSYC 210,False,[],,3.0
BPK 496,D200,fall,2026,"BPK 304W (may be taken concurrently) or PSYC 210, and permission from the chair of the undergraduate program committee. Usually, upper level standing with at least 75 units in the Biomedical Physiology and Kinesiology program will be required.",BPK 304W;PSYC 210,False,[],,3.0
BPK 498,D100,fall,2026,"BPK 304W (may be taken concurrently) or PSYC 210, and permission from the chair of the undergraduate program committee. Usually, upper level standing with at least 75 units in the Biomedical Physiology and Kinesiology program will be required.",BPK 304W;PSYC 210,False,[],,3.0
BPK 498,D200,fall,2026,"BPK 304W (may be taken concurrently) or PSYC 210, and permission from the chair of the undergraduate program committee. Usually, upper level standing with at least 75 units in the Biomedical Physiology and Kinesiology program will be required.",BPK 304W;PSYC 210,False,[],,3.0
BPK 499,D100,fall,2026,BPK 491 (minimum grade of B). Corequisite: BPK 495. Only students in the honours program may enroll in BPK 499.,BPK 491;BPK 495;BPK 499,False,[],,6.0
BPK 801,G100,fall,2026,,,False,"[{'days': 'We', 'startTime': '12:30', 'endTime': '15:20', 'campus': 'Burnaby'}]",Sam Doesburg,3.0
BPK 805,G100,fall,2026,,,False,[],,3.0
BPK 805,G200,fall,2026,,,False,[],,3.0
BPK 895,G100,fall,2026,,,False,[],,
BPK 895,G200,fall,2026,,,False,[],,
BPK 896,G100,fall,2026,,,False,[],,
BPK 896,G200,fall,2026,,,False,[],,
BPK 897,G100,fall,2026,,,False,[],,
BPK 897,G200,fall,2026,,,False,[],,
BPK 898,G100,fall,2026,,,False,[],,18.0
BPK 898,G200,fall,2026,,,False,[],,18.0
BPK 899,G100,fall,2026,,,False,[],,18.0
BPK 899,G200,fall,2026,,,False,[],,18.0
BUS 200,D100,fall,2026,,,False,"[{'days': 'Tu', 'startTime': '14:30', 'endTime': '17:20', 'campus': 'Burnaby'}]",James Pflanz,3.0
BUS 201,D100,fall,2026,This course is only open to approved business administration majors admitted to the faculty through the Business Foundation Pathways - High School Pathway. Corequisite: BUS 203 with a P grade.,BUS 203,False,"[{'days': 'Tu', 'startTime': '14:30', 'endTime': '16:20', 'campus': 'Burnaby'}]",Susan Christie-Bell,3.0
BUS 201,D101,fall,2026,This course is only open to approved business administration majors admitted to the faculty through the Business Foundation Pathways - High School Pathway. Corequisite: BUS 203 with a P grade.,BUS 203,False,"[{'days': 'Tu', 'startTime': '16:30', 'endTime': '17:20', 'campus': 'Burnaby'}]",,3.0
BUS 201,D102,fall,2026,This course is only open to approved business administration majors admitted to the faculty through the Business Foundation Pathways - High School Pathway. Corequisite: BUS 203 with a P grade.,BUS 203,False,"[{'days': 'Tu', 'startTime': '16:30', 'endTime': '17:20', 'campus': 'Burnaby'}]",,3.0
BUS 201,D103,fall,2026,This course is only open to approved business administration majors admitted to the faculty through the Business Foundation Pathways - High School Pathway. Corequisite: BUS 203 with a P grade.,BUS 203,False,"[{'days': 'Tu', 'startTime': '16:30', 'endTime': '17:20', 'campus': 'Burnaby'}]",,3.0
BUS 201,D104,fall,2026,This course is only open to approved business administration majors admitted to the faculty through the Business Foundation Pathways - High School Pathway. Corequisite: BUS 203 with a P grade.,BUS 203,False,"[{'days': 'Tu', 'startTime': '16:30', 'endTime': '17:20', 'campus': 'Burnaby'}]",,3.0
BUS 201,D105,fall,2026,This course is only open to approved business administration majors admitted to the faculty through the Business Foundation Pathways - High School Pathway. Corequisite: BUS 203 with a P grade.,BUS 203,False,"[{'days': 'Tu', 'startTime': '19:30', 'endTime': '20:20', 'campus': 'Burnaby'}]",,3.0
BUS 201,D106,fall,2026,This course is only open to approved business administration majors admitted to the faculty through the Business Foundation Pathways - High School Pathway. Corequisite: BUS 203 with a P grade.,BUS 203,False,"[{'days': 'Tu', 'startTime': '19:30', 'endTime': '20:20', 'campus': 'Burnaby'}]",,3.0
BUS 201,D107,fall,2026,This course is only open to approved business administration majors admitted to the faculty through the Business Foundation Pathways - High School Pathway. Corequisite: BUS 203 with a P grade.,BUS 203,False,"[{'days': 'Tu', 'startTime': '19:30', 'endTime': '20:20', 'campus': 'Burnaby'}]",,3.0
BUS 201,D108,fall,2026,This course is only open to approved business administration majors admitted to the faculty through the Business Foundation Pathways - High School Pathway. Corequisite: BUS 203 with a P grade.,BUS 203,False,"[{'days': 'Tu', 'startTime': '20:30', 'endTime': '21:20', 'campus': 'Burnaby'}]",,3.0
BUS 201,D109,fall,2026,This course is only open to approved business administration majors admitted to the faculty through the Business Foundation Pathways - High School Pathway. Corequisite: BUS 203 with a P grade.,BUS 203,False,"[{'days': 'Tu', 'startTime': '20:30', 'endTime': '21:20', 'campus': 'Burnaby'}]",,3.0
BUS 201,D110,fall,2026,This course is only open to approved business administration majors admitted to the faculty through the Business Foundation Pathways - High School Pathway. Corequisite: BUS 203 with a P grade.,BUS 203,False,"[{'days': 'Tu', 'startTime': '20:30', 'endTime': '21:20', 'campus': 'Burnaby'}]",,3.0
BUS 201,D200,fall,2026,This course is only open to approved business administration majors admitted to the faculty through the Business Foundation Pathways - High School Pathway. Corequisite: BUS 203 with a P grade.,BUS 203,False,"[{'days': 'Fr', 'startTime': '10:30', 'endTime': '12:20', 'campus': 'Surrey'}]",Susan Christie-Bell,3.0
BUS 201,D201,fall,2026,This course is only open to approved business administration majors admitted to the faculty through the Business Foundation Pathways - High School Pathway. Corequisite: BUS 203 with a P grade.,BUS 203,False,"[{'days': 'Fr', 'startTime': '12:30', 'endTime': '13:20', 'campus': 'Surrey'}]",,3.0
BUS 201,D202,fall,2026,This course is only open to approved business administration majors admitted to the faculty through the Business Foundation Pathways - High School Pathway. Corequisite: BUS 203 with a P grade.,BUS 203,False,"[{'days': 'Fr', 'startTime': '12:30', 'endTime': '13:20', 'campus': 'Surrey'}]",,3.0
BUS 201,D203,fall,2026,This course is only open to approved business administration majors admitted to the faculty through the Business Foundation Pathways - High School Pathway. Corequisite: BUS 203 with a P grade.,BUS 203,False,"[{'days': 'Fr', 'startTime': '12:30', 'endTime': '13:20', 'campus': 'Surrey'}]",,3.0
BUS 201,D204,fall,2026,This course is only open to approved business administration majors admitted to the faculty through the Business Foundation Pathways - High School Pathway. Corequisite: BUS 203 with a P grade.,BUS 203,False,"[{'days': 'Fr', 'startTime': '13:30', 'endTime': '14:20', 'campus': 'Surrey'}]",,3.0
BUS 201,D205,fall,2026,This course is only open to approved business administration majors admitted to the faculty through the Business Foundation Pathways - High School Pathway. Corequisite: BUS 203 with a P grade.,BUS 203,False,"[{'days': 'Fr', 'startTime': '13:30', 'endTime': '14:20', 'campus': 'Surrey'}]",,3.0
BUS 201,D206,fall,2026,This course is only open to approved business administration majors admitted to the faculty through the Business Foundation Pathways - High School Pathway. Corequisite: BUS 203 with a P grade.,BUS 203,False,"[{'days': 'Fr', 'startTime': '13:30', 'endTime': '14:20', 'campus': 'Surrey'}]",,3.0
BUS 201,D207,fall,2026,This course is only open to approved business administration majors admitted to the faculty through the Business Foundation Pathways - High School Pathway. Corequisite: BUS 203 with a P grade.,BUS 203,False,"[{'days': 'Fr', 'startTime': '17:30', 'endTime': '18:20', 'campus': 'Surrey'}]",,3.0
BUS 201,D300,fall,2026,This course is only open to approved business administration majors admitted to the faculty through the Business Foundation Pathways - High School Pathway. Corequisite: BUS 203 with a P grade.,BUS 203,False,"[{'days': 'Th', 'startTime': '14:30', 'endTime': '16:20', 'campus': 'Burnaby'}]",Susan Christie-Bell,3.0
BUS 201,D301,fall,2026,This course is only open to approved business administration majors admitted to the faculty through the Business Foundation Pathways - High School Pathway. Corequisite: BUS 203 with a P grade.,BUS 203,False,"[{'days': 'Th', 'startTime': '16:30', 'endTime': '17:20', 'campus': 'Burnaby'}]",,3.0
BUS 201,D302,fall,2026,This course is only open to approved business administration majors admitted to the faculty through the Business Foundation Pathways - High School Pathway. Corequisite: BUS 203 with a P grade.,BUS 203,False,"[{'days': 'Th', 'startTime': '16:30', 'endTime': '17:20', 'campus': 'Burnaby'}]",,3.0
BUS 201,D303,fall,2026,This course is only open to approved business administration majors admitted to the faculty through the Business Foundation Pathways - High School Pathway. Corequisite: BUS 203 with a P grade.,BUS 203,False,"[{'days': 'Th', 'startTime': '16:30', 'endTime': '17:20', 'campus': 'Burnaby'}]",,3.0
BUS 201,D304,fall,2026,This course is only open to approved business administration majors admitted to the faculty through the Business Foundation Pathways - High School Pathway. Corequisite: BUS 203 with a P grade.,BUS 203,False,"[{'days': 'Th', 'startTime': '18:30', 'endTime': '19:20', 'campus': 'Burnaby'}]",,3.0
BUS 201,D305,fall,2026,This course is only open to approved business administration majors admitted to the faculty through the Business Foundation Pathways - High School Pathway. Corequisite: BUS 203 with a P grade.,BUS 203,False,"[{'days': 'Th', 'startTime': '18:30', 'endTime': '19:20', 'campus': 'Burnaby'}]",,3.0
BUS 201,D306,fall,2026,This course is only open to approved business administration majors admitted to the faculty through the Business Foundation Pathways - High School Pathway. Corequisite: BUS 203 with a P grade.,BUS 203,False,"[{'days': 'Th', 'startTime': '18:30', 'endTime': '19:20', 'campus': 'Burnaby'}]",,3.0
BUS 201,D307,fall,2026,This course is only open to approved business administration majors admitted to the faculty through the Business Foundation Pathways - High School Pathway. Corequisite: BUS 203 with a P grade.,BUS 203,False,"[{'days': 'Th', 'startTime': '19:30', 'endTime': '20:20', 'campus': 'Burnaby'}]",,3.0
BUS 201,D308,fall,2026,This course is only open to approved business administration majors admitted to the faculty through the Business Foundation Pathways - High School Pathway. Corequisite: BUS 203 with a P grade.,BUS 203,False,"[{'days': 'Th', 'startTime': '19:30', 'endTime': '20:20', 'campus': 'Burnaby'}]",,3.0
BUS 201,D309,fall,2026,This course is only open to approved business administration majors admitted to the faculty through the Business Foundation Pathways - High School Pathway. Corequisite: BUS 203 with a P grade.,BUS 203,False,"[{'days': 'Th', 'startTime': '19:30', 'endTime': '20:20', 'campus': 'Burnaby'}]",,3.0
BUS 201,D310,fall,2026,This course is only open to approved business administration majors admitted to the faculty through the Business Foundation Pathways - High School Pathway. Corequisite: BUS 203 with a P grade.,BUS 203,False,"[{'days': 'Th', 'startTime': '20:30', 'endTime': '21:20', 'campus': 'Burnaby'}]",,3.0
BUS 202,D100,fall,2026,"This course is only open to approved business administration majors, joint majors, or second degree students admitted to the faculty through the Business Foundation Pathways - Transfer Pathway. Corequisite: BUS 203 with a P grade.",BUS 203,False,"[{'days': 'Th', 'startTime': '12:30', 'endTime': '14:20', 'campus': 'Burnaby'}]",Ilia BYKOV,3.0
BUS 202,D101,fall,2026,"This course is only open to approved business administration majors, joint majors, or second degree students admitted to the faculty through the Business Foundation Pathways - Transfer Pathway. Corequisite: BUS 203 with a P grade.",BUS 203,False,"[{'days': 'Th', 'startTime': '14:30', 'endTime': '15:20', 'campus': 'Burnaby'}]",,3.0
BUS 202,D102,fall,2026,"This course is only open to approved business administration majors, joint majors, or second degree students admitted to the faculty through the Business Foundation Pathways - Transfer Pathway. Corequisite: BUS 203 with a P grade.",BUS 203,False,"[{'days': 'Th', 'startTime': '14:30', 'endTime': '15:20', 'campus': 'Burnaby'}]",,3.0
BUS 202,D103,fall,2026,"This course is only open to approved business administration majors, joint majors, or second degree students admitted to the faculty through the Business Foundation Pathways - Transfer Pathway. Corequisite: BUS 203 with a P grade.",BUS 203,False,"[{'days': 'Th', 'startTime': '14:30', 'endTime': '15:20', 'campus': 'Burnaby'}]",,3.0
BUS 202,D104,fall,2026,"This course is only open to approved business administration majors, joint majors, or second degree students admitted to the faculty through the Business Foundation Pathways - Transfer Pathway. Corequisite: BUS 203 with a P grade.",BUS 203,False,"[{'days': 'Th', 'startTime': '14:30', 'endTime': '15:20', 'campus': 'Burnaby'}]",,3.0
BUS 202,D105,fall,2026,"This course is only open to approved business administration majors, joint majors, or second degree students admitted to the faculty through the Business Foundation Pathways - Transfer Pathway. Corequisite: BUS 203 with a P grade.",BUS 203,False,"[{'days': 'Th', 'startTime': '15:30', 'endTime': '16:20', 'campus': 'Burnaby'}]",,3.0
BUS 202,D106,fall,2026,"This course is only open to approved business administration majors, joint majors, or second degree students admitted to the faculty through the Business Foundation Pathways - Transfer Pathway. Corequisite: BUS 203 with a P grade.",BUS 203,False,"[{'days': 'Th', 'startTime': '15:30', 'endTime': '16:20', 'campus': 'Burnaby'}]",,3.0
BUS 202,D107,fall,2026,"This course is only open to approved business administration majors, joint majors, or second degree students admitted to the faculty through the Business Foundation Pathways - Transfer Pathway. Corequisite: BUS 203 with a P grade.",BUS 203,False,"[{'days': 'Th', 'startTime': '15:30', 'endTime': '16:20', 'campus': 'Burnaby'}]",,3.0
BUS 202,D108,fall,2026,"This course is only open to approved business administration majors, joint majors, or second degree students admitted to the faculty through the Business Foundation Pathways - Transfer Pathway. Corequisite: BUS 203 with a P grade.",BUS 203,False,"[{'days': 'Th', 'startTime': '15:30', 'endTime': '16:20', 'campus': 'Burnaby'}]",,3.0
BUS 202,D109,fall,2026,"This course is only open to approved business administration majors, joint majors, or second degree students admitted to the faculty through the Business Foundation Pathways - Transfer Pathway. Corequisite: BUS 203 with a P grade.",BUS 203,False,"[{'days': 'Th', 'startTime': '16:30', 'endTime': '17:20', 'campus': 'Burnaby'}]",,3.0
BUS 202,D110,fall,2026,"This course is only open to approved business administration majors, joint majors, or second degree students admitted to the faculty through the Business Foundation Pathways - Transfer Pathway. Corequisite: BUS 203 with a P grade.",BUS 203,False,"[{'days': 'Th', 'startTime': '16:30', 'endTime': '17:20', 'campus': 'Burnaby'}]",,3.0
BUS 203,D100,fall,2026,"This course is only open to approved business administration majors admitted to the faculty through the BBA major - highschool or transfer stream in Fall 2022 and onward. Corequisite: BUS 201 or BUS 202, with a minimum grade of C-.",BUS 201;BUS 202,False,"[{'days': 'Fr', 'startTime': '14:30', 'endTime': '15:20', 'campus': 'Surrey'}, {'days': 'Fr', 'startTime': '14:30', 'endTime': '16:20', 'campus': 'Surrey'}, {'days': 'Sa', 'startTime': '8:00', 'endTime': '16:00', 'campus': 'Surrey'}, {'days': 'Su', 'startTime': '8:00', 'endTime': '16:00', 'campus': 'Surrey'}]",Susan Christie-Bell,1.0
BUS 203,E100,fall,2026,"This course is only open to approved business administration majors admitted to the faculty through the BBA major - highschool or transfer stream in Fall 2022 and onward. Corequisite: BUS 201 or BUS 202, with a minimum grade of C-.",BUS 201;BUS 202,False,"[{'days': 'Mo', 'startTime': '17:30', 'endTime': '18:20', 'campus': 'Burnaby'}, {'days': 'Mo', 'startTime': '17:30', 'endTime': '19:20', 'campus': 'Burnaby'}, {'days': 'Sa', 'startTime': '8:00', 'endTime': '16:00', 'campus': 'Burnaby'}, {'days': 'Su', 'startTime': '8:00', 'endTime': '16:00', 'campus': 'Burnaby'}]",Natalia Soloshchenko,1.0
BUS 203,E200,fall,2026,"This course is only open to approved business administration majors admitted to the faculty through the BBA major - highschool or transfer stream in Fall 2022 and onward. Corequisite: BUS 201 or BUS 202, with a minimum grade of C-.",BUS 201;BUS 202,False,"[{'days': 'Tu', 'startTime': '17:30', 'endTime': '18:20', 'campus': 'Burnaby'}, {'days': 'Tu', 'startTime': '17:30', 'endTime': '19:20', 'campus': 'Burnaby'}, {'days': 'Sa', 'startTime': '8:00', 'endTime': '16:00', 'campus': 'Burnaby'}, {'days': 'Su', 'startTime': '8:00', 'endTime': '16:00', 'campus': 'Burnaby'}]",Natalia Soloshchenko,1.0
BUS 207,D100,fall,2026,"ECON 103 or ECON 113, ECON 105 or ECON 115, MATH 157, all with a minimum grade of C-; 15 units.",ECON 103;ECON 113;ECON 105;ECON 115;MATH 157,False,"[{'days': 'Th', 'startTime': '14:30', 'endTime': '17:20', 'campus': 'Burnaby'}]",Karen Ruckman,3.0
BUS 207,D200,fall,2026,"ECON 103 or ECON 113, ECON 105 or ECON 115, MATH 157, all with a minimum grade of C-; 15 units.",ECON 103;ECON 113;ECON 105;ECON 115;MATH 157,False,"[{'days': 'Mo', 'startTime': '14:30', 'endTime': '17:20', 'campus': 'Surrey'}]",M EMRUL HASAN,3.0
BUS 207,E100,fall,2026,"ECON 103 or ECON 113, ECON 105 or ECON 115, MATH 157, all with a minimum grade of C-; 15 units.",ECON 103;ECON 113;ECON 105;ECON 115;MATH 157,False,"[{'days': 'We', 'startTime': '17:30', 'endTime': '20:20', 'campus': 'Burnaby'}]",M EMRUL HASAN,3.0
BUS 217W,D100,fall,2026,"BUS 201 with a minimum grade of C- and 15 units; OR 45 units and corequisite: BUS 202; OR business administration joint major, joint honours, or double degree students with 45 units; OR data science students with 15 units; OR actuarial science students with 15 units.",BUS 201;BUS 202,False,"[{'days': 'Th', 'startTime': '14:30', 'endTime': '16:20', 'campus': 'Burnaby'}]",Hong Chow,3.0
BUS 217W,D101,fall,2026,"BUS 201 with a minimum grade of C- and 15 units; OR 45 units and corequisite: BUS 202; OR business administration joint major, joint honours, or double degree students with 45 units; OR data science students with 15 units; OR actuarial science students with 15 units.",BUS 201;BUS 202,False,"[{'days': 'Th', 'startTime': '16:30', 'endTime': '17:20', 'campus': 'Burnaby'}]",,3.0
BUS 217W,D102,fall,2026,"BUS 201 with a minimum grade of C- and 15 units; OR 45 units and corequisite: BUS 202; OR business administration joint major, joint honours, or double degree students with 45 units; OR data science students with 15 units; OR actuarial science students with 15 units.",BUS 201;BUS 202,False,"[{'days': 'Th', 'startTime': '16:30', 'endTime': '17:20', 'campus': 'Burnaby'}]",,3.0
BUS 217W,D103,fall,2026,"BUS 201 with a minimum grade of C- and 15 units; OR 45 units and corequisite: BUS 202; OR business administration joint major, joint honours, or double degree students with 45 units; OR data science students with 15 units; OR actuarial science students with 15 units.",BUS 201;BUS 202,False,"[{'days': 'Th', 'startTime': '17:30', 'endTime': '18:20', 'campus': 'Burnaby'}]",,3.0
BUS 217W,D104,fall,2026,"BUS 201 with a minimum grade of C- and 15 units; OR 45 units and corequisite: BUS 202; OR business administration joint major, joint honours, or double degree students with 45 units; OR data science students with 15 units; OR actuarial science students with 15 units.",BUS 201;BUS 202,False,"[{'days': 'Th', 'startTime': '17:30', 'endTime': '18:20', 'campus': 'Burnaby'}]",,3.0
BUS 217W,D200,fall,2026,"BUS 201 with a minimum grade of C- and 15 units; OR 45 units and corequisite: BUS 202; OR business administration joint major, joint honours, or double degree students with 45 units; OR data science students with 15 units; OR actuarial science students with 15 units.",BUS 201;BUS 202,False,"[{'days': 'Tu', 'startTime': '14:30', 'endTime': '16:20', 'campus': 'Surrey'}]",Hong Chow,3.0
BUS 217W,D201,fall,2026,"BUS 201 with a minimum grade of C- and 15 units; OR 45 units and corequisite: BUS 202; OR business administration joint major, joint honours, or double degree students with 45 units; OR data science students with 15 units; OR actuarial science students with 15 units.",BUS 201;BUS 202,False,"[{'days': 'Tu', 'startTime': '16:30', 'endTime': '17:20', 'campus': 'Surrey'}]",,3.0
BUS 217W,D202,fall,2026,"BUS 201 with a minimum grade of C- and 15 units; OR 45 units and corequisite: BUS 202; OR business administration joint major, joint honours, or double degree students with 45 units; OR data science students with 15 units; OR actuarial science students with 15 units.",BUS 201;BUS 202,False,"[{'days': 'Tu', 'startTime': '16:30', 'endTime': '17:20', 'campus': 'Surrey'}]",,3.0
BUS 217W,D203,fall,2026,"BUS 201 with a minimum grade of C- and 15 units; OR 45 units and corequisite: BUS 202; OR business administration joint major, joint honours, or double degree students with 45 units; OR data science students with 15 units; OR actuarial science students with 15 units.",BUS 201;BUS 202,False,"[{'days': 'Tu', 'startTime': '17:30', 'endTime': '18:20', 'campus': 'Surrey'}]",,3.0
BUS 217W,D204,fall,2026,"BUS 201 with a minimum grade of C- and 15 units; OR 45 units and corequisite: BUS 202; OR business administration joint major, joint honours, or double degree students with 45 units; OR data science students with 15 units; OR actuarial science students with 15 units.",BUS 201;BUS 202,False,"[{'days': 'Tu', 'startTime': '17:30', 'endTime': '18:20', 'campus': 'Surrey'}]",,3.0
BUS 217W,D300,fall,2026,"BUS 201 with a minimum grade of C- and 15 units; OR 45 units and corequisite: BUS 202; OR business administration joint major, joint honours, or double degree students with 45 units; OR data science students with 15 units; OR actuarial science students with 15 units.",BUS 201;BUS 202,False,"[{'days': 'Fr', 'startTime': '10:30', 'endTime': '12:20', 'campus': 'Burnaby'}]",Ilia BYKOV,3.0
BUS 217W,D301,fall,2026,"BUS 201 with a minimum grade of C- and 15 units; OR 45 units and corequisite: BUS 202; OR business administration joint major, joint honours, or double degree students with 45 units; OR data science students with 15 units; OR actuarial science students with 15 units.",BUS 201;BUS 202,False,"[{'days': 'Fr', 'startTime': '14:30', 'endTime': '15:20', 'campus': 'Burnaby'}]",,3.0
BUS 217W,D302,fall,2026,"BUS 201 with a minimum grade of C- and 15 units; OR 45 units and corequisite: BUS 202; OR business administration joint major, joint honours, or double degree students with 45 units; OR data science students with 15 units; OR actuarial science students with 15 units.",BUS 201;BUS 202,False,"[{'days': 'Fr', 'startTime': '14:30', 'endTime': '15:20', 'campus': 'Burnaby'}]",,3.0
BUS 217W,D303,fall,2026,"BUS 201 with a minimum grade of C- and 15 units; OR 45 units and corequisite: BUS 202; OR business administration joint major, joint honours, or double degree students with 45 units; OR data science students with 15 units; OR actuarial science students with 15 units.",BUS 201;BUS 202,False,"[{'days': 'Fr', 'startTime': '13:30', 'endTime': '14:20', 'campus': 'Burnaby'}]",,3.0
BUS 217W,D304,fall,2026,"BUS 201 with a minimum grade of C- and 15 units; OR 45 units and corequisite: BUS 202; OR business administration joint major, joint honours, or double degree students with 45 units; OR data science students with 15 units; OR actuarial science students with 15 units.",BUS 201;BUS 202,False,"[{'days': 'Fr', 'startTime': '13:30', 'endTime': '14:20', 'campus': 'Burnaby'}]",,3.0
BUS 217W,E100,fall,2026,"BUS 201 with a minimum grade of C- and 15 units; OR 45 units and corequisite: BUS 202; OR business administration joint major, joint honours, or double degree students with 45 units; OR data science students with 15 units; OR actuarial science students with 15 units.",BUS 201;BUS 202,False,"[{'days': 'We', 'startTime': '17:30', 'endTime': '19:20', 'campus': 'Burnaby'}]",Ilia BYKOV,3.0
BUS 217W,E101,fall,2026,"BUS 201 with a minimum grade of C- and 15 units; OR 45 units and corequisite: BUS 202; OR business administration joint major, joint honours, or double degree students with 45 units; OR data science students with 15 units; OR actuarial science students with 15 units.",BUS 201;BUS 202,False,"[{'days': 'We', 'startTime': '19:30', 'endTime': '20:20', 'campus': 'Burnaby'}]",,3.0
BUS 217W,E102,fall,2026,"BUS 201 with a minimum grade of C- and 15 units; OR 45 units and corequisite: BUS 202; OR business administration joint major, joint honours, or double degree students with 45 units; OR data science students with 15 units; OR actuarial science students with 15 units.",BUS 201;BUS 202,False,"[{'days': 'We', 'startTime': '19:30', 'endTime': '20:20', 'campus': 'Burnaby'}]",,3.0
BUS 217W,E103,fall,2026,"BUS 201 with a minimum grade of C- and 15 units; OR 45 units and corequisite: BUS 202; OR business administration joint major, joint honours, or double degree students with 45 units; OR data science students with 15 units; OR actuarial science students with 15 units.",BUS 201;BUS 202,False,"[{'days': 'We', 'startTime': '20:30', 'endTime': '21:20', 'campus': 'Burnaby'}]",,3.0
BUS 217W,E104,fall,2026,"BUS 201 with a minimum grade of C- and 15 units; OR 45 units and corequisite: BUS 202; OR business administration joint major, joint honours, or double degree students with 45 units; OR data science students with 15 units; OR actuarial science students with 15 units.",BUS 201;BUS 202,False,"[{'days': 'We', 'startTime': '20:30', 'endTime': '21:20', 'campus': 'Burnaby'}]",,3.0
BUS 225,D100,fall,2026,,,False,[],,3.0
BUS 225,D200,fall,2026,,,False,[],,3.0
BUS 225,I100,fall,2026,,,False,[],,3.0
BUS 232,D100,fall,2026,,,False,"[{'days': 'Tu', 'startTime': '14:30', 'endTime': '17:20', 'campus': 'Burnaby'}]",Negar Ganjouhaghighi,3.0
BUS 232,D200,fall,2026,,,False,"[{'days': 'We', 'startTime': '14:30', 'endTime': '17:20', 'campus': 'Surrey'}]",Devadrita Nair,3.0
BUS 232,E100,fall,2026,,,False,"[{'days': 'Th', 'startTime': '17:30', 'endTime': '20:20', 'campus': 'Burnaby'}]",Cleusa Yamamoto,3.0
BUS 232,OP01,fall,2026,,,False,"[{'days': 'Tu', 'startTime': '9:30', 'endTime': '14:20', 'campus': 'Burnaby'}]",,3.0
BUS 232,OP02,fall,2026,,,False,"[{'days': 'We', 'startTime': '9:30', 'endTime': '14:20', 'campus': 'Burnaby'}]",,3.0
BUS 232,OP03,fall,2026,,,False,"[{'days': 'We', 'startTime': '17:30', 'endTime': '20:20', 'campus': 'Surrey'}]",,3.0
BUS 232,OP04,fall,2026,,,False,"[{'days': 'Th', 'startTime': '14:30', 'endTime': '17:20', 'campus': 'Surrey'}]",,3.0
BUS 232,OP05,fall,2026,,,False,"[{'days': 'Th', 'startTime': '12:30', 'endTime': '17:20', 'campus': 'Burnaby'}]",,3.0
BUS 232,OP06,fall,2026,,,False,"[{'days': 'Fr', 'startTime': '12:30', 'endTime': '17:20', 'campus': 'Burnaby'}]",,3.0
BUS 233,D100,fall,2026,12 units.,,False,"[{'days': 'Th', 'startTime': '14:30', 'endTime': '17:20', 'campus': 'Burnaby'}]",Robert Adamson,3.0
BUS 237,D100,fall,2026,12 units.,,False,"[{'days': 'Th', 'startTime': '14:30', 'endTime': '16:20', 'campus': 'Burnaby'}]",Connie Kar Wai Liu,3.0
BUS 237,D101,fall,2026,12 units.,,False,"[{'days': 'Th', 'startTime': '11:30', 'endTime': '12:20', 'campus': 'Burnaby'}]",,3.0
BUS 237,D102,fall,2026,12 units.,,False,"[{'days': 'Th', 'startTime': '12:30', 'endTime': '13:20', 'campus': 'Burnaby'}]",,3.0
BUS 237,D103,fall,2026,12 units.,,False,"[{'days': 'Th', 'startTime': '13:30', 'endTime': '14:20', 'campus': 'Burnaby'}]",,3.0
BUS 237,D104,fall,2026,12 units.,,False,"[{'days': 'Th', 'startTime': '16:30', 'endTime': '17:20', 'campus': 'Burnaby'}]",,3.0
BUS 237,D105,fall,2026,12 units.,,False,"[{'days': 'Th', 'startTime': '16:30', 'endTime': '17:20', 'campus': 'Burnaby'}]",,3.0
BUS 237,D106,fall,2026,12 units.,,False,"[{'days': 'Th', 'startTime': '17:30', 'endTime': '18:20', 'campus': 'Burnaby'}]",,3.0
BUS 237,D107,fall,2026,12 units.,,False,"[{'days': 'Th', 'startTime': '17:30', 'endTime': '18:20', 'campus': 'Burnaby'}]",,3.0
BUS 237,D200,fall,2026,12 units.,,False,"[{'days': 'Mo', 'startTime': '14:30', 'endTime': '16:20', 'campus': 'Surrey'}]",Ahmad Bisher,3.0
BUS 237,D201,fall,2026,12 units.,,False,"[{'days': 'Mo', 'startTime': '16:30', 'endTime': '17:20', 'campus': 'Surrey'}]",,3.0
BUS 237,D202,fall,2026,12 units.,,False,"[{'days': 'Mo', 'startTime': '16:30', 'endTime': '17:20', 'campus': 'Surrey'}]",,3.0
BUS 237,D203,fall,2026,12 units.,,False,"[{'days': 'Mo', 'startTime': '17:30', 'endTime': '18:20', 'campus': 'Surrey'}]",,3.0
BUS 237,D204,fall,2026,12 units.,,False,"[{'days': 'Mo', 'startTime': '17:30', 'endTime': '18:20', 'campus': 'Surrey'}]",,3.0
BUS 237,E100,fall,2026,12 units.,,False,"[{'days': 'Th', 'startTime': '17:30', 'endTime': '19:20', 'campus': 'Burnaby'}]",Connie Kar Wai Liu,3.0
BUS 237,E101,fall,2026,12 units.,,False,"[{'days': 'Th', 'startTime': '14:30', 'endTime': '15:20', 'campus': 'Burnaby'}]",,3.0
BUS 237,E102,fall,2026,12 units.,,False,"[{'days': 'Th', 'startTime': '14:30', 'endTime': '15:20', 'campus': 'Burnaby'}]",,3.0
BUS 237,E103,fall,2026,12 units.,,False,"[{'days': 'Th', 'startTime': '15:30', 'endTime': '16:20', 'campus': 'Burnaby'}]",,3.0
BUS 237,E104,fall,2026,12 units.,,False,"[{'days': 'Th', 'startTime': '15:30', 'endTime': '16:20', 'campus': 'Burnaby'}]",,3.0
BUS 237,E105,fall,2026,12 units.,,False,"[{'days': 'Th', 'startTime': '19:30', 'endTime': '20:20', 'campus': 'Burnaby'}]",,3.0
BUS 237,E106,fall,2026,12 units.,,False,"[{'days': 'Th', 'startTime': '19:30', 'endTime': '20:20', 'campus': 'Burnaby'}]",,3.0
BUS 237,E107,fall,2026,12 units.,,False,"[{'days': 'Th', 'startTime': '20:30', 'endTime': '21:20', 'campus': 'Burnaby'}]",,3.0
BUS 240,D100,fall,2026,12 units.,,False,"[{'days': 'We', 'startTime': '14:30', 'endTime': '17:20', 'campus': 'Burnaby'}]",Anna Lukkarinen,3.0
BUS 240,D200,fall,2026,12 units.,,False,"[{'days': 'Tu', 'startTime': '14:30', 'endTime': '17:20', 'campus': 'Surrey'}]",Katty Yijing Wang,3.0
BUS 251,D100,fall,2026,12 units.,,False,"[{'days': 'Tu', 'startTime': '12:30', 'endTime': '14:20', 'campus': 'Burnaby'}]",Lei Zhang,3.0
BUS 251,D101,fall,2026,12 units.,,False,"[{'days': 'Tu', 'startTime': '14:30', 'endTime': '15:20', 'campus': 'Burnaby'}]",,3.0
BUS 251,D102,fall,2026,12 units.,,False,"[{'days': 'Tu', 'startTime': '14:30', 'endTime': '15:20', 'campus': 'Burnaby'}]",,3.0
BUS 251,D103,fall,2026,12 units.,,False,"[{'days': 'Tu', 'startTime': '14:30', 'endTime': '15:20', 'campus': 'Burnaby'}]",,3.0
BUS 251,D104,fall,2026,12 units.,,False,"[{'days': 'Tu', 'startTime': '15:30', 'endTime': '16:20', 'campus': 'Burnaby'}]",,3.0
BUS 251,D105,fall,2026,12 units.,,False,"[{'days': 'Tu', 'startTime': '15:30', 'endTime': '16:20', 'campus': 'Burnaby'}]",,3.0
BUS 251,D106,fall,2026,12 units.,,False,"[{'days': 'Tu', 'startTime': '15:30', 'endTime': '16:20', 'campus': 'Burnaby'}]",,3.0
BUS 251,D107,fall,2026,12 units.,,False,"[{'days': 'Tu', 'startTime': '16:30', 'endTime': '17:20', 'campus': 'Burnaby'}]",,3.0
BUS 251,D108,fall,2026,12 units.,,False,"[{'days': 'Tu', 'startTime': '16:30', 'endTime': '17:20', 'campus': 'Burnaby'}]",,3.0
BUS 251,D200,fall,2026,12 units.,,False,"[{'days': 'Th', 'startTime': '10:30', 'endTime': '12:20', 'campus': 'Surrey'}]",Richard Wong,3.0
BUS 251,D201,fall,2026,12 units.,,False,"[{'days': 'Th', 'startTime': '14:30', 'endTime': '15:20', 'campus': 'Surrey'}]",,3.0
BUS 251,D202,fall,2026,12 units.,,False,"[{'days': 'Th', 'startTime': '14:30', 'endTime': '15:20', 'campus': 'Surrey'}]",,3.0
BUS 251,D203,fall,2026,12 units.,,False,"[{'days': 'Th', 'startTime': '13:30', 'endTime': '14:20', 'campus': 'Surrey'}]",,3.0
BUS 251,D204,fall,2026,12 units.,,False,"[{'days': 'Th', 'startTime': '13:30', 'endTime': '14:20', 'campus': 'Surrey'}]",,3.0
BUS 251,E100,fall,2026,12 units.,,False,"[{'days': 'Tu', 'startTime': '17:30', 'endTime': '19:20', 'campus': 'Burnaby'}]",Lei Zhang,3.0
BUS 251,E101,fall,2026,12 units.,,False,"[{'days': 'Tu', 'startTime': '19:30', 'endTime': '20:20', 'campus': 'Burnaby'}]",,3.0
BUS 251,E102,fall,2026,12 units.,,False,"[{'days': 'Tu', 'startTime': '19:30', 'endTime': '20:20', 'campus': 'Burnaby'}]",,3.0
BUS 251,E103,fall,2026,12 units.,,False,"[{'days': 'Tu', 'startTime': '19:30', 'endTime': '20:20', 'campus': 'Burnaby'}]",,3.0
BUS 251,E104,fall,2026,12 units.,,False,"[{'days': 'Tu', 'startTime': '19:30', 'endTime': '20:20', 'campus': 'Burnaby'}]",,3.0
BUS 251,E105,fall,2026,12 units.,,False,"[{'days': 'Tu', 'startTime': '20:30', 'endTime': '21:20', 'campus': 'Burnaby'}]",,3.0
BUS 251,E106,fall,2026,12 units.,,False,"[{'days': 'Tu', 'startTime': '20:30', 'endTime': '21:20', 'campus': 'Burnaby'}]",,3.0
BUS 251,E107,fall,2026,12 units.,,False,"[{'days': 'Tu', 'startTime': '20:30', 'endTime': '21:20', 'campus': 'Burnaby'}]",,3.0
BUS 251,E108,fall,2026,12 units.,,False,"[{'days': 'Tu', 'startTime': '20:30', 'endTime': '21:20', 'campus': 'Burnaby'}]",,3.0
BUS 254,D100,fall,2026,BUS 251 with a minimum grade of C-; 15 units.,BUS 251,False,"[{'days': 'Tu', 'startTime': '10:30', 'endTime': '12:20', 'campus': 'Burnaby'}]",Hwee Cheng Tan,3.0
BUS 254,D101,fall,2026,BUS 251 with a minimum grade of C-; 15 units.,BUS 251,False,"[{'days': 'Tu', 'startTime': '12:30', 'endTime': '13:20', 'campus': 'Burnaby'}]",,3.0
BUS 254,D102,fall,2026,BUS 251 with a minimum grade of C-; 15 units.,BUS 251,False,"[{'days': 'Tu', 'startTime': '12:30', 'endTime': '13:20', 'campus': 'Burnaby'}]",,3.0
BUS 254,D103,fall,2026,BUS 251 with a minimum grade of C-; 15 units.,BUS 251,False,"[{'days': 'Tu', 'startTime': '12:30', 'endTime': '13:20', 'campus': 'Burnaby'}]",,3.0
BUS 254,D104,fall,2026,BUS 251 with a minimum grade of C-; 15 units.,BUS 251,False,"[{'days': 'Tu', 'startTime': '13:30', 'endTime': '14:20', 'campus': 'Burnaby'}]",,3.0
BUS 254,D105,fall,2026,BUS 251 with a minimum grade of C-; 15 units.,BUS 251,False,"[{'days': 'Tu', 'startTime': '13:30', 'endTime': '14:20', 'campus': 'Burnaby'}]",,3.0
BUS 254,D106,fall,2026,BUS 251 with a minimum grade of C-; 15 units.,BUS 251,False,"[{'days': 'Tu', 'startTime': '14:30', 'endTime': '15:20', 'campus': 'Burnaby'}]",,3.0
BUS 254,D107,fall,2026,BUS 251 with a minimum grade of C-; 15 units.,BUS 251,False,"[{'days': 'Tu', 'startTime': '14:30', 'endTime': '15:20', 'campus': 'Burnaby'}]",,3.0
BUS 254,D200,fall,2026,BUS 251 with a minimum grade of C-; 15 units.,BUS 251,False,"[{'days': 'Th', 'startTime': '10:30', 'endTime': '12:20', 'campus': 'Surrey'}]",Hwee Cheng Tan,3.0
BUS 254,D201,fall,2026,BUS 251 with a minimum grade of C-; 15 units.,BUS 251,False,"[{'days': 'Th', 'startTime': '12:30', 'endTime': '13:20', 'campus': 'Surrey'}]",,3.0
BUS 254,D202,fall,2026,BUS 251 with a minimum grade of C-; 15 units.,BUS 251,False,"[{'days': 'Th', 'startTime': '12:30', 'endTime': '13:20', 'campus': 'Surrey'}]",,3.0
BUS 254,D203,fall,2026,BUS 251 with a minimum grade of C-; 15 units.,BUS 251,False,"[{'days': 'Th', 'startTime': '13:30', 'endTime': '14:20', 'campus': 'Surrey'}]",,3.0
BUS 254,D204,fall,2026,BUS 251 with a minimum grade of C-; 15 units.,BUS 251,False,"[{'days': 'Th', 'startTime': '13:30', 'endTime': '14:20', 'campus': 'Surrey'}]",,3.0
BUS 254,E100,fall,2026,BUS 251 with a minimum grade of C-; 15 units.,BUS 251,False,"[{'days': 'Tu', 'startTime': '17:30', 'endTime': '19:20', 'campus': 'Burnaby'}]",Hwee Cheng Tan,3.0
BUS 254,E101,fall,2026,BUS 251 with a minimum grade of C-; 15 units.,BUS 251,False,"[{'days': 'Tu', 'startTime': '15:30', 'endTime': '16:20', 'campus': 'Burnaby'}]",,3.0
BUS 254,E102,fall,2026,BUS 251 with a minimum grade of C-; 15 units.,BUS 251,False,"[{'days': 'Tu', 'startTime': '15:30', 'endTime': '16:20', 'campus': 'Burnaby'}]",,3.0
BUS 254,E103,fall,2026,BUS 251 with a minimum grade of C-; 15 units.,BUS 251,False,"[{'days': 'Tu', 'startTime': '15:30', 'endTime': '16:20', 'campus': 'Burnaby'}]",,3.0
BUS 254,E104,fall,2026,BUS 251 with a minimum grade of C-; 15 units.,BUS 251,False,"[{'days': 'Tu', 'startTime': '16:30', 'endTime': '17:20', 'campus': 'Burnaby'}]",,3.0
BUS 254,E105,fall,2026,BUS 251 with a minimum grade of C-; 15 units.,BUS 251,False,"[{'days': 'Tu', 'startTime': '16:30', 'endTime': '17:20', 'campus': 'Burnaby'}]",,3.0
BUS 254,E106,fall,2026,BUS 251 with a minimum grade of C-; 15 units.,BUS 251,False,"[{'days': 'Tu', 'startTime': '16:30', 'endTime': '17:20', 'campus': 'Burnaby'}]",,3.0
BUS 254,E107,fall,2026,BUS 251 with a minimum grade of C-; 15 units.,BUS 251,False,"[{'days': 'Tu', 'startTime': '14:30', 'endTime': '15:20', 'campus': 'Burnaby'}]",,3.0
BUS 272,D100,fall,2026,12 units.,,False,"[{'days': 'Mo', 'startTime': '12:30', 'endTime': '14:20', 'campus': 'Burnaby'}]",Chris Zatzick,3.0
BUS 272,D101,fall,2026,12 units.,,False,"[{'days': 'Mo', 'startTime': '14:30', 'endTime': '15:20', 'campus': 'Burnaby'}]",,3.0
BUS 272,D102,fall,2026,12 units.,,False,"[{'days': 'Mo', 'startTime': '14:30', 'endTime': '15:20', 'campus': 'Burnaby'}]",,3.0
BUS 272,D103,fall,2026,12 units.,,False,"[{'days': 'Mo', 'startTime': '14:30', 'endTime': '15:20', 'campus': 'Burnaby'}]",,3.0
BUS 272,D104,fall,2026,12 units.,,False,"[{'days': 'Mo', 'startTime': '15:30', 'endTime': '16:20', 'campus': 'Burnaby'}]",,3.0
BUS 272,D105,fall,2026,12 units.,,False,"[{'days': 'Mo', 'startTime': '15:30', 'endTime': '16:20', 'campus': 'Burnaby'}]",,3.0
BUS 272,D106,fall,2026,12 units.,,False,"[{'days': 'Mo', 'startTime': '15:30', 'endTime': '16:20', 'campus': 'Burnaby'}]",,3.0
BUS 272,D107,fall,2026,12 units.,,False,"[{'days': 'Mo', 'startTime': '16:30', 'endTime': '17:20', 'campus': 'Burnaby'}]",,3.0
BUS 272,D200,fall,2026,12 units.,,False,"[{'days': 'Tu', 'startTime': '10:30', 'endTime': '12:20', 'campus': 'Surrey'}]",Bahareh Assadi,3.0
BUS 272,D201,fall,2026,12 units.,,False,"[{'days': 'Tu', 'startTime': '14:30', 'endTime': '15:20', 'campus': 'Surrey'}]",,3.0
BUS 272,D202,fall,2026,12 units.,,False,"[{'days': 'Tu', 'startTime': '14:30', 'endTime': '15:20', 'campus': 'Surrey'}]",,3.0
BUS 272,D203,fall,2026,12 units.,,False,"[{'days': 'Tu', 'startTime': '13:30', 'endTime': '14:20', 'campus': 'Surrey'}]",,3.0
BUS 272,D204,fall,2026,12 units.,,False,"[{'days': 'Tu', 'startTime': '13:30', 'endTime': '14:20', 'campus': 'Surrey'}]",,3.0
BUS 272,E100,fall,2026,12 units.,,False,"[{'days': 'Mo', 'startTime': '17:30', 'endTime': '19:20', 'campus': 'Burnaby'}]",Bahareh Assadi,3.0
BUS 272,E101,fall,2026,12 units.,,False,"[{'days': 'Mo', 'startTime': '16:30', 'endTime': '17:20', 'campus': 'Burnaby'}]",,3.0
BUS 272,E102,fall,2026,12 units.,,False,"[{'days': 'Mo', 'startTime': '16:30', 'endTime': '17:20', 'campus': 'Burnaby'}]",,3.0
BUS 272,E103,fall,2026,12 units.,,False,"[{'days': 'Mo', 'startTime': '16:30', 'endTime': '17:20', 'campus': 'Burnaby'}]",,3.0
BUS 272,E104,fall,2026,12 units.,,False,"[{'days': 'Mo', 'startTime': '19:30', 'endTime': '20:20', 'campus': 'Burnaby'}]",,3.0
BUS 272,E105,fall,2026,12 units.,,False,"[{'days': 'Mo', 'startTime': '19:30', 'endTime': '20:20', 'campus': 'Burnaby'}]",,3.0
BUS 272,E106,fall,2026,12 units.,,False,"[{'days': 'Mo', 'startTime': '19:30', 'endTime': '20:20', 'campus': 'Burnaby'}]",,3.0
BUS 272,E107,fall,2026,12 units.,,False,"[{'days': 'Mo', 'startTime': '19:30', 'endTime': '20:20', 'campus': 'Burnaby'}]",,3.0
BUS 275,D100,fall,2026,12 units.,,False,"[{'days': 'Tu', 'startTime': '14:30', 'endTime': '16:20', 'campus': 'Burnaby'}]",Martin Fuchs,3.0
BUS 275,D101,fall,2026,12 units.,,False,"[{'days': 'Tu', 'startTime': '16:30', 'endTime': '17:20', 'campus': 'Burnaby'}]",,3.0
BUS 275,D102,fall,2026,12 units.,,False,"[{'days': 'Tu', 'startTime': '16:30', 'endTime': '17:20', 'campus': 'Burnaby'}]",,3.0
BUS 275,D103,fall,2026,12 units.,,False,"[{'days': 'Tu', 'startTime': '16:30', 'endTime': '17:20', 'campus': 'Burnaby'}]",,3.0
BUS 275,D104,fall,2026,12 units.,,False,"[{'days': 'Tu', 'startTime': '17:30', 'endTime': '18:20', 'campus': 'Burnaby'}]",,3.0
BUS 275,D105,fall,2026,12 units.,,False,"[{'days': 'Tu', 'startTime': '17:30', 'endTime': '18:20', 'campus': 'Burnaby'}]",,3.0
BUS 275,D106,fall,2026,12 units.,,False,"[{'days': 'Tu', 'startTime': '17:30', 'endTime': '18:20', 'campus': 'Burnaby'}]",,3.0
BUS 275,D200,fall,2026,12 units.,,False,"[{'days': 'Mo', 'startTime': '10:30', 'endTime': '12:20', 'campus': 'Surrey'}]",Martin Fuchs,3.0
BUS 275,D201,fall,2026,12 units.,,False,"[{'days': 'Mo', 'startTime': '14:30', 'endTime': '15:20', 'campus': 'Surrey'}]",,3.0
BUS 275,D202,fall,2026,12 units.,,False,"[{'days': 'Mo', 'startTime': '14:30', 'endTime': '15:20', 'campus': 'Surrey'}]",,3.0
BUS 275,D203,fall,2026,12 units.,,False,"[{'days': 'Mo', 'startTime': '13:30', 'endTime': '14:20', 'campus': 'Surrey'}]",,3.0
BUS 275,D204,fall,2026,12 units.,,False,"[{'days': 'Mo', 'startTime': '13:30', 'endTime': '14:20', 'campus': 'Surrey'}]",,3.0
BUS 275,D205,fall,2026,12 units.,,False,"[{'days': 'Mo', 'startTime': '12:30', 'endTime': '13:20', 'campus': 'Surrey'}]",,3.0
BUS 275,D206,fall,2026,12 units.,,False,"[{'days': 'Mo', 'startTime': '12:30', 'endTime': '13:20', 'campus': 'Surrey'}]",,3.0
BUS 300,E100,fall,2026,"This course is only open to approved business administration majors admitted to the faculty in Fall 2022 and onward. BUS 100 or BUS 203, with a P grade and BUS 217W with a minimum grade of C-; 45 units. Recommendation to take with BUS 360W.",BUS 100;BUS 203;BUS 217W;BUS 360W,False,"[{'days': 'Mo', 'startTime': '18:30', 'endTime': '19:20', 'campus': None}, {'days': 'Mo', 'startTime': '17:30', 'endTime': '18:20', 'campus': None}, {'days': 'Sa', 'startTime': '8:00', 'endTime': '16:00', 'campus': None}]",Jason Ho,1.0
BUS 303,D100,fall,2026,45 units.,,False,"[{'days': 'We', 'startTime': '9:30', 'endTime': '12:20', 'campus': 'Burnaby'}]",Kathleen Burke,3.0
BUS 303,D200,fall,2026,45 units.,,False,"[{'days': 'Mo', 'startTime': '9:30', 'endTime': '12:20', 'campus': 'Surrey'}]",Kathleen Burke,3.0
BUS 303,D300,fall,2026,45 units.,,False,"[{'days': 'We', 'startTime': '14:30', 'endTime': '17:20', 'campus': 'Burnaby'}]",Sara Graves,3.0
BUS 303,D500,fall,2026,45 units.,,False,"[{'days': 'Tu', 'startTime': '8:30', 'endTime': '11:20', 'campus': 'Burnaby'}]",Daniel Hooley,3.0
BUS 307,D100,fall,2026,"45 units; BUS 207 or ECON 201, with a minimum grade of C-.",BUS 207;ECON 201,False,"[{'days': 'We', 'startTime': '9:30', 'endTime': '12:20', 'campus': 'Burnaby'}]",Karen Ruckman,3.0
BUS 311,D100,fall,2026,"This course is only open to students admitted to the business administration minor between Fall 2012 - Summer 2016 and who have credit for BUS 251 with a minimum grade of C- and 45 units, OR to students admitted to the business administration minor Fall 2016 - onwards and who have credit for BUS 251 with a minimum grade of C-, 45 units, and corequisite: BUS 200.",BUS 251;BUS 200,False,"[{'days': 'We', 'startTime': '14:30', 'endTime': '17:20', 'campus': 'Burnaby'}]",Susan Bubra,3.0
BUS 312,D100,fall,2026,"BUS 254 and (BUS 232 or ECON 233 or STAT 270 or STAT 271), both with a minimum grade of C- and 45 units; OR actuarial science students with BUS 254 and (BUS 232 or ECON 233 or STAT 270 or STAT 271), both with a minimum grade of C- and 45 units. Recommended: BUS 207 or ECON 201.",BUS 254;BUS 232;ECON 233;STAT 270;STAT 271,False,"[{'days': 'Th', 'startTime': '11:30', 'endTime': '14:20', 'campus': 'Burnaby'}]",Altug Turgay,3.0
BUS 312,D200,fall,2026,"BUS 254 and (BUS 232 or ECON 233 or STAT 270 or STAT 271), both with a minimum grade of C- and 45 units; OR actuarial science students with BUS 254 and (BUS 232 or ECON 233 or STAT 270 or STAT 271), both with a minimum grade of C- and 45 units. Recommended: BUS 207 or ECON 201.",BUS 254;BUS 232;ECON 233;STAT 270;STAT 271,False,"[{'days': 'We', 'startTime': '14:30', 'endTime': '17:20', 'campus': 'Surrey'}]",Altug Turgay,3.0
BUS 312,E100,fall,2026,"BUS 254 and (BUS 232 or ECON 233 or STAT 270 or STAT 271), both with a minimum grade of C- and 45 units; OR actuarial science students with BUS 254 and (BUS 232 or ECON 233 or STAT 270 or STAT 271), both with a minimum grade of C- and 45 units. Recommended: BUS 207 or ECON 201.",BUS 254;BUS 232;ECON 233;STAT 270;STAT 271,False,"[{'days': 'Th', 'startTime': '17:30', 'endTime': '20:20', 'campus': 'Burnaby'}]",Altug Turgay,3.0
BUS 313,D100,fall,2026,"BUS 312, BUS 207 or ECON 201, all with a minimum grade of C- and 45 units.",BUS 312;BUS 207;ECON 201,False,"[{'days': 'Mo', 'startTime': '9:30', 'endTime': '12:20', 'campus': 'Burnaby'}]",Alexander Vedrashko,3.0
BUS 313,E100,fall,2026,"BUS 312, BUS 207 or ECON 201, all with a minimum grade of C- and 45 units.",BUS 312;BUS 207;ECON 201,False,"[{'days': 'Mo', 'startTime': '17:30', 'endTime': '20:20', 'campus': 'Burnaby'}]",Alexander Vedrashko,3.0
BUS 314,D100,fall,2026,"BUS 238 or BUS 240, with a minimum grade of C- and 45 units; OR business administration minor students admitted Fall 2025 - onwards with BUS 240 with a minimum grade of C- and 45 units.",BUS 238;BUS 240,False,"[{'days': 'We', 'startTime': '9:30', 'endTime': '12:20', 'campus': 'Surrey'}]",Anna Lukkarinen,3.0
BUS 315,D100,fall,2026,"BUS 312 and (BUS 207 or ECON 201), both with a minimum grade of C- and 45 units; OR actuarial science students with STAT 285 and (BUS 312 or ACMA 201 or RISK 201), both with a minimum grade of C- and 45 units.",BUS 312;BUS 207;ECON 201;STAT 285;ACMA 201;RISK 201,False,"[{'days': 'Tu', 'startTime': '14:30', 'endTime': '17:20', 'campus': 'Burnaby'}]",Khalil Esmkhani,3.0
BUS 315,E100,fall,2026,"BUS 312 and (BUS 207 or ECON 201), both with a minimum grade of C- and 45 units; OR actuarial science students with STAT 285 and (BUS 312 or ACMA 201 or RISK 201), both with a minimum grade of C- and 45 units.",BUS 312;BUS 207;ECON 201;STAT 285;ACMA 201;RISK 201,False,"[{'days': 'Th', 'startTime': '17:30', 'endTime': '20:20', 'campus': 'Burnaby'}]",Khalil Esmkhani,3.0
BUS 318,D100,fall,2026,"BUS 312 with a minimum grade of C-, 45 units, and permission of the instructor. This course is only open to students selected for the BEAM program.",BUS 312,False,"[{'days': 'We', 'startTime': '14:30', 'endTime': '17:20', 'campus': 'Burnaby'}]",Frederick Willeboordse,3.0
BUS 320,D100,fall,2026,BUS 251 with a minimum grade of C-; 45 units.,BUS 251,False,"[{'days': 'Th', 'startTime': '11:30', 'endTime': '14:20', 'campus': 'Burnaby'}]",Dennis Chung,3.0
BUS 320,E100,fall,2026,BUS 251 with a minimum grade of C-; 45 units.,BUS 251,False,"[{'days': 'Th', 'startTime': '17:30', 'endTime': '20:20', 'campus': 'Burnaby'}]",Dennis Chung,3.0
BUS 321,D100,fall,2026,BUS 320 with a minimum grade of C-; 45 units.,BUS 320,False,"[{'days': 'Th', 'startTime': '14:30', 'endTime': '17:20', 'campus': 'Burnaby'}]",Robin Sandhawalia,3.0
BUS 321,D200,fall,2026,BUS 320 with a minimum grade of C-; 45 units.,BUS 320,False,"[{'days': 'Mo', 'startTime': '14:30', 'endTime': '17:20', 'campus': 'Burnaby'}]",Robin Sandhawalia,3.0
BUS 322,D100,fall,2026,"BUS 254 with a minimum grade of C-, 45 units.",BUS 254,False,"[{'days': 'We', 'startTime': '9:30', 'endTime': '12:20', 'campus': 'Burnaby'}]",Lei Zhang,3.0
BUS 325,D100,fall,2026,,,False,[],,3.0
BUS 325,D200,fall,2026,,,False,[],,3.0
BUS 325,I100,fall,2026,,,False,[],,3.0
BUS 326,D100,fall,2026,,,False,[],,3.0
BUS 326,D200,fall,2026,,,False,[],,3.0
BUS 326,I100,fall,2026,,,False,[],,3.0
BUS 327,D100,fall,2026,,,False,[],,3.0
BUS 327,D200,fall,2026,,,False,[],,3.0
BUS 327,I100,fall,2026,,,False,[],,3.0
BUS 330,D100,fall,2026,,,False,"[{'days': 'Th', 'startTime': '14:30', 'endTime': '17:20', 'campus': 'Burnaby'}]",Kwai Man Teresa Fung,3.0
BUS 331,D100,fall,2026,"BUS 330 (or BUS 329) with a minimum grade of C-, 45 units.",BUS 330;BUS 329,False,"[{'days': 'Fr', 'startTime': '14:30', 'endTime': '17:20', 'campus': 'Burnaby'}]",Kwai Man Teresa Fung,3.0
BUS 336,D100,fall,2026,"MATH 150, MATH 151, MATH 154, or MATH 157, with a minimum grade of C-; BUS 232, ECON 233, STAT 270, or STAT 271, with a minimum grade of C-; 45 units.",MATH 150;MATH 151;MATH 154;MATH 157;BUS 232;ECON 233;STAT 270;STAT 271,False,"[{'days': 'We', 'startTime': '9:30', 'endTime': '12:20', 'campus': 'Burnaby'}]",Hamideh Shokoohian,3.0
BUS 336,OP01,fall,2026,"MATH 150, MATH 151, MATH 154, or MATH 157, with a minimum grade of C-; BUS 232, ECON 233, STAT 270, or STAT 271, with a minimum grade of C-; 45 units.",MATH 150;MATH 151;MATH 154;MATH 157;BUS 232;ECON 233;STAT 270;STAT 271,False,"[{'days': 'Mo', 'startTime': '11:30', 'endTime': '14:20', 'campus': 'Burnaby'}]",,3.0
BUS 336,OP02,fall,2026,"MATH 150, MATH 151, MATH 154, or MATH 157, with a minimum grade of C-; BUS 232, ECON 233, STAT 270, or STAT 271, with a minimum grade of C-; 45 units.",MATH 150;MATH 151;MATH 154;MATH 157;BUS 232;ECON 233;STAT 270;STAT 271,False,"[{'days': 'Th', 'startTime': '17:30', 'endTime': '19:20', 'campus': 'Burnaby'}]",,3.0
BUS 338,D100,fall,2026,"BUS 238 or BUS 240, with a minimum grade of C- and 45 units; OR business administration minor students admitted Fall 2025 - onwards with BUS 240 with a minimum grade of C- and 45 units.",BUS 238;BUS 240,False,"[{'days': 'We', 'startTime': '14:30', 'endTime': '17:20', 'campus': 'Surrey'}]",Amyn Somani,3.0
BUS 340,D100,fall,2026,"This course is only open to students admitted to the business administration minor between Fall 2012 - Summer 2016 and who have 45 units, OR to students admitted to the business administration minor Fall 2016 - onwards and who have 45 units, and corequisite: BUS 200.",BUS 200,False,"[{'days': 'Fr', 'startTime': '14:30', 'endTime': '17:20', 'campus': 'Burnaby'}]",Ilia BYKOV,3.0
BUS 341,D100,fall,2026,"This course is only open to students admitted to the business administration minor between Fall 2012 - Summer 2016 and who have 45 units, OR to students admitted to the business administration minor Fall 2016 - onwards and who have 45 units, and corequisite: BUS 200.",BUS 200,False,"[{'days': 'Mo', 'startTime': '14:30', 'endTime': '17:20', 'campus': 'Burnaby'}]",Claudia Gomez Borquez,3.0
BUS 343,D100,fall,2026,45 units.,,False,"[{'days': 'Fr', 'startTime': '10:30', 'endTime': '12:20', 'campus': 'Burnaby'}]",Pei-Shiuan Lin,3.0
BUS 343,D101,fall,2026,45 units.,,False,"[{'days': 'Fr', 'startTime': '12:30', 'endTime': '13:20', 'campus': 'Burnaby'}]",,3.0
BUS 343,D102,fall,2026,45 units.,,False,"[{'days': 'Fr', 'startTime': '12:30', 'endTime': '13:20', 'campus': 'Burnaby'}]",,3.0
BUS 343,D103,fall,2026,45 units.,,False,"[{'days': 'Fr', 'startTime': '12:30', 'endTime': '13:20', 'campus': 'Burnaby'}]",,3.0
BUS 343,D104,fall,2026,45 units.,,False,"[{'days': 'Fr', 'startTime': '13:30', 'endTime': '14:20', 'campus': 'Burnaby'}]",,3.0
BUS 343,D105,fall,2026,45 units.,,False,"[{'days': 'Fr', 'startTime': '13:30', 'endTime': '14:20', 'campus': 'Burnaby'}]",,3.0
BUS 343,D106,fall,2026,45 units.,,False,"[{'days': 'Fr', 'startTime': '13:30', 'endTime': '14:20', 'campus': 'Burnaby'}]",,3.0
BUS 343,D107,fall,2026,45 units.,,False,"[{'days': 'Fr', 'startTime': '14:30', 'endTime': '15:20', 'campus': 'Burnaby'}]",,3.0
BUS 343,D108,fall,2026,45 units.,,False,"[{'days': 'Fr', 'startTime': '14:30', 'endTime': '15:20', 'campus': 'Burnaby'}]",,3.0
BUS 343,D109,fall,2026,45 units.,,False,"[{'days': 'Fr', 'startTime': '14:30', 'endTime': '15:20', 'campus': 'Burnaby'}]",,3.0
BUS 343,D110,fall,2026,45 units.,,False,"[{'days': 'Fr', 'startTime': '15:30', 'endTime': '16:20', 'campus': 'Burnaby'}]",,3.0
BUS 343,D111,fall,2026,45 units.,,False,"[{'days': 'Fr', 'startTime': '15:30', 'endTime': '16:20', 'campus': 'Burnaby'}]",,3.0
BUS 343,D200,fall,2026,45 units.,,False,"[{'days': 'Th', 'startTime': '10:30', 'endTime': '12:20', 'campus': 'Surrey'}]",Pei-Shiuan Lin,3.0
BUS 343,D201,fall,2026,45 units.,,False,"[{'days': 'Th', 'startTime': '12:30', 'endTime': '13:20', 'campus': 'Surrey'}]",,3.0
BUS 343,D202,fall,2026,45 units.,,False,"[{'days': 'Th', 'startTime': '12:30', 'endTime': '13:20', 'campus': 'Surrey'}]",,3.0
BUS 343,D203,fall,2026,45 units.,,False,"[{'days': 'Th', 'startTime': '12:30', 'endTime': '13:20', 'campus': 'Surrey'}]",,3.0
BUS 343,D204,fall,2026,45 units.,,False,"[{'days': 'Th', 'startTime': '13:30', 'endTime': '14:20', 'campus': 'Surrey'}]",,3.0
BUS 343,D205,fall,2026,45 units.,,False,"[{'days': 'Th', 'startTime': '13:30', 'endTime': '14:20', 'campus': 'Surrey'}]",,3.0
BUS 345,D100,fall,2026,"BUS 232 or ECON 233 or STAT 270 or STAT 271, and BUS 343, both with a minimum grade of C- and 45 units; OR data science majors with BUS 343 with a minimum grade of C- and 45 units.",BUS 232;ECON 233;STAT 270;STAT 271;BUS 343,False,"[{'days': 'Th', 'startTime': '8:30', 'endTime': '11:20', 'campus': 'Burnaby'}]",Yupin Yang,3.0
BUS 346,D100,fall,2026,45 units.,,False,"[{'days': 'Mo', 'startTime': '9:30', 'endTime': '12:20', 'campus': 'Burnaby'}]",,3.0
BUS 346,D200,fall,2026,45 units.,,False,"[{'days': 'Fr', 'startTime': '14:30', 'endTime': '17:20', 'campus': 'Burnaby'}]",Farouk Abdul-Salam,3.0
BUS 347,D100,fall,2026,BUS 343 with a minimum grade of C- and 45 units; OR business administration minor students admitted Fall 2025 - onwards with BUS 341 with a minimum grade of C- and 45 units.,BUS 343;BUS 341,False,"[{'days': 'Tu', 'startTime': '14:30', 'endTime': '17:20', 'campus': 'Burnaby'}]",Steve Kates,3.0
BUS 347,D200,fall,2026,BUS 343 with a minimum grade of C- and 45 units; OR business administration minor students admitted Fall 2025 - onwards with BUS 341 with a minimum grade of C- and 45 units.,BUS 343;BUS 341,False,"[{'days': 'We', 'startTime': '14:30', 'endTime': '17:20', 'campus': 'Burnaby'}]",Steve Kates,3.0
BUS 360W,D100,fall,2026,"This course is open to students admitted to the business administration major, honours, or second degree program and who have 45 units and BUS 130 or (BUS 201 or BUS 202) or BUS 301, and BUS 217W, both with a minimum grade of C-, OR to students admitted Fall 2022 onwards to the business administration major, honours, or second degree program, and who have 45 units; BUS 217W and (BUS 201 or BUS 202), both with a minimum grade of C-; and BUS 300, OR to business administration joint major or joint honours students with BUS 217W with a minimum grade of C- and 45 units, OR to business and economics joint major students with ECON 220W with a minimum grade of C- and 45 units, OR to mechatronic systems engineering and business administration double degree students with 45 units, OR to data science major with BUS 217W with a minimum grade of C- and 45 units.",BUS 130;BUS 201;BUS 202;BUS 301;BUS 217W;BUS 300;ECON 220W,False,"[{'days': 'Tu', 'startTime': '8:30', 'endTime': '11:20', 'campus': 'Burnaby'}]",Darren Francis,4.0
BUS 360W,D200,fall,2026,"This course is open to students admitted to the business administration major, honours, or second degree program and who have 45 units and BUS 130 or (BUS 201 or BUS 202) or BUS 301, and BUS 217W, both with a minimum grade of C-, OR to students admitted Fall 2022 onwards to the business administration major, honours, or second degree program, and who have 45 units; BUS 217W and (BUS 201 or BUS 202), both with a minimum grade of C-; and BUS 300, OR to business administration joint major or joint honours students with BUS 217W with a minimum grade of C- and 45 units, OR to business and economics joint major students with ECON 220W with a minimum grade of C- and 45 units, OR to mechatronic systems engineering and business administration double degree students with 45 units, OR to data science major with BUS 217W with a minimum grade of C- and 45 units.",BUS 130;BUS 201;BUS 202;BUS 301;BUS 217W;BUS 300;ECON 220W,False,"[{'days': 'Th', 'startTime': '14:30', 'endTime': '17:20', 'campus': 'Surrey'}]",Christian Venhuizen,4.0
BUS 360W,D300,fall,2026,"This course is open to students admitted to the business administration major, honours, or second degree program and who have 45 units and BUS 130 or (BUS 201 or BUS 202) or BUS 301, and BUS 217W, both with a minimum grade of C-, OR to students admitted Fall 2022 onwards to the business administration major, honours, or second degree program, and who have 45 units; BUS 217W and (BUS 201 or BUS 202), both with a minimum grade of C-; and BUS 300, OR to business administration joint major or joint honours students with BUS 217W with a minimum grade of C- and 45 units, OR to business and economics joint major students with ECON 220W with a minimum grade of C- and 45 units, OR to mechatronic systems engineering and business administration double degree students with 45 units, OR to data science major with BUS 217W with a minimum grade of C- and 45 units.",BUS 130;BUS 201;BUS 202;BUS 301;BUS 217W;BUS 300;ECON 220W,False,"[{'days': 'Tu', 'startTime': '14:30', 'endTime': '17:20', 'campus': 'Burnaby'}]",Darren Francis,4.0
BUS 360W,D400,fall,2026,"This course is open to students admitted to the business administration major, honours, or second degree program and who have 45 units and BUS 130 or (BUS 201 or BUS 202) or BUS 301, and BUS 217W, both with a minimum grade of C-, OR to students admitted Fall 2022 onwards to the business administration major, honours, or second degree program, and who have 45 units; BUS 217W and (BUS 201 or BUS 202), both with a minimum grade of C-; and BUS 300, OR to business administration joint major or joint honours students with BUS 217W with a minimum grade of C- and 45 units, OR to business and economics joint major students with ECON 220W with a minimum grade of C- and 45 units, OR to mechatronic systems engineering and business administration double degree students with 45 units, OR to data science major with BUS 217W with a minimum grade of C- and 45 units.",BUS 130;BUS 201;BUS 202;BUS 301;BUS 217W;BUS 300;ECON 220W,False,"[{'days': 'Fr', 'startTime': '14:30', 'endTime': '17:20', 'campus': 'Surrey'}]",Christian Venhuizen,4.0
BUS 360W,D500,fall,2026,"This course is open to students admitted to the business administration major, honours, or second degree program and who have 45 units and BUS 130 or (BUS 201 or BUS 202) or BUS 301, and BUS 217W, both with a minimum grade of C-, OR to students admitted Fall 2022 onwards to the business administration major, honours, or second degree program, and who have 45 units; BUS 217W and (BUS 201 or BUS 202), both with a minimum grade of C-; and BUS 300, OR to business administration joint major or joint honours students with BUS 217W with a minimum grade of C- and 45 units, OR to business and economics joint major students with ECON 220W with a minimum grade of C- and 45 units, OR to mechatronic systems engineering and business administration double degree students with 45 units, OR to data science major with BUS 217W with a minimum grade of C- and 45 units.",BUS 130;BUS 201;BUS 202;BUS 301;BUS 217W;BUS 300;ECON 220W,False,"[{'days': 'Th', 'startTime': '11:30', 'endTime': '14:20', 'campus': 'Burnaby'}]",Darren Francis,4.0
BUS 360W,E100,fall,2026,"This course is open to students admitted to the business administration major, honours, or second degree program and who have 45 units and BUS 130 or (BUS 201 or BUS 202) or BUS 301, and BUS 217W, both with a minimum grade of C-, OR to students admitted Fall 2022 onwards to the business administration major, honours, or second degree program, and who have 45 units; BUS 217W and (BUS 201 or BUS 202), both with a minimum grade of C-; and BUS 300, OR to business administration joint major or joint honours students with BUS 217W with a minimum grade of C- and 45 units, OR to business and economics joint major students with ECON 220W with a minimum grade of C- and 45 units, OR to mechatronic systems engineering and business administration double degree students with 45 units, OR to data science major with BUS 217W with a minimum grade of C- and 45 units.",BUS 130;BUS 201;BUS 202;BUS 301;BUS 217W;BUS 300;ECON 220W,False,"[{'days': 'Tu', 'startTime': '18:30', 'endTime': '21:20', 'campus': 'Burnaby'}]",Kevin Stewart,4.0
BUS 360W,E200,fall,2026,"This course is open to students admitted to the business administration major, honours, or second degree program and who have 45 units and BUS 130 or (BUS 201 or BUS 202) or BUS 301, and BUS 217W, both with a minimum grade of C-, OR to students admitted Fall 2022 onwards to the business administration major, honours, or second degree program, and who have 45 units; BUS 217W and (BUS 201 or BUS 202), both with a minimum grade of C-; and BUS 300, OR to business administration joint major or joint honours students with BUS 217W with a minimum grade of C- and 45 units, OR to business and economics joint major students with ECON 220W with a minimum grade of C- and 45 units, OR to mechatronic systems engineering and business administration double degree students with 45 units, OR to data science major with BUS 217W with a minimum grade of C- and 45 units.",BUS 130;BUS 201;BUS 202;BUS 301;BUS 217W;BUS 300;ECON 220W,False,"[{'days': 'Mo', 'startTime': '18:30', 'endTime': '21:20', 'campus': 'Burnaby'}]",Christian Venhuizen,4.0
BUS 360W,E300,fall,2026,"This course is open to students admitted to the business administration major, honours, or second degree program and who have 45 units and BUS 130 or (BUS 201 or BUS 202) or BUS 301, and BUS 217W, both with a minimum grade of C-, OR to students admitted Fall 2022 onwards to the business administration major, honours, or second degree program, and who have 45 units; BUS 217W and (BUS 201 or BUS 202), both with a minimum grade of C-; and BUS 300, OR to business administration joint major or joint honours students with BUS 217W with a minimum grade of C- and 45 units, OR to business and economics joint major students with ECON 220W with a minimum grade of C- and 45 units, OR to mechatronic systems engineering and business administration double degree students with 45 units, OR to data science major with BUS 217W with a minimum grade of C- and 45 units.",BUS 130;BUS 201;BUS 202;BUS 301;BUS 217W;BUS 300;ECON 220W,False,"[{'days': 'We', 'startTime': '18:30', 'endTime': '21:20', 'campus': 'Burnaby'}]",Kevin Stewart,4.0
BUS 360W,E400,fall,2026,"This course is open to students admitted to the business administration major, honours, or second degree program and who have 45 units and BUS 130 or (BUS 201 or BUS 202) or BUS 301, and BUS 217W, both with a minimum grade of C-, OR to students admitted Fall 2022 onwards to the business administration major, honours, or second degree program, and who have 45 units; BUS 217W and (BUS 201 or BUS 202), both with a minimum grade of C-; and BUS 300, OR to business administration joint major or joint honours students with BUS 217W with a minimum grade of C- and 45 units, OR to business and economics joint major students with ECON 220W with a minimum grade of C- and 45 units, OR to mechatronic systems engineering and business administration double degree students with 45 units, OR to data science major with BUS 217W with a minimum grade of C- and 45 units.",BUS 130;BUS 201;BUS 202;BUS 301;BUS 217W;BUS 300;ECON 220W,False,"[{'days': 'Th', 'startTime': '18:30', 'endTime': '21:20', 'campus': 'Burnaby'}]",Kevin Stewart,4.0
BUS 361,D100,fall,2026,45 units OR business administration minor students admitted Fall 2025 - onwards with 45 units.,,False,"[{'days': 'Tu', 'startTime': '8:30', 'endTime': '11:20', 'campus': 'Burnaby'}]",Connie Kar Wai Liu,3.0
BUS 361,D200,fall,2026,45 units OR business administration minor students admitted Fall 2025 - onwards with 45 units.,,False,"[{'days': 'Fr', 'startTime': '9:30', 'endTime': '12:20', 'campus': 'Surrey'}]",Peter Tingling,3.0
BUS 362,D100,fall,2026,BUS 237 with a minimum grade of C-; 45 units; OR Data Science majors with 45 units.,BUS 237,False,"[{'days': 'Mo', 'startTime': '10:30', 'endTime': '12:20', 'campus': 'Burnaby'}]",Reza Shams,4.0
BUS 362,D101,fall,2026,BUS 237 with a minimum grade of C-; 45 units; OR Data Science majors with 45 units.,BUS 237,False,"[{'days': 'Mo', 'startTime': '12:30', 'endTime': '14:20', 'campus': 'Burnaby'}]",,4.0
BUS 362,D102,fall,2026,BUS 237 with a minimum grade of C-; 45 units; OR Data Science majors with 45 units.,BUS 237,False,"[{'days': 'Mo', 'startTime': '12:30', 'endTime': '14:20', 'campus': 'Burnaby'}]",,4.0
BUS 362,D103,fall,2026,BUS 237 with a minimum grade of C-; 45 units; OR Data Science majors with 45 units.,BUS 237,False,"[{'days': 'Mo', 'startTime': '14:30', 'endTime': '16:20', 'campus': 'Burnaby'}]",,4.0
BUS 371,D100,fall,2026,45 units; BUS 217W with a minimum grade of C-.,BUS 217W,False,"[{'days': 'Th', 'startTime': '11:30', 'endTime': '14:20', 'campus': 'Burnaby'}]",Anthony Chan,3.0
BUS 373,D100,fall,2026,"BUS 232, ECON 233, STAT 270, or STAT 271, with a minimum grade of C-; 45 units.",BUS 232;ECON 233;STAT 270;STAT 271,False,"[{'days': 'Th', 'startTime': '14:30', 'endTime': '17:20', 'campus': 'Burnaby'}]",Devadrita Nair,3.0
BUS 373,D200,fall,2026,"BUS 232, ECON 233, STAT 270, or STAT 271, with a minimum grade of C-; 45 units.",BUS 232;ECON 233;STAT 270;STAT 271,False,"[{'days': 'Tu', 'startTime': '14:30', 'endTime': '17:20', 'campus': 'Surrey'}]",Devadrita Nair,3.0
BUS 374,D100,fall,2026,45 units and BUS 272 with a minimum grade of C-; OR business administration minor students admitted Fall 2025 - onwards with BUS 272 with a minimum grade of C- and 45 units.,BUS 272,False,"[{'days': 'Mo', 'startTime': '14:30', 'endTime': '17:20', 'campus': 'Burnaby'}]",Rajiv Kozhikode,3.0
BUS 381,D100,fall,2026,BUS 272 with a minimum grade of C- and 45 units; OR business administration minor students admitted Fall 2025 - onwards with BUS 272 with a minimum grade of C- and 45 units.,BUS 272,False,"[{'days': 'Tu', 'startTime': '11:30', 'endTime': '14:20', 'campus': 'Burnaby'}]",Zhanna Lyubykh,3.0
BUS 381,E100,fall,2026,BUS 272 with a minimum grade of C- and 45 units; OR business administration minor students admitted Fall 2025 - onwards with BUS 272 with a minimum grade of C- and 45 units.,BUS 272,False,"[{'days': 'Tu', 'startTime': '17:30', 'endTime': '20:20', 'campus': 'Burnaby'}]",Bahareh Assadi,3.0
BUS 393,D100,fall,2026,45 units.,,False,"[{'days': 'Fr', 'startTime': '12:30', 'endTime': '14:20', 'campus': 'Burnaby'}]",Shafik Bhalloo,3.0
BUS 393,D101,fall,2026,45 units.,,False,"[{'days': 'Fr', 'startTime': '14:30', 'endTime': '15:20', 'campus': 'Burnaby'}]",,3.0
BUS 393,D102,fall,2026,45 units.,,False,"[{'days': 'Fr', 'startTime': '14:30', 'endTime': '15:20', 'campus': 'Burnaby'}]",,3.0
BUS 393,D103,fall,2026,45 units.,,False,"[{'days': 'Fr', 'startTime': '15:30', 'endTime': '16:20', 'campus': 'Burnaby'}]",,3.0
BUS 393,D104,fall,2026,45 units.,,False,"[{'days': 'Fr', 'startTime': '15:30', 'endTime': '16:20', 'campus': 'Burnaby'}]",,3.0
BUS 393,D200,fall,2026,45 units.,,False,"[{'days': 'Fr', 'startTime': '10:30', 'endTime': '12:20', 'campus': 'Surrey'}]",Robert Adamson,3.0
BUS 393,D201,fall,2026,45 units.,,False,"[{'days': 'Fr', 'startTime': '14:30', 'endTime': '15:20', 'campus': 'Surrey'}]",,3.0
BUS 393,D202,fall,2026,45 units.,,False,"[{'days': 'Fr', 'startTime': '14:30', 'endTime': '15:20', 'campus': 'Surrey'}]",,3.0
BUS 393,D203,fall,2026,45 units.,,False,"[{'days': 'Fr', 'startTime': '13:30', 'endTime': '14:20', 'campus': 'Surrey'}]",,3.0
BUS 393,D204,fall,2026,45 units.,,False,"[{'days': 'Fr', 'startTime': '13:30', 'endTime': '14:20', 'campus': 'Surrey'}]",,3.0
BUS 393,D300,fall,2026,45 units.,,False,"[{'days': 'Th', 'startTime': '10:30', 'endTime': '12:20', 'campus': 'Burnaby'}]",Robert Adamson,3.0
BUS 393,D301,fall,2026,45 units.,,False,"[{'days': 'Th', 'startTime': '14:30', 'endTime': '15:20', 'campus': 'Burnaby'}]",,3.0
BUS 393,D302,fall,2026,45 units.,,False,"[{'days': 'Th', 'startTime': '14:30', 'endTime': '15:20', 'campus': 'Burnaby'}]",,3.0
BUS 393,D303,fall,2026,45 units.,,False,"[{'days': 'Th', 'startTime': '13:30', 'endTime': '14:20', 'campus': 'Burnaby'}]",,3.0
BUS 393,D304,fall,2026,45 units.,,False,"[{'days': 'Th', 'startTime': '13:30', 'endTime': '14:20', 'campus': 'Burnaby'}]",,3.0
BUS 393,E100,fall,2026,45 units.,,False,"[{'days': 'Mo', 'startTime': '17:30', 'endTime': '19:20', 'campus': 'Burnaby'}]",Shafik Bhalloo,3.0
BUS 393,E101,fall,2026,45 units.,,False,"[{'days': 'Mo', 'startTime': '19:30', 'endTime': '20:20', 'campus': 'Burnaby'}]",,3.0
BUS 393,E102,fall,2026,45 units.,,False,"[{'days': 'Mo', 'startTime': '19:30', 'endTime': '20:20', 'campus': 'Burnaby'}]",,3.0
BUS 393,E103,fall,2026,45 units.,,False,"[{'days': 'Mo', 'startTime': '20:30', 'endTime': '21:20', 'campus': 'Burnaby'}]",,3.0
BUS 393,E104,fall,2026,45 units.,,False,"[{'days': 'Mo', 'startTime': '20:30', 'endTime': '21:20', 'campus': 'Burnaby'}]",,3.0
BUS 401,D100,fall,2026,"BUS 311 (or BUS 254 and BUS 312), BUS 341, and corequisite BUS 340, all with a minimum grade of C-; 60 units. The course is only open to students in the business minor program.",BUS 311;BUS 254;BUS 312;BUS 341;BUS 340,False,"[{'days': 'Th', 'startTime': '14:30', 'endTime': '17:20', 'campus': 'Burnaby'}]",Sasha Ramnarine,3.0
BUS 410,D100,fall,2026,"BUS 315 and BUS 360W, both with a minimum grade of C-; 60 units.",BUS 315;BUS 360W,False,"[{'days': 'Tu', 'startTime': '8:30', 'endTime': '11:20', 'campus': 'Burnaby'}]",Jijun Niu,3.0
BUS 410,E100,fall,2026,"BUS 315 and BUS 360W, both with a minimum grade of C-; 60 units.",BUS 315;BUS 360W,False,"[{'days': 'Tu', 'startTime': '17:30', 'endTime': '20:20', 'campus': 'Burnaby'}]",Jijun Niu,3.0
BUS 411,D100,fall,2026,"BUS 315 and BUS 360W, both with a minimum grade of C-; 60 units.",BUS 315;BUS 360W,False,"[{'days': 'Fr', 'startTime': '9:30', 'endTime': '12:20', 'campus': 'Burnaby'}]",Ali Boloor Foroosh,3.0
BUS 414,E100,fall,2026,"BUS 315, BUS 360W, both with a minimum grade of C-; 60 units.",BUS 315;BUS 360W,False,"[{'days': 'Tu', 'startTime': '17:30', 'endTime': '20:20', 'campus': 'Burnaby'}]",Andrey Pavlov,3.0
BUS 417,D100,fall,2026,"BUS 315, 360W, both with a minimum grade of C-; 60 units.",BUS 315,False,"[{'days': 'Fr', 'startTime': '14:30', 'endTime': '17:20', 'campus': 'Burnaby'}]",Steven Adang,3.0
BUS 418,D100,fall,2026,"BUS 315 and BUS 360W, both with a minimum grade of C-; 60 units.",BUS 315;BUS 360W,False,"[{'days': 'We', 'startTime': '9:30', 'endTime': '12:20', 'campus': 'Burnaby'}]",Alexander Vedrashko,3.0
BUS 418,E100,fall,2026,"BUS 315 and BUS 360W, both with a minimum grade of C-; 60 units.",BUS 315;BUS 360W,False,"[{'days': 'We', 'startTime': '17:30', 'endTime': '20:20', 'campus': 'Burnaby'}]",Hamideh Shokoohian,3.0
BUS 419,D100,fall,2026,"BUS 315 and BUS 360W, both with a minimum grade of C-; 60 units.",BUS 315;BUS 360W,False,"[{'days': 'Tu', 'startTime': '11:30', 'endTime': '14:20', 'campus': 'Burnaby'}]",Andrey Pavlov,3.0
BUS 420,D100,fall,2026,"BUS 321, 360W, both with a minimum grade of C-; 60 units.",BUS 321,False,"[{'days': 'We', 'startTime': '14:30', 'endTime': '17:20', 'campus': 'Burnaby'}]",Fereshteh Mahmoudian,3.0
BUS 420,E100,fall,2026,"BUS 321, 360W, both with a minimum grade of C-; 60 units.",BUS 321,False,"[{'days': 'We', 'startTime': '18:30', 'endTime': '21:20', 'campus': 'Burnaby'}]",Fereshteh Mahmoudian,3.0
BUS 421,D100,fall,2026,"BUS 321 and BUS 360W, both with a minimum grade of C-; 60 units.",BUS 321;BUS 360W,False,"[{'days': 'Tu', 'startTime': '11:30', 'endTime': '14:20', 'campus': 'Burnaby'}]",Karel Hrazdil,3.0
BUS 421,E100,fall,2026,"BUS 321 and BUS 360W, both with a minimum grade of C-; 60 units.",BUS 321;BUS 360W,False,"[{'days': 'Tu', 'startTime': '17:30', 'endTime': '20:20', 'campus': 'Burnaby'}]",Karel Hrazdil,3.0
BUS 424,D100,fall,2026,"BUS 322 and BUS 360W, both with a minimum grade of C-; 60 units.",BUS 322;BUS 360W,False,"[{'days': 'Th', 'startTime': '11:30', 'endTime': '14:20', 'campus': 'Burnaby'}]",Johnny Jermias,3.0
BUS 424,E100,fall,2026,"BUS 322 and BUS 360W, both with a minimum grade of C-; 60 units.",BUS 322;BUS 360W,False,"[{'days': 'Th', 'startTime': '17:30', 'endTime': '20:20', 'campus': 'Burnaby'}]",Johnny Jermias,3.0
BUS 425,D100,fall,2026,,,False,[],,3.0
BUS 425,D200,fall,2026,,,False,[],,3.0
BUS 425,I100,fall,2026,,,False,[],,3.0
BUS 426,D100,fall,2026,"BUS 321, 360W, both with a minimum grade of C-; 60 units.",BUS 321,False,"[{'days': 'Fr', 'startTime': '9:30', 'endTime': '12:20', 'campus': 'Burnaby'}]",Grant Mowbray,3.0
BUS 426,E100,fall,2026,"BUS 321, 360W, both with a minimum grade of C-; 60 units.",BUS 321,False,"[{'days': 'Mo', 'startTime': '17:30', 'endTime': '20:20', 'campus': 'Burnaby'}]",Grant Mowbray,3.0
BUS 431,D100,fall,2026,BUS 360W with a minimum grade of C-; 60 units. Recommended: BUS 346.,BUS 360W,False,"[{'days': 'Tu', 'startTime': '8:30', 'endTime': '11:20', 'campus': 'Burnaby'}]",Neethu Parvathy,3.0
BUS 432,D100,fall,2026,"BUS 360W and one of BUS 272 or 381, all with a minimum grade of C-; 60 units. Recommended: BUS 346.",BUS 360W;BUS 272,False,"[{'days': 'Fr', 'startTime': '14:30', 'endTime': '17:20', 'campus': 'Burnaby'}]",Neethu Parvathy,3.0
BUS 434,D100,fall,2026,BUS 360W with a minimum grade of C-; 60 units. Recommended: BUS 346.,BUS 360W,False,"[{'days': 'We', 'startTime': '14:30', 'endTime': '17:20', 'campus': 'Burnaby'}]",Rekha Krishnan,3.0
BUS 435,D100,fall,2026,BUS 360W with a minimum grade of C-; 60 units. Recommended: BUS 346.,BUS 360W,False,"[{'days': 'Th', 'startTime': '8:30', 'endTime': '11:20', 'campus': 'Burnaby'}]",Neethu Parvathy,3.0
BUS 437,D100,fall,2026,"BUS 336, 360W, both with a minimum grade of C-; 60 units; OR Data Science majors with BUS 360W with a minimum grade of C- and 60 units.",BUS 336;BUS 360W,False,"[{'days': 'Mo', 'startTime': '14:30', 'endTime': '17:20', 'campus': 'Burnaby'}]",George Zhang,3.0
BUS 439,D100,fall,2026,"BUS 345 or BUS 440, BUS 360W, BUS 437 or BUS 441, BUS 445, BUS 462, and BUS 464, all with a minimum grade of C-; 90 units; OR data science majors with BUS 360W, (BUS 445 or BUS 462), CMPT 354, all with a minimum grade of C- and 90 units.",BUS 345;BUS 440;BUS 360W;BUS 437;BUS 441;BUS 445;BUS 462;BUS 464;CMPT 354,False,"[{'days': 'Tu', 'startTime': '14:30', 'endTime': '17:20', 'campus': 'Burnaby'}]",Jason Ho,3.0
BUS 441,D100,fall,2026,"BUS 232 or ECON 233 or STAT 270 or STAT 271, BUS 360W, and BUS 343, all with a minimum grade of C-; 60 units.",BUS 232;ECON 233;STAT 270;STAT 271;BUS 360W;BUS 343,False,"[{'days': 'Mo', 'startTime': '14:30', 'endTime': '17:20', 'campus': 'Burnaby'}]",James Flory,3.0
BUS 443,D100,fall,2026,"BUS 343 and BUS 360W, or innovation and entrepreneurship certificate students with BUS 343 and an upper division Writing (W) course, both with a minimum grade of C-; 60 units.",BUS 343;BUS 360W,False,"[{'days': 'Mo', 'startTime': '9:30', 'endTime': '12:20', 'campus': 'Burnaby'}]",Christine Pitt,3.0
BUS 445,D100,fall,2026,"BUS 343, 336, 360W, all with a minimum grade of C-, 60 units; OR Data Science majors with BUS 343, 360W, both with a minimum grade of C-, and 60 units.",BUS 343,False,"[{'days': 'Th', 'startTime': '14:30', 'endTime': '17:20', 'campus': 'Burnaby'}]",Miremad Soleymanian,3.0
BUS 445,D200,fall,2026,"BUS 343, 336, 360W, all with a minimum grade of C-, 60 units; OR Data Science majors with BUS 343, 360W, both with a minimum grade of C-, and 60 units.",BUS 343,False,"[{'days': 'We', 'startTime': '14:30', 'endTime': '17:20', 'campus': 'Burnaby'}]",Miremad Soleymanian,3.0
BUS 446,D100,fall,2026,"BUS 343 and BUS 360W, both with a minimum grade of C-; 60 units.",BUS 343;BUS 360W,False,"[{'days': 'Fr', 'startTime': '9:30', 'endTime': '12:20', 'campus': 'Burnaby'}]",Yupin Yang,3.0
BUS 447,D100,fall,2026,"BUS 343, 360W, both with a minimum grade of C-; 60 units. Recommended: BUS 346.",BUS 343,False,"[{'days': 'Fr', 'startTime': '14:30', 'endTime': '17:20', 'campus': 'Burnaby'}]",Christine Pitt,3.0
BUS 449,D100,fall,2026,"BUS 343 and 360W, or corporate environmental and social sustainability certificate students with BUS 343 and upper division Writing (W) course, both with a minimum grade of C-; 60 units.",BUS 343,False,"[{'days': 'Tu', 'startTime': '11:30', 'endTime': '14:20', 'campus': 'Burnaby'}]",Christine Pitt,3.0
BUS 462,D100,fall,2026,"BUS 360W and BUS 362, both with a minimum grade of C-, 60 units, and corequisite: BUS 336; OR data science majors with BUS 360W with a minimum grade of C-, and 60 units.",BUS 360W;BUS 362;BUS 336,False,"[{'days': 'We', 'startTime': '9:30', 'endTime': '10:20', 'campus': 'Burnaby'}, {'days': 'We', 'startTime': '10:30', 'endTime': '12:20', 'campus': 'Burnaby'}]",Michael Brydon,3.0
BUS 462,E100,fall,2026,"BUS 360W and BUS 362, both with a minimum grade of C-, 60 units, and corequisite: BUS 336; OR data science majors with BUS 360W with a minimum grade of C-, and 60 units.",BUS 360W;BUS 362;BUS 336,False,"[{'days': 'Tu', 'startTime': '18:30', 'endTime': '19:20', 'campus': 'Burnaby'}, {'days': 'Tu', 'startTime': '19:30', 'endTime': '21:20', 'campus': 'Burnaby'}]",Michael Brydon,3.0
BUS 464,D100,fall,2026,"BUS 360W, 362, both with a minimum grade of C-; 60 units.",BUS 360W,False,"[{'days': 'We', 'startTime': '17:30', 'endTime': '20:20', 'campus': 'Burnaby'}]",Mohamed Abouelnaga,3.0
BUS 466,D100,fall,2026,"BUS 237, BUS 360W, BUS 362, all with a minimum grade of C-; 60 units.",BUS 237;BUS 360W;BUS 362,False,"[{'days': 'Fr', 'startTime': '9:30', 'endTime': '12:20', 'campus': 'Burnaby'}]",Kyle Krystalowich,3.0
BUS 468,D100,fall,2026,"BUS 237, BUS 360W, BUS 362, all with a minimum grade of C-; 90 units.",BUS 237;BUS 360W;BUS 362,False,"[{'days': 'Tu', 'startTime': '11:30', 'endTime': '14:20', 'campus': 'Burnaby'}]",Peter Tingling,3.0
BUS 471,D100,fall,2026,60 units; BUS 360W with a minimum grade of C-.,BUS 360W,False,"[{'days': 'Tu', 'startTime': '11:30', 'endTime': '14:20', 'campus': 'Burnaby'}]",Daniela Blettner,3.0
BUS 473,D100,fall,2026,"Students admitted prior to Fall 2023 with (BUS 373 or BUS 336) and BUS 360W, or students admitted Fall 2023 onward with BUS 373 and BUS 360W; both with a minimum grade of C-; 60 units.",BUS 373;BUS 336;BUS 360W,False,"[{'days': 'Fr', 'startTime': '14:30', 'endTime': '17:20', 'campus': 'Burnaby'}]",George Zhang,3.0
BUS 473,D200,fall,2026,"Students admitted prior to Fall 2023 with (BUS 373 or BUS 336) and BUS 360W, or students admitted Fall 2023 onward with BUS 373 and BUS 360W; both with a minimum grade of C-; 60 units.",BUS 373;BUS 336;BUS 360W,False,"[{'days': 'Th', 'startTime': '14:30', 'endTime': '17:20', 'campus': 'Burnaby'}]",George Zhang,3.0
BUS 477,D100,fall,2026,"BUS 338 and BUS 360W, or innovation and entrepreneurship certificate students with BUS 338 and an upper division Writing (W) course, both with a minimum grade of C-; 60 units. Recommended: BUS 314.",BUS 338;BUS 360W,False,"[{'days': 'Tu', 'startTime': '14:30', 'endTime': '17:20', 'campus': 'Surrey'}]",Simon Ford,3.0
BUS 478,D100,fall,2026,"BUS 207 (or ECON 201 or ECON 301), BUS 312, 343, 360W and either BUS 374 or 381, all with a minimum grade of C-; 90 units.",BUS 207;ECON 201;ECON 301;BUS 312;BUS 374,False,"[{'days': 'Mo', 'startTime': '9:30', 'endTime': '12:20', 'campus': 'Burnaby'}]",Eric Gedajlovic,3.0
BUS 478,D200,fall,2026,"BUS 207 (or ECON 201 or ECON 301), BUS 312, 343, 360W and either BUS 374 or 381, all with a minimum grade of C-; 90 units.",BUS 207;ECON 201;ECON 301;BUS 312;BUS 374,False,"[{'days': 'We', 'startTime': '9:30', 'endTime': '12:20', 'campus': 'Surrey'}]",Yuri Taira,3.0
BUS 478,D300,fall,2026,"BUS 207 (or ECON 201 or ECON 301), BUS 312, 343, 360W and either BUS 374 or 381, all with a minimum grade of C-; 90 units.",BUS 207;ECON 201;ECON 301;BUS 312;BUS 374,False,"[{'days': 'Fr', 'startTime': '14:30', 'endTime': '17:20', 'campus': 'Burnaby'}]",Yuri Taira,3.0
BUS 478,D400,fall,2026,"BUS 207 (or ECON 201 or ECON 301), BUS 312, 343, 360W and either BUS 374 or 381, all with a minimum grade of C-; 90 units.",BUS 207;ECON 201;ECON 301;BUS 312;BUS 374,False,"[{'days': 'We', 'startTime': '14:30', 'endTime': '17:20', 'campus': 'Burnaby'}]",Jerry Sheppard,3.0
BUS 478,D500,fall,2026,"BUS 207 (or ECON 201 or ECON 301), BUS 312, 343, 360W and either BUS 374 or 381, all with a minimum grade of C-; 90 units.",BUS 207;ECON 201;ECON 301;BUS 312;BUS 374,False,"[{'days': 'Mo', 'startTime': '9:30', 'endTime': '12:20', 'campus': 'Burnaby'}]",Jerry Sheppard,3.0
BUS 478,D600,fall,2026,"BUS 207 (or ECON 201 or ECON 301), BUS 312, 343, 360W and either BUS 374 or 381, all with a minimum grade of C-; 90 units.",BUS 207;ECON 201;ECON 301;BUS 312;BUS 374,False,"[{'days': 'Th', 'startTime': '14:30', 'endTime': '17:20', 'campus': 'Burnaby'}]",Yuri Taira,3.0
BUS 478,D700,fall,2026,"BUS 207 (or ECON 201 or ECON 301), BUS 312, 343, 360W and either BUS 374 or 381, all with a minimum grade of C-; 90 units.",BUS 207;ECON 201;ECON 301;BUS 312;BUS 374,False,"[{'days': 'Mo', 'startTime': '14:30', 'endTime': '17:20', 'campus': 'Burnaby'}]",Eric Gedajlovic,3.0
BUS 478,E100,fall,2026,"BUS 207 (or ECON 201 or ECON 301), BUS 312, 343, 360W and either BUS 374 or 381, all with a minimum grade of C-; 90 units.",BUS 207;ECON 201;ECON 301;BUS 312;BUS 374,False,"[{'days': 'Th', 'startTime': '17:30', 'endTime': '20:20', 'campus': 'Burnaby'}]",Anthony Chan,3.0
BUS 481,D100,fall,2026,"BUS 381 and 360W, with a minimum grade of C-; 60 units.",BUS 381,False,"[{'days': 'Fr', 'startTime': '9:30', 'endTime': '12:20', 'campus': 'Burnaby'}]",Natalie Zhao,3.0
BUS 482,D100,fall,2026,"60 units; BUS 272, 381 and 360W, all with a minimum grade of C-.",BUS 272,False,"[{'days': 'Th', 'startTime': '11:30', 'endTime': '14:20', 'campus': 'Burnaby'}]",Natalie Zhao,3.0
BUS 483,D100,fall,2026,"BUS 393, BUS 360W, both with a minimum grade of C-; 60 units.",BUS 393;BUS 360W,False,"[{'days': 'We', 'startTime': '9:30', 'endTime': '12:20', 'campus': 'Burnaby'}]",Shafik Bhalloo,3.0
BUS 485,D100,fall,2026,"BUS 272, 360W, and either 374 or 381, all with a minimum grade of C-; 60 units.",BUS 272,False,"[{'days': 'Tu', 'startTime': '14:30', 'endTime': '17:20', 'campus': 'Burnaby'}]",Zhanna Lyubykh,3.0
BUS 486,D100,fall,2026,"BUS 272, 360W, and either 374 or 381, all with a minimum grade of C-; 60 units.",BUS 272,False,"[{'days': 'We', 'startTime': '14:30', 'endTime': '17:20', 'campus': 'Burnaby'}]",David Hannah,3.0
BUS 496,E100,fall,2026,"This course is only open to approved business administration majors admitted to the faculty in Fall 2022 and onward, BUS 300 with a P grade and BUS 360W with a minimum grade of C-; 95 units.",BUS 300;BUS 360W,False,"[{'days': 'Mo', 'startTime': '17:30', 'endTime': '18:20', 'campus': 'Burnaby'}, {'days': 'Mo', 'startTime': '17:30', 'endTime': '20:20', 'campus': 'Burnaby'}, {'days': 'Sa', 'startTime': '8:00', 'endTime': '16:00', 'campus': 'Burnaby'}]",Ilia BYKOV,1.0
BUS 559,G300,fall,2026,,,False,"[{'days': 'We, Th, Fr', 'startTime': '8:00', 'endTime': '16:00', 'campus': 'VANCOUVER'}]",Mark Selman,4.0
BUS 559,G400,fall,2026,,,False,"[{'days': 'Th', 'startTime': '8:00', 'endTime': '16:00', 'campus': 'Burnaby'}, {'days': 'Fr', 'startTime': '8:00', 'endTime': '16:00', 'campus': 'Burnaby'}, {'days': 'Sa', 'startTime': '8:00', 'endTime': '16:00', 'campus': 'Burnaby'}]",Mark Selman,4.0
BUS 578,G300,fall,2026,BUS 714.,BUS 714,False,"[{'days': 'Th', 'startTime': '18:00', 'endTime': '19:30', 'campus': 'VANCOUVER'}]",Andrew Harries,3.0
BUS 590,G300,fall,2026,,,False,"[{'days': 'Mo, Th', 'startTime': '18:00', 'endTime': '19:30', 'campus': 'VANCOUVER'}]",Amyn Somani,3.0
BUS 600,G400,fall,2026,Only for students in the Indigenous Business Leadership.,,False,[],,
BUS 605,G100,fall,2026,Enrollment in the Americas stream of the EMBA.,,False,[],Ian McCarthy,3.0
BUS 607,G100,fall,2026,,,False,"[{'days': 'Fr, Sa', 'startTime': '14:00', 'endTime': '17:30', 'campus': 'SEGAL'}, {'days': 'Fr', 'startTime': '14:00', 'endTime': '17:30', 'campus': 'SEGAL'}, {'days': 'Sa', 'startTime': '14:00', 'endTime': '17:30', 'campus': 'SEGAL'}]",Luana Carcano,4.0
BUS 607,G200,fall,2026,,,False,[],Andrew von Nordenflycht,4.0
BUS 608,G400,fall,2026,Only for students in the IBL EMBA program.,,False,"[{'days': 'Mo, Tu, We, Th, Fr', 'startTime': '9:00', 'endTime': '17:00', 'campus': 'SEGAL'}]",Dara Kelly,4.0
BUS 609,G400,fall,2026,,,False,"[{'days': 'Tu, Th', 'startTime': '9:00', 'endTime': '12:20', 'campus': 'VANCOUVER'}]",Wanda Rockthunder,4.0
BUS 626,G400,fall,2026,Only for students in the IBL EMBA program.,,False,"[{'days': 'Tu, Th', 'startTime': '9:00', 'endTime': '12:30', 'campus': 'VANCOUVER'}]",Scott MacEachern,4.0
BUS 641,G100,fall,2026,,,False,"[{'days': 'Fr, Sa', 'startTime': '9:30', 'endTime': '13:00', 'campus': 'SEGAL'}, {'days': 'Sa', 'startTime': '9:30', 'endTime': '13:00', 'campus': 'SEGAL'}]",Mila Lazarova,2.0
BUS 641,G200,fall,2026,,,False,[],Mila Lazarova,2.0
BUS 642,G100,fall,2026,,,False,"[{'days': 'Fr, Sa', 'startTime': '9:30', 'endTime': '13:00', 'campus': 'SEGAL'}, {'days': 'Fr', 'startTime': '9:30', 'endTime': '13:00', 'campus': 'SEGAL'}]",Jing Li,2.0
BUS 649,G100,fall,2026,,,False,"[{'days': 'Fr, Sa', 'startTime': '9:30', 'endTime': '13:00', 'campus': 'SEGAL'}, {'days': 'Fr, Sa', 'startTime': '14:00', 'endTime': '17:30', 'campus': 'SEGAL'}, {'days': 'Sa', 'startTime': '9:30', 'endTime': '13:00', 'campus': 'SEGAL'}, {'days': 'Sa', 'startTime': '14:00', 'endTime': '17:30', 'campus': 'SEGAL'}]",Stephanie Bertels,2.0
BUS 657,G400,fall,2026,Only for students in the IBL EMBA program.,,False,"[{'days': 'Mo', 'startTime': '9:00', 'endTime': '12:30', 'campus': 'VANCOUVER'}, {'days': 'We', 'startTime': '9:00', 'endTime': '12:30', 'campus': 'VANCOUVER'}]",June Francis,4.0
BUS 660,G200,fall,2026,,,False,[],,4.0
BUS 661,G200,fall,2026,,,False,[],,4.0
BUS 662,G100,fall,2026,,,False,"[{'days': 'Fr, Sa', 'startTime': '9:30', 'endTime': '13:00', 'campus': 'SEGAL'}, {'days': 'Fr, Sa', 'startTime': '14:00', 'endTime': '17:30', 'campus': 'SEGAL'}, {'days': 'Sa', 'startTime': '9:30', 'endTime': '13:00', 'campus': 'SEGAL'}, {'days': 'Sa', 'startTime': '14:00', 'endTime': '17:30', 'campus': 'SEGAL'}]",Darrin Hotte,2.0
BUS 670,G100,fall,2026,,,False,"[{'days': 'Fr, Sa', 'startTime': '9:30', 'endTime': '13:00', 'campus': 'SEGAL'}, {'days': 'Fr', 'startTime': '14:00', 'endTime': '17:30', 'campus': 'SEGAL'}, {'days': 'Fr', 'startTime': '9:30', 'endTime': '13:00', 'campus': 'SEGAL'}]",Arsineh Garabedian,4.0
BUS 679,G400,fall,2026,Only for students in the IBL EMBA program.,,False,"[{'days': 'Mo, Tu, We, Th, Fr', 'startTime': '9:00', 'endTime': '17:00', 'campus': 'SEGAL'}]",,4.0
BUS 681,G100,fall,2026,,,False,"[{'days': 'Fr, Sa', 'startTime': '14:00', 'endTime': '17:30', 'campus': 'SEGAL'}, {'days': 'Fr', 'startTime': '9:30', 'endTime': '13:00', 'campus': 'SEGAL'}, {'days': 'Sa', 'startTime': '14:00', 'endTime': '17:30', 'campus': 'SEGAL'}]",Jeffrey Yip,4.0
BUS 692,G400,fall,2026,Only for students in the IBL EMBA program.,,False,"[{'days': 'Mo', 'startTime': '9:00', 'endTime': '12:30', 'campus': 'VANCOUVER'}, {'days': 'We', 'startTime': '9:00', 'endTime': '12:30', 'campus': 'VANCOUVER'}]",Kam Phung,4.0
BUS 694,G100,fall,2026,Admission to the EMBA program.,,False,"[{'days': 'Fr', 'startTime': '9:00', 'endTime': '17:30', 'campus': None}, {'days': 'Sa', 'startTime': '9:00', 'endTime': '17:30', 'campus': 'SEGAL'}]",Jeffrey Yip,2.0
BUS 700,G100,fall,2026,,,False,[],,
BUS 700,G300,fall,2026,,,False,[],,
BUS 700,G400,fall,2026,,,False,[],,
BUS 700,G700,fall,2026,,,False,[],,
BUS 702,G200,fall,2026,,,False,"[{'days': 'Mo', 'startTime': '18:00', 'endTime': '21:30', 'campus': 'SEGAL'}]",Srabana Dasgupta,3.0
BUS 702,G500,fall,2026,,,False,"[{'days': 'Tu', 'startTime': '18:00', 'endTime': '19:00', 'campus': 'VANCOUVER'}]",Srabana Dasgupta,3.0
BUS 703,G100,fall,2026,,,False,"[{'days': 'Mo, We', 'startTime': '9:30', 'endTime': '13:00', 'campus': 'SEGAL'}]",Farouk Abdul-Salam,2.0
BUS 703,G300,fall,2026,,,False,"[{'days': 'Sa', 'startTime': '9:30', 'endTime': '11:00', 'campus': 'VANCOUVER'}]",Farouk Abdul-Salam,2.0
BUS 703,G600,fall,2026,,,False,"[{'days': 'Mo', 'startTime': '18:00', 'endTime': '21:30', 'campus': 'Surrey'}]",Farouk Abdul-Salam,2.0
BUS 703,G700,fall,2026,,,False,[],Luana Carcano;Farouk Abdul-Salam,2.0
BUS 703,G800,fall,2026,,,False,[],Farouk Abdul-Salam,2.0
BUS 704,G100,fall,2026,,,False,"[{'days': 'Mo, We', 'startTime': '9:30', 'endTime': '13:00', 'campus': 'SEGAL'}]",Lesley McCannell,3.0
BUS 704,G200,fall,2026,,,False,"[{'days': 'Mo', 'startTime': '18:00', 'endTime': '21:30', 'campus': 'SEGAL'}]",Melissa McCrae,3.0
BUS 704,G300,fall,2026,,,False,"[{'days': 'Mo', 'startTime': '18:00', 'endTime': '19:30', 'campus': 'VANCOUVER'}]",Marla McMullen,3.0
BUS 705,G100,fall,2026,,,False,"[{'days': 'Tu, Th', 'startTime': '9:30', 'endTime': '13:00', 'campus': 'SEGAL'}]",Arsineh Garabedian,3.0
BUS 705,G200,fall,2026,,,False,"[{'days': 'Th', 'startTime': '18:00', 'endTime': '21:30', 'campus': 'SEGAL'}]",Arsineh Garabedian,3.0
BUS 705,G300,fall,2026,,,False,"[{'days': 'Th', 'startTime': '18:00', 'endTime': '19:30', 'campus': 'VANCOUVER'}]",Scott MacEachern,3.0
BUS 705,G500,fall,2026,,,False,"[{'days': 'We', 'startTime': '19:00', 'endTime': '20:00', 'campus': 'VANCOUVER'}]",Scott MacEachern,3.0
BUS 706,G100,fall,2026,,,False,"[{'days': 'Tu, Th', 'startTime': '14:00', 'endTime': '17:30', 'campus': 'SEGAL'}]",Gohram Gohram,3.0
BUS 706,G200,fall,2026,,,False,"[{'days': 'Mo, Th', 'startTime': '18:00', 'endTime': '21:30', 'campus': 'SEGAL'}]",Gohram Gohram,3.0
BUS 706,G500,fall,2026,,,False,"[{'days': 'Tu', 'startTime': '19:00', 'endTime': '20:00', 'campus': 'VANCOUVER'}]",Srinivas Krishnamoorthy,3.0
BUS 708,G500,fall,2026,BUS 705.,BUS 705,False,"[{'days': 'Tu', 'startTime': '19:00', 'endTime': '20:00', 'campus': 'VANCOUVER'}]",Uzair Azmat,3.0
BUS 710,G100,fall,2026,,,False,"[{'days': 'Mo, We', 'startTime': '9:30', 'endTime': '13:00', 'campus': 'SEGAL'}]",Rosalie Tung,3.0
BUS 710,G300,fall,2026,,,False,"[{'days': 'Mo, Th', 'startTime': '18:00', 'endTime': '19:30', 'campus': 'VANCOUVER'}]",Rajiv Kozhikode,3.0
BUS 712,G200,fall,2026,,,False,"[{'days': 'Th', 'startTime': '18:00', 'endTime': '21:30', 'campus': 'SEGAL'}]",Mila Lazarova,3.0
BUS 714,G700,fall,2026,,,False,"[{'days': 'We', 'startTime': '18:00', 'endTime': '21:30', 'campus': 'SEGAL'}]",Simon Ford,3.0
BUS 715,G300,fall,2026,,,False,"[{'days': 'Mo', 'startTime': '18:00', 'endTime': '19:30', 'campus': 'VANCOUVER'}]",Payman Jula,3.0
BUS 715,G500,fall,2026,,,False,"[{'days': 'We', 'startTime': '19:00', 'endTime': '20:00', 'campus': 'VANCOUVER'}]",Payman Jula,3.0
BUS 716,G100,fall,2026,,,False,"[{'days': 'Tu, Th', 'startTime': '9:30', 'endTime': '13:00', 'campus': 'SEGAL'}]",Kent Williams,3.0
BUS 716,G500,fall,2026,,,False,"[{'days': 'We', 'startTime': '18:00', 'endTime': '19:00', 'campus': 'VANCOUVER'}]",Kam Phung,3.0
BUS 719,G100,fall,2026,,,False,"[{'days': 'Tu, Th', 'startTime': '9:30', 'endTime': '13:00', 'campus': 'SEGAL'}]",Lieke Ten Brummelhuis,3.0
BUS 719,G500,fall,2026,,,False,"[{'days': 'We', 'startTime': '18:00', 'endTime': '19:00', 'campus': 'VANCOUVER'}]",Melissa McCrae,3.0
BUS 721,G200,fall,2026,,,False,"[{'days': 'Sa', 'startTime': '9:30', 'endTime': '17:30', 'campus': 'SEGAL'}]",David Hannah,3.0
BUS 721,G500,fall,2026,,,False,"[{'days': 'Th', 'startTime': '18:00', 'endTime': '19:30', 'campus': 'VANCOUVER'}]",Rekha Krishnan,3.0
BUS 721,G600,fall,2026,,,False,"[{'days': 'Sa', 'startTime': '9:30', 'endTime': '17:30', 'campus': 'VANCOUVER'}]",Darrin Hotte,3.0
BUS 721,G900,fall,2026,,,False,"[{'days': 'Mo, Th', 'startTime': '18:30', 'endTime': '19:20', 'campus': 'VANCOUVER'}]",,3.0
BUS 727,G100,fall,2026,,,False,[],,
BUS 731,G200,fall,2026,,,False,"[{'days': 'Th', 'startTime': '18:00', 'endTime': '21:30', 'campus': 'SEGAL'}]",Melissa McCrae,3.0
BUS 732,G100,fall,2026,BUS 710.,BUS 710,False,"[{'days': 'Tu, Th', 'startTime': '14:00', 'endTime': '17:30', 'campus': 'SEGAL'}]",Rajiv Kozhikode,3.0
BUS 741,G200,fall,2026,,,False,"[{'days': 'We', 'startTime': '18:00', 'endTime': '21:30', 'campus': 'SEGAL'}]",Adam Walter,2.0
BUS 785,G100,fall,2026,BUS 706.,BUS 706,False,"[{'days': 'Tu, Th', 'startTime': '9:30', 'endTime': '13:00', 'campus': 'SEGAL'}]",Srinivas Krishnamoorthy,3.0
BUS 787,G300,fall,2026,,,False,"[{'days': 'Th', 'startTime': '18:00', 'endTime': '19:30', 'campus': 'VANCOUVER'}]",Jie Mein Goh,3.0
BUS 803,G100,fall,2026,,,False,"[{'days': 'Mo', 'startTime': '14:00', 'endTime': '17:20', 'campus': 'VANCOUVER'}, {'days': 'Tu, Fr', 'startTime': '9:30', 'endTime': '13:00', 'campus': 'VANCOUVER'}]",Philip Goddard,3.0
BUS 806,G100,fall,2026,,,False,"[{'days': 'Mo', 'startTime': '14:00', 'endTime': '17:30', 'campus': 'SEGAL'}, {'days': 'Mo, We, Fr', 'startTime': '9:30', 'endTime': '13:00', 'campus': 'SEGAL'}, {'days': 'Fr', 'startTime': '9:30', 'endTime': '13:00', 'campus': 'VANCOUVER'}]",Gherardo Gennaro Caracciolo,3.0
BUS 816,G100,fall,2026,,,False,"[{'days': 'Mo, We, Fr', 'startTime': '14:00', 'endTime': '17:30', 'campus': 'VANCOUVER'}]",Eric Lanoix,3.0
BUS 826,G100,fall,2026,,,False,"[{'days': 'Mo, We, Fr', 'startTime': '10:00', 'endTime': '13:00', 'campus': 'VANCOUVER'}]",Ying Duan,3.0
BUS 827,G100,fall,2026,,,False,"[{'days': 'Mo, We, Fr', 'startTime': '10:00', 'endTime': '13:00', 'campus': 'VANCOUVER'}]",Ying Duan,3.0
BUS 828,G100,fall,2026,,,False,"[{'days': 'Th', 'startTime': '14:00', 'endTime': '17:30', 'campus': 'VANCOUVER'}, {'days': 'Th', 'startTime': '9:30', 'endTime': '13:00', 'campus': 'VANCOUVER'}]",Eric Lanoix,2.0
BUS 830,G300,fall,2026,,,False,"[{'days': 'Mo, Th', 'startTime': '18:00', 'endTime': '19:30', 'campus': 'VANCOUVER'}]",Nilesh Saraf,3.0
BUS 845,G100,fall,2026,,,False,[],Jamal Nazari,3.0
BUS 876,G100,fall,2026,,,False,"[{'days': 'Mo, We, Fr', 'startTime': '14:00', 'endTime': '17:30', 'campus': 'VANCOUVER'}]",,3.0
BUS 880,G100,fall,2026,BUS 881 or Academic Director approval.,BUS 881,False,[],,3.0
BUS 881,G100,fall,2026,,,False,"[{'days': 'Th', 'startTime': '14:00', 'endTime': '17:30', 'campus': 'SEGAL'}]",Frederick Willeboordse,3.0
BUS 972,G100,fall,2026,,,False,"[{'days': 'Tu', 'startTime': '9:30', 'endTime': '12:50', 'campus': 'SEGAL'}, {'days': 'We', 'startTime': '9:30', 'endTime': '12:50', 'campus': 'SEGAL'}]",,4.0
BUS 980,G100,fall,2026,Enrollment in PhD program.,,False,"[{'days': 'Fr', 'startTime': '9:30', 'endTime': '12:20', 'campus': 'SEGAL'}]",,3.0
BUS 983,G100,fall,2026,Enrollment in PhD program.,,False,[],,4.0
BUS 984,G100,fall,2026,Enrollment in PhD program.,,False,[],,4.0
BUS 985,G100,fall,2026,Enrollment in PhD program.,,False,[],,4.0
BUS 986,G100,fall,2026,Enrollment in PhD program.,,False,[],,4.0
BUS 987,G100,fall,2026,Enrollment in PhD program.,,False,"[{'days': 'Tu', 'startTime': '14:00', 'endTime': '16:50', 'campus': 'SEGAL'}]",,4.0
BUS 991,G100,fall,2026,Enrollment in PhD program.,,False,[],,
BUS 992,G100,fall,2026,Enrollment in PhD program.,,False,[],,18.0
BUS 993,G100,fall,2026,,,False,[],,
CA 105,OL01,fall,2026,,,False,[],Arne Eigenfeldt,
CA 110,D100,fall,2026,"Open to art, performance and cinema studies majors.",,False,"[{'days': 'Th', 'startTime': '9:30', 'endTime': '12:20', 'campus': 'GOLDCORP'}]",Denise Oleksijczuk,3.0
CA 117,D100,fall,2026,,,False,"[{'days': 'Mo', 'startTime': '14:30', 'endTime': '17:20', 'campus': 'GOLDCORP'}]",Sessional,3.0
CA 122,D100,fall,2026,By audition for admission to the dance program and declared dance major or extended minor status. Corequisite: CA 129 must be taken concurrently.,CA 129,False,"[{'days': 'Mo', 'startTime': '9:30', 'endTime': '11:20', 'campus': 'GOLDCORP'}, {'days': 'Mo, We, Fr', 'startTime': '12:30', 'endTime': '14:20', 'campus': 'GOLDCORP'}, {'days': 'Tu', 'startTime': '9:30', 'endTime': '11:20', 'campus': 'GOLDCORP'}, {'days': 'We', 'startTime': '9:30', 'endTime': '11:20', 'campus': 'GOLDCORP'}, {'days': 'Th', 'startTime': '9:30', 'endTime': '11:20', 'campus': 'GOLDCORP'}, {'days': 'Fr', 'startTime': '9:30', 'endTime': '11:20', 'campus': 'GOLDCORP'}]",Marla Eist,6.0
CA 127,D100,fall,2026,,,False,"[{'days': 'Th', 'startTime': '14:30', 'endTime': '17:20', 'campus': 'GOLDCORP'}]",Karen Thompson,3.0
CA 129,D100,fall,2026,By audition for admission to the dance program and declared dance major or extended minor status. Corequisite: CA 122 must be taken concurrently.,CA 122,False,"[{'days': 'Tu, Th', 'startTime': '12:30', 'endTime': '14:20', 'campus': 'GOLDCORP'}]",Marla Eist,3.0
CA 130,D100,fall,2026,"Declared status in the film major, film honors or extended film minor.",,False,"[{'days': 'Tu', 'startTime': '10:30', 'endTime': '13:20', 'campus': 'GOLDCORP'}]",Simone Rapisarda,4.0
CA 130,D101,fall,2026,"Declared status in the film major, film honors or extended film minor.",,False,"[{'days': 'Th', 'startTime': '10:30', 'endTime': '13:20', 'campus': 'GOLDCORP'}]",Simone Rapisarda,4.0
CA 135,OL01,fall,2026,,,False,[],Peter Dickinson,3.0
CA 136,D100,fall,2026,,,False,"[{'days': 'We', 'startTime': '9:30', 'endTime': '12:20', 'campus': 'GOLDCORP'}]",Christopher Pavsek,3.0
CA 140,OL01,fall,2026,,,False,[],Arne Eigenfeldt,3.0
CA 142,OL01,fall,2026,,,False,[],Arne Eigenfeldt,3.0
CA 143,D100,fall,2026,"Acceptance into the major, or permission of instructor. Corequisite: CA 145 or permission of instructor.",CA 145,False,"[{'days': 'Tu, We', 'startTime': '13:30', 'endTime': '15:20', 'campus': 'GOLDCORP'}]",Aram Bajakian,3.0
CA 145,D100,fall,2026,,,False,"[{'days': 'Tu', 'startTime': '9:30', 'endTime': '12:20', 'campus': 'GOLDCORP'}]",Sabrina Schroeder,3.0
CA 145,D101,fall,2026,,,False,"[{'days': 'Th', 'startTime': '9:30', 'endTime': '11:20', 'campus': 'GOLDCORP'}]",Sabrina Schroeder,3.0
CA 149,OL01,fall,2026,,,False,[],Arne Eigenfeldt,3.0
CA 151,D100,fall,2026,,,False,"[{'days': 'Mo, We', 'startTime': '9:30', 'endTime': '12:20', 'campus': 'GOLDCORP'}]",Sessional,3.0
CA 160,D100,fall,2026,,,False,"[{'days': 'Mo, We', 'startTime': '9:30', 'endTime': '12:20', 'campus': 'GOLDCORP'}]",Sessional,3.0
CA 160,D200,fall,2026,,,False,"[{'days': 'Tu, Th', 'startTime': '14:30', 'endTime': '17:20', 'campus': 'GOLDCORP'}]",Sessional,3.0
CA 170,D100,fall,2026,"Declared status in the performance production and design major or extended minor, or permission of instructor.",,True,"[{'days': 'Mo', 'startTime': '14:30', 'endTime': '17:20', 'campus': 'GOLDCORP'}]",Kyla Gardiner,3.0
CA 170,D101,fall,2026,"Declared status in the performance production and design major or extended minor, or permission of instructor.",,True,"[{'days': 'Fr', 'startTime': '9:30', 'endTime': '12:20', 'campus': 'GOLDCORP'}]",Kyla Gardiner,3.0
CA 175,D100,fall,2026,,,False,"[{'days': 'Tu, Th', 'startTime': '9:30', 'endTime': '12:20', 'campus': 'GOLDCORP'}]",Miwa Matreyek,3.0
CA 185,D100,fall,2026,"Declared status in a School for the Contemporary Arts honours, major, extended minor or minor program.",,False,"[{'days': 'Tu', 'startTime': '14:30', 'endTime': '17:20', 'campus': 'GOLDCORP'}]",Kyla Gardiner,3.0
CA 185,D200,fall,2026,"Declared status in a School for the Contemporary Arts honours, major, extended minor or minor program.",,False,"[{'days': 'Tu', 'startTime': '9:30', 'endTime': '12:20', 'campus': 'GOLDCORP'}]",Kyla Gardiner,3.0
CA 185,D300,fall,2026,"Declared status in a School for the Contemporary Arts honours, major, extended minor or minor program.",,False,"[{'days': 'We', 'startTime': '9:30', 'endTime': '12:20', 'campus': 'GOLDCORP'}]",Kyla Gardiner,3.0
CA 185,D400,fall,2026,"Declared status in a School for the Contemporary Arts honours, major, extended minor or minor program.",,False,"[{'days': 'Mo', 'startTime': '9:30', 'endTime': '12:20', 'campus': 'GOLDCORP'}]",Kyla Gardiner,3.0
CA 186,E100,fall,2026,,,False,"[{'days': 'Tu', 'startTime': '17:30', 'endTime': '20:20', 'campus': 'GOLDCORP'}]",Laura Marks,3.0
CA 186,E101,fall,2026,,,False,"[{'days': 'We', 'startTime': '17:30', 'endTime': '18:20', 'campus': 'VANCOUVER'}]",,3.0
CA 186,E102,fall,2026,,,False,"[{'days': 'We', 'startTime': '18:30', 'endTime': '19:20', 'campus': 'VANCOUVER'}]",,3.0
CA 186,E103,fall,2026,,,False,"[{'days': 'We', 'startTime': '19:30', 'endTime': '20:20', 'campus': 'VANCOUVER'}]",,3.0
CA 186,E104,fall,2026,,,False,"[{'days': 'Th', 'startTime': '17:30', 'endTime': '18:20', 'campus': 'VANCOUVER'}]",,3.0
CA 186,E105,fall,2026,,,False,"[{'days': 'Th', 'startTime': '18:30', 'endTime': '19:20', 'campus': 'VANCOUVER'}]",,3.0
CA 186,E106,fall,2026,,,False,"[{'days': 'Th', 'startTime': '19:30', 'endTime': '20:20', 'campus': 'VANCOUVER'}]",,3.0
CA 210,D100,fall,2026,CA 118.,CA 118,False,"[{'days': 'Tu', 'startTime': '14:30', 'endTime': '17:20', 'campus': 'VANCOUVER'}]",Sessional,3.0
CA 220,D100,fall,2026,"CA 122, 123, 124, 129 and prior approval by interview.",CA 122,False,"[{'days': 'Mo', 'startTime': '12:30', 'endTime': '14:20', 'campus': 'GOLDCORP'}, {'days': 'Tu', 'startTime': '12:30', 'endTime': '14:20', 'campus': 'GOLDCORP'}, {'days': 'We', 'startTime': '12:30', 'endTime': '14:20', 'campus': 'GOLDCORP'}, {'days': 'Th', 'startTime': '12:30', 'endTime': '14:20', 'campus': 'GOLDCORP'}, {'days': 'Fr', 'startTime': '12:30', 'endTime': '14:20', 'campus': 'GOLDCORP'}]",Sessional,4.0
CA 230,D100,fall,2026,CA 131. Corequsite: CA 233.,CA 131;CA 233,False,"[{'days': 'Mo', 'startTime': '10:30', 'endTime': '13:20', 'campus': 'GOLDCORP'}]",Nadia Shihab,4.0
CA 230,D101,fall,2026,CA 131. Corequsite: CA 233.,CA 131;CA 233,False,"[{'days': 'We', 'startTime': '10:30', 'endTime': '13:20', 'campus': 'GOLDCORP'}]",Nadia Shihab,4.0
CA 233,D100,fall,2026,CA 131. Corequisite: CA 230.,CA 131;CA 230,False,"[{'days': 'Tu', 'startTime': '14:30', 'endTime': '17:20', 'campus': 'GOLDCORP'}]",Sessional,2.0
CA 235,D100,fall,2026,"One of CA 117, 118, 135, 136 or 137 or 30 units.",CA 117,False,"[{'days': 'Th', 'startTime': '10:30', 'endTime': '13:20', 'campus': 'GOLDCORP'}]",Nadia Shihab,3.0
CA 240,D100,fall,2026,"CA 140, 144, 146.",CA 140,False,"[{'days': 'We', 'startTime': '9:30', 'endTime': '12:20', 'campus': 'GOLDCORP'}, {'days': 'Fr', 'startTime': '9:30', 'endTime': '12:20', 'campus': 'GOLDCORP'}]",Mauricio Pauly,3.0
CA 243,D100,fall,2026,Prior approval.,,False,"[{'days': 'Mo', 'startTime': '17:30', 'endTime': '19:20', 'campus': 'GOLDCORP'}, {'days': 'We', 'startTime': '17:30', 'endTime': '19:20', 'campus': 'GOLDCORP'}]",Sessional,3.0
CA 245,D100,fall,2026,"CA 140, 144, and achieving a B (or higher) in CA 145 and CA 146.",CA 140;CA 145;CA 146,False,"[{'days': 'Th', 'startTime': '9:30', 'endTime': '11:20', 'campus': 'GOLDCORP'}]",Sabrina Schroeder,3.0
CA 245,D101,fall,2026,"CA 140, 144, and achieving a B (or higher) in CA 145 and CA 146.",CA 140;CA 145;CA 146,False,"[{'days': 'Tu', 'startTime': '13:30', 'endTime': '16:20', 'campus': 'GOLDCORP'}]",Sabrina Schroeder,3.0
CA 245,D102,fall,2026,"CA 140, 144, and achieving a B (or higher) in CA 145 and CA 146.",CA 140;CA 145;CA 146,False,"[{'days': 'Th', 'startTime': '13:30', 'endTime': '16:20', 'campus': 'GOLDCORP'}]",Sabrina Schroeder,3.0
CA 247,D100,fall,2026,"CA 140, 144, 146 or permission of instructor.",CA 140,False,"[{'days': 'Tu', 'startTime': '9:30', 'endTime': '11:20', 'campus': 'GOLDCORP'}, {'days': 'Fr', 'startTime': '14:30', 'endTime': '16:20', 'campus': 'GOLDCORP'}]",Aram Bajakian,3.0
CA 247,D200,fall,2026,"CA 140, 144, 146 or permission of instructor.",CA 140,False,"[{'days': 'Mo', 'startTime': '9:30', 'endTime': '11:20', 'campus': 'GOLDCORP'}, {'days': 'Fr', 'startTime': '12:30', 'endTime': '14:20', 'campus': 'GOLDCORP'}]",Aram Bajakian,3.0
CA 251,D100,fall,2026,15 units at SFU or permission of instructor.,,True,"[{'days': 'Tu, Th', 'startTime': '11:30', 'endTime': '14:20', 'campus': 'GOLDCORP'}]",Ryan Tacata,3.0
CA 253,D100,fall,2026,"One of CA 123, 131, 146, 152, 161, 171.",CA 123,False,"[{'days': 'Tu, Th', 'startTime': '14:30', 'endTime': '17:20', 'campus': 'GOLDCORP'}]",,4.0
CA 254,D100,fall,2026,"One of CA 123, 131, 146, 152, 161, 171.",CA 123,False,"[{'days': 'Mo, We', 'startTime': '9:30', 'endTime': '12:20', 'campus': 'GOLDCORP'}]",,3.0
CA 257W,D100,fall,2026,,,False,"[{'days': 'Fr', 'startTime': '9:30', 'endTime': '12:20', 'campus': 'GOLDCORP'}]",Sessional,3.0
CA 260,D100,fall,2026,CA 118 (or 168) and 161. A course materials fee is required.,CA 118,False,"[{'days': 'Tu, Th', 'startTime': '9:30', 'endTime': '12:20', 'campus': 'DT VSAR'}]",Kathleen Slade,3.0
CA 262,D100,fall,2026,CA 160. A course materials fee is required.,CA 160,False,"[{'days': 'Mo, We', 'startTime': '9:30', 'endTime': '12:20', 'campus': 'DT VSAR'}]",Sessional,3.0
CA 265,D100,fall,2026,CA 160. A course materials fee is required.,CA 160,False,"[{'days': 'Mo, We', 'startTime': '14:30', 'endTime': '17:20', 'campus': 'DT VSAR'}]",Sessional,3.0
CA 270,D100,fall,2026,CA 171.,CA 171,False,"[{'days': 'Mo', 'startTime': '14:30', 'endTime': '17:20', 'campus': 'GOLDCORP'}]",Kyla Gardiner,3.0
CA 270,D102,fall,2026,CA 171.,CA 171,False,"[{'days': 'We', 'startTime': '14:30', 'endTime': '17:20', 'campus': 'GOLDCORP'}]",Kyla Gardiner,3.0
CA 278,D100,fall,2026,CA 185; or 30 units; or permission of instructor.,CA 185,False,"[{'days': 'Tu, Th', 'startTime': '14:30', 'endTime': '17:20', 'campus': 'GOLDCORP'}]",Miwa Matreyek,3.0
CA 285,D100,fall,2026,"20 units in CA courses, including one lower division CA studio course.",,False,"[{'days': 'Mo, We', 'startTime': '14:30', 'endTime': '17:20', 'campus': 'GOLDCORP'}]",Robert Kitsos,3.0
CA 306,D100,fall,2026,45 units including CA 304 and permission of Internship Coordinator.,CA 304,False,[],Kay Higgins,3.0
CA 306,D200,fall,2026,45 units including CA 304 and permission of Internship Coordinator.,CA 304,False,[],Kay Higgins,3.0
CA 306,D300,fall,2026,45 units including CA 304 and permission of Internship Coordinator.,CA 304,False,[],Kay Higgins,3.0
CA 307,D100,fall,2026,45 units including CA 304 and permission of Internship Coordinator.,CA 304,False,[],Kay Higgins,3.0
CA 312,D100,fall,2026,45 units.,,False,"[{'days': 'Fr', 'startTime': '9:30', 'endTime': '12:20', 'campus': 'VANCOUVER'}]",Eldritch Priest,3.0
CA 319W,D100,fall,2026,"45 units, including one of CA 210W, 216, 228W, 235, 236, 257W, 316, 318 or 344.",CA 210W,False,"[{'days': 'Tu', 'startTime': '17:30', 'endTime': '20:20', 'campus': 'VANCOUVER'}]",Sessional,3.0
CA 320,D100,fall,2026,CA 221.,CA 221,False,"[{'days': 'Mo', 'startTime': '12:30', 'endTime': '14:20', 'campus': 'GOLDCORP'}, {'days': 'Tu, Th', 'startTime': '12:30', 'endTime': '14:20', 'campus': 'GOLDCORP'}, {'days': 'We, Fr', 'startTime': '12:30', 'endTime': '14:20', 'campus': 'GOLDCORP'}]",Justine Chambers,4.0
CA 322,D100,fall,2026,CA 123 and 124.,CA 123,False,"[{'days': 'Tu, Th, Fr', 'startTime': '9:30', 'endTime': '11:20', 'campus': 'GOLDCORP'}]",Marla Eist,3.0
CA 324,D100,fall,2026,"CA 124, 228W, and 285.",CA 124,False,"[{'days': 'Tu, Th', 'startTime': '14:30', 'endTime': '17:20', 'campus': 'GOLDCORP'}]",Robert Kitsos,3.0
CA 326,D100,fall,2026,"Acceptance into the dance major or extended minor, and prior approval. Corequisite: Students must be concurrently enrolled in a technique course at an appropriate level. These courses include CA 220, CA 320, CA 322, CA 420, and CA 421.",CA 220;CA 320;CA 322;CA 420;CA 421,False,"[{'days': 'Mo', 'startTime': '14:30', 'endTime': '18:20', 'campus': 'GOLDCORP'}, {'days': 'We', 'startTime': '14:30', 'endTime': '18:20', 'campus': 'GOLDCORP'}, {'days': 'Fr', 'startTime': '14:30', 'endTime': '16:20', 'campus': 'GOLDCORP'}]",Karen Thompson,5.0
CA 327,D100,fall,2026,"Acceptance into the dance major or extended minor and prior approval. Corequisite: Students must be concurrently enrolled in a technique course at an appropriate level. These courses include 220, 320, 322, 420, and 421.",,False,"[{'days': 'Mo', 'startTime': '14:30', 'endTime': '18:20', 'campus': 'GOLDCORP'}, {'days': 'We', 'startTime': '14:30', 'endTime': '18:20', 'campus': 'GOLDCORP'}, {'days': 'Fr', 'startTime': '14:30', 'endTime': '16:20', 'campus': 'GOLDCORP'}]",Karen Thompson,5.0
CA 329,D100,fall,2026,CA 221 or prior approval.,CA 221,False,"[{'days': 'Mo', 'startTime': '9:30', 'endTime': '11:20', 'campus': 'GOLDCORP'}, {'days': 'We', 'startTime': '9:30', 'endTime': '11:20', 'campus': 'GOLDCORP'}]",Justine Chambers,3.0
CA 330,D100,fall,2026,CA 231 and declared status in the film major or film honours.,CA 231,False,"[{'days': 'Tu', 'startTime': '14:30', 'endTime': '17:20', 'campus': 'GOLDCORP'}]",Noe Rodriguez Hernandez,4.0
CA 330,D101,fall,2026,CA 231 and declared status in the film major or film honours.,CA 231,False,"[{'days': 'Th', 'startTime': '14:30', 'endTime': '17:20', 'campus': 'GOLDCORP'}]",Noe Rodriguez Hernandez,4.0
CA 333,D100,fall,2026,"36 units in CA courses, including CA 285.",CA 285,False,"[{'days': 'We', 'startTime': '14:30', 'endTime': '18:20', 'campus': 'GOLDCORP'}]",Simone Rapisarda,3.0
CA 334,D100,fall,2026,"36 units in CA courses, including CA 285.",CA 285,False,"[{'days': 'We', 'startTime': '10:30', 'endTime': '13:20', 'campus': 'GOLDCORP'}]",Chris Chong Chan Fui,3.0
CA 343,D100,fall,2026,CA 243.,CA 243,False,"[{'days': 'Mo', 'startTime': '17:30', 'endTime': '19:20', 'campus': 'GOLDCORP'}, {'days': 'We', 'startTime': '17:30', 'endTime': '19:20', 'campus': 'GOLDCORP'}]",Sessional,3.0
CA 345,D100,fall,2026,CA 246.,CA 246,False,"[{'days': 'Th', 'startTime': '9:30', 'endTime': '11:20', 'campus': 'GOLDCORP'}]",Sabrina Schroeder,4.0
CA 345,D101,fall,2026,CA 246.,CA 246,False,"[{'days': 'Tu', 'startTime': '13:30', 'endTime': '16:20', 'campus': 'GOLDCORP'}]",Sabrina Schroeder,4.0
CA 345,D102,fall,2026,CA 246.,CA 246,False,"[{'days': 'Th', 'startTime': '13:30', 'endTime': '16:20', 'campus': 'GOLDCORP'}]",Sabrina Schroeder,4.0
CA 354,D100,fall,2026,45 units at SFU or permission of instructor.,,True,"[{'days': 'Tu, Th', 'startTime': '11:30', 'endTime': '14:20', 'campus': 'GOLDCORP'}]",James Long,3.0
CA 360,D100,fall,2026,"CA 117 (or 167), 118 (or 168), 210W (or 210), 261 and status as an approved visual art major. Corequisite: CA 366.",CA 117;CA 366,False,"[{'days': 'Th', 'startTime': '9:30', 'endTime': '16:20', 'campus': 'DT VSAR'}]",Elspeth Pratt,4.0
CA 362,D100,fall,2026,CA 160. A course materials fee is required.,CA 160,False,"[{'days': 'Mo, We', 'startTime': '9:30', 'endTime': '12:20', 'campus': 'DT VSAR'}]",Sessional,3.0
CA 365,D100,fall,2026,CA 160. A course materials fee is required.,CA 160,False,"[{'days': 'Mo, We', 'startTime': '14:30', 'endTime': '17:20', 'campus': 'DT VSAR'}]",Sessional,3.0
CA 366,D100,fall,2026,"CA 117 (or 167), 118 (or 168), 210W (or 210), 261 and status as an approved visual art major. Corequisite: CA 360.",CA 117;CA 360,False,"[{'days': 'Tu', 'startTime': '9:30', 'endTime': '12:20', 'campus': 'GOLDCORP'}]",Elspeth Pratt,3.0
CA 370,D100,fall,2026,CA 271 or permission of instructor.,CA 271,False,"[{'days': 'Mo', 'startTime': '14:30', 'endTime': '17:20', 'campus': 'GOLDCORP'}]",Kyla Gardiner,3.0
CA 370,D102,fall,2026,CA 271 or permission of instructor.,CA 271,False,"[{'days': 'We', 'startTime': '14:30', 'endTime': '17:20', 'campus': 'GOLDCORP'}]",Kyla Gardiner,3.0
CA 374,D100,fall,2026,CA 274.,CA 274,False,"[{'days': 'Tu, Th', 'startTime': '14:30', 'endTime': '17:20', 'campus': 'GOLDCORP'}]",Sessional,4.0
CA 375,D100,fall,2026,60 units or permission of instructor.,,True,"[{'days': 'Tu, Th', 'startTime': '9:30', 'endTime': '12:20', 'campus': 'GOLDCORP'}]",Sessional,3.0
CA 386,OL01,fall,2026,60 units.,,False,[],Arne Eigenfeldt,3.0
CA 400,D100,fall,2026,"60 units plus a minimum standing of completion of second year in any of the programs offered in the School for the Contemporary Arts, and prior approval.",,False,[],,3.0
CA 400,D200,fall,2026,"60 units plus a minimum standing of completion of second year in any of the programs offered in the School for the Contemporary Arts, and prior approval.",,False,[],,3.0
CA 400,D300,fall,2026,"60 units plus a minimum standing of completion of second year in any of the programs offered in the School for the Contemporary Arts, and prior approval.",,False,[],,3.0
CA 400,D400,fall,2026,"60 units plus a minimum standing of completion of second year in any of the programs offered in the School for the Contemporary Arts, and prior approval.",,False,[],,3.0
CA 400,D500,fall,2026,"60 units plus a minimum standing of completion of second year in any of the programs offered in the School for the Contemporary Arts, and prior approval.",,False,[],,3.0
CA 400,D600,fall,2026,"60 units plus a minimum standing of completion of second year in any of the programs offered in the School for the Contemporary Arts, and prior approval.",,False,[],,3.0
CA 401,D100,fall,2026,"60 units plus a minimum standing of completion of second year in any of the programs offered in the School for the Contemporary Arts, and prior approval.",,False,[],,3.0
CA 401,D200,fall,2026,"60 units plus a minimum standing of completion of second year in any of the programs offered in the School for the Contemporary Arts, and prior approval.",,False,[],,3.0
CA 401,D300,fall,2026,"60 units plus a minimum standing of completion of second year in any of the programs offered in the School for the Contemporary Arts, and prior approval.",,False,[],,3.0
CA 401,D400,fall,2026,"60 units plus a minimum standing of completion of second year in any of the programs offered in the School for the Contemporary Arts, and prior approval.",,False,[],,3.0
CA 401,D500,fall,2026,"60 units plus a minimum standing of completion of second year in any of the programs offered in the School for the Contemporary Arts, and prior approval.",,False,[],,3.0
CA 401,D600,fall,2026,"60 units plus a minimum standing of completion of second year in any of the programs offered in the School for the Contemporary Arts, and prior approval.",,False,[],,3.0
CA 406,D100,fall,2026,60 units including CA 304 and permission of Internship Coordinator.,CA 304,False,[],Kay Higgins,4.0
CA 406,D200,fall,2026,60 units including CA 304 and permission of Internship Coordinator.,CA 304,False,[],Kay Higgins,4.0
CA 406,D300,fall,2026,60 units including CA 304 and permission of Internship Coordinator.,CA 304,False,[],Kay Higgins,4.0
CA 407,D100,fall,2026,60 units including CA 304 and permission of Internship Coordinator.,CA 304,False,[],Kay Higgins,4.0
CA 416,D100,fall,2026,"60 units, including one of CA 216, 235, 236, 316 or 318.",CA 216,False,"[{'days': 'Tu', 'startTime': '9:30', 'endTime': '12:20', 'campus': 'GOLDCORP'}]",Christopher Pavsek,4.0
CA 420,D100,fall,2026,CA 285 and CA 321.,CA 285;CA 321,False,"[{'days': 'Mo', 'startTime': '12:30', 'endTime': '14:20', 'campus': 'GOLDCORP'}, {'days': 'Tu, Th', 'startTime': '12:30', 'endTime': '14:20', 'campus': 'GOLDCORP'}, {'days': 'We, Fr', 'startTime': '12:30', 'endTime': '14:20', 'campus': 'GOLDCORP'}]",Justine Chambers,4.0
CA 424,D100,fall,2026,CA 324.,CA 324,False,"[{'days': 'Mo', 'startTime': '9:30', 'endTime': '11:20', 'campus': 'GOLDCORP'}, {'days': 'We', 'startTime': '9:30', 'endTime': '11:20', 'campus': 'GOLDCORP'}]",Justine Chambers,3.0
CA 427,D100,fall,2026,One of CA 322 or 323.,CA 322,False,"[{'days': 'Tu, Th, Fr', 'startTime': '9:30', 'endTime': '11:20', 'campus': 'GOLDCORP'}]",Marla Eist,3.0
CA 430,D100,fall,2026,CA 331.,CA 331,False,"[{'days': 'Th', 'startTime': '14:30', 'endTime': '17:20', 'campus': 'GOLDCORP'}]",Chris Chong Chan Fui,4.0
CA 430,D101,fall,2026,CA 331.,CA 331,False,"[{'days': 'Tu', 'startTime': '14:30', 'endTime': '17:20', 'campus': 'GOLDCORP'}]",Chris Chong Chan Fui,4.0
CA 440,D100,fall,2026,CA 240 or permission of instructor.,CA 240,False,"[{'days': 'We', 'startTime': '9:30', 'endTime': '12:20', 'campus': 'GOLDCORP'}, {'days': 'Fr', 'startTime': '9:30', 'endTime': '12:20', 'campus': 'GOLDCORP'}]",Mauricio Pauly,3.0
CA 445,D100,fall,2026,CA 346.,CA 346,False,"[{'days': 'Th', 'startTime': '9:30', 'endTime': '11:20', 'campus': 'GOLDCORP'}]",Sabrina Schroeder,5.0
CA 445,D101,fall,2026,CA 346.,CA 346,False,"[{'days': 'Fr', 'startTime': '12:30', 'endTime': '16:20', 'campus': 'GOLDCORP'}]",Sabrina Schroeder,5.0
CA 450,D100,fall,2026,CA 350 or by permission of instructor.,CA 350,False,"[{'days': 'Mo, We', 'startTime': '14:30', 'endTime': '17:20', 'campus': 'GOLDCORP'}]",James Long,5.0
CA 451,D100,fall,2026,"CA 253, CA 355, CA 356, and CA 357W; or by permission of instructor.",CA 253;CA 355;CA 356;CA 357W,False,"[{'days': 'Tu, Th', 'startTime': '14:30', 'endTime': '17:20', 'campus': 'GOLDCORP'}]",Ryan Tacata,3.0
CA 460,D100,fall,2026,"CA 361, 367 and status as an approved major in visual art.",CA 361,False,"[{'days': 'Tu, Th', 'startTime': '14:30', 'endTime': '17:20', 'campus': 'DT VSAR'}]",Sessional,4.0
CA 470,D100,fall,2026,CA 370 or 371; or permission of instructor.,CA 370,False,"[{'days': 'Mo', 'startTime': '14:30', 'endTime': '17:20', 'campus': 'GOLDCORP'}]",Kyla Gardiner,4.0
CA 470,D102,fall,2026,CA 370 or 371; or permission of instructor.,CA 370,False,"[{'days': 'We', 'startTime': '14:30', 'endTime': '17:20', 'campus': 'GOLDCORP'}]",Kyla Gardiner,4.0
CA 811,G100,fall,2026,,,False,"[{'days': 'We', 'startTime': '9:30', 'endTime': '12:20', 'campus': 'GOLDCORP'}]",Laura Marks,5.0
CA 812,G100,fall,2026,CA (or FPA) 811.,,False,"[{'days': 'Mo', 'startTime': '9:30', 'endTime': '12:20', 'campus': 'GOLDCORP'}]",Peter Dickinson,5.0
CA 813,G100,fall,2026,CA (or FPA) 811.,,False,"[{'days': 'Fr', 'startTime': '10:30', 'endTime': '14:20', 'campus': 'DT VSAR'}]",Noe Rodriguez Hernandez,5.0
CA 821,G100,fall,2026,,,False,"[{'days': 'We', 'startTime': '9:30', 'endTime': '12:20', 'campus': 'GOLDCORP'}]",Laura Marks,5.0
CA 822,G100,fall,2026,"CA 821 and two of the following: CA 823, 824, 825, 826, or 828.",CA 821;CA 823,False,"[{'days': 'Mo', 'startTime': '9:30', 'endTime': '12:20', 'campus': 'GOLDCORP'}]",Peter Dickinson,5.0
CA 827,G100,fall,2026,,,False,[],Kay Higgins,5.0
CA 828,G100,fall,2026,,,False,"[{'days': 'Tu', 'startTime': '9:30', 'endTime': '12:20', 'campus': 'GOLDCORP'}]",Eldritch Priest,5.0
CA 829,G100,fall,2026,Permission of the graduate program committee.,,True,[],,5.0
CA 830,G100,fall,2026,,,False,[],Kay Higgins,5.0
CA 889,G100,fall,2026,,,False,[],,5.0
CA 890,G100,fall,2026,,,False,"[{'days': 'Mo', 'startTime': '14:30', 'endTime': '16:20', 'campus': 'GOLDCORP'}]",Judy Radul,
CA 892,G100,fall,2026,,,False,[],,
CA 895,G100,fall,2026,CA 892.,CA 892,False,[],,
CA 898,G100,fall,2026,,,False,[],,10.0
CA 899,G100,fall,2026,CA 895.,CA 895,False,[],,18.0
CENV 302,D100,fall,2026,Admission into Environment Co-operative Education Program.,,True,[],Hadar Hamid;Natalia Bussard,3.0
CENV 302,D200,fall,2026,Admission into Environment Co-operative Education Program.,,True,[],Natalia Bussard,3.0
CENV 302,I100,fall,2026,Admission into Environment Co-operative Education Program.,,True,[],Natalia Bussard,3.0
CENV 303,D100,fall,2026,Readmission into Environment Co-operative Education Program.,,True,[],Hadar Hamid;Natalia Bussard,3.0
CENV 303,D200,fall,2026,Readmission into Environment Co-operative Education Program.,,True,[],Natalia Bussard,3.0
CENV 303,I100,fall,2026,Readmission into Environment Co-operative Education Program.,,True,[],Natalia Bussard,3.0
CENV 402,D100,fall,2026,Readmission into Environment Co-operative Education Program.,,True,[],Hadar Hamid;Natalia Bussard,3.0
CENV 402,D200,fall,2026,Readmission into Environment Co-operative Education Program.,,True,[],Natalia Bussard,3.0
CENV 402,I100,fall,2026,Readmission into Environment Co-operative Education Program.,,True,[],Natalia Bussard,3.0
CENV 403,D100,fall,2026,Readmission into Environment Co-operative Education Program.,,True,[],Hadar Hamid;Natalia Bussard,3.0
CENV 403,D200,fall,2026,Readmission into Environment Co-operative Education Program.,,True,[],Natalia Bussard,3.0
CENV 403,I100,fall,2026,Readmission into Environment Co-operative Education Program.,,True,[],Natalia Bussard,3.0
CENV 404,D100,fall,2026,Readmission into Environment Co-operative Education Program.,,True,[],Hadar Hamid;Natalia Bussard,3.0
CENV 404,D200,fall,2026,Readmission into Environment Co-operative Education Program.,,True,[],Natalia Bussard,3.0
CENV 404,I100,fall,2026,Readmission into Environment Co-operative Education Program.,,True,[],Natalia Bussard,3.0
CENV 690,G100,fall,2026,,,False,[],Hadar Hamid;Natalia Bussard,
CENV 690,G200,fall,2026,,,False,[],Natalia Bussard,
CENV 690,I100,fall,2026,,,False,[],Natalia Bussard,
CENV 691,G100,fall,2026,Students must have completed at least one term's courses and permission of REM's co-op co-ordinator.,,True,[],Hadar Hamid;Natalia Bussard,
CENV 691,G200,fall,2026,Students must have completed at least one term's courses and permission of REM's co-op co-ordinator.,,True,[],Natalia Bussard,
CENV 691,I100,fall,2026,Students must have completed at least one term's courses and permission of REM's co-op co-ordinator.,,True,[],Natalia Bussard,
CHEM 110,OL01,fall,2026,"Pre-Calculus 12 (or equivalent), MATH 100 (may be taken concurrently), or permission of the department. No previous training in chemistry is required for this course.",MATH 100,False,[],Sophie Lavieri,3.0
CHEM 115,LC01,fall,2026,"Pre-Calculus 12 (or equivalent), MATH 100 or MATH 110 (either may be taken concurrently), or permission of the department. Corequisite: CHEM 110.",MATH 100;MATH 110;CHEM 110,False,"[{'days': 'Th', 'startTime': '13:30', 'endTime': '17:20', 'campus': 'Surrey'}]",Rebecca Goyan,1.0
CHEM 120,D400,fall,2026,"Chemistry 12 with a minimum grade of B, or CHEM 110 or 111 with a minimum grade of C-.",CHEM 110,False,"[{'days': 'Mo, We, Fr', 'startTime': '12:30', 'endTime': '13:20', 'campus': 'Surrey'}]",Rebecca Goyan,3.0
CHEM 120,D401,fall,2026,"Chemistry 12 with a minimum grade of B, or CHEM 110 or 111 with a minimum grade of C-.",CHEM 110,False,"[{'days': 'Mo', 'startTime': '8:30', 'endTime': '9:20', 'campus': 'Surrey'}]",,3.0
CHEM 120,D402,fall,2026,"Chemistry 12 with a minimum grade of B, or CHEM 110 or 111 with a minimum grade of C-.",CHEM 110,False,"[{'days': 'Mo', 'startTime': '10:30', 'endTime': '11:20', 'campus': 'Surrey'}]",,3.0
CHEM 120,D403,fall,2026,"Chemistry 12 with a minimum grade of B, or CHEM 110 or 111 with a minimum grade of C-.",CHEM 110,False,"[{'days': 'Mo', 'startTime': '11:30', 'endTime': '12:20', 'campus': 'Surrey'}]",,3.0
CHEM 120,D404,fall,2026,"Chemistry 12 with a minimum grade of B, or CHEM 110 or 111 with a minimum grade of C-.",CHEM 110,False,"[{'days': 'Mo', 'startTime': '14:30', 'endTime': '15:20', 'campus': 'Surrey'}]",,3.0
CHEM 120,D405,fall,2026,"Chemistry 12 with a minimum grade of B, or CHEM 110 or 111 with a minimum grade of C-.",CHEM 110,False,"[{'days': 'We', 'startTime': '11:30', 'endTime': '12:20', 'campus': 'Surrey'}]",,3.0
CHEM 121,D100,fall,2026,"Chemistry 12 with a minimum grade of B, or CHEM 109 or 111 with a minimum grade of C- or CHEM 110 and 115, both with a minimum grade of C-.",CHEM 109;CHEM 110,False,"[{'days': 'Mo, We, Fr', 'startTime': '10:30', 'endTime': '11:20', 'campus': 'Burnaby'}]",Garry Mund,4.0
CHEM 121,D101,fall,2026,"Chemistry 12 with a minimum grade of B, or CHEM 109 or 111 with a minimum grade of C- or CHEM 110 and 115, both with a minimum grade of C-.",CHEM 109;CHEM 110,False,"[{'days': 'We', 'startTime': '8:30', 'endTime': '9:20', 'campus': 'Burnaby'}]",,4.0
CHEM 121,D102,fall,2026,"Chemistry 12 with a minimum grade of B, or CHEM 109 or 111 with a minimum grade of C- or CHEM 110 and 115, both with a minimum grade of C-.",CHEM 109;CHEM 110,False,"[{'days': 'We', 'startTime': '9:30', 'endTime': '10:20', 'campus': 'Burnaby'}]",,4.0
CHEM 121,D103,fall,2026,"Chemistry 12 with a minimum grade of B, or CHEM 109 or 111 with a minimum grade of C- or CHEM 110 and 115, both with a minimum grade of C-.",CHEM 109;CHEM 110,False,"[{'days': 'We', 'startTime': '11:30', 'endTime': '12:20', 'campus': 'Burnaby'}]",,4.0
CHEM 121,D104,fall,2026,"Chemistry 12 with a minimum grade of B, or CHEM 109 or 111 with a minimum grade of C- or CHEM 110 and 115, both with a minimum grade of C-.",CHEM 109;CHEM 110,False,"[{'days': 'We', 'startTime': '12:30', 'endTime': '13:20', 'campus': 'Burnaby'}]",,4.0
CHEM 121,D105,fall,2026,"Chemistry 12 with a minimum grade of B, or CHEM 109 or 111 with a minimum grade of C- or CHEM 110 and 115, both with a minimum grade of C-.",CHEM 109;CHEM 110,False,"[{'days': 'We', 'startTime': '13:30', 'endTime': '14:20', 'campus': 'Burnaby'}]",,4.0
CHEM 121,D106,fall,2026,"Chemistry 12 with a minimum grade of B, or CHEM 109 or 111 with a minimum grade of C- or CHEM 110 and 115, both with a minimum grade of C-.",CHEM 109;CHEM 110,False,"[{'days': 'We', 'startTime': '16:30', 'endTime': '17:20', 'campus': 'Burnaby'}]",,4.0
CHEM 121,D107,fall,2026,"Chemistry 12 with a minimum grade of B, or CHEM 109 or 111 with a minimum grade of C- or CHEM 110 and 115, both with a minimum grade of C-.",CHEM 109;CHEM 110,False,"[{'days': 'Th', 'startTime': '9:30', 'endTime': '10:20', 'campus': 'Burnaby'}]",,4.0
CHEM 121,D108,fall,2026,"Chemistry 12 with a minimum grade of B, or CHEM 109 or 111 with a minimum grade of C- or CHEM 110 and 115, both with a minimum grade of C-.",CHEM 109;CHEM 110,False,"[{'days': 'Th', 'startTime': '11:30', 'endTime': '12:20', 'campus': 'Burnaby'}]",,4.0
CHEM 121,D109,fall,2026,"Chemistry 12 with a minimum grade of B, or CHEM 109 or 111 with a minimum grade of C- or CHEM 110 and 115, both with a minimum grade of C-.",CHEM 109;CHEM 110,False,"[{'days': 'Th', 'startTime': '13:30', 'endTime': '14:20', 'campus': 'Burnaby'}]",,4.0
CHEM 121,D110,fall,2026,"Chemistry 12 with a minimum grade of B, or CHEM 109 or 111 with a minimum grade of C- or CHEM 110 and 115, both with a minimum grade of C-.",CHEM 109;CHEM 110,False,"[{'days': 'Fr', 'startTime': '9:30', 'endTime': '10:20', 'campus': 'Burnaby'}]",,4.0
CHEM 121,D111,fall,2026,"Chemistry 12 with a minimum grade of B, or CHEM 109 or 111 with a minimum grade of C- or CHEM 110 and 115, both with a minimum grade of C-.",CHEM 109;CHEM 110,False,"[{'days': 'Fr', 'startTime': '11:30', 'endTime': '12:20', 'campus': 'Burnaby'}]",,4.0
CHEM 121,D112,fall,2026,"Chemistry 12 with a minimum grade of B, or CHEM 109 or 111 with a minimum grade of C- or CHEM 110 and 115, both with a minimum grade of C-.",CHEM 109;CHEM 110,False,"[{'days': 'Fr', 'startTime': '13:30', 'endTime': '14:20', 'campus': 'Burnaby'}]",,4.0
CHEM 121,D113,fall,2026,"Chemistry 12 with a minimum grade of B, or CHEM 109 or 111 with a minimum grade of C- or CHEM 110 and 115, both with a minimum grade of C-.",CHEM 109;CHEM 110,False,"[{'days': 'We', 'startTime': '11:30', 'endTime': '12:20', 'campus': 'Burnaby'}]",,4.0
CHEM 121,D200,fall,2026,"Chemistry 12 with a minimum grade of B, or CHEM 109 or 111 with a minimum grade of C- or CHEM 110 and 115, both with a minimum grade of C-.",CHEM 109;CHEM 110,False,"[{'days': 'Mo, We, Fr', 'startTime': '12:30', 'endTime': '13:20', 'campus': 'Burnaby'}]",Garry Mund,4.0
CHEM 121,D201,fall,2026,"Chemistry 12 with a minimum grade of B, or CHEM 109 or 111 with a minimum grade of C- or CHEM 110 and 115, both with a minimum grade of C-.",CHEM 109;CHEM 110,False,"[{'days': 'We', 'startTime': '10:30', 'endTime': '11:20', 'campus': 'Burnaby'}]",,4.0
CHEM 121,D202,fall,2026,"Chemistry 12 with a minimum grade of B, or CHEM 109 or 111 with a minimum grade of C- or CHEM 110 and 115, both with a minimum grade of C-.",CHEM 109;CHEM 110,False,"[{'days': 'We', 'startTime': '14:30', 'endTime': '15:20', 'campus': 'Burnaby'}]",,4.0
CHEM 121,D203,fall,2026,"Chemistry 12 with a minimum grade of B, or CHEM 109 or 111 with a minimum grade of C- or CHEM 110 and 115, both with a minimum grade of C-.",CHEM 109;CHEM 110,False,"[{'days': 'Th', 'startTime': '11:30', 'endTime': '12:20', 'campus': 'Burnaby'}]",,4.0
CHEM 121,D204,fall,2026,"Chemistry 12 with a minimum grade of B, or CHEM 109 or 111 with a minimum grade of C- or CHEM 110 and 115, both with a minimum grade of C-.",CHEM 109;CHEM 110,False,"[{'days': 'Fr', 'startTime': '10:30', 'endTime': '11:20', 'campus': 'Burnaby'}]",,4.0
CHEM 121,D205,fall,2026,"Chemistry 12 with a minimum grade of B, or CHEM 109 or 111 with a minimum grade of C- or CHEM 110 and 115, both with a minimum grade of C-.",CHEM 109;CHEM 110,False,"[{'days': 'Fr', 'startTime': '11:30', 'endTime': '12:20', 'campus': 'Burnaby'}]",,4.0
CHEM 121,D300,fall,2026,"Chemistry 12 with a minimum grade of B, or CHEM 109 or 111 with a minimum grade of C- or CHEM 110 and 115, both with a minimum grade of C-.",CHEM 109;CHEM 110,False,"[{'days': 'Mo, We, Fr', 'startTime': '12:30', 'endTime': '13:20', 'campus': 'Surrey'}]",Rebecca Goyan,4.0
CHEM 121,D301,fall,2026,"Chemistry 12 with a minimum grade of B, or CHEM 109 or 111 with a minimum grade of C- or CHEM 110 and 115, both with a minimum grade of C-.",CHEM 109;CHEM 110,False,"[{'days': 'Mo', 'startTime': '8:30', 'endTime': '9:20', 'campus': 'Surrey'}]",,4.0
CHEM 121,D302,fall,2026,"Chemistry 12 with a minimum grade of B, or CHEM 109 or 111 with a minimum grade of C- or CHEM 110 and 115, both with a minimum grade of C-.",CHEM 109;CHEM 110,False,"[{'days': 'Mo', 'startTime': '10:30', 'endTime': '11:20', 'campus': 'Surrey'}]",,4.0
CHEM 121,D303,fall,2026,"Chemistry 12 with a minimum grade of B, or CHEM 109 or 111 with a minimum grade of C- or CHEM 110 and 115, both with a minimum grade of C-.",CHEM 109;CHEM 110,False,"[{'days': 'Mo', 'startTime': '11:30', 'endTime': '12:20', 'campus': 'Surrey'}]",,4.0
CHEM 121,D304,fall,2026,"Chemistry 12 with a minimum grade of B, or CHEM 109 or 111 with a minimum grade of C- or CHEM 110 and 115, both with a minimum grade of C-.",CHEM 109;CHEM 110,False,"[{'days': 'We', 'startTime': '13:30', 'endTime': '14:20', 'campus': 'Surrey'}]",,4.0
CHEM 121,D305,fall,2026,"Chemistry 12 with a minimum grade of B, or CHEM 109 or 111 with a minimum grade of C- or CHEM 110 and 115, both with a minimum grade of C-.",CHEM 109;CHEM 110,False,"[{'days': 'We', 'startTime': '11:30', 'endTime': '12:20', 'campus': 'Surrey'}]",,4.0
CHEM 121,D306,fall,2026,"Chemistry 12 with a minimum grade of B, or CHEM 109 or 111 with a minimum grade of C- or CHEM 110 and 115, both with a minimum grade of C-.",CHEM 109;CHEM 110,False,"[{'days': 'We', 'startTime': '10:30', 'endTime': '11:20', 'campus': 'Surrey'}]",,4.0
CHEM 121,D600,fall,2026,"Chemistry 12 with a minimum grade of B, or CHEM 109 or 111 with a minimum grade of C- or CHEM 110 and 115, both with a minimum grade of C-.",CHEM 109;CHEM 110,False,"[{'days': 'Mo, We, Fr', 'startTime': '12:30', 'endTime': '13:20', 'campus': 'Surrey'}]",Rebecca Goyan,4.0
CHEM 121,D601,fall,2026,"Chemistry 12 with a minimum grade of B, or CHEM 109 or 111 with a minimum grade of C- or CHEM 110 and 115, both with a minimum grade of C-.",CHEM 109;CHEM 110,False,"[{'days': 'We', 'startTime': '10:30', 'endTime': '11:20', 'campus': 'Surrey'}]",,4.0
CHEM 121,LA03,fall,2026,"Chemistry 12 with a minimum grade of B, or CHEM 109 or 111 with a minimum grade of C- or CHEM 110 and 115, both with a minimum grade of C-.",CHEM 109;CHEM 110,False,"[{'days': 'Tu', 'startTime': '13:30', 'endTime': '17:20', 'campus': 'Burnaby'}]",,4.0
CHEM 121,LA04,fall,2026,"Chemistry 12 with a minimum grade of B, or CHEM 109 or 111 with a minimum grade of C- or CHEM 110 and 115, both with a minimum grade of C-.",CHEM 109;CHEM 110,False,"[{'days': 'We', 'startTime': '13:30', 'endTime': '17:20', 'campus': 'Burnaby'}]",,4.0
CHEM 121,LA06,fall,2026,"Chemistry 12 with a minimum grade of B, or CHEM 109 or 111 with a minimum grade of C- or CHEM 110 and 115, both with a minimum grade of C-.",CHEM 109;CHEM 110,False,"[{'days': 'Th', 'startTime': '13:30', 'endTime': '17:20', 'campus': 'Burnaby'}]",,4.0
CHEM 121,LA07,fall,2026,"Chemistry 12 with a minimum grade of B, or CHEM 109 or 111 with a minimum grade of C- or CHEM 110 and 115, both with a minimum grade of C-.",CHEM 109;CHEM 110,False,"[{'days': 'Fr', 'startTime': '13:30', 'endTime': '17:20', 'campus': 'Burnaby'}]",,4.0
CHEM 121,LB03,fall,2026,"Chemistry 12 with a minimum grade of B, or CHEM 109 or 111 with a minimum grade of C- or CHEM 110 and 115, both with a minimum grade of C-.",CHEM 109;CHEM 110,False,"[{'days': 'Tu', 'startTime': '13:30', 'endTime': '17:20', 'campus': 'Burnaby'}]",,4.0
CHEM 121,LB04,fall,2026,"Chemistry 12 with a minimum grade of B, or CHEM 109 or 111 with a minimum grade of C- or CHEM 110 and 115, both with a minimum grade of C-.",CHEM 109;CHEM 110,False,"[{'days': 'We', 'startTime': '13:30', 'endTime': '17:20', 'campus': 'Burnaby'}]",,4.0
CHEM 121,LB06,fall,2026,"Chemistry 12 with a minimum grade of B, or CHEM 109 or 111 with a minimum grade of C- or CHEM 110 and 115, both with a minimum grade of C-.",CHEM 109;CHEM 110,False,"[{'days': 'Th', 'startTime': '13:30', 'endTime': '17:20', 'campus': 'Burnaby'}]",,4.0
CHEM 121,LB07,fall,2026,"Chemistry 12 with a minimum grade of B, or CHEM 109 or 111 with a minimum grade of C- or CHEM 110 and 115, both with a minimum grade of C-.",CHEM 109;CHEM 110,False,"[{'days': 'Fr', 'startTime': '13:30', 'endTime': '17:20', 'campus': 'Burnaby'}]",,4.0
CHEM 121,LB13,fall,2026,"Chemistry 12 with a minimum grade of B, or CHEM 109 or 111 with a minimum grade of C- or CHEM 110 and 115, both with a minimum grade of C-.",CHEM 109;CHEM 110,False,"[{'days': 'Tu', 'startTime': '13:30', 'endTime': '17:20', 'campus': 'Burnaby'}]",,4.0
CHEM 121,LB14,fall,2026,"Chemistry 12 with a minimum grade of B, or CHEM 109 or 111 with a minimum grade of C- or CHEM 110 and 115, both with a minimum grade of C-.",CHEM 109;CHEM 110,False,"[{'days': 'We', 'startTime': '13:30', 'endTime': '17:20', 'campus': 'Burnaby'}]",,4.0
CHEM 121,LB16,fall,2026,"Chemistry 12 with a minimum grade of B, or CHEM 109 or 111 with a minimum grade of C- or CHEM 110 and 115, both with a minimum grade of C-.",CHEM 109;CHEM 110,False,"[{'days': 'Th', 'startTime': '13:30', 'endTime': '17:20', 'campus': 'Burnaby'}]",,4.0
CHEM 121,LB17,fall,2026,"Chemistry 12 with a minimum grade of B, or CHEM 109 or 111 with a minimum grade of C- or CHEM 110 and 115, both with a minimum grade of C-.",CHEM 109;CHEM 110,False,"[{'days': 'Fr', 'startTime': '13:30', 'endTime': '17:20', 'campus': 'Burnaby'}]",,4.0
CHEM 121,LC01,fall,2026,"Chemistry 12 with a minimum grade of B, or CHEM 109 or 111 with a minimum grade of C- or CHEM 110 and 115, both with a minimum grade of C-.",CHEM 109;CHEM 110,False,"[{'days': 'Tu', 'startTime': '13:30', 'endTime': '17:20', 'campus': 'Surrey'}]",,4.0
CHEM 121,LC02,fall,2026,"Chemistry 12 with a minimum grade of B, or CHEM 109 or 111 with a minimum grade of C- or CHEM 110 and 115, both with a minimum grade of C-.",CHEM 109;CHEM 110,False,"[{'days': 'We', 'startTime': '13:30', 'endTime': '17:20', 'campus': 'Surrey'}]",,4.0
CHEM 121,LC03,fall,2026,"Chemistry 12 with a minimum grade of B, or CHEM 109 or 111 with a minimum grade of C- or CHEM 110 and 115, both with a minimum grade of C-.",CHEM 109;CHEM 110,False,"[{'days': 'Tu', 'startTime': '13:30', 'endTime': '17:20', 'campus': 'Surrey'}]",,4.0
CHEM 121,LC06,fall,2026,"Chemistry 12 with a minimum grade of B, or CHEM 109 or 111 with a minimum grade of C- or CHEM 110 and 115, both with a minimum grade of C-.",CHEM 109;CHEM 110,False,"[{'days': 'We', 'startTime': '13:30', 'endTime': '17:20', 'campus': 'Surrey'}]",,4.0
CHEM 121,LE01,fall,2026,"Chemistry 12 with a minimum grade of B, or CHEM 109 or 111 with a minimum grade of C- or CHEM 110 and 115, both with a minimum grade of C-.",CHEM 109;CHEM 110,False,[],,4.0
CHEM 121,LE02,fall,2026,"Chemistry 12 with a minimum grade of B, or CHEM 109 or 111 with a minimum grade of C- or CHEM 110 and 115, both with a minimum grade of C-.",CHEM 109;CHEM 110,False,[],,4.0
CHEM 121,LE03,fall,2026,"Chemistry 12 with a minimum grade of B, or CHEM 109 or 111 with a minimum grade of C- or CHEM 110 and 115, both with a minimum grade of C-.",CHEM 109;CHEM 110,False,[],,4.0
CHEM 122,D100,fall,2026,CHEM 120 or 121 with a minimum grade of C-.,CHEM 120,False,"[{'days': 'Mo, We, Fr', 'startTime': '12:30', 'endTime': '13:20', 'campus': 'Burnaby'}]",Charles Walsby,2.0
CHEM 122,D101,fall,2026,CHEM 120 or 121 with a minimum grade of C-.,CHEM 120,False,"[{'days': 'We', 'startTime': '9:30', 'endTime': '10:20', 'campus': 'Burnaby'}]",,2.0
CHEM 122,D102,fall,2026,CHEM 120 or 121 with a minimum grade of C-.,CHEM 120,False,"[{'days': 'We', 'startTime': '10:30', 'endTime': '11:20', 'campus': 'Burnaby'}]",,2.0
CHEM 122,D103,fall,2026,CHEM 120 or 121 with a minimum grade of C-.,CHEM 120,False,"[{'days': 'We', 'startTime': '11:30', 'endTime': '12:20', 'campus': 'Burnaby'}]",,2.0
CHEM 122,D104,fall,2026,CHEM 120 or 121 with a minimum grade of C-.,CHEM 120,False,"[{'days': 'We', 'startTime': '15:30', 'endTime': '16:20', 'campus': 'Burnaby'}]",,2.0
CHEM 122,D105,fall,2026,CHEM 120 or 121 with a minimum grade of C-.,CHEM 120,False,"[{'days': 'Th', 'startTime': '11:30', 'endTime': '12:20', 'campus': 'Burnaby'}]",,2.0
CHEM 122,D106,fall,2026,CHEM 120 or 121 with a minimum grade of C-.,CHEM 120,False,"[{'days': 'Fr', 'startTime': '10:30', 'endTime': '11:20', 'campus': 'Burnaby'}]",,2.0
CHEM 122,D107,fall,2026,CHEM 120 or 121 with a minimum grade of C-.,CHEM 120,False,"[{'days': 'Fr', 'startTime': '11:30', 'endTime': '12:20', 'campus': 'Burnaby'}]",,2.0
CHEM 122,D108,fall,2026,CHEM 120 or 121 with a minimum grade of C-.,CHEM 120,False,"[{'days': 'Fr', 'startTime': '13:30', 'endTime': '14:20', 'campus': 'Burnaby'}]",,2.0
CHEM 122,D109,fall,2026,CHEM 120 or 121 with a minimum grade of C-.,CHEM 120,False,"[{'days': 'Fr', 'startTime': '14:30', 'endTime': '15:20', 'campus': 'Burnaby'}]",,2.0
CHEM 125,LB03,fall,2026,"Chemistry 12 with a minimum grade of C, or CHEM 109 or CHEM 111 with a minimum grade of C-. Corequisite: CHEM 120.",CHEM 109;CHEM 111;CHEM 120,False,"[{'days': 'Tu', 'startTime': '13:30', 'endTime': '17:20', 'campus': 'Burnaby'}]",,1.0
CHEM 125,LB04,fall,2026,"Chemistry 12 with a minimum grade of C, or CHEM 109 or CHEM 111 with a minimum grade of C-. Corequisite: CHEM 120.",CHEM 109;CHEM 111;CHEM 120,False,"[{'days': 'We', 'startTime': '13:30', 'endTime': '17:20', 'campus': 'Burnaby'}]",,1.0
CHEM 125,LB06,fall,2026,"Chemistry 12 with a minimum grade of C, or CHEM 109 or CHEM 111 with a minimum grade of C-. Corequisite: CHEM 120.",CHEM 109;CHEM 111;CHEM 120,False,"[{'days': 'Th', 'startTime': '13:30', 'endTime': '17:20', 'campus': 'Burnaby'}]",,1.0
CHEM 125,LB07,fall,2026,"Chemistry 12 with a minimum grade of C, or CHEM 109 or CHEM 111 with a minimum grade of C-. Corequisite: CHEM 120.",CHEM 109;CHEM 111;CHEM 120,False,"[{'days': 'Fr', 'startTime': '13:30', 'endTime': '17:20', 'campus': 'Burnaby'}]",,1.0
CHEM 125,LC11,fall,2026,"Chemistry 12 with a minimum grade of C, or CHEM 109 or CHEM 111 with a minimum grade of C-. Corequisite: CHEM 120.",CHEM 109;CHEM 111;CHEM 120,False,"[{'days': 'Tu', 'startTime': '13:30', 'endTime': '17:20', 'campus': 'Surrey'}]",,1.0
CHEM 125,LC12,fall,2026,"Chemistry 12 with a minimum grade of C, or CHEM 109 or CHEM 111 with a minimum grade of C-. Corequisite: CHEM 120.",CHEM 109;CHEM 111;CHEM 120,False,"[{'days': 'We', 'startTime': '13:30', 'endTime': '17:20', 'campus': 'Surrey'}]",,1.0
CHEM 126,LA03,fall,2026,CHEM 121 with a minimum grade of C-. Corequisite: CHEM 122 or CHEM 180.,CHEM 121;CHEM 122;CHEM 180,False,"[{'days': 'Tu', 'startTime': '13:30', 'endTime': '17:20', 'campus': 'Burnaby'}]",John Canal,2.0
CHEM 126,LA06,fall,2026,CHEM 121 with a minimum grade of C-. Corequisite: CHEM 122 or CHEM 180.,CHEM 121;CHEM 122;CHEM 180,False,"[{'days': 'Th', 'startTime': '13:30', 'endTime': '17:20', 'campus': 'Burnaby'}]",John Canal,2.0
CHEM 180,D100,fall,2026,CHEM 121 with a minimum grade of C-.,CHEM 121,False,"[{'days': 'Mo, We, Fr', 'startTime': '12:30', 'endTime': '13:20', 'campus': 'Burnaby'}]",Caterina Ramogida,3.0
CHEM 180,D101,fall,2026,CHEM 121 with a minimum grade of C-.,CHEM 121,False,"[{'days': 'Tu', 'startTime': '9:30', 'endTime': '10:20', 'campus': 'Burnaby'}]",,3.0
CHEM 210,D100,fall,2026,"CHEM 122 or CHEM 180, with a minimum grade of C-.",CHEM 122;CHEM 180,False,"[{'days': 'Mo, We, Fr', 'startTime': '11:30', 'endTime': '12:20', 'campus': 'Burnaby'}]",Hogan Yu,2.0
CHEM 216,LA01,fall,2026,"(CHEM 122 or CHEM 180) and CHEM 126, both with a minimum grade of C-. Corequisite: CHEM 210.",CHEM 122;CHEM 180;CHEM 126;CHEM 210,False,"[{'days': 'Tu', 'startTime': '13:30', 'endTime': '17:20', 'campus': 'Burnaby'}]",Dev Sharma,2.0
CHEM 216,LA02,fall,2026,"(CHEM 122 or CHEM 180) and CHEM 126, both with a minimum grade of C-. Corequisite: CHEM 210.",CHEM 122;CHEM 180;CHEM 126;CHEM 210,False,"[{'days': 'Fr', 'startTime': '13:30', 'endTime': '17:20', 'campus': 'Burnaby'}]",Dev Sharma,2.0
CHEM 230,D100,fall,2026,"CHEM 122 or CHEM 180, with a minimum grade of C-. Students who expect to take further courses in inorganic chemistry should take CHEM 230 concurrently with CHEM 236W.",CHEM 122;CHEM 180;CHEM 230;CHEM 236W,False,"[{'days': 'Mo', 'startTime': '12:30', 'endTime': '13:20', 'campus': 'Burnaby'}, {'days': 'We, Fr', 'startTime': '12:30', 'endTime': '13:20', 'campus': 'Burnaby'}]",Carla Pretorius,3.0
CHEM 230,D101,fall,2026,"CHEM 122 or CHEM 180, with a minimum grade of C-. Students who expect to take further courses in inorganic chemistry should take CHEM 230 concurrently with CHEM 236W.",CHEM 122;CHEM 180;CHEM 230;CHEM 236W,False,"[{'days': 'Mo', 'startTime': '13:30', 'endTime': '14:20', 'campus': 'Burnaby'}]",Carla Pretorius,3.0
CHEM 236W,D101,fall,2026,CHEM 126 with a minimum grade of C-. Corequisite: CHEM 230.,CHEM 126;CHEM 230,False,"[{'days': 'We', 'startTime': '9:30', 'endTime': '10:20', 'campus': 'Burnaby'}]",Carla Pretorius,3.0
CHEM 236W,D102,fall,2026,CHEM 126 with a minimum grade of C-. Corequisite: CHEM 230.,CHEM 126;CHEM 230,False,"[{'days': 'Th', 'startTime': '9:30', 'endTime': '10:20', 'campus': 'Burnaby'}]",Carla Pretorius,3.0
CHEM 236W,LA01,fall,2026,CHEM 126 with a minimum grade of C-. Corequisite: CHEM 230.,CHEM 126;CHEM 230,False,"[{'days': 'We', 'startTime': '13:30', 'endTime': '17:20', 'campus': 'Burnaby'}]",Carla Pretorius,3.0
CHEM 236W,LA02,fall,2026,CHEM 126 with a minimum grade of C-. Corequisite: CHEM 230.,CHEM 126;CHEM 230,False,"[{'days': 'Th', 'startTime': '13:30', 'endTime': '17:20', 'campus': 'Burnaby'}]",Carla Pretorius,3.0
CHEM 260,D100,fall,2026,"CHEM 122 or CHEM 180, MATH 152, and PHYS 121, 126 or 141 (or PHYS 102 with a minimum grade of B), all with a minimum grade of C-. Recommended: MATH 232.",CHEM 122;CHEM 180;MATH 152;PHYS 121;PHYS 102,False,"[{'days': 'Tu, Th', 'startTime': '10:30', 'endTime': '12:20', 'campus': 'Burnaby'}]",Samira Siahrostami,4.0
CHEM 260,LA01,fall,2026,"CHEM 122 or CHEM 180, MATH 152, and PHYS 121, 126 or 141 (or PHYS 102 with a minimum grade of B), all with a minimum grade of C-. Recommended: MATH 232.",CHEM 122;CHEM 180;MATH 152;PHYS 121;PHYS 102,False,"[{'days': 'Tu', 'startTime': '12:30', 'endTime': '14:20', 'campus': 'Burnaby'}]",Samira Siahrostami,4.0
CHEM 260,LA02,fall,2026,"CHEM 122 or CHEM 180, MATH 152, and PHYS 121, 126 or 141 (or PHYS 102 with a minimum grade of B), all with a minimum grade of C-. Recommended: MATH 232.",CHEM 122;CHEM 180;MATH 152;PHYS 121;PHYS 102,False,"[{'days': 'We', 'startTime': '13:30', 'endTime': '15:20', 'campus': 'Burnaby'}]",Samira Siahrostami,4.0
CHEM 281,D100,fall,2026,CHEM 121 with a minimum grade of C-. Corequisite: CHEM 122 or CHEM 180.,CHEM 121;CHEM 122;CHEM 180,False,"[{'days': 'Mo, We, Fr', 'startTime': '10:30', 'endTime': '11:20', 'campus': 'Burnaby'}]",David Vocadlo,4.0
CHEM 281,D101,fall,2026,CHEM 121 with a minimum grade of C-. Corequisite: CHEM 122 or CHEM 180.,CHEM 121;CHEM 122;CHEM 180,False,"[{'days': 'We', 'startTime': '9:30', 'endTime': '10:20', 'campus': 'Burnaby'}]",,4.0
CHEM 281,D102,fall,2026,CHEM 121 with a minimum grade of C-. Corequisite: CHEM 122 or CHEM 180.,CHEM 121;CHEM 122;CHEM 180,False,"[{'days': 'We', 'startTime': '11:30', 'endTime': '12:20', 'campus': 'Burnaby'}]",,4.0
CHEM 281,D103,fall,2026,CHEM 121 with a minimum grade of C-. Corequisite: CHEM 122 or CHEM 180.,CHEM 121;CHEM 122;CHEM 180,False,"[{'days': 'We', 'startTime': '12:30', 'endTime': '13:20', 'campus': 'Burnaby'}]",,4.0
CHEM 281,D104,fall,2026,CHEM 121 with a minimum grade of C-. Corequisite: CHEM 122 or CHEM 180.,CHEM 121;CHEM 122;CHEM 180,False,"[{'days': 'We', 'startTime': '13:30', 'endTime': '14:20', 'campus': 'Burnaby'}]",,4.0
CHEM 281,D106,fall,2026,CHEM 121 with a minimum grade of C-. Corequisite: CHEM 122 or CHEM 180.,CHEM 121;CHEM 122;CHEM 180,False,"[{'days': 'Th', 'startTime': '10:30', 'endTime': '11:20', 'campus': 'Burnaby'}]",,4.0
CHEM 281,D107,fall,2026,CHEM 121 with a minimum grade of C-. Corequisite: CHEM 122 or CHEM 180.,CHEM 121;CHEM 122;CHEM 180,False,"[{'days': 'Th', 'startTime': '12:30', 'endTime': '13:20', 'campus': 'Burnaby'}]",,4.0
CHEM 281,D108,fall,2026,CHEM 121 with a minimum grade of C-. Corequisite: CHEM 122 or CHEM 180.,CHEM 121;CHEM 122;CHEM 180,False,"[{'days': 'Fr', 'startTime': '9:30', 'endTime': '10:20', 'campus': 'Burnaby'}]",,4.0
CHEM 281,D109,fall,2026,CHEM 121 with a minimum grade of C-. Corequisite: CHEM 122 or CHEM 180.,CHEM 121;CHEM 122;CHEM 180,False,"[{'days': 'Fr', 'startTime': '11:30', 'endTime': '12:20', 'campus': 'Burnaby'}]",,4.0
CHEM 281,D110,fall,2026,CHEM 121 with a minimum grade of C-. Corequisite: CHEM 122 or CHEM 180.,CHEM 121;CHEM 122;CHEM 180,False,"[{'days': 'Fr', 'startTime': '12:30', 'endTime': '13:20', 'campus': 'Burnaby'}]",,4.0
CHEM 281,D111,fall,2026,CHEM 121 with a minimum grade of C-. Corequisite: CHEM 122 or CHEM 180.,CHEM 121;CHEM 122;CHEM 180,False,"[{'days': 'Fr', 'startTime': '13:30', 'endTime': '14:20', 'campus': 'Burnaby'}]",,4.0
CHEM 281,LA01,fall,2026,CHEM 121 with a minimum grade of C-. Corequisite: CHEM 122 or CHEM 180.,CHEM 121;CHEM 122;CHEM 180,False,"[{'days': 'Mo', 'startTime': '13:30', 'endTime': '17:20', 'campus': 'Burnaby'}]",,4.0
CHEM 281,LA05,fall,2026,CHEM 121 with a minimum grade of C-. Corequisite: CHEM 122 or CHEM 180.,CHEM 121;CHEM 122;CHEM 180,False,"[{'days': 'Th', 'startTime': '8:30', 'endTime': '12:20', 'campus': 'Burnaby'}]",,4.0
CHEM 281,LA06,fall,2026,CHEM 121 with a minimum grade of C-. Corequisite: CHEM 122 or CHEM 180.,CHEM 121;CHEM 122;CHEM 180,False,"[{'days': 'Th', 'startTime': '13:30', 'endTime': '17:20', 'campus': 'Burnaby'}]",,4.0
CHEM 281,LA07,fall,2026,CHEM 121 with a minimum grade of C-. Corequisite: CHEM 122 or CHEM 180.,CHEM 121;CHEM 122;CHEM 180,False,"[{'days': 'Fr', 'startTime': '13:30', 'endTime': '17:20', 'campus': 'Burnaby'}]",,4.0
CHEM 281,LB01,fall,2026,CHEM 121 with a minimum grade of C-. Corequisite: CHEM 122 or CHEM 180.,CHEM 121;CHEM 122;CHEM 180,False,"[{'days': 'Mo', 'startTime': '13:30', 'endTime': '17:20', 'campus': 'Burnaby'}]",,4.0
CHEM 281,LB06,fall,2026,CHEM 121 with a minimum grade of C-. Corequisite: CHEM 122 or CHEM 180.,CHEM 121;CHEM 122;CHEM 180,False,"[{'days': 'Th', 'startTime': '13:30', 'endTime': '17:20', 'campus': 'Burnaby'}]",,4.0
CHEM 281,LB07,fall,2026,CHEM 121 with a minimum grade of C-. Corequisite: CHEM 122 or CHEM 180.,CHEM 121;CHEM 122;CHEM 180,False,"[{'days': 'Fr', 'startTime': '13:30', 'endTime': '17:20', 'campus': 'Burnaby'}]",,4.0
CHEM 281,LE01,fall,2026,CHEM 121 with a minimum grade of C-. Corequisite: CHEM 122 or CHEM 180.,CHEM 121;CHEM 122;CHEM 180,False,[],,4.0
CHEM 282,D100,fall,2026,CHEM 281 with a minimum grade of C-.,CHEM 281,False,"[{'days': 'Mo, We, Fr', 'startTime': '10:30', 'endTime': '11:20', 'campus': 'Burnaby'}]",Pete Wilson,2.0
CHEM 282,D101,fall,2026,CHEM 281 with a minimum grade of C-.,CHEM 281,False,"[{'days': 'Th', 'startTime': '9:30', 'endTime': '10:20', 'campus': 'Burnaby'}]",,2.0
CHEM 282,D102,fall,2026,CHEM 281 with a minimum grade of C-.,CHEM 281,False,"[{'days': 'Th', 'startTime': '11:30', 'endTime': '12:20', 'campus': 'Burnaby'}]",,2.0
CHEM 282,D103,fall,2026,CHEM 281 with a minimum grade of C-.,CHEM 281,False,"[{'days': 'Fr', 'startTime': '9:30', 'endTime': '10:20', 'campus': 'Burnaby'}]",,2.0
CHEM 282,D104,fall,2026,CHEM 281 with a minimum grade of C-.,CHEM 281,False,"[{'days': 'Fr', 'startTime': '12:30', 'endTime': '13:20', 'campus': 'Burnaby'}]",,2.0
CHEM 282,D105,fall,2026,CHEM 281 with a minimum grade of C-.,CHEM 281,False,"[{'days': 'Fr', 'startTime': '13:30', 'endTime': '14:20', 'campus': 'Burnaby'}]",,2.0
CHEM 283,D100,fall,2026,CHEM 281 with a minimum grade of C-.,CHEM 281,False,"[{'days': 'Mo, We, Fr', 'startTime': '10:30', 'endTime': '11:20', 'campus': 'Burnaby'}]",Pete Wilson,3.0
CHEM 283,D101,fall,2026,CHEM 281 with a minimum grade of C-.,CHEM 281,False,"[{'days': 'Th', 'startTime': '12:30', 'endTime': '13:20', 'campus': 'Burnaby'}]",,3.0
CHEM 283,D102,fall,2026,CHEM 281 with a minimum grade of C-.,CHEM 281,False,"[{'days': 'Fr', 'startTime': '8:30', 'endTime': '9:20', 'campus': 'Burnaby'}]",,3.0
CHEM 284,D100,fall,2026,"CHEM 282 with a minimum of C+, or permission of the Department.",CHEM 282,False,"[{'days': 'Mo, We, Fr', 'startTime': '10:30', 'endTime': '11:20', 'campus': 'Burnaby'}]",Pete Wilson,1.0
CHEM 284,D101,fall,2026,"CHEM 282 with a minimum of C+, or permission of the Department.",CHEM 282,False,"[{'days': 'Th', 'startTime': '12:30', 'endTime': '13:20', 'campus': 'Burnaby'}]",,1.0
CHEM 284,D102,fall,2026,"CHEM 282 with a minimum of C+, or permission of the Department.",CHEM 282,False,"[{'days': 'Fr', 'startTime': '8:30', 'endTime': '9:20', 'campus': 'Burnaby'}]",,1.0
CHEM 286,LA03,fall,2026,CHEM 281 with a minimum grade of C-. Corequisite: CHEM 282 or 283.,CHEM 281;CHEM 282,False,"[{'days': 'Tu', 'startTime': '13:30', 'endTime': '17:20', 'campus': 'Burnaby'}]",Pete Wilson,2.0
CHEM 296,D001,fall,2026,"30 units, including five units of 2nd year CHEM courses. A student may enroll in this course only with prior written agreement of a faculty member to act as a research supervisor.",,False,[],Erika Plettner,1.0
CHEM 296,D002,fall,2026,"30 units, including five units of 2nd year CHEM courses. A student may enroll in this course only with prior written agreement of a faculty member to act as a research supervisor.",,False,[],Erika Plettner,1.0
CHEM 296,D003,fall,2026,"30 units, including five units of 2nd year CHEM courses. A student may enroll in this course only with prior written agreement of a faculty member to act as a research supervisor.",,False,[],,1.0
CHEM 296,D004,fall,2026,"30 units, including five units of 2nd year CHEM courses. A student may enroll in this course only with prior written agreement of a faculty member to act as a research supervisor.",,False,[],,1.0
CHEM 296,D005,fall,2026,"30 units, including five units of 2nd year CHEM courses. A student may enroll in this course only with prior written agreement of a faculty member to act as a research supervisor.",,False,[],,1.0
CHEM 296,D006,fall,2026,"30 units, including five units of 2nd year CHEM courses. A student may enroll in this course only with prior written agreement of a faculty member to act as a research supervisor.",,False,[],,1.0
CHEM 296,D007,fall,2026,"30 units, including five units of 2nd year CHEM courses. A student may enroll in this course only with prior written agreement of a faculty member to act as a research supervisor.",,False,[],,1.0
CHEM 296,D008,fall,2026,"30 units, including five units of 2nd year CHEM courses. A student may enroll in this course only with prior written agreement of a faculty member to act as a research supervisor.",,False,[],,1.0
CHEM 296,D009,fall,2026,"30 units, including five units of 2nd year CHEM courses. A student may enroll in this course only with prior written agreement of a faculty member to act as a research supervisor.",,False,[],,1.0
CHEM 296,D010,fall,2026,"30 units, including five units of 2nd year CHEM courses. A student may enroll in this course only with prior written agreement of a faculty member to act as a research supervisor.",,False,[],,1.0
CHEM 296,D011,fall,2026,"30 units, including five units of 2nd year CHEM courses. A student may enroll in this course only with prior written agreement of a faculty member to act as a research supervisor.",,False,[],,1.0
CHEM 296,D012,fall,2026,"30 units, including five units of 2nd year CHEM courses. A student may enroll in this course only with prior written agreement of a faculty member to act as a research supervisor.",,False,[],,1.0
CHEM 306,D100,fall,2026,"Completion of 28 units in a science program, including first-year calculus, chemistry and physics. Minimum CGPA 2.67 (or permission of co-op co-ordinator).",,True,[],Natalie Erickson;Susan Wiggins,3.0
CHEM 306,D200,fall,2026,"Completion of 28 units in a science program, including first-year calculus, chemistry and physics. Minimum CGPA 2.67 (or permission of co-op co-ordinator).",,True,[],Natalie Erickson;Susan Wiggins,3.0
CHEM 306,I100,fall,2026,"Completion of 28 units in a science program, including first-year calculus, chemistry and physics. Minimum CGPA 2.67 (or permission of co-op co-ordinator).",,True,[],Natalie Erickson;Susan Wiggins,3.0
CHEM 307,D100,fall,2026,CHEM 306 and completion of 42 units toward a BSc degree. Minimum CGPA 2.67 (or permission of co-op co-ordinator).,CHEM 306,False,[],Natalie Erickson;Susan Wiggins,3.0
CHEM 307,D200,fall,2026,CHEM 306 and completion of 42 units toward a BSc degree. Minimum CGPA 2.67 (or permission of co-op co-ordinator).,CHEM 306,False,[],Natalie Erickson;Susan Wiggins,3.0
CHEM 307,I100,fall,2026,CHEM 306 and completion of 42 units toward a BSc degree. Minimum CGPA 2.67 (or permission of co-op co-ordinator).,CHEM 306,False,[],Natalie Erickson;Susan Wiggins,3.0
CHEM 316,D100,fall,2026,"CHEM 210, 216, and 260, all with a minimum grade of C-, or permission of the department.",CHEM 210,False,"[{'days': 'Mo, We, Fr', 'startTime': '11:30', 'endTime': '12:20', 'campus': 'Burnaby'}]",Bingyun Sun,4.0
CHEM 316,LA01,fall,2026,"CHEM 210, 216, and 260, all with a minimum grade of C-, or permission of the department.",CHEM 210,False,"[{'days': 'Mo', 'startTime': '13:30', 'endTime': '17:20', 'campus': 'Burnaby'}]",Bingyun Sun,4.0
CHEM 316,LA02,fall,2026,"CHEM 210, 216, and 260, all with a minimum grade of C-, or permission of the department.",CHEM 210,False,"[{'days': 'We', 'startTime': '13:30', 'endTime': '17:20', 'campus': 'Burnaby'}]",Bingyun Sun,4.0
CHEM 340,D100,fall,2026,"Completion of 60 units in a science or applied science program, including first year chemistry, physics and calculus. CHEM 230 is strongly recommended.",CHEM 230,False,"[{'days': 'Tu, Th', 'startTime': '8:30', 'endTime': '10:20', 'campus': 'Burnaby'}]",Zuo-guang Ye,3.0
CHEM 364,D100,fall,2026,"CHEM 260 or PHYS 285, MATH 232, and MATH 251, all with a minimum grade of C-. Recommended: MATH 260 or MATH 310.",CHEM 260;PHYS 285;MATH 232;MATH 251,False,"[{'days': 'Tu, Th', 'startTime': '10:30', 'endTime': '12:20', 'campus': 'Burnaby'}]",Gary Leach,3.0
CHEM 366W,D100,fall,2026,CHEM 266 with a minimum grade of C-. Corequisite: CHEM 360.,CHEM 266;CHEM 360,False,"[{'days': 'Mo', 'startTime': '12:30', 'endTime': '13:20', 'campus': 'Burnaby'}]",Loren Kaake,3.0
CHEM 366W,LA01,fall,2026,CHEM 266 with a minimum grade of C-. Corequisite: CHEM 360.,CHEM 266;CHEM 360,False,"[{'days': 'Tu', 'startTime': '13:30', 'endTime': '17:20', 'campus': 'Burnaby'}]",Loren Kaake,3.0
CHEM 366W,LA02,fall,2026,CHEM 266 with a minimum grade of C-. Corequisite: CHEM 360.,CHEM 266;CHEM 360,False,"[{'days': 'Fr', 'startTime': '13:30', 'endTime': '17:20', 'campus': 'Burnaby'}]",Loren Kaake,3.0
CHEM 371,D100,fall,2026,CHEM 121 with a minimum grade of C- and completion of 45 units. (CHEM 122 or CHEM 180) and CHEM 281 recommended.,CHEM 121;CHEM 122;CHEM 180;CHEM 281,False,"[{'days': 'Tu, Th', 'startTime': '14:30', 'endTime': '16:20', 'campus': 'Burnaby'}]",George Agnes,3.0
CHEM 372,D100,fall,2026,"(CHEM 122 or CHEM 180) and CHEM 281, both with a minimum grade of C- and completion of 60 units.",CHEM 122;CHEM 180;CHEM 281,False,"[{'days': 'Tu, Th', 'startTime': '8:30', 'endTime': '10:20', 'campus': 'Burnaby'}]",George Agnes,3.0
CHEM 373,OL01,fall,2026,Completion of 45 units.,,False,[],Uwe Kreis,3.0
CHEM 380,D100,fall,2026,"(CHEM 282 or 283 or 284) and CHEM 286, both with a minimum grade of C-, or permission of the department.",CHEM 282;CHEM 286,False,"[{'days': 'Mo, We, Fr', 'startTime': '10:30', 'endTime': '11:20', 'campus': 'Burnaby'}]",Erika Plettner;Patricia Somers,4.0
CHEM 380,LA01,fall,2026,"(CHEM 282 or 283 or 284) and CHEM 286, both with a minimum grade of C-, or permission of the department.",CHEM 282;CHEM 286,False,"[{'days': 'Mo', 'startTime': '13:30', 'endTime': '17:20', 'campus': 'Burnaby'}]",,4.0
CHEM 380,LA02,fall,2026,"(CHEM 282 or 283 or 284) and CHEM 286, both with a minimum grade of C-, or permission of the department.",CHEM 282;CHEM 286,False,"[{'days': 'Tu', 'startTime': '13:30', 'endTime': '17:20', 'campus': 'Burnaby'}]",,4.0
CHEM 396,D001,fall,2026,"50 units, including one 3rd year CHEM core course (CHEM 316, 332, 336, 360, 366, 380 or NUSC 341). A student may enroll in this course only with prior written agreement of a faculty member to act as a research supervisor.",CHEM 316;NUSC 341,False,[],Jeffrey Warren,1.0
CHEM 396,D002,fall,2026,"50 units, including one 3rd year CHEM core course (CHEM 316, 332, 336, 360, 366, 380 or NUSC 341). A student may enroll in this course only with prior written agreement of a faculty member to act as a research supervisor.",CHEM 316;NUSC 341,False,[],Jeffrey Warren,1.0
CHEM 396,D003,fall,2026,"50 units, including one 3rd year CHEM core course (CHEM 316, 332, 336, 360, 366, 380 or NUSC 341). A student may enroll in this course only with prior written agreement of a faculty member to act as a research supervisor.",CHEM 316;NUSC 341,False,[],,1.0
CHEM 396,D004,fall,2026,"50 units, including one 3rd year CHEM core course (CHEM 316, 332, 336, 360, 366, 380 or NUSC 341). A student may enroll in this course only with prior written agreement of a faculty member to act as a research supervisor.",CHEM 316;NUSC 341,False,[],,1.0
CHEM 396,D005,fall,2026,"50 units, including one 3rd year CHEM core course (CHEM 316, 332, 336, 360, 366, 380 or NUSC 341). A student may enroll in this course only with prior written agreement of a faculty member to act as a research supervisor.",CHEM 316;NUSC 341,False,[],,1.0
CHEM 396,D006,fall,2026,"50 units, including one 3rd year CHEM core course (CHEM 316, 332, 336, 360, 366, 380 or NUSC 341). A student may enroll in this course only with prior written agreement of a faculty member to act as a research supervisor.",CHEM 316;NUSC 341,False,[],,1.0
CHEM 396,D007,fall,2026,"50 units, including one 3rd year CHEM core course (CHEM 316, 332, 336, 360, 366, 380 or NUSC 341). A student may enroll in this course only with prior written agreement of a faculty member to act as a research supervisor.",CHEM 316;NUSC 341,False,[],,1.0
CHEM 396,D008,fall,2026,"50 units, including one 3rd year CHEM core course (CHEM 316, 332, 336, 360, 366, 380 or NUSC 341). A student may enroll in this course only with prior written agreement of a faculty member to act as a research supervisor.",CHEM 316;NUSC 341,False,[],,1.0
CHEM 396,D009,fall,2026,"50 units, including one 3rd year CHEM core course (CHEM 316, 332, 336, 360, 366, 380 or NUSC 341). A student may enroll in this course only with prior written agreement of a faculty member to act as a research supervisor.",CHEM 316;NUSC 341,False,[],,1.0
CHEM 396,D010,fall,2026,"50 units, including one 3rd year CHEM core course (CHEM 316, 332, 336, 360, 366, 380 or NUSC 341). A student may enroll in this course only with prior written agreement of a faculty member to act as a research supervisor.",CHEM 316;NUSC 341,False,[],,1.0
CHEM 396,D011,fall,2026,"50 units, including one 3rd year CHEM core course (CHEM 316, 332, 336, 360, 366, 380 or NUSC 341). A student may enroll in this course only with prior written agreement of a faculty member to act as a research supervisor.",CHEM 316;NUSC 341,False,[],,1.0
CHEM 396,D012,fall,2026,"50 units, including one 3rd year CHEM core course (CHEM 316, 332, 336, 360, 366, 380 or NUSC 341). A student may enroll in this course only with prior written agreement of a faculty member to act as a research supervisor.",CHEM 316;NUSC 341,False,[],,1.0
CHEM 406,D100,fall,2026,CHEM 307 and completion of 56 units toward a BSc degree. Minimum CGPA of 2.67 (or permission of co-op co-ordinator).,CHEM 307,False,[],Natalie Erickson;Susan Wiggins,3.0
CHEM 406,D200,fall,2026,CHEM 307 and completion of 56 units toward a BSc degree. Minimum CGPA of 2.67 (or permission of co-op co-ordinator).,CHEM 307,False,[],Natalie Erickson;Susan Wiggins,3.0
CHEM 406,I100,fall,2026,CHEM 307 and completion of 56 units toward a BSc degree. Minimum CGPA of 2.67 (or permission of co-op co-ordinator).,CHEM 307,False,[],Natalie Erickson;Susan Wiggins,3.0
CHEM 407,D100,fall,2026,CHEM 406. Minimum CGPA of 2.67 (or permission of co-op co-ordinator).,CHEM 406,False,[],Natalie Erickson;Susan Wiggins,3.0
CHEM 407,D200,fall,2026,CHEM 406. Minimum CGPA of 2.67 (or permission of co-op co-ordinator).,CHEM 406,False,[],Natalie Erickson;Susan Wiggins,3.0
CHEM 407,I100,fall,2026,CHEM 406. Minimum CGPA of 2.67 (or permission of co-op co-ordinator).,CHEM 406,False,[],Natalie Erickson;Susan Wiggins,3.0
CHEM 408,D100,fall,2026,CHEM 407.,CHEM 407,False,[],Natalie Erickson;Susan Wiggins,3.0
CHEM 408,D200,fall,2026,CHEM 407.,CHEM 407,False,[],Natalie Erickson;Susan Wiggins,3.0
CHEM 408,I100,fall,2026,CHEM 407.,CHEM 407,False,[],Natalie Erickson;Susan Wiggins,3.0
CHEM 419,E100,fall,2026,CHEM 316 with a minimum grade of C-.,CHEM 316,False,"[{'days': 'Tu, Th', 'startTime': '16:30', 'endTime': '18:20', 'campus': 'Burnaby'}]",Bingyun Sun;Hogan Yu;Paul Li,3.0
CHEM 432,E100,fall,2026,CHEM 332 with a minimum grade of C-.,CHEM 332,False,"[{'days': 'Tu, Th', 'startTime': '12:30', 'endTime': '14:20', 'campus': 'Burnaby'}]",Daniel Leznoff,3.0
CHEM 455,D100,fall,2026,"CHEM 381 with a minimum grade of C-, or permission of the instructor.",CHEM 381,False,"[{'days': 'Tu, Th', 'startTime': '14:30', 'endTime': '16:20', 'campus': 'Burnaby'}]",Robert Britton,3.0
CHEM 459,D100,fall,2026,"CHEM 380 with a minimum grade of C-, or permission of the instructor.",CHEM 380,False,"[{'days': 'Mo, We, Fr', 'startTime': '10:30', 'endTime': '11:20', 'campus': 'Burnaby'}]",Roger Linington,3.0
CHEM 459,D101,fall,2026,"CHEM 380 with a minimum grade of C-, or permission of the instructor.",CHEM 380,False,"[{'days': 'Fr', 'startTime': '11:30', 'endTime': '12:20', 'campus': 'Burnaby'}]",Roger Linington,3.0
CHEM 469,D100,fall,2026,"CHEM 260 and 360, both with a minimum grade of C-, or permission of the instructor.",CHEM 260,False,"[{'days': 'Tu, Th', 'startTime': '12:30', 'endTime': '14:20', 'campus': 'Burnaby'}]",Mohammadreza Karamad,3.0
CHEM 481,D001,fall,2026,Permission of the department; knowledge of chemistry at an advanced level. Normally taken after completion of 300-level course requirements.,,True,[],,5.0
CHEM 481,D002,fall,2026,Permission of the department; knowledge of chemistry at an advanced level. Normally taken after completion of 300-level course requirements.,,True,[],,5.0
CHEM 481,D003,fall,2026,Permission of the department; knowledge of chemistry at an advanced level. Normally taken after completion of 300-level course requirements.,,True,[],,5.0
CHEM 481,D004,fall,2026,Permission of the department; knowledge of chemistry at an advanced level. Normally taken after completion of 300-level course requirements.,,True,[],,5.0
CHEM 481,D005,fall,2026,Permission of the department; knowledge of chemistry at an advanced level. Normally taken after completion of 300-level course requirements.,,True,[],,5.0
CHEM 481,D006,fall,2026,Permission of the department; knowledge of chemistry at an advanced level. Normally taken after completion of 300-level course requirements.,,True,[],,5.0
CHEM 481,D007,fall,2026,Permission of the department; knowledge of chemistry at an advanced level. Normally taken after completion of 300-level course requirements.,,True,[],,5.0
CHEM 481,D008,fall,2026,Permission of the department; knowledge of chemistry at an advanced level. Normally taken after completion of 300-level course requirements.,,True,[],,5.0
CHEM 481,D009,fall,2026,Permission of the department; knowledge of chemistry at an advanced level. Normally taken after completion of 300-level course requirements.,,True,[],,5.0
CHEM 481,D110,fall,2026,Permission of the department; knowledge of chemistry at an advanced level. Normally taken after completion of 300-level course requirements.,,True,[],,5.0
CHEM 481,D111,fall,2026,Permission of the department; knowledge of chemistry at an advanced level. Normally taken after completion of 300-level course requirements.,,True,[],,5.0
CHEM 481,D112,fall,2026,Permission of the department; knowledge of chemistry at an advanced level. Normally taken after completion of 300-level course requirements.,,True,[],,5.0
CHEM 482,D001,fall,2026,Permission of the Department. Normally taken during the fourth year of study.,,True,[],,3.0
CHEM 482,D002,fall,2026,Permission of the Department. Normally taken during the fourth year of study.,,True,[],,3.0
CHEM 482,D003,fall,2026,Permission of the Department. Normally taken during the fourth year of study.,,True,[],,3.0
CHEM 482,D004,fall,2026,Permission of the Department. Normally taken during the fourth year of study.,,True,[],,3.0
CHEM 482,D005,fall,2026,Permission of the Department. Normally taken during the fourth year of study.,,True,[],,3.0
CHEM 483,D001,fall,2026,CHEM 481 and permission of the Department. This course cannot be counted towards the 400-level CHEM unit requirement for the Chemistry Majors program.,CHEM 481,False,[],,5.0
CHEM 483,D002,fall,2026,CHEM 481 and permission of the Department. This course cannot be counted towards the 400-level CHEM unit requirement for the Chemistry Majors program.,CHEM 481,False,[],,5.0
CHEM 484,D001,fall,2026,Permission of the department; knowledge of chemistry at an advanced level. Normally taken after completion of 300-level course requirements.,,True,[],,10.0
CHEM 484,D002,fall,2026,Permission of the department; knowledge of chemistry at an advanced level. Normally taken after completion of 300-level course requirements.,,True,[],,10.0
CHEM 484,D003,fall,2026,Permission of the department; knowledge of chemistry at an advanced level. Normally taken after completion of 300-level course requirements.,,True,[],,10.0
CHEM 484,D004,fall,2026,Permission of the department; knowledge of chemistry at an advanced level. Normally taken after completion of 300-level course requirements.,,True,[],,10.0
CHEM 484,D005,fall,2026,Permission of the department; knowledge of chemistry at an advanced level. Normally taken after completion of 300-level course requirements.,,True,[],,10.0
CHEM 484,D006,fall,2026,Permission of the department; knowledge of chemistry at an advanced level. Normally taken after completion of 300-level course requirements.,,True,[],,10.0
CHEM 484,D007,fall,2026,Permission of the department; knowledge of chemistry at an advanced level. Normally taken after completion of 300-level course requirements.,,True,[],,10.0
CHEM 755,G100,fall,2026,,,False,"[{'days': 'Tu, Th', 'startTime': '14:30', 'endTime': '16:20', 'campus': 'Burnaby'}]",Robert Britton,3.0
CHEM 759,G100,fall,2026,,,False,"[{'days': 'Mo, We, Fr', 'startTime': '10:30', 'endTime': '11:20', 'campus': 'Burnaby'}]",Roger Linington,3.0
CHEM 759,G101,fall,2026,,,False,"[{'days': 'Fr', 'startTime': '11:30', 'endTime': '12:20', 'campus': 'Burnaby'}]",Roger Linington,3.0
CHEM 801,G100,fall,2026,,,False,"[{'days': 'Tu', 'startTime': '10:30', 'endTime': '12:20', 'campus': 'Burnaby'}]",Mohammadreza Karamad;Nabyl Merbouh;Robert Britton,3.0
CHEM 802,G100,fall,2026,,,False,"[{'days': 'Tu', 'startTime': '10:30', 'endTime': '12:20', 'campus': 'Burnaby'}]",Roger Linington,3.0
CHEM 803,G100,fall,2026,,,False,"[{'days': 'We', 'startTime': '14:30', 'endTime': '17:20', 'campus': 'Burnaby'}]",Hogan Yu,
CHEM 819,G100,fall,2026,,,False,"[{'days': 'Tu, Th', 'startTime': '16:30', 'endTime': '18:20', 'campus': 'Burnaby'}]",Bingyun Sun;Hogan Yu;Paul Li,3.0
CHEM 832,G100,fall,2026,,,False,"[{'days': 'Tu, Th', 'startTime': '12:30', 'endTime': '14:20', 'campus': 'Burnaby'}]",Daniel Leznoff,3.0
CHEM 869,G100,fall,2026,,,False,"[{'days': 'Tu, Th', 'startTime': '12:30', 'endTime': '14:20', 'campus': 'Burnaby'}]",Mohammadreza Karamad,3.0
CHEM 898,G100,fall,2026,,,False,[],,18.0
CHEM 898,G200,fall,2026,,,False,[],,18.0
CHEM 899,G100,fall,2026,,,False,[],,18.0
CHEM 899,G200,fall,2026,,,False,[],,18.0
CHIN 100,B100,fall,2026,,,False,[],Billie Ng,3.0
CHIN 100,B101,fall,2026,,,False,"[{'days': 'We', 'startTime': '10:30', 'endTime': '12:20', 'campus': 'Burnaby'}]",Billie Ng,3.0
CHIN 100,B102,fall,2026,,,False,"[{'days': 'Th', 'startTime': '10:30', 'endTime': '12:20', 'campus': 'Burnaby'}]",,3.0
CHIN 110,B100,fall,2026,CHIN 100 or equivalent.,CHIN 100,False,[],Billie Ng,3.0
CHIN 110,B101,fall,2026,CHIN 100 or equivalent.,CHIN 100,False,"[{'days': 'Th', 'startTime': '14:30', 'endTime': '16:20', 'campus': 'Burnaby'}]",Billie Ng,3.0
CHIN 200,B100,fall,2026,CHIN 110 (or CHIN 101) or equivalent.,CHIN 110;CHIN 101,False,[],Billie Ng,3.0
CHIN 200,B101,fall,2026,CHIN 110 (or CHIN 101) or equivalent.,CHIN 110;CHIN 101,False,"[{'days': 'Th', 'startTime': '10:30', 'endTime': '12:20', 'campus': 'Burnaby'}]",Billie Ng,3.0
CMNS 110,D100,fall,2026,,,False,"[{'days': 'Mo', 'startTime': '12:30', 'endTime': '14:20', 'campus': 'Burnaby'}]",Sarah Christina Ganzon,3.0
CMNS 110,D101,fall,2026,,,False,"[{'days': 'Mo', 'startTime': '14:30', 'endTime': '15:20', 'campus': 'Burnaby'}]",,3.0
CMNS 110,D102,fall,2026,,,False,"[{'days': 'Mo', 'startTime': '14:30', 'endTime': '15:20', 'campus': 'Burnaby'}]",,3.0
CMNS 110,D103,fall,2026,,,False,"[{'days': 'Mo', 'startTime': '15:30', 'endTime': '16:20', 'campus': 'Burnaby'}]",,3.0
CMNS 110,D104,fall,2026,,,False,"[{'days': 'Mo', 'startTime': '15:30', 'endTime': '16:20', 'campus': 'Burnaby'}]",,3.0
CMNS 110,D105,fall,2026,,,False,"[{'days': 'Mo', 'startTime': '16:30', 'endTime': '17:20', 'campus': 'Burnaby'}]",,3.0
CMNS 110,D106,fall,2026,,,False,"[{'days': 'Mo', 'startTime': '16:30', 'endTime': '17:20', 'campus': 'Burnaby'}]",,3.0
CMNS 110,OL01,fall,2026,,,False,[],Darren Fleet,3.0
CMNS 120W,D100,fall,2026,,,False,"[{'days': 'Fr', 'startTime': '10:30', 'endTime': '12:20', 'campus': 'Burnaby'}]",Caitlin McKinney,3.0
CMNS 120W,D101,fall,2026,,,False,"[{'days': 'Fr', 'startTime': '12:30', 'endTime': '13:20', 'campus': 'Burnaby'}]",,3.0
CMNS 120W,D102,fall,2026,,,False,"[{'days': 'Fr', 'startTime': '12:30', 'endTime': '13:20', 'campus': 'Burnaby'}]",,3.0
CMNS 120W,D104,fall,2026,,,False,"[{'days': 'Fr', 'startTime': '13:30', 'endTime': '14:20', 'campus': 'Burnaby'}]",,3.0
CMNS 120W,D105,fall,2026,,,False,"[{'days': 'Fr', 'startTime': '13:30', 'endTime': '14:20', 'campus': 'Burnaby'}]",,3.0
CMNS 120W,D107,fall,2026,,,False,"[{'days': 'Fr', 'startTime': '14:30', 'endTime': '15:20', 'campus': 'Burnaby'}]",,3.0
CMNS 120W,D108,fall,2026,,,False,"[{'days': 'Fr', 'startTime': '14:30', 'endTime': '15:20', 'campus': 'Burnaby'}]",,3.0
CMNS 130,OL01,fall,2026,,,False,[],Enda Brophy,3.0
CMNS 200,OL01,fall,2026,,,False,[],Jennesia Pedri,4.0
CMNS 201W,D100,fall,2026,,,False,"[{'days': 'Mo', 'startTime': '8:30', 'endTime': '10:20', 'campus': 'Burnaby'}]",Chris Jeschelnik,4.0
CMNS 201W,D101,fall,2026,,,False,"[{'days': 'Mo', 'startTime': '10:30', 'endTime': '11:20', 'campus': 'Burnaby'}]",,4.0
CMNS 201W,D102,fall,2026,,,False,"[{'days': 'Mo', 'startTime': '10:30', 'endTime': '11:20', 'campus': 'Burnaby'}]",,4.0
CMNS 201W,D103,fall,2026,,,False,"[{'days': 'Mo', 'startTime': '11:30', 'endTime': '12:20', 'campus': 'Burnaby'}]",,4.0
CMNS 201W,D105,fall,2026,,,False,"[{'days': 'Mo', 'startTime': '12:30', 'endTime': '13:20', 'campus': 'Burnaby'}]",,4.0
CMNS 201W,D107,fall,2026,,,False,"[{'days': 'Mo', 'startTime': '13:30', 'endTime': '14:20', 'campus': 'Burnaby'}]",,4.0
CMNS 202,D100,fall,2026,CMNS 110 with a minimum grade of C-.,CMNS 110,False,"[{'days': 'We', 'startTime': '12:30', 'endTime': '14:20', 'campus': 'Burnaby'}]",Kirsten McAllister,4.0
CMNS 202,D103,fall,2026,CMNS 110 with a minimum grade of C-.,CMNS 110,False,"[{'days': 'We', 'startTime': '9:30', 'endTime': '10:20', 'campus': 'Burnaby'}]",,4.0
CMNS 202,D104,fall,2026,CMNS 110 with a minimum grade of C-.,CMNS 110,False,"[{'days': 'We', 'startTime': '9:30', 'endTime': '10:20', 'campus': 'Burnaby'}]",,4.0
CMNS 202,D105,fall,2026,CMNS 110 with a minimum grade of C-.,CMNS 110,False,"[{'days': 'We', 'startTime': '10:30', 'endTime': '11:20', 'campus': 'Burnaby'}]",,4.0
CMNS 202,D107,fall,2026,CMNS 110 with a minimum grade of C-.,CMNS 110,False,"[{'days': 'We', 'startTime': '11:30', 'endTime': '12:20', 'campus': 'Burnaby'}]",,4.0
CMNS 215,D100,fall,2026,,,False,"[{'days': 'Fr', 'startTime': '12:30', 'endTime': '14:20', 'campus': 'Burnaby'}]",,3.0
CMNS 221,D100,fall,2026,"CMNS 110 or 130, with a minimum grade of C-.",CMNS 110,False,"[{'days': 'Tu', 'startTime': '11:30', 'endTime': '14:20', 'campus': 'Burnaby'}]",Stuart Poyntz,3.0
CMNS 226,OL01,fall,2026,,,False,[],David Murphy,4.0
CMNS 240,D100,fall,2026,,,False,"[{'days': 'Th', 'startTime': '12:30', 'endTime': '14:20', 'campus': 'Burnaby'}]",Enda Brophy,3.0
CMNS 240,D102,fall,2026,,,False,"[{'days': 'Th', 'startTime': '10:30', 'endTime': '11:20', 'campus': 'Burnaby'}]",,3.0
CMNS 240,D103,fall,2026,,,False,"[{'days': 'Th', 'startTime': '11:30', 'endTime': '12:20', 'campus': 'Burnaby'}]",,3.0
CMNS 258,OL01,fall,2026,,,False,[],David Murphy,4.0
CMNS 311,D100,fall,2026,17 CMNS units with a minimum grade of C- or 45 units with a minimum CGPA of 2.00.,,False,"[{'days': 'We', 'startTime': '9:30', 'endTime': '12:20', 'campus': 'Burnaby'}]",Gary McCarron,4.0
CMNS 311,D101,fall,2026,17 CMNS units with a minimum grade of C- or 45 units with a minimum CGPA of 2.00.,,False,"[{'days': 'We', 'startTime': '12:30', 'endTime': '13:20', 'campus': 'Burnaby'}]",,4.0
CMNS 311,D102,fall,2026,17 CMNS units with a minimum grade of C- or 45 units with a minimum CGPA of 2.00.,,False,"[{'days': 'We', 'startTime': '13:30', 'endTime': '14:20', 'campus': 'Burnaby'}]",,4.0
CMNS 311,D200,fall,2026,17 CMNS units with a minimum grade of C- or 45 units with a minimum CGPA of 2.00.,,False,"[{'days': 'Fr', 'startTime': '14:30', 'endTime': '17:20', 'campus': 'Burnaby'}]",Darren Fleet,4.0
CMNS 313,OL01,fall,2026,17 CMNS units with a minimum grade of C- or 45 units with a minimum CGPA of 2.00.,,False,[],Stephanie Dick,4.0
CMNS 315,D100,fall,2026,17 CMNS units with a minimum grade of C- or 45 units with a minimum CGPA of 2.00.,,False,"[{'days': 'Mo', 'startTime': '14:30', 'endTime': '17:20', 'campus': 'Burnaby'}]",Karrmen Crey,4.0
CMNS 315,D102,fall,2026,17 CMNS units with a minimum grade of C- or 45 units with a minimum CGPA of 2.00.,,False,"[{'days': 'Mo', 'startTime': '12:30', 'endTime': '13:20', 'campus': 'Burnaby'}]",,4.0
CMNS 315,D103,fall,2026,17 CMNS units with a minimum grade of C- or 45 units with a minimum CGPA of 2.00.,,False,"[{'days': 'Mo', 'startTime': '13:30', 'endTime': '14:20', 'campus': 'Burnaby'}]",,4.0
CMNS 315,D200,fall,2026,17 CMNS units with a minimum grade of C- or 45 units with a minimum CGPA of 2.00.,,False,"[{'days': 'Tu', 'startTime': '11:30', 'endTime': '14:20', 'campus': 'Burnaby'}]",Adel Farag,4.0
CMNS 315,D300,fall,2026,17 CMNS units with a minimum grade of C- or 45 units with a minimum CGPA of 2.00.,,False,"[{'days': 'Tu', 'startTime': '11:30', 'endTime': '14:20', 'campus': 'VANCOUVER'}]",DAL JIN,4.0
CMNS 316,D100,fall,2026,17 CMNS units with a minimum grade of C- or 45 units with a minimum CGPA of 2.00.,,False,"[{'days': 'Th', 'startTime': '11:30', 'endTime': '14:20', 'campus': 'Burnaby'}]",Zoe Druick,4.0
CMNS 316,D101,fall,2026,17 CMNS units with a minimum grade of C- or 45 units with a minimum CGPA of 2.00.,,False,"[{'days': 'Th', 'startTime': '14:30', 'endTime': '15:20', 'campus': 'Burnaby'}]",,4.0
CMNS 316,D200,fall,2026,17 CMNS units with a minimum grade of C- or 45 units with a minimum CGPA of 2.00.,,False,"[{'days': 'Mo', 'startTime': '9:30', 'endTime': '12:20', 'campus': 'Burnaby'}]",Erique Zhang,4.0
CMNS 316,D300,fall,2026,17 CMNS units with a minimum grade of C- or 45 units with a minimum CGPA of 2.00.,,False,"[{'days': 'Fr', 'startTime': '9:30', 'endTime': '12:20', 'campus': 'Burnaby'}]",Sarah Christina Ganzon,4.0
CMNS 316,D301,fall,2026,17 CMNS units with a minimum grade of C- or 45 units with a minimum CGPA of 2.00.,,False,"[{'days': 'Fr', 'startTime': '12:30', 'endTime': '13:20', 'campus': 'Burnaby'}]",,4.0
CMNS 316,D302,fall,2026,17 CMNS units with a minimum grade of C- or 45 units with a minimum CGPA of 2.00.,,False,"[{'days': 'Fr', 'startTime': '13:30', 'endTime': '14:20', 'campus': 'Burnaby'}]",,4.0
CMNS 353,B100,fall,2026,17 CMNS units with a minimum grade of C- or 45 units with a minimum CGPA of 2.00.,,False,"[{'days': 'Th', 'startTime': '14:30', 'endTime': '17:20', 'campus': 'Burnaby'}]",Milena Droumeva,4.0
CMNS 353,D100,fall,2026,17 CMNS units with a minimum grade of C- or 45 units with a minimum CGPA of 2.00.,,False,"[{'days': 'We', 'startTime': '14:30', 'endTime': '17:20', 'campus': 'Burnaby'}]",Svitlana Matviyenko,4.0
CMNS 395,D100,fall,2026,Acceptance in the co-operative education program.,,True,[],,3.0
CMNS 395,D200,fall,2026,Acceptance in the co-operative education program.,,True,[],,3.0
CMNS 395,I100,fall,2026,Acceptance in the co-operative education program.,,True,[],,3.0
CMNS 396,D100,fall,2026,CMNS 395.,CMNS 395,False,[],,3.0
CMNS 396,D200,fall,2026,CMNS 395.,CMNS 395,False,[],,3.0
CMNS 396,I100,fall,2026,CMNS 395.,CMNS 395,False,[],,3.0
CMNS 424,D100,fall,2026,26 CMNS units with a minimum grade of C- or 60 units with a minimum CGPA of 2.00.,,False,"[{'days': 'Tu', 'startTime': '14:30', 'endTime': '17:20', 'campus': 'VANCOUVER'}]",Karrmen Crey,4.0
CMNS 425,D100,fall,2026,26 CMNS units with a minimum grade of C- or 60 units with a minimum CGPA of 2.00.,,False,"[{'days': 'Th', 'startTime': '14:30', 'endTime': '17:20', 'campus': 'Vancouver'}]",Martin Laba,4.0
CMNS 428,D100,fall,2026,26 CMNS units with a minimum grade of C- or 60 units with a minimum CGPA of 2.00 and permission of the instructor.,,True,"[{'days': 'We', 'startTime': '14:30', 'endTime': '17:20', 'campus': 'Burnaby'}]",Erique Zhang,4.0
CMNS 443,D100,fall,2026,26 CMNS units with a minimum grade of C- or 60 units with a minimum CGPA of 2.00.,,False,"[{'days': 'Th', 'startTime': '11:30', 'endTime': '14:20', 'campus': 'VANCOUVER'}]",DAL JIN,4.0
CMNS 446,D100,fall,2026,26 CMNS units with a minimum grade of C- or 60 units with a minimum CGPA of 2.00.,,False,"[{'days': 'Tu', 'startTime': '14:30', 'endTime': '17:20', 'campus': 'Burnaby'}]",Svitlana Matviyenko,4.0
CMNS 455W,D100,fall,2026,26 CMNS units with a minimum grade of C- or 60 units with a minimum CGPA of 2.00.,,False,"[{'days': 'Mo', 'startTime': '9:30', 'endTime': '12:20', 'campus': 'Burnaby'}]",Stephanie Dick,4.0
CMNS 479,D001,fall,2026,Two upper division CMNS courses with a minimum grade of C- and permission of the instructor.,,True,[],,1.0
CMNS 479,D002,fall,2026,Two upper division CMNS courses with a minimum grade of C- and permission of the instructor.,,True,[],,1.0
CMNS 479,D003,fall,2026,Two upper division CMNS courses with a minimum grade of C- and permission of the instructor.,,True,[],,1.0
CMNS 479,D004,fall,2026,Two upper division CMNS courses with a minimum grade of C- and permission of the instructor.,,True,[],,1.0
CMNS 479,D005,fall,2026,Two upper division CMNS courses with a minimum grade of C- and permission of the instructor.,,True,[],,1.0
CMNS 479,D006,fall,2026,Two upper division CMNS courses with a minimum grade of C- and permission of the instructor.,,True,[],,1.0
CMNS 479,D007,fall,2026,Two upper division CMNS courses with a minimum grade of C- and permission of the instructor.,,True,[],,1.0
CMNS 479,D008,fall,2026,Two upper division CMNS courses with a minimum grade of C- and permission of the instructor.,,True,[],,1.0
CMNS 479,D009,fall,2026,Two upper division CMNS courses with a minimum grade of C- and permission of the instructor.,,True,[],,1.0
CMNS 480,D001,fall,2026,Two upper division CMNS courses with a minimum grade of C- and consent of instructor.,,True,[],,2.0
CMNS 480,D002,fall,2026,Two upper division CMNS courses with a minimum grade of C- and consent of instructor.,,True,[],,2.0
CMNS 480,D003,fall,2026,Two upper division CMNS courses with a minimum grade of C- and consent of instructor.,,True,[],,2.0
CMNS 480,D004,fall,2026,Two upper division CMNS courses with a minimum grade of C- and consent of instructor.,,True,[],,2.0
CMNS 480,D005,fall,2026,Two upper division CMNS courses with a minimum grade of C- and consent of instructor.,,True,[],,2.0
CMNS 480,D006,fall,2026,Two upper division CMNS courses with a minimum grade of C- and consent of instructor.,,True,[],,2.0
CMNS 480,D007,fall,2026,Two upper division CMNS courses with a minimum grade of C- and consent of instructor.,,True,[],,2.0
CMNS 480,D008,fall,2026,Two upper division CMNS courses with a minimum grade of C- and consent of instructor.,,True,[],,2.0
CMNS 480,D009,fall,2026,Two upper division CMNS courses with a minimum grade of C- and consent of instructor.,,True,[],,2.0
CMNS 494,D100,fall,2026,CMNS 396.,CMNS 396,False,[],,3.0
CMNS 494,D200,fall,2026,CMNS 396.,CMNS 396,False,[],,3.0
CMNS 494,I100,fall,2026,CMNS 396.,CMNS 396,False,[],,3.0
CMNS 495,D100,fall,2026,CMNS 494.,CMNS 494,False,[],,3.0
CMNS 495,D200,fall,2026,CMNS 494.,CMNS 494,False,[],,3.0
CMNS 495,I100,fall,2026,CMNS 494.,CMNS 494,False,[],,3.0
CMNS 496,D100,fall,2026,CMNS 495.,CMNS 495,False,[],,3.0
CMNS 496,D200,fall,2026,CMNS 495.,CMNS 495,False,[],,3.0
CMNS 496,I100,fall,2026,CMNS 495.,CMNS 495,False,[],,3.0
CMNS 497,D100,fall,2026,Students accepted into honours program only.,,False,[],,5.0
CMNS 497,D200,fall,2026,Students accepted into honours program only.,,False,[],,5.0
CMNS 497,D300,fall,2026,Students accepted into honours program only.,,False,[],,5.0
CMNS 498,D100,fall,2026,Successful completion of CMNS 497 with grade of B or higher.,CMNS 497,False,[],,7.0
CMNS 498,D200,fall,2026,Successful completion of CMNS 497 with grade of B or higher.,CMNS 497,False,[],,7.0
CMNS 498,D300,fall,2026,Successful completion of CMNS 497 with grade of B or higher.,CMNS 497,False,[],,7.0
CMNS 800,G100,fall,2026,,,False,"[{'days': 'Fr', 'startTime': '12:30', 'endTime': '16:20', 'campus': 'Vancouver'}]",Frederik Lesage,5.0
CMNS 815,G100,fall,2026,,,False,"[{'days': 'Tu', 'startTime': '14:30', 'endTime': '17:20', 'campus': 'Burnaby'}]",Svitlana Matviyenko,5.0
CMNS 824,G100,fall,2026,,,False,"[{'days': 'Tu', 'startTime': '14:30', 'endTime': '17:20', 'campus': 'VANCOUVER'}]",Karrmen Crey,5.0
CMNS 849,G100,fall,2026,,,False,"[{'days': 'Mo', 'startTime': '14:30', 'endTime': '18:20', 'campus': 'VANCOUVER'}]",,5.0
CMNS 850,G001,fall,2026,,,False,[],,5.0
CMNS 850,G002,fall,2026,,,False,[],,5.0
CMNS 850,G003,fall,2026,,,False,[],,5.0
CMNS 850,G004,fall,2026,,,False,[],,5.0
CMNS 850,G005,fall,2026,,,False,[],,5.0
CMNS 850,G006,fall,2026,,,False,[],,5.0
CMNS 850,G007,fall,2026,,,False,[],,5.0
CMNS 850,G008,fall,2026,,,False,[],,5.0
CMNS 850,G009,fall,2026,,,False,[],,5.0
CMNS 851,G100,fall,2026,,,False,[],,5.0
CMNS 851,G200,fall,2026,,,False,[],,5.0
CMNS 851,G300,fall,2026,,,False,[],,5.0
CMNS 851,G400,fall,2026,,,False,[],,5.0
CMNS 851,G500,fall,2026,,,False,[],,5.0
CMNS 865,G100,fall,2026,,,False,"[{'days': 'We', 'startTime': '14:30', 'endTime': '17:20', 'campus': 'Burnaby'}]",Zoe Druick,4.0
CMNS 880,G100,fall,2026,,,False,[],,5.0
CMNS 880,G200,fall,2026,,,False,[],,5.0
CMNS 880,G300,fall,2026,,,False,[],,5.0
CMNS 880,G400,fall,2026,,,False,[],,5.0
CMNS 880,G500,fall,2026,,,False,[],,5.0
CMNS 891,G100,fall,2026,,,False,[],,
CMNS 891,G200,fall,2026,,,False,[],,
CMNS 891,I100,fall,2026,,,False,[],,
CMNS 892,G100,fall,2026,,,False,[],,
CMNS 892,G200,fall,2026,,,False,[],,
CMNS 892,I100,fall,2026,,,False,[],,
CMNS 893,G100,fall,2026,"One of CMNS 800, CMNS 801, CMNS 802, CMNS 848 or CMNS 849.",CMNS 800;CMNS 801;CMNS 802;CMNS 848;CMNS 849,False,[],,6.0
CMNS 893,G200,fall,2026,"One of CMNS 800, CMNS 801, CMNS 802, CMNS 848 or CMNS 849.",CMNS 800;CMNS 801;CMNS 802;CMNS 848;CMNS 849,False,[],,6.0
CMNS 893,G300,fall,2026,"One of CMNS 800, CMNS 801, CMNS 802, CMNS 848 or CMNS 849.",CMNS 800;CMNS 801;CMNS 802;CMNS 848;CMNS 849,False,[],,6.0
CMNS 895,G100,fall,2026,,,False,[],,6.0
CMNS 895,G200,fall,2026,,,False,[],,6.0
CMNS 895,G300,fall,2026,,,False,[],,6.0
CMNS 897,G100,fall,2026,,,False,[],,10.0
CMNS 897,G200,fall,2026,,,False,[],,10.0
CMNS 897,G300,fall,2026,,,False,[],,10.0
CMNS 898,G100,fall,2026,,,False,[],,18.0
CMNS 898,G200,fall,2026,,,False,[],,18.0
CMNS 898,G300,fall,2026,,,False,[],,18.0
CMNS 899,G100,fall,2026,,,False,[],,18.0
CMNS 899,G200,fall,2026,,,False,[],,18.0
CMNS 899,G300,fall,2026,,,False,[],,18.0
CMPT 105W,D100,fall,2026,,,False,"[{'days': 'Mo, We, Fr', 'startTime': '11:30', 'endTime': '12:20', 'campus': 'Burnaby'}]",,3.0
CMPT 105W,D200,fall,2026,,,False,"[{'days': 'Tu', 'startTime': '13:30', 'endTime': '14:20', 'campus': 'Burnaby'}, {'days': 'Th', 'startTime': '12:30', 'endTime': '14:20', 'campus': 'Burnaby'}]",Diana Cukierman,3.0
CMPT 120,D100,fall,2026,BC Math 12 or equivalent is recommended.,,False,"[{'days': 'Mo, We, Fr', 'startTime': '9:30', 'endTime': '10:20', 'campus': 'Burnaby'}]",,3.0
CMPT 120,D200,fall,2026,BC Math 12 or equivalent is recommended.,,False,"[{'days': 'Mo, We, Fr', 'startTime': '10:30', 'endTime': '11:20', 'campus': 'Surrey'}]",Toby Donaldson,3.0
CMPT 120,D300,fall,2026,BC Math 12 or equivalent is recommended.,,False,"[{'days': 'Tu', 'startTime': '8:30', 'endTime': '10:20', 'campus': 'Burnaby'}, {'days': 'Th', 'startTime': '8:30', 'endTime': '9:20', 'campus': 'Burnaby'}]",Diana Cukierman,3.0
CMPT 125,D100,fall,2026,"CMPT 120 or CMPT 130, with a minimum grade of C-.",CMPT 120;CMPT 130,False,"[{'days': 'Tu', 'startTime': '8:30', 'endTime': '10:20', 'campus': 'Burnaby'}, {'days': 'Th', 'startTime': '8:30', 'endTime': '9:20', 'campus': 'Burnaby'}]",Bobby Chan,3.0
CMPT 125,D101,fall,2026,"CMPT 120 or CMPT 130, with a minimum grade of C-.",CMPT 120;CMPT 130,False,"[{'days': 'Tu', 'startTime': '10:30', 'endTime': '11:20', 'campus': 'Burnaby'}]",Bobby Chan,3.0
CMPT 125,D102,fall,2026,"CMPT 120 or CMPT 130, with a minimum grade of C-.",CMPT 120;CMPT 130,False,"[{'days': 'Tu', 'startTime': '11:30', 'endTime': '12:20', 'campus': 'Burnaby'}]",Bobby Chan,3.0
CMPT 125,D103,fall,2026,"CMPT 120 or CMPT 130, with a minimum grade of C-.",CMPT 120;CMPT 130,False,"[{'days': 'Tu', 'startTime': '12:30', 'endTime': '13:20', 'campus': 'Burnaby'}]",Bobby Chan,3.0
CMPT 125,D104,fall,2026,"CMPT 120 or CMPT 130, with a minimum grade of C-.",CMPT 120;CMPT 130,False,"[{'days': 'Tu', 'startTime': '13:30', 'endTime': '14:20', 'campus': 'Burnaby'}]",Bobby Chan,3.0
CMPT 130,D100,fall,2026,"BC Math 12 (or equivalent, or any of MATH 100, 150, 151, 154, or 157, with a minimum grade of C-).",MATH 100,False,"[{'days': 'Mo, We, Fr', 'startTime': '10:30', 'endTime': '11:20', 'campus': 'Surrey'}]",Brian Fraser,3.0
CMPT 130,D101,fall,2026,"BC Math 12 (or equivalent, or any of MATH 100, 150, 151, 154, or 157, with a minimum grade of C-).",MATH 100,False,"[{'days': 'We', 'startTime': '11:30', 'endTime': '12:20', 'campus': 'Surrey'}]",Brian Fraser,3.0
CMPT 130,D102,fall,2026,"BC Math 12 (or equivalent, or any of MATH 100, 150, 151, 154, or 157, with a minimum grade of C-).",MATH 100,False,"[{'days': 'We', 'startTime': '12:30', 'endTime': '13:20', 'campus': 'Surrey'}]",Brian Fraser,3.0
CMPT 130,D103,fall,2026,"BC Math 12 (or equivalent, or any of MATH 100, 150, 151, 154, or 157, with a minimum grade of C-).",MATH 100,False,"[{'days': 'We', 'startTime': '12:30', 'endTime': '13:20', 'campus': 'Surrey'}]",Brian Fraser,3.0
CMPT 130,D104,fall,2026,"BC Math 12 (or equivalent, or any of MATH 100, 150, 151, 154, or 157, with a minimum grade of C-).",MATH 100,False,"[{'days': 'We', 'startTime': '13:30', 'endTime': '14:20', 'campus': 'Surrey'}]",Brian Fraser,3.0
CMPT 130,D105,fall,2026,"BC Math 12 (or equivalent, or any of MATH 100, 150, 151, 154, or 157, with a minimum grade of C-).",MATH 100,False,"[{'days': 'We', 'startTime': '13:30', 'endTime': '14:20', 'campus': 'Surrey'}]",Brian Fraser,3.0
CMPT 130,D106,fall,2026,"BC Math 12 (or equivalent, or any of MATH 100, 150, 151, 154, or 157, with a minimum grade of C-).",MATH 100,False,"[{'days': 'We', 'startTime': '8:30', 'endTime': '9:20', 'campus': 'Surrey'}]",Brian Fraser,3.0
CMPT 130,D107,fall,2026,"BC Math 12 (or equivalent, or any of MATH 100, 150, 151, 154, or 157, with a minimum grade of C-).",MATH 100,False,"[{'days': 'We', 'startTime': '9:30', 'endTime': '10:20', 'campus': 'Surrey'}]",Brian Fraser,3.0
CMPT 130,D108,fall,2026,"BC Math 12 (or equivalent, or any of MATH 100, 150, 151, 154, or 157, with a minimum grade of C-).",MATH 100,False,"[{'days': 'We', 'startTime': '9:30', 'endTime': '10:20', 'campus': 'Surrey'}]",Brian Fraser,3.0
CMPT 201,D100,fall,2026,"(CMPT 125 or CMPT 135) and MACM 101, both with a minimum grade of C-.",CMPT 125;CMPT 135;MACM 101,False,"[{'days': 'Mo, We', 'startTime': '14:30', 'endTime': '16:20', 'campus': 'Surrey'}]",Brian Fraser,4.0
CMPT 201,D101,fall,2026,"(CMPT 125 or CMPT 135) and MACM 101, both with a minimum grade of C-.",CMPT 125;CMPT 135;MACM 101,False,"[{'days': 'Mo', 'startTime': '12:30', 'endTime': '13:20', 'campus': 'Surrey'}]",Brian Fraser,4.0
CMPT 201,D102,fall,2026,"(CMPT 125 or CMPT 135) and MACM 101, both with a minimum grade of C-.",CMPT 125;CMPT 135;MACM 101,False,"[{'days': 'Mo', 'startTime': '12:30', 'endTime': '13:20', 'campus': 'Surrey'}]",Brian Fraser,4.0
CMPT 201,D103,fall,2026,"(CMPT 125 or CMPT 135) and MACM 101, both with a minimum grade of C-.",CMPT 125;CMPT 135;MACM 101,False,"[{'days': 'Mo', 'startTime': '13:30', 'endTime': '14:20', 'campus': 'Surrey'}]",Brian Fraser,4.0
CMPT 201,D104,fall,2026,"(CMPT 125 or CMPT 135) and MACM 101, both with a minimum grade of C-.",CMPT 125;CMPT 135;MACM 101,False,"[{'days': 'Mo', 'startTime': '13:30', 'endTime': '14:20', 'campus': 'Surrey'}]",Brian Fraser,4.0
CMPT 201,D105,fall,2026,"(CMPT 125 or CMPT 135) and MACM 101, both with a minimum grade of C-.",CMPT 125;CMPT 135;MACM 101,False,"[{'days': 'Mo', 'startTime': '11:30', 'endTime': '12:20', 'campus': 'Surrey'}]",Brian Fraser,4.0
CMPT 201,D106,fall,2026,"(CMPT 125 or CMPT 135) and MACM 101, both with a minimum grade of C-.",CMPT 125;CMPT 135;MACM 101,False,"[{'days': 'Mo', 'startTime': '11:30', 'endTime': '12:20', 'campus': 'Surrey'}]",Brian Fraser,4.0
CMPT 201,D200,fall,2026,"(CMPT 125 or CMPT 135) and MACM 101, both with a minimum grade of C-.",CMPT 125;CMPT 135;MACM 101,False,"[{'days': 'We, Fr', 'startTime': '12:30', 'endTime': '14:20', 'campus': 'Burnaby'}]",,4.0
CMPT 201,D201,fall,2026,"(CMPT 125 or CMPT 135) and MACM 101, both with a minimum grade of C-.",CMPT 125;CMPT 135;MACM 101,False,"[{'days': 'We', 'startTime': '8:30', 'endTime': '9:20', 'campus': 'Burnaby'}]",,4.0
CMPT 201,D202,fall,2026,"(CMPT 125 or CMPT 135) and MACM 101, both with a minimum grade of C-.",CMPT 125;CMPT 135;MACM 101,False,"[{'days': 'We', 'startTime': '9:30', 'endTime': '10:20', 'campus': 'Burnaby'}]",,4.0
CMPT 201,D203,fall,2026,"(CMPT 125 or CMPT 135) and MACM 101, both with a minimum grade of C-.",CMPT 125;CMPT 135;MACM 101,False,"[{'days': 'We', 'startTime': '10:30', 'endTime': '11:20', 'campus': 'Burnaby'}]",,4.0
CMPT 210,D100,fall,2026,"MACM 101, MATH 152, CMPT 125 or CMPT 135, and (MATH 240 or MATH 232), all with a minimum grade of C-.",MACM 101;MATH 152;CMPT 125;CMPT 135;MATH 240;MATH 232,False,"[{'days': 'Tu', 'startTime': '10:30', 'endTime': '11:20', 'campus': 'Burnaby'}, {'days': 'Th', 'startTime': '9:30', 'endTime': '11:20', 'campus': 'Burnaby'}]",Sharan Vaswani,3.0
CMPT 210,D101,fall,2026,"MACM 101, MATH 152, CMPT 125 or CMPT 135, and (MATH 240 or MATH 232), all with a minimum grade of C-.",MACM 101;MATH 152;CMPT 125;CMPT 135;MATH 240;MATH 232,False,"[{'days': 'Th', 'startTime': '14:30', 'endTime': '15:20', 'campus': 'Burnaby'}]",Sharan Vaswani,3.0
CMPT 210,D102,fall,2026,"MACM 101, MATH 152, CMPT 125 or CMPT 135, and (MATH 240 or MATH 232), all with a minimum grade of C-.",MACM 101;MATH 152;CMPT 125;CMPT 135;MATH 240;MATH 232,False,"[{'days': 'Th', 'startTime': '15:30', 'endTime': '16:20', 'campus': 'Burnaby'}]",Sharan Vaswani,3.0
CMPT 210,D103,fall,2026,"MACM 101, MATH 152, CMPT 125 or CMPT 135, and (MATH 240 or MATH 232), all with a minimum grade of C-.",MACM 101;MATH 152;CMPT 125;CMPT 135;MATH 240;MATH 232,False,"[{'days': 'Th', 'startTime': '16:30', 'endTime': '17:20', 'campus': 'Burnaby'}]",Sharan Vaswani,3.0
CMPT 210,D104,fall,2026,"MACM 101, MATH 152, CMPT 125 or CMPT 135, and (MATH 240 or MATH 232), all with a minimum grade of C-.",MACM 101;MATH 152;CMPT 125;CMPT 135;MATH 240;MATH 232,False,"[{'days': 'Th', 'startTime': '17:30', 'endTime': '18:20', 'campus': 'Burnaby'}]",Sharan Vaswani,3.0
CMPT 210,E100,fall,2026,"MACM 101, MATH 152, CMPT 125 or CMPT 135, and (MATH 240 or MATH 232), all with a minimum grade of C-.",MACM 101;MATH 152;CMPT 125;CMPT 135;MATH 240;MATH 232,False,"[{'days': 'Mo', 'startTime': '16:30', 'endTime': '18:20', 'campus': 'Burnaby'}, {'days': 'We', 'startTime': '16:30', 'endTime': '17:20', 'campus': 'Burnaby'}]",Wuyang Chen,3.0
CMPT 210,E101,fall,2026,"MACM 101, MATH 152, CMPT 125 or CMPT 135, and (MATH 240 or MATH 232), all with a minimum grade of C-.",MACM 101;MATH 152;CMPT 125;CMPT 135;MATH 240;MATH 232,False,"[{'days': 'Th', 'startTime': '9:30', 'endTime': '10:20', 'campus': 'Burnaby'}]",Wuyang Chen,3.0
CMPT 210,E102,fall,2026,"MACM 101, MATH 152, CMPT 125 or CMPT 135, and (MATH 240 or MATH 232), all with a minimum grade of C-.",MACM 101;MATH 152;CMPT 125;CMPT 135;MATH 240;MATH 232,False,"[{'days': 'Th', 'startTime': '10:30', 'endTime': '11:20', 'campus': 'Burnaby'}]",Wuyang Chen,3.0
CMPT 213,D100,fall,2026,CMPT 225 with a minimum grade of C-.,CMPT 225,False,"[{'days': 'Tu', 'startTime': '13:30', 'endTime': '14:20', 'campus': 'Surrey'}, {'days': 'Th', 'startTime': '12:30', 'endTime': '14:20', 'campus': 'Surrey'}]",Victor Cheung,3.0
CMPT 218,D100,fall,2026,,,False,"[{'days': 'Mo', 'startTime': '8:30', 'endTime': '10:20', 'campus': 'Burnaby'}, {'days': 'We', 'startTime': '8:30', 'endTime': '9:20', 'campus': 'Burnaby'}]",Marzena Karpinska,3.0
CMPT 225,D100,fall,2026,"(MACM 101 and (CMPT 125, CMPT 129 or CMPT 135)) or (ENSC 251 and ENSC 252), all with a minimum grade of C-.",MACM 101;CMPT 125;CMPT 129;CMPT 135;ENSC 251;ENSC 252,False,"[{'days': 'Tu', 'startTime': '11:30', 'endTime': '13:20', 'campus': 'Surrey'}, {'days': 'Th', 'startTime': '11:30', 'endTime': '12:20', 'campus': 'Surrey'}]",,3.0
CMPT 225,D101,fall,2026,"(MACM 101 and (CMPT 125, CMPT 129 or CMPT 135)) or (ENSC 251 and ENSC 252), all with a minimum grade of C-.",MACM 101;CMPT 125;CMPT 129;CMPT 135;ENSC 251;ENSC 252,False,"[{'days': 'Th', 'startTime': '14:30', 'endTime': '15:20', 'campus': 'Surrey'}]",,3.0
CMPT 225,D102,fall,2026,"(MACM 101 and (CMPT 125, CMPT 129 or CMPT 135)) or (ENSC 251 and ENSC 252), all with a minimum grade of C-.",MACM 101;CMPT 125;CMPT 129;CMPT 135;ENSC 251;ENSC 252,False,"[{'days': 'Th', 'startTime': '14:30', 'endTime': '15:20', 'campus': 'Surrey'}]",,3.0
CMPT 225,D103,fall,2026,"(MACM 101 and (CMPT 125, CMPT 129 or CMPT 135)) or (ENSC 251 and ENSC 252), all with a minimum grade of C-.",MACM 101;CMPT 125;CMPT 129;CMPT 135;ENSC 251;ENSC 252,False,"[{'days': 'Th', 'startTime': '15:30', 'endTime': '16:20', 'campus': 'Surrey'}]",,3.0
CMPT 225,D104,fall,2026,"(MACM 101 and (CMPT 125, CMPT 129 or CMPT 135)) or (ENSC 251 and ENSC 252), all with a minimum grade of C-.",MACM 101;CMPT 125;CMPT 129;CMPT 135;ENSC 251;ENSC 252,False,"[{'days': 'Th', 'startTime': '15:30', 'endTime': '16:20', 'campus': 'Surrey'}]",,3.0
CMPT 225,D105,fall,2026,"(MACM 101 and (CMPT 125, CMPT 129 or CMPT 135)) or (ENSC 251 and ENSC 252), all with a minimum grade of C-.",MACM 101;CMPT 125;CMPT 129;CMPT 135;ENSC 251;ENSC 252,False,"[{'days': 'Tu', 'startTime': '14:30', 'endTime': '15:20', 'campus': 'Surrey'}]",,3.0
CMPT 225,D106,fall,2026,"(MACM 101 and (CMPT 125, CMPT 129 or CMPT 135)) or (ENSC 251 and ENSC 252), all with a minimum grade of C-.",MACM 101;CMPT 125;CMPT 129;CMPT 135;ENSC 251;ENSC 252,False,"[{'days': 'Tu', 'startTime': '14:30', 'endTime': '15:20', 'campus': 'Surrey'}]",,3.0
CMPT 225,D107,fall,2026,"(MACM 101 and (CMPT 125, CMPT 129 or CMPT 135)) or (ENSC 251 and ENSC 252), all with a minimum grade of C-.",MACM 101;CMPT 125;CMPT 129;CMPT 135;ENSC 251;ENSC 252,False,"[{'days': 'Tu', 'startTime': '15:30', 'endTime': '16:20', 'campus': 'Surrey'}]",,3.0
CMPT 225,D108,fall,2026,"(MACM 101 and (CMPT 125, CMPT 129 or CMPT 135)) or (ENSC 251 and ENSC 252), all with a minimum grade of C-.",MACM 101;CMPT 125;CMPT 129;CMPT 135;ENSC 251;ENSC 252,False,"[{'days': 'Tu', 'startTime': '15:30', 'endTime': '16:20', 'campus': 'Surrey'}]",,3.0
CMPT 225,D200,fall,2026,"(MACM 101 and (CMPT 125, CMPT 129 or CMPT 135)) or (ENSC 251 and ENSC 252), all with a minimum grade of C-.",MACM 101;CMPT 125;CMPT 129;CMPT 135;ENSC 251;ENSC 252,False,"[{'days': 'Tu', 'startTime': '11:30', 'endTime': '13:20', 'campus': 'Burnaby'}, {'days': 'Th', 'startTime': '11:30', 'endTime': '12:20', 'campus': 'Burnaby'}]",Igor Shinkar,3.0
CMPT 225,D201,fall,2026,"(MACM 101 and (CMPT 125, CMPT 129 or CMPT 135)) or (ENSC 251 and ENSC 252), all with a minimum grade of C-.",MACM 101;CMPT 125;CMPT 129;CMPT 135;ENSC 251;ENSC 252,False,"[{'days': 'Tu', 'startTime': '14:30', 'endTime': '15:20', 'campus': 'Burnaby'}]",Igor Shinkar,3.0
CMPT 225,D202,fall,2026,"(MACM 101 and (CMPT 125, CMPT 129 or CMPT 135)) or (ENSC 251 and ENSC 252), all with a minimum grade of C-.",MACM 101;CMPT 125;CMPT 129;CMPT 135;ENSC 251;ENSC 252,False,"[{'days': 'Tu', 'startTime': '15:30', 'endTime': '16:20', 'campus': 'Burnaby'}]",Igor Shinkar,3.0
CMPT 225,D203,fall,2026,"(MACM 101 and (CMPT 125, CMPT 129 or CMPT 135)) or (ENSC 251 and ENSC 252), all with a minimum grade of C-.",MACM 101;CMPT 125;CMPT 129;CMPT 135;ENSC 251;ENSC 252,False,"[{'days': 'Tu', 'startTime': '16:30', 'endTime': '17:20', 'campus': 'Burnaby'}]",Igor Shinkar,3.0
CMPT 225,D204,fall,2026,"(MACM 101 and (CMPT 125, CMPT 129 or CMPT 135)) or (ENSC 251 and ENSC 252), all with a minimum grade of C-.",MACM 101;CMPT 125;CMPT 129;CMPT 135;ENSC 251;ENSC 252,False,"[{'days': 'Tu', 'startTime': '17:30', 'endTime': '18:20', 'campus': 'Burnaby'}]",Igor Shinkar,3.0
CMPT 263,D100,fall,2026,"CMPT 125 or CMPT 135, with a minimum grade of C-.",CMPT 125;CMPT 135,False,"[{'days': 'We', 'startTime': '9:30', 'endTime': '10:20', 'campus': 'Burnaby'}, {'days': 'Fr', 'startTime': '8:30', 'endTime': '10:20', 'campus': 'Burnaby'}]",Xingdong Yang,3.0
CMPT 276,D100,fall,2026,"One W course, CMPT 225, (MACM 101 or (ENSC 251 and ENSC 252)) and (MATH 151 or MATH 150), all with a minimum grade of C-. MATH 154 or MATH 157 with at least a B+ may be substituted for MATH 151 or MATH 150.",CMPT 225;MACM 101;ENSC 251;ENSC 252;MATH 151;MATH 150;MATH 154;MATH 157,False,"[{'days': 'Tu', 'startTime': '13:30', 'endTime': '14:20', 'campus': 'Burnaby'}, {'days': 'Th', 'startTime': '12:30', 'endTime': '14:20', 'campus': 'Burnaby'}]",Bobby Chan,3.0
CMPT 276,D200,fall,2026,"One W course, CMPT 225, (MACM 101 or (ENSC 251 and ENSC 252)) and (MATH 151 or MATH 150), all with a minimum grade of C-. MATH 154 or MATH 157 with at least a B+ may be substituted for MATH 151 or MATH 150.",CMPT 225;MACM 101;ENSC 251;ENSC 252;MATH 151;MATH 150;MATH 154;MATH 157,False,"[{'days': 'We', 'startTime': '11:30', 'endTime': '12:20', 'campus': 'Burnaby'}, {'days': 'Fr', 'startTime': '10:30', 'endTime': '12:20', 'campus': 'Burnaby'}]",Saba Alimadadi Jani,3.0
CMPT 276,D300,fall,2026,"One W course, CMPT 225, (MACM 101 or (ENSC 251 and ENSC 252)) and (MATH 151 or MATH 150), all with a minimum grade of C-. MATH 154 or MATH 157 with at least a B+ may be substituted for MATH 151 or MATH 150.",CMPT 225;MACM 101;ENSC 251;ENSC 252;MATH 151;MATH 150;MATH 154;MATH 157,False,"[{'days': 'Tu', 'startTime': '10:30', 'endTime': '11:20', 'campus': 'Surrey'}, {'days': 'Th', 'startTime': '9:30', 'endTime': '11:20', 'campus': 'Surrey'}]",,3.0
CMPT 295,D100,fall,2026,"Either (MACM 101 and (CMPT 125 or CMPT 135)) or (MATH 151 and CMPT 102 for students in an Applied Physics program), all with a minimum grade of C-.",MACM 101;CMPT 125;CMPT 135;MATH 151;CMPT 102,False,"[{'days': 'We', 'startTime': '15:30', 'endTime': '16:20', 'campus': 'Burnaby'}, {'days': 'Fr', 'startTime': '14:30', 'endTime': '16:20', 'campus': 'Burnaby'}]",Gregory Baker,4.0
CMPT 295,D101,fall,2026,"Either (MACM 101 and (CMPT 125 or CMPT 135)) or (MATH 151 and CMPT 102 for students in an Applied Physics program), all with a minimum grade of C-.",MACM 101;CMPT 125;CMPT 135;MATH 151;CMPT 102,False,"[{'days': 'Mo, Fr', 'startTime': '9:30', 'endTime': '10:20', 'campus': 'Burnaby'}]",Gregory Baker,4.0
CMPT 295,D102,fall,2026,"Either (MACM 101 and (CMPT 125 or CMPT 135)) or (MATH 151 and CMPT 102 for students in an Applied Physics program), all with a minimum grade of C-.",MACM 101;CMPT 125;CMPT 135;MATH 151;CMPT 102,False,"[{'days': 'Mo', 'startTime': '10:30', 'endTime': '11:20', 'campus': 'Burnaby'}]",Gregory Baker,4.0
CMPT 295,D103,fall,2026,"Either (MACM 101 and (CMPT 125 or CMPT 135)) or (MATH 151 and CMPT 102 for students in an Applied Physics program), all with a minimum grade of C-.",MACM 101;CMPT 125;CMPT 135;MATH 151;CMPT 102,False,"[{'days': 'Mo', 'startTime': '11:30', 'endTime': '12:20', 'campus': 'Burnaby'}]",Gregory Baker,4.0
CMPT 295,D104,fall,2026,"Either (MACM 101 and (CMPT 125 or CMPT 135)) or (MATH 151 and CMPT 102 for students in an Applied Physics program), all with a minimum grade of C-.",MACM 101;CMPT 125;CMPT 135;MATH 151;CMPT 102,False,"[{'days': 'Mo', 'startTime': '12:30', 'endTime': '13:20', 'campus': 'Burnaby'}]",Gregory Baker,4.0
CMPT 295,D105,fall,2026,"Either (MACM 101 and (CMPT 125 or CMPT 135)) or (MATH 151 and CMPT 102 for students in an Applied Physics program), all with a minimum grade of C-.",MACM 101;CMPT 125;CMPT 135;MATH 151;CMPT 102,False,"[{'days': 'Mo', 'startTime': '9:30', 'endTime': '10:20', 'campus': 'Burnaby'}]",Gregory Baker,4.0
CMPT 307,D100,fall,2026,"CMPT 225, (MACM 201 or CMPT 210), (MATH 150 or MATH 151), and (MATH 232 or MATH 240), all with a minimum grade of C-. MATH 154 or MATH 157 with a grade of at least B+ may be substituted for MATH 150 or MATH 151.",CMPT 225;MACM 201;CMPT 210;MATH 150;MATH 151;MATH 232;MATH 240;MATH 154;MATH 157,False,"[{'days': 'Mo', 'startTime': '10:30', 'endTime': '12:20', 'campus': 'Burnaby'}, {'days': 'We', 'startTime': '10:30', 'endTime': '11:20', 'campus': 'Burnaby'}]",Kay C Wiese,3.0
CMPT 307,D200,fall,2026,"CMPT 225, (MACM 201 or CMPT 210), (MATH 150 or MATH 151), and (MATH 232 or MATH 240), all with a minimum grade of C-. MATH 154 or MATH 157 with a grade of at least B+ may be substituted for MATH 150 or MATH 151.",CMPT 225;MACM 201;CMPT 210;MATH 150;MATH 151;MATH 232;MATH 240;MATH 154;MATH 157,False,"[{'days': 'Tu', 'startTime': '14:30', 'endTime': '16:20', 'campus': 'Surrey'}, {'days': 'Fr', 'startTime': '14:30', 'endTime': '15:20', 'campus': 'Surrey'}]",,3.0
CMPT 310,D100,fall,2026,"CMPT 225 and STAT 271, all with a minimum grade of C-. Recommended: MATH 251.",CMPT 225;STAT 271,False,"[{'days': 'Tu', 'startTime': '11:30', 'endTime': '14:20', 'campus': 'Burnaby'}]",Hang Ma,3.0
CMPT 310,D200,fall,2026,"CMPT 225 and STAT 271, all with a minimum grade of C-. Recommended: MATH 251.",CMPT 225;STAT 271,False,"[{'days': 'Mo', 'startTime': '14:30', 'endTime': '17:20', 'campus': 'Burnaby'}]",,3.0
CMPT 318,D100,fall,2026,CMPT 225 with a minimum grade of C-. Additional prerequisites to be determined by the instructor subject to approval by the undergraduate program chair.,CMPT 225,False,"[{'days': 'Tu', 'startTime': '10:30', 'endTime': '11:20', 'campus': 'Burnaby'}, {'days': 'Th', 'startTime': '9:30', 'endTime': '11:20', 'campus': 'Burnaby'}]",Uwe Glaesser,3.0
CMPT 354,D100,fall,2026,"CMPT 225 and (MACM 101 or (ENSC 251 and ENSC 252)), all with a minimum grade of C-.",CMPT 225;MACM 101;ENSC 251;ENSC 252,False,"[{'days': 'Mo', 'startTime': '8:30', 'endTime': '10:20', 'campus': 'Burnaby'}, {'days': 'We', 'startTime': '8:30', 'endTime': '9:20', 'campus': 'Burnaby'}]",Zhengjie Miao,3.0
CMPT 361,D100,fall,2026,"CMPT 225 and (STAT 271 or ENSC 280), both with a minimum grade of C-. Recommended: MATH 251.",CMPT 225;STAT 271;ENSC 280,False,"[{'days': 'We', 'startTime': '15:30', 'endTime': '16:20', 'campus': 'Burnaby'}, {'days': 'Fr', 'startTime': '14:30', 'endTime': '16:20', 'campus': 'Burnaby'}]",Xue Bin Jason Peng;Yasutaka Furukawa,3.0
CMPT 365,D100,fall,2026,CMPT 225 with a minimum grade of C-.,CMPT 225,False,"[{'days': 'Mo', 'startTime': '12:30', 'endTime': '14:20', 'campus': 'Burnaby'}, {'days': 'We', 'startTime': '12:30', 'endTime': '13:20', 'campus': 'Burnaby'}]",Jiangchuan Liu,3.0
CMPT 371,D100,fall,2026,"CMPT 225 and (MATH 151 or MATH 150), with a minimum grade of C-. MATH 154 or MATH 157 with a grade of at least B+ may be substituted for MATH 151 (MATH 150).",CMPT 225;MATH 151;MATH 150;MATH 154;MATH 157,False,"[{'days': 'We', 'startTime': '17:30', 'endTime': '18:20', 'campus': 'Burnaby'}, {'days': 'Fr', 'startTime': '16:30', 'endTime': '18:20', 'campus': 'Burnaby'}]",Mohamed Hefeeda,3.0
CMPT 373,D100,fall,2026,"CMPT 276 or 275, with a minimum grade of C-.",CMPT 276,False,"[{'days': 'We', 'startTime': '9:30', 'endTime': '10:20', 'campus': 'Surrey'}, {'days': 'Fr', 'startTime': '8:30', 'endTime': '10:20', 'campus': 'Surrey'}]",William Sumner,3.0
CMPT 376W,D100,fall,2026,"CMPT 105W and (CMPT 275 or CMPT 276), with a minimum grade of C-.",CMPT 105W;CMPT 275;CMPT 276,False,"[{'days': 'Tu', 'startTime': '16:30', 'endTime': '17:20', 'campus': 'Burnaby'}, {'days': 'Th', 'startTime': '15:30', 'endTime': '17:20', 'campus': 'Burnaby'}]",,3.0
CMPT 376W,D200,fall,2026,"CMPT 105W and (CMPT 275 or CMPT 276), with a minimum grade of C-.",CMPT 105W;CMPT 275;CMPT 276,False,"[{'days': 'We', 'startTime': '13:30', 'endTime': '14:20', 'campus': 'Burnaby'}, {'days': 'Fr', 'startTime': '12:30', 'endTime': '14:20', 'campus': 'Burnaby'}]",,3.0
CMPT 383,D100,fall,2026,"CMPT 225 and (MACM 101 or (ENSC 251 and ENSC 252)), all with a minimum grade of C-.",CMPT 225;MACM 101;ENSC 251;ENSC 252,False,"[{'days': 'Mo', 'startTime': '12:30', 'endTime': '14:20', 'campus': 'Surrey'}, {'days': 'We', 'startTime': '12:30', 'endTime': '13:20', 'campus': 'Surrey'}]",Toby Donaldson,3.0
CMPT 403,D100,fall,2026,"CMPT 201 or CMPT 300 or ENSC 351, with a minimum grade of C-.",CMPT 201;CMPT 300;ENSC 351,False,"[{'days': 'We', 'startTime': '9:30', 'endTime': '10:20', 'campus': 'Burnaby'}, {'days': 'Fr', 'startTime': '8:30', 'endTime': '10:20', 'campus': 'Burnaby'}]",Jianliang Wu,3.0
CMPT 409,D100,fall,2026,CMPT 307 with a minimum grade of C-.,CMPT 307,False,"[{'days': 'Tu', 'startTime': '14:30', 'endTime': '16:20', 'campus': 'Burnaby'}, {'days': 'Th', 'startTime': '14:30', 'endTime': '15:20', 'campus': 'Burnaby'}]",Sharan Vaswani,3.0
CMPT 409,D200,fall,2026,CMPT 307 with a minimum grade of C-.,CMPT 307,False,"[{'days': 'We', 'startTime': '15:30', 'endTime': '16:20', 'campus': 'Burnaby'}, {'days': 'Fr', 'startTime': '14:30', 'endTime': '16:20', 'campus': 'Burnaby'}]",,3.0
CMPT 410,D100,fall,2026,"CMPT 310 and MACM 316, both with a minimum grade of C-.",CMPT 310;MACM 316,False,"[{'days': 'We', 'startTime': '15:30', 'endTime': '16:20', 'campus': 'Burnaby'}, {'days': 'Fr', 'startTime': '14:30', 'endTime': '16:20', 'campus': 'Burnaby'}]",Mo Chen,3.0
CMPT 413,D100,fall,2026,"Completion of nine units in Computing Science upper division courses or, in exceptional cases, permission of the instructor.",,True,"[{'days': 'We', 'startTime': '13:30', 'endTime': '14:20', 'campus': 'Burnaby'}, {'days': 'Fr', 'startTime': '12:30', 'endTime': '14:20', 'campus': 'Burnaby'}]",,3.0
CMPT 415,D010,fall,2026,Permission of Instructor and School.,,True,[],,3.0
CMPT 415,D011,fall,2026,Permission of Instructor and School.,,True,[],,3.0
CMPT 415,D012,fall,2026,Permission of Instructor and School.,,True,[],,3.0
CMPT 415,D100,fall,2026,Permission of Instructor and School.,,True,[],Angelica Lim,3.0
CMPT 415,D200,fall,2026,Permission of Instructor and School.,,True,[],Marzena Karpinska,3.0
CMPT 415,D300,fall,2026,Permission of Instructor and School.,,True,[],Marzena Karpinska,3.0
CMPT 415,D400,fall,2026,Permission of Instructor and School.,,True,[],,3.0
CMPT 415,D500,fall,2026,Permission of Instructor and School.,,True,[],,3.0
CMPT 415,D600,fall,2026,Permission of Instructor and School.,,True,[],,3.0
CMPT 415,D700,fall,2026,Permission of Instructor and School.,,True,[],,3.0
CMPT 415,D800,fall,2026,Permission of Instructor and School.,,True,[],,3.0
CMPT 415,D900,fall,2026,Permission of Instructor and School.,,True,[],,3.0
CMPT 416,D100,fall,2026,Permission of the department.,,True,[],,3.0
CMPT 416,D200,fall,2026,Permission of the department.,,True,[],,3.0
CMPT 416,D300,fall,2026,Permission of the department.,,True,[],,3.0
CMPT 416,D400,fall,2026,Permission of the department.,,True,[],,3.0
CMPT 416,D500,fall,2026,Permission of the department.,,True,[],,3.0
CMPT 416,D600,fall,2026,Permission of the department.,,True,[],,3.0
CMPT 416,D700,fall,2026,Permission of the department.,,True,[],,3.0
CMPT 419,D100,fall,2026,,,False,"[{'days': 'Tu', 'startTime': '12:30', 'endTime': '14:20', 'campus': 'Burnaby'}, {'days': 'Fr', 'startTime': '12:30', 'endTime': '13:20', 'campus': 'Burnaby'}]",SiQi Zhou,3.0
CMPT 419,D200,fall,2026,,,False,"[{'days': 'Mo', 'startTime': '10:30', 'endTime': '12:20', 'campus': 'Burnaby'}, {'days': 'We', 'startTime': '10:30', 'endTime': '11:20', 'campus': 'Burnaby'}]",Wuyang Chen,3.0
CMPT 419,D300,fall,2026,,,False,"[{'days': 'Mo', 'startTime': '12:30', 'endTime': '14:20', 'campus': 'Burnaby'}, {'days': 'We', 'startTime': '12:30', 'endTime': '13:20', 'campus': 'Burnaby'}]",Oliver Schulte,3.0
CMPT 419,D400,fall,2026,,,False,"[{'days': 'Tu', 'startTime': '11:30', 'endTime': '13:20', 'campus': 'Burnaby'}, {'days': 'Th', 'startTime': '11:30', 'endTime': '12:20', 'campus': 'Burnaby'}]",Frederick Popowich,3.0
CMPT 419,D500,fall,2026,,,False,"[{'days': 'Tu', 'startTime': '14:30', 'endTime': '17:20', 'campus': 'Burnaby'}]",Ke Wang,3.0
CMPT 426,D100,fall,2026,"Students must complete Bridging Online (visit www.sfu.ca/coop/bol for further details) at least two terms before their anticipated co-op placement. Students must then enroll with the co-op program by the second week of the term preceding the work term. Normally, students will have completed a minimum of 45 units by the end of the term of application, CMPT 275 or 276, and have a minimum CGPA of 2.50.",CMPT 275,False,"[{'days': 'Mo, Tu, We, Th, Fr', 'startTime': '8:00', 'endTime': '20:00', 'campus': None}]",Cristina Eftenaru,3.0
CMPT 426,D200,fall,2026,"Students must complete Bridging Online (visit www.sfu.ca/coop/bol for further details) at least two terms before their anticipated co-op placement. Students must then enroll with the co-op program by the second week of the term preceding the work term. Normally, students will have completed a minimum of 45 units by the end of the term of application, CMPT 275 or 276, and have a minimum CGPA of 2.50.",CMPT 275,False,"[{'days': 'Mo, Tu, We, Th, Fr', 'startTime': '8:00', 'endTime': '20:00', 'campus': None}]",Cristina Eftenaru,3.0
CMPT 426,D300,fall,2026,"Students must complete Bridging Online (visit www.sfu.ca/coop/bol for further details) at least two terms before their anticipated co-op placement. Students must then enroll with the co-op program by the second week of the term preceding the work term. Normally, students will have completed a minimum of 45 units by the end of the term of application, CMPT 275 or 276, and have a minimum CGPA of 2.50.",CMPT 275,False,"[{'days': 'Mo, Tu, We, Th, Fr', 'startTime': '8:00', 'endTime': '20:00', 'campus': None}]",Cristina Eftenaru,3.0
CMPT 426,D400,fall,2026,"Students must complete Bridging Online (visit www.sfu.ca/coop/bol for further details) at least two terms before their anticipated co-op placement. Students must then enroll with the co-op program by the second week of the term preceding the work term. Normally, students will have completed a minimum of 45 units by the end of the term of application, CMPT 275 or 276, and have a minimum CGPA of 2.50.",CMPT 275,False,"[{'days': 'Mo, Tu, We, Th, Fr', 'startTime': '8:00', 'endTime': '20:00', 'campus': None}]",Cristina Eftenaru,3.0
CMPT 426,I100,fall,2026,"Students must complete Bridging Online (visit www.sfu.ca/coop/bol for further details) at least two terms before their anticipated co-op placement. Students must then enroll with the co-op program by the second week of the term preceding the work term. Normally, students will have completed a minimum of 45 units by the end of the term of application, CMPT 275 or 276, and have a minimum CGPA of 2.50.",CMPT 275,False,"[{'days': 'Mo, Tu, We, Th, Fr', 'startTime': '8:00', 'endTime': '20:00', 'campus': None}]",Cristina Eftenaru,3.0
CMPT 427,D100,fall,2026,"CMPT 426, CGPA of 2.50.",CMPT 426,False,"[{'days': 'Mo, Tu, We, Th, Fr', 'startTime': '8:00', 'endTime': '20:00', 'campus': None}]",Cristina Eftenaru,3.0
CMPT 427,D200,fall,2026,"CMPT 426, CGPA of 2.50.",CMPT 426,False,"[{'days': 'Mo, Tu, We, Th, Fr', 'startTime': '8:00', 'endTime': '20:00', 'campus': None}]",Cristina Eftenaru,3.0
CMPT 427,D300,fall,2026,"CMPT 426, CGPA of 2.50.",CMPT 426,False,"[{'days': 'Mo, Tu, We, Th, Fr', 'startTime': '8:00', 'endTime': '20:00', 'campus': None}]",Cristina Eftenaru,3.0
CMPT 427,D400,fall,2026,"CMPT 426, CGPA of 2.50.",CMPT 426,False,"[{'days': 'Mo, Tu, We, Th, Fr', 'startTime': '8:00', 'endTime': '20:00', 'campus': None}]",Cristina Eftenaru,3.0
CMPT 427,I100,fall,2026,"CMPT 426, CGPA of 2.50.",CMPT 426,False,"[{'days': 'Mo, Tu, We, Th, Fr', 'startTime': '8:00', 'endTime': '20:00', 'campus': None}]",Cristina Eftenaru,3.0
CMPT 428,D100,fall,2026,"CMPT 427, CGPA of 2.50.",CMPT 427,False,"[{'days': 'Mo, Tu, We, Th, Fr', 'startTime': '8:00', 'endTime': '20:00', 'campus': None}]",Cristina Eftenaru,3.0
CMPT 428,D200,fall,2026,"CMPT 427, CGPA of 2.50.",CMPT 427,False,"[{'days': 'Mo, Tu, We, Th, Fr', 'startTime': '8:00', 'endTime': '20:00', 'campus': None}]",Cristina Eftenaru,3.0
CMPT 428,D300,fall,2026,"CMPT 427, CGPA of 2.50.",CMPT 427,False,"[{'days': 'Mo, Tu, We, Th, Fr', 'startTime': '8:00', 'endTime': '20:00', 'campus': None}]",Cristina Eftenaru,3.0
CMPT 428,D400,fall,2026,"CMPT 427, CGPA of 2.50.",CMPT 427,False,"[{'days': 'Mo, Tu, We, Th, Fr', 'startTime': '8:00', 'endTime': '20:00', 'campus': None}]",Cristina Eftenaru,3.0
CMPT 428,I100,fall,2026,"CMPT 427, CGPA of 2.50.",CMPT 427,False,"[{'days': 'Mo, Tu, We, Th, Fr', 'startTime': '8:00', 'endTime': '20:00', 'campus': None}]",Cristina Eftenaru,3.0
CMPT 429,D100,fall,2026,"CMPT 428, CGPA of 2.50.",CMPT 428,False,"[{'days': 'Mo, Tu, We, Th, Fr', 'startTime': '8:00', 'endTime': '20:00', 'campus': None}]",Cristina Eftenaru,3.0
CMPT 429,D200,fall,2026,"CMPT 428, CGPA of 2.50.",CMPT 428,False,"[{'days': 'Mo, Tu, We, Th, Fr', 'startTime': '8:00', 'endTime': '20:00', 'campus': None}]",Cristina Eftenaru,3.0
CMPT 429,D300,fall,2026,"CMPT 428, CGPA of 2.50.",CMPT 428,False,"[{'days': 'Mo, Tu, We, Th, Fr', 'startTime': '8:00', 'endTime': '20:00', 'campus': None}]",Cristina Eftenaru,3.0
CMPT 429,D400,fall,2026,"CMPT 428, CGPA of 2.50.",CMPT 428,False,"[{'days': 'Mo, Tu, We, Th, Fr', 'startTime': '8:00', 'endTime': '20:00', 'campus': None}]",Cristina Eftenaru,3.0
CMPT 429,I100,fall,2026,"CMPT 428, CGPA of 2.50.",CMPT 428,False,"[{'days': 'Mo, Tu, We, Th, Fr', 'startTime': '8:00', 'endTime': '20:00', 'campus': None}]",Cristina Eftenaru,3.0
CMPT 430,D100,fall,2026,"CMPT 429, CGPA of 2.50.",CMPT 429,False,"[{'days': 'Mo, Tu, We, Th, Fr', 'startTime': '8:00', 'endTime': '20:00', 'campus': None}]",Cristina Eftenaru,3.0
CMPT 430,D200,fall,2026,"CMPT 429, CGPA of 2.50.",CMPT 429,False,"[{'days': 'Mo, Tu, We, Th, Fr', 'startTime': '8:00', 'endTime': '20:00', 'campus': None}]",Cristina Eftenaru,3.0
CMPT 430,D300,fall,2026,"CMPT 429, CGPA of 2.50.",CMPT 429,False,"[{'days': 'Mo, Tu, We, Th, Fr', 'startTime': '8:00', 'endTime': '20:00', 'campus': None}]",Cristina Eftenaru,3.0
CMPT 430,D400,fall,2026,"CMPT 429, CGPA of 2.50.",CMPT 429,False,"[{'days': 'Mo, Tu, We, Th, Fr', 'startTime': '8:00', 'endTime': '20:00', 'campus': None}]",Cristina Eftenaru,3.0
CMPT 430,I100,fall,2026,"CMPT 429, CGPA of 2.50.",CMPT 429,False,"[{'days': 'Mo, Tu, We, Th, Fr', 'startTime': '8:00', 'endTime': '20:00', 'campus': None}]",Cristina Eftenaru,3.0
CMPT 431,D100,fall,2026,"(CMPT 201 or CMPT 300 or ENSC 351) and CMPT 371, both with a minimum grade of C-.",CMPT 201;CMPT 300;ENSC 351;CMPT 371,False,"[{'days': 'Th', 'startTime': '8:30', 'endTime': '11:20', 'campus': 'Burnaby'}]",Keval Vora,3.0
CMPT 441,D100,fall,2026,CMPT 307 with a minimum grade of C-.,CMPT 307,False,"[{'days': 'Mo', 'startTime': '14:30', 'endTime': '16:20', 'campus': 'Burnaby'}, {'days': 'We', 'startTime': '14:30', 'endTime': '15:20', 'campus': 'Burnaby'}]",Kay C Wiese,3.0
CMPT 454,D100,fall,2026,"(CMPT 201 or CMPT 300 or ENSC 351) and CMPT 354, both with a minimum grade of C-.",CMPT 201;CMPT 300;ENSC 351;CMPT 354,False,"[{'days': 'Tu', 'startTime': '14:30', 'endTime': '16:20', 'campus': 'Burnaby'}, {'days': 'Th', 'startTime': '14:30', 'endTime': '15:20', 'campus': 'Burnaby'}]",Tianzheng Wang,3.0
CMPT 455,D100,fall,2026,CMPT 354 and STAT 271.,CMPT 354;STAT 271,False,"[{'days': 'Tu', 'startTime': '12:30', 'endTime': '14:20', 'campus': 'Burnaby'}, {'days': 'Fr', 'startTime': '12:30', 'endTime': '13:20', 'campus': 'Burnaby'}]",Martin Ester,3.0
CMPT 464,E200,fall,2026,"CMPT 361, MACM 316, both with a minimum grade of C-.",CMPT 361;MACM 316,False,"[{'days': 'Mo', 'startTime': '16:30', 'endTime': '19:20', 'campus': 'Burnaby'}]",Richard Zhang,3.0
CMPT 466,D100,fall,2026,CMPT 361 with a minimum grade of C-.,CMPT 361,False,"[{'days': 'Tu', 'startTime': '10:30', 'endTime': '12:20', 'campus': 'Burnaby'}, {'days': 'Fr', 'startTime': '10:30', 'endTime': '11:20', 'campus': 'Burnaby'}]",KangKang Yin,3.0
CMPT 473,D100,fall,2026,(CMPT 275 or CMPT 276) with a minimum grade of C- and 15 upper division CMPT units.,CMPT 275;CMPT 276,False,"[{'days': 'We', 'startTime': '13:30', 'endTime': '14:20', 'campus': 'Surrey'}, {'days': 'Fr', 'startTime': '12:30', 'endTime': '14:20', 'campus': 'Surrey'}]",William Sumner,3.0
CMPT 479,D100,fall,2026,"CMPT 201 or CMPT 300 or ENSC 351, with a minimum grade of C-.",CMPT 201;CMPT 300;ENSC 351,False,"[{'days': 'Fr', 'startTime': '14:30', 'endTime': '17:20', 'campus': 'Burnaby'}]",Saba Alimadadi Jani,3.0
CMPT 479,D300,fall,2026,"CMPT 201 or CMPT 300 or ENSC 351, with a minimum grade of C-.",CMPT 201;CMPT 300;ENSC 351,False,"[{'days': 'We', 'startTime': '9:30', 'endTime': '12:20', 'campus': 'Burnaby'}]",Alaa Alameldeen,3.0
CMPT 479,E100,fall,2026,"CMPT 201 or CMPT 300 or ENSC 351, with a minimum grade of C-.",CMPT 201;CMPT 300;ENSC 351,False,"[{'days': 'Tu', 'startTime': '16:30', 'endTime': '19:20', 'campus': 'Burnaby'}]",Keval Vora,3.0
CMPT 494,D100,fall,2026,Students must have completed at least 15 units of upper division CMPT courses. Successful Capstone Project Proposal.,,False,[],,3.0
CMPT 494,D200,fall,2026,Students must have completed at least 15 units of upper division CMPT courses. Successful Capstone Project Proposal.,,False,[],,3.0
CMPT 494,D300,fall,2026,Students must have completed at least 15 units of upper division CMPT courses. Successful Capstone Project Proposal.,,False,[],,3.0
CMPT 495,D100,fall,2026,CMPT 494 with a minimum grade of C-. CMPT 495 must be taken in the term immediately following the successful completion of CMPT 494 and must be for the same project and faculty supervisor.,CMPT 494;CMPT 495,False,[],Mohammad Tayebi,3.0
CMPT 495,D200,fall,2026,CMPT 494 with a minimum grade of C-. CMPT 495 must be taken in the term immediately following the successful completion of CMPT 494 and must be for the same project and faculty supervisor.,CMPT 494;CMPT 495,False,[],Ke Li,3.0
CMPT 495,D300,fall,2026,CMPT 494 with a minimum grade of C-. CMPT 495 must be taken in the term immediately following the successful completion of CMPT 494 and must be for the same project and faculty supervisor.,CMPT 494;CMPT 495,False,[],Keval Vora,3.0
CMPT 496,D100,fall,2026,"Students must have completed 90 units, including 15 units of upper division CMPT courses, and have a GPA of at least 3.00. The proposal must be submitted to the undergraduate chair at least 15 days in advance of the term. The proposal must be signed by the supervisor(s) and the undergraduate chair.",,False,[],Bobby Chan,3.0
CMPT 497,D100,fall,2026,Submission of a satisfactory capstone project proposal.,,False,[],,6.0
CMPT 498,D100,fall,2026,"Students must have completed 90 units, including 15 units of upper division CMPT courses, and have a GPA of at least 3.00. The proposal must be submitted to the Undergraduate Chair at least 15 days in advance of the term. The proposal must be signed by the supervisor(s) and the undergraduate chair.",,False,[],,6.0
CMPT 498,D200,fall,2026,"Students must have completed 90 units, including 15 units of upper division CMPT courses, and have a GPA of at least 3.00. The proposal must be submitted to the Undergraduate Chair at least 15 days in advance of the term. The proposal must be signed by the supervisor(s) and the undergraduate chair.",,False,[],,6.0
CMPT 498,D300,fall,2026,"Students must have completed 90 units, including 15 units of upper division CMPT courses, and have a GPA of at least 3.00. The proposal must be submitted to the Undergraduate Chair at least 15 days in advance of the term. The proposal must be signed by the supervisor(s) and the undergraduate chair.",,False,[],,6.0
CMPT 626,G300,fall,2026,12 units of CMPT coursework at the 700-level or higher with a CGPA of at least 3.0. Department Consent is required for enrollment.,,False,"[{'days': 'Mo, Tu, We, Th, Fr', 'startTime': '8:00', 'endTime': '20:00', 'campus': None}]",Cristina Eftenaru,3.0
CMPT 626,G400,fall,2026,12 units of CMPT coursework at the 700-level or higher with a CGPA of at least 3.0. Department Consent is required for enrollment.,,False,"[{'days': 'Mo, Tu, We, Th, Fr', 'startTime': '8:00', 'endTime': '20:00', 'campus': None}]",Cristina Eftenaru,3.0
CMPT 626,G500,fall,2026,12 units of CMPT coursework at the 700-level or higher with a CGPA of at least 3.0. Department Consent is required for enrollment.,,False,"[{'days': 'Mo, Tu, We, Th, Fr', 'startTime': '8:00', 'endTime': '20:00', 'campus': None}]",Cristina Eftenaru,3.0
CMPT 626,G600,fall,2026,12 units of CMPT coursework at the 700-level or higher with a CGPA of at least 3.0. Department Consent is required for enrollment.,,False,"[{'days': 'Mo, Tu, We, Th, Fr', 'startTime': '8:00', 'endTime': '20:00', 'campus': None}]",Cristina Eftenaru,3.0
CMPT 626,G700,fall,2026,12 units of CMPT coursework at the 700-level or higher with a CGPA of at least 3.0. Department Consent is required for enrollment.,,False,"[{'days': 'Mo, Tu, We, Th, Fr', 'startTime': '8:00', 'endTime': '20:00', 'campus': None}]",Cristina Eftenaru,3.0
CMPT 626,G800,fall,2026,12 units of CMPT coursework at the 700-level or higher with a CGPA of at least 3.0. Department Consent is required for enrollment.,,False,"[{'days': 'Mo, Tu, We, Th, Fr', 'startTime': '8:00', 'endTime': '20:00', 'campus': None}]",Cristina Eftenaru,3.0
CMPT 626,I100,fall,2026,12 units of CMPT coursework at the 700-level or higher with a CGPA of at least 3.0. Department Consent is required for enrollment.,,False,"[{'days': 'Mo, Tu, We, Th, Fr', 'startTime': '8:00', 'endTime': '20:00', 'campus': None}]",Cristina Eftenaru,3.0
CMPT 626,I200,fall,2026,12 units of CMPT coursework at the 700-level or higher with a CGPA of at least 3.0. Department Consent is required for enrollment.,,False,"[{'days': 'Mo, Tu, We, Th, Fr', 'startTime': '8:00', 'endTime': '20:00', 'campus': None}]",Cristina Eftenaru,3.0
CMPT 626,I400,fall,2026,12 units of CMPT coursework at the 700-level or higher with a CGPA of at least 3.0. Department Consent is required for enrollment.,,False,"[{'days': 'Mo, Tu, We, Th, Fr', 'startTime': '8:00', 'endTime': '20:00', 'campus': None}]",Cristina Eftenaru,3.0
CMPT 627,G300,fall,2026,CMPT 626 and a CGPA of at least 3.0. Department Consent is required for enrollment.,CMPT 626,False,"[{'days': 'Mo, Tu, We, Th, Fr', 'startTime': '8:00', 'endTime': '20:00', 'campus': None}]",Cristina Eftenaru,3.0
CMPT 627,G400,fall,2026,CMPT 626 and a CGPA of at least 3.0. Department Consent is required for enrollment.,CMPT 626,False,"[{'days': 'Mo, Tu, We, Th, Fr', 'startTime': '8:00', 'endTime': '20:00', 'campus': None}]",Cristina Eftenaru,3.0
CMPT 627,G500,fall,2026,CMPT 626 and a CGPA of at least 3.0. Department Consent is required for enrollment.,CMPT 626,False,"[{'days': 'Mo, Tu, We, Th, Fr', 'startTime': '8:00', 'endTime': '20:00', 'campus': None}]",Cristina Eftenaru,3.0
CMPT 627,G600,fall,2026,CMPT 626 and a CGPA of at least 3.0. Department Consent is required for enrollment.,CMPT 626,False,"[{'days': 'Mo, Tu, We, Th, Fr', 'startTime': '8:00', 'endTime': '20:00', 'campus': None}]",Cristina Eftenaru,3.0
CMPT 627,G700,fall,2026,CMPT 626 and a CGPA of at least 3.0. Department Consent is required for enrollment.,CMPT 626,False,"[{'days': 'Mo, Tu, We, Th, Fr', 'startTime': '8:00', 'endTime': '20:00', 'campus': None}]",Cristina Eftenaru,3.0
CMPT 627,G800,fall,2026,CMPT 626 and a CGPA of at least 3.0. Department Consent is required for enrollment.,CMPT 626,False,"[{'days': 'Mo, Tu, We, Th, Fr', 'startTime': '8:00', 'endTime': '20:00', 'campus': None}]",Cristina Eftenaru,3.0
CMPT 627,I100,fall,2026,CMPT 626 and a CGPA of at least 3.0. Department Consent is required for enrollment.,CMPT 626,False,"[{'days': 'Mo, Tu, We, Th, Fr', 'startTime': '8:00', 'endTime': '20:00', 'campus': None}]",Cristina Eftenaru,3.0
CMPT 627,I200,fall,2026,CMPT 626 and a CGPA of at least 3.0. Department Consent is required for enrollment.,CMPT 626,False,"[{'days': 'Mo, Tu, We, Th, Fr', 'startTime': '8:00', 'endTime': '20:00', 'campus': None}]",Cristina Eftenaru,3.0
CMPT 627,I400,fall,2026,CMPT 626 and a CGPA of at least 3.0. Department Consent is required for enrollment.,CMPT 626,False,"[{'days': 'Mo, Tu, We, Th, Fr', 'startTime': '8:00', 'endTime': '20:00', 'campus': None}]",Cristina Eftenaru,3.0
CMPT 628,G400,fall,2026,CMPT 627 and a CGPA of at least 3.0. Department Consent is required for enrollment.,CMPT 627,False,[],Cristina Eftenaru,3.0
CMPT 631,G100,fall,2026,"12 units of CMPT course work with an SFU CGPA of at least 3.0. Approval of supervisor and a GPC representative is required prior to applying for, or accepting an internship.",,False,[],,3.0
CMPT 700,G100,fall,2026,,,False,"[{'days': 'Mo', 'startTime': '12:30', 'endTime': '13:20', 'campus': 'Burnaby'}, {'days': 'Th', 'startTime': '12:30', 'endTime': '14:20', 'campus': 'Burnaby'}]",Nicholas Vincent,3.0
CMPT 711,G100,fall,2026,,,False,"[{'days': 'Mo', 'startTime': '14:30', 'endTime': '16:20', 'campus': 'Burnaby'}, {'days': 'We', 'startTime': '14:30', 'endTime': '15:20', 'campus': 'Burnaby'}]",Kay C Wiese,3.0
CMPT 713,G100,fall,2026,,,False,"[{'days': 'We', 'startTime': '13:30', 'endTime': '14:20', 'campus': 'Burnaby'}, {'days': 'Fr', 'startTime': '12:30', 'endTime': '14:20', 'campus': 'Burnaby'}]",,3.0
CMPT 726,G100,fall,2026,,,False,"[{'days': 'We', 'startTime': '15:30', 'endTime': '16:20', 'campus': 'Burnaby'}, {'days': 'Fr', 'startTime': '14:30', 'endTime': '16:20', 'campus': 'Burnaby'}]",Mo Chen,3.0
CMPT 732,G100,fall,2026,This course is only available to students enrolled in the master of science in big data program.,,False,"[{'days': 'Mo', 'startTime': '10:30', 'endTime': '12:20', 'campus': 'Burnaby'}]",Gregory Baker,6.0
CMPT 732,G101,fall,2026,This course is only available to students enrolled in the master of science in big data program.,,False,"[{'days': 'Tu, Th', 'startTime': '12:30', 'endTime': '14:20', 'campus': 'Burnaby'}]",Gregory Baker,6.0
CMPT 732,G102,fall,2026,This course is only available to students enrolled in the master of science in big data program.,,False,"[{'days': 'Tu, Th', 'startTime': '14:30', 'endTime': '16:20', 'campus': 'Burnaby'}]",Gregory Baker,6.0
CMPT 742,G100,fall,2026,This course is only available to students enrolled in the master of visual computing program.,,False,"[{'days': 'Mo', 'startTime': '10:30', 'endTime': '13:20', 'campus': 'Burnaby'}]",Ali Mahdavi Amiri,6.0
CMPT 742,G101,fall,2026,This course is only available to students enrolled in the master of visual computing program.,,False,"[{'days': 'Fr', 'startTime': '10:30', 'endTime': '13:20', 'campus': 'Burnaby'}]",Ali Mahdavi Amiri,6.0
CMPT 764,G300,fall,2026,Recommended: CMPT 361 and MACM 316.,,False,"[{'days': 'Mo', 'startTime': '16:30', 'endTime': '19:20', 'campus': 'Burnaby'}]",Richard Zhang,3.0
CMPT 771,G100,fall,2026,,,False,"[{'days': 'Tu', 'startTime': '16:30', 'endTime': '17:20', 'campus': 'Burnaby'}, {'days': 'Th', 'startTime': '15:30', 'endTime': '17:20', 'campus': 'Burnaby'}]",Mohamed Hefeeda,3.0
CMPT 782,G100,fall,2026,This course is only available to students enrolled in the master of cybersecurity program.,,False,"[{'days': 'We', 'startTime': '10:30', 'endTime': '11:20', 'campus': 'Burnaby'}]",Mohammad Tayebi,6.0
CMPT 782,G101,fall,2026,This course is only available to students enrolled in the master of cybersecurity program.,,False,"[{'days': 'Mo', 'startTime': '10:30', 'endTime': '12:20', 'campus': 'Burnaby'}, {'days': 'Fr', 'startTime': '10:30', 'endTime': '12:20', 'campus': 'Burnaby'}]",Mohammad Tayebi,6.0
CMPT 785,G100,fall,2026,,,False,"[{'days': 'Mo', 'startTime': '14:30', 'endTime': '16:20', 'campus': 'Burnaby'}, {'days': 'We', 'startTime': '14:30', 'endTime': '15:20', 'campus': 'Burnaby'}]",Mohammad Tayebi,3.0
CMPT 789,G100,fall,2026,,,False,"[{'days': 'We', 'startTime': '13:30', 'endTime': '14:20', 'campus': 'Burnaby'}, {'days': 'Fr', 'startTime': '12:30', 'endTime': '14:20', 'campus': 'Burnaby'}]",Sze Yiu Chau,3.0
CMPT 820,G100,fall,2026,,,False,"[{'days': 'Tu', 'startTime': '10:30', 'endTime': '11:20', 'campus': 'Burnaby'}, {'days': 'Th', 'startTime': '9:30', 'endTime': '11:20', 'campus': 'Burnaby'}]",Jiangchuan Liu,3.0
CMPT 863,G100,fall,2026,,,False,"[{'days': 'Th', 'startTime': '14:30', 'endTime': '17:20', 'campus': 'Burnaby'}]",Lawrence Kim,3.0
CMPT 891,G100,fall,2026,,,False,"[{'days': 'Fr', 'startTime': '13:30', 'endTime': '16:30', 'campus': 'Burnaby'}]",Angelica Lim,3.0
CMPT 894,G010,fall,2026,Permission of the department.,,True,[],Ke Wang,3.0
CMPT 894,G011,fall,2026,Permission of the department.,,True,[],Mo Chen,3.0
CMPT 894,G012,fall,2026,Permission of the department.,,True,[],Martin Ester,3.0
CMPT 894,G013,fall,2026,Permission of the department.,,True,[],Angel Chang,3.0
CMPT 894,G014,fall,2026,Permission of the department.,,True,[],Xue Bin Jason Peng,3.0
CMPT 894,G015,fall,2026,Permission of the department.,,True,[],Andrei Bulatov,3.0
CMPT 894,G100,fall,2026,Permission of the department.,,True,[],Tianzheng Wang,3.0
CMPT 894,G200,fall,2026,Permission of the department.,,True,[],Keval Vora,3.0
CMPT 894,G300,fall,2026,Permission of the department.,,True,[],Ali Mahdavi Amiri,3.0
CMPT 894,G400,fall,2026,Permission of the department.,,True,[],Tao Wang,3.0
CMPT 894,G500,fall,2026,Permission of the department.,,True,[],Manolis Savva,3.0
CMPT 894,G600,fall,2026,Permission of the department.,,True,[],Yuepeng Wang,3.0
CMPT 894,G700,fall,2026,Permission of the department.,,True,[],Parmit Kaur Chilana,3.0
CMPT 894,G800,fall,2026,Permission of the department.,,True,[],Lawrence Kim,3.0
CMPT 894,G900,fall,2026,Permission of the department.,,True,[],Anders Miltner,3.0
CMPT 895,G100,fall,2026,,,False,[],,3.0
CMPT 896,G100,fall,2026,,,False,[],,
CMPT 896,G200,fall,2026,,,False,[],,
CMPT 898,G100,fall,2026,,,False,[],,18.0
CMPT 898,G200,fall,2026,,,False,[],,18.0
CMPT 899,G100,fall,2026,,,False,[],,18.0
CMPT 899,G200,fall,2026,,,False,[],,18.0
CMPT 981,G100,fall,2026,,,False,"[{'days': 'Tu', 'startTime': '14:30', 'endTime': '16:20', 'campus': 'Burnaby'}, {'days': 'Th', 'startTime': '14:30', 'endTime': '15:20', 'campus': 'Burnaby'}]",Sharan Vaswani,3.0
CMPT 981,G200,fall,2026,,,False,"[{'days': 'We', 'startTime': '15:30', 'endTime': '16:20', 'campus': 'Burnaby'}, {'days': 'Fr', 'startTime': '14:30', 'endTime': '16:20', 'campus': 'Burnaby'}]",,3.0
CMPT 982,G100,fall,2026,,,False,"[{'days': 'Fr', 'startTime': '14:30', 'endTime': '17:20', 'campus': 'Burnaby'}]",Saba Alimadadi Jani,3.0
CMPT 982,G200,fall,2026,,,False,"[{'days': 'Tu', 'startTime': '16:30', 'endTime': '19:20', 'campus': 'Burnaby'}]",Keval Vora,3.0
CMPT 982,G400,fall,2026,,,False,"[{'days': 'We', 'startTime': '9:30', 'endTime': '12:20', 'campus': 'Burnaby'}]",Alaa Alameldeen,3.0
CMPT 983,G100,fall,2026,,,False,"[{'days': 'Tu', 'startTime': '12:30', 'endTime': '14:20', 'campus': 'Burnaby'}, {'days': 'Fr', 'startTime': '12:30', 'endTime': '13:20', 'campus': 'Burnaby'}]",SiQi Zhou,3.0
CMPT 983,G200,fall,2026,,,False,"[{'days': 'Mo', 'startTime': '10:30', 'endTime': '12:20', 'campus': 'Burnaby'}, {'days': 'We', 'startTime': '10:30', 'endTime': '11:20', 'campus': 'Burnaby'}]",Wuyang Chen,3.0
CMPT 983,G300,fall,2026,,,False,"[{'days': 'Tu', 'startTime': '10:30', 'endTime': '12:20', 'campus': 'Burnaby'}, {'days': 'Fr', 'startTime': '10:30', 'endTime': '11:20', 'campus': 'Burnaby'}]",Ke Li,3.0
CMPT 983,G400,fall,2026,,,False,"[{'days': 'Tu', 'startTime': '14:30', 'endTime': '17:20', 'campus': 'Burnaby'}]",Ke Wang,3.0
CMPT 983,G500,fall,2026,,,False,"[{'days': 'Mo', 'startTime': '12:30', 'endTime': '14:20', 'campus': 'Burnaby'}, {'days': 'We', 'startTime': '12:30', 'endTime': '13:20', 'campus': 'Burnaby'}]",Oliver Schulte,3.0
CMPT 983,G600,fall,2026,,,False,"[{'days': 'Tu', 'startTime': '11:30', 'endTime': '13:20', 'campus': 'Burnaby'}, {'days': 'Th', 'startTime': '11:30', 'endTime': '12:20', 'campus': 'Burnaby'}]",Frederick Popowich,3.0
CMPT 984,G100,fall,2026,,,False,"[{'days': 'Tu', 'startTime': '14:30', 'endTime': '16:20', 'campus': 'Burnaby'}, {'days': 'Th', 'startTime': '14:30', 'endTime': '15:20', 'campus': 'Burnaby'}]",Tianzheng Wang,3.0
CMPT 985,G100,fall,2026,,,False,"[{'days': 'We', 'startTime': '14:30', 'endTime': '17:20', 'campus': 'Burnaby'}]",Xingdong Yang,3.0
COGS 100,D100,fall,2026,Open to all students.,,False,"[{'days': 'Tu', 'startTime': '13:30', 'endTime': '14:20', 'campus': 'Burnaby'}, {'days': 'Th', 'startTime': '12:30', 'endTime': '14:20', 'campus': 'Burnaby'}]",Mark Blair,3.0
COGS 100,D900,fall,2026,Open to all students.,,False,"[{'days': 'Mo', 'startTime': '10:30', 'endTime': '12:20', 'campus': 'Surrey'}, {'days': 'We', 'startTime': '10:30', 'endTime': '11:20', 'campus': 'Surrey'}]",,3.0
COGS 110,D100,fall,2026,,,False,"[{'days': 'Tu', 'startTime': '10:30', 'endTime': '11:20', 'campus': 'Burnaby'}, {'days': 'Th', 'startTime': '9:30', 'endTime': '11:20', 'campus': 'Burnaby'}]",,3.0
COGS 200,D100,fall,2026,COGS 100.,COGS 100,False,"[{'days': 'We', 'startTime': '14:30', 'endTime': '17:20', 'campus': 'Burnaby'}]",,3.0
COGS 310,D100,fall,2026,COGS 100 and 200 (or permission of the instructor).,COGS 100,False,"[{'days': 'Mo', 'startTime': '10:30', 'endTime': '12:20', 'campus': 'Burnaby'}, {'days': 'We', 'startTime': '10:30', 'endTime': '11:20', 'campus': 'Burnaby'}]",Kathleen Akins,3.0
COGS 491,D100,fall,2026,Approval of Cognitive Science steering committee either when student has completed COGS 490 or when student is taking COGS 490.,COGS 490,False,[],,5.0
CRIM 101,D100,fall,2026,,,False,"[{'days': 'Th', 'startTime': '8:30', 'endTime': '10:20', 'campus': 'Burnaby'}]",,3.0
CRIM 101,D101,fall,2026,,,False,"[{'days': 'Th', 'startTime': '12:30', 'endTime': '13:20', 'campus': 'Burnaby'}]",,3.0
CRIM 101,D102,fall,2026,,,False,"[{'days': 'Th', 'startTime': '13:30', 'endTime': '14:20', 'campus': 'Burnaby'}]",,3.0
CRIM 101,D103,fall,2026,,,False,"[{'days': 'Th', 'startTime': '14:30', 'endTime': '15:20', 'campus': 'Burnaby'}]",,3.0
CRIM 101,D104,fall,2026,,,False,"[{'days': 'Th', 'startTime': '15:30', 'endTime': '16:20', 'campus': 'Burnaby'}]",,3.0
CRIM 101,D105,fall,2026,,,False,"[{'days': 'Th', 'startTime': '16:30', 'endTime': '17:20', 'campus': 'Burnaby'}]",,3.0
CRIM 101,D106,fall,2026,,,False,"[{'days': 'Th', 'startTime': '12:30', 'endTime': '13:20', 'campus': 'Burnaby'}]",,3.0
CRIM 101,D107,fall,2026,,,False,"[{'days': 'Th', 'startTime': '13:30', 'endTime': '14:20', 'campus': 'Burnaby'}]",,3.0
CRIM 101,D108,fall,2026,,,False,"[{'days': 'Th', 'startTime': '14:30', 'endTime': '15:20', 'campus': 'Burnaby'}]",,3.0
CRIM 101,D109,fall,2026,,,False,"[{'days': 'Th', 'startTime': '15:30', 'endTime': '16:20', 'campus': 'Burnaby'}]",,3.0
CRIM 101,D110,fall,2026,,,False,"[{'days': 'Th', 'startTime': '16:30', 'endTime': '17:20', 'campus': 'Burnaby'}]",,3.0
CRIM 101,D200,fall,2026,,,False,"[{'days': 'Tu', 'startTime': '12:30', 'endTime': '14:20', 'campus': 'Burnaby'}]",Zachary Rowan,3.0
CRIM 101,D201,fall,2026,,,False,"[{'days': 'We', 'startTime': '13:30', 'endTime': '14:20', 'campus': 'Burnaby'}]",,3.0
CRIM 101,D202,fall,2026,,,False,"[{'days': 'We', 'startTime': '14:30', 'endTime': '15:20', 'campus': 'Burnaby'}]",,3.0
CRIM 101,D203,fall,2026,,,False,"[{'days': 'We', 'startTime': '15:30', 'endTime': '16:20', 'campus': 'Burnaby'}]",,3.0
CRIM 101,D204,fall,2026,,,False,"[{'days': 'We', 'startTime': '16:30', 'endTime': '17:20', 'campus': 'Burnaby'}]",,3.0
CRIM 101,D205,fall,2026,,,False,"[{'days': 'We', 'startTime': '17:30', 'endTime': '18:20', 'campus': 'Burnaby'}]",,3.0
CRIM 101,D206,fall,2026,,,False,"[{'days': 'We', 'startTime': '13:30', 'endTime': '14:20', 'campus': 'Burnaby'}]",,3.0
CRIM 101,D207,fall,2026,,,False,"[{'days': 'We', 'startTime': '11:30', 'endTime': '12:20', 'campus': 'Burnaby'}]",,3.0
CRIM 101,D208,fall,2026,,,False,"[{'days': 'We', 'startTime': '15:30', 'endTime': '16:20', 'campus': 'Burnaby'}]",,3.0
CRIM 101,D209,fall,2026,,,False,"[{'days': 'We', 'startTime': '16:30', 'endTime': '17:20', 'campus': 'Burnaby'}]",,3.0
CRIM 101,D210,fall,2026,,,False,"[{'days': 'We', 'startTime': '17:30', 'endTime': '18:20', 'campus': 'Burnaby'}]",,3.0
CRIM 101,D900,fall,2026,,,False,"[{'days': 'Tu', 'startTime': '8:30', 'endTime': '10:20', 'campus': 'Surrey'}]",Justin Tetrault,3.0
CRIM 101,D901,fall,2026,,,False,"[{'days': 'Tu', 'startTime': '10:30', 'endTime': '11:20', 'campus': 'Surrey'}]",,3.0
CRIM 101,D902,fall,2026,,,False,"[{'days': 'Tu', 'startTime': '11:30', 'endTime': '12:20', 'campus': 'Surrey'}]",,3.0
CRIM 101,D903,fall,2026,,,False,"[{'days': 'Tu', 'startTime': '13:30', 'endTime': '14:20', 'campus': None}]",,3.0
CRIM 101,D904,fall,2026,,,False,"[{'days': 'Tu', 'startTime': '14:30', 'endTime': '15:20', 'campus': 'Surrey'}]",,3.0
CRIM 101,D905,fall,2026,,,False,"[{'days': 'Tu', 'startTime': '15:30', 'endTime': '16:20', 'campus': 'Surrey'}]",,3.0
CRIM 103,B900,fall,2026,PSYC 100 and 102 are recommended.,PSYC 100,False,[],Brenda Morrison,3.0
CRIM 103,B901,fall,2026,PSYC 100 and 102 are recommended.,PSYC 100,False,"[{'days': 'Fr', 'startTime': '11:30', 'endTime': '12:20', 'campus': 'Surrey'}]",,3.0
CRIM 103,B902,fall,2026,PSYC 100 and 102 are recommended.,PSYC 100,False,"[{'days': 'Fr', 'startTime': '12:30', 'endTime': '13:20', 'campus': 'Surrey'}]",,3.0
CRIM 103,B903,fall,2026,PSYC 100 and 102 are recommended.,PSYC 100,False,"[{'days': 'Fr', 'startTime': '14:30', 'endTime': '15:20', 'campus': 'Surrey'}]",,3.0
CRIM 103,B904,fall,2026,PSYC 100 and 102 are recommended.,PSYC 100,False,"[{'days': 'Fr', 'startTime': '15:30', 'endTime': '16:20', 'campus': 'Surrey'}]",,3.0
CRIM 103,B905,fall,2026,PSYC 100 and 102 are recommended.,PSYC 100,False,"[{'days': 'Fr', 'startTime': '16:30', 'endTime': '17:20', 'campus': 'Surrey'}]",,3.0
CRIM 103,D100,fall,2026,PSYC 100 and 102 are recommended.,PSYC 100,False,"[{'days': 'Th', 'startTime': '10:30', 'endTime': '12:20', 'campus': 'Burnaby'}]",Maaike Helmus,3.0
CRIM 103,D101,fall,2026,PSYC 100 and 102 are recommended.,PSYC 100,False,"[{'days': 'Tu', 'startTime': '12:30', 'endTime': '13:20', 'campus': 'Burnaby'}]",,3.0
CRIM 103,D102,fall,2026,PSYC 100 and 102 are recommended.,PSYC 100,False,"[{'days': 'Tu', 'startTime': '13:30', 'endTime': '14:20', 'campus': 'Burnaby'}]",,3.0
CRIM 103,D103,fall,2026,PSYC 100 and 102 are recommended.,PSYC 100,False,"[{'days': 'Tu', 'startTime': '14:30', 'endTime': '15:20', 'campus': 'Burnaby'}]",,3.0
CRIM 103,D104,fall,2026,PSYC 100 and 102 are recommended.,PSYC 100,False,"[{'days': 'Tu', 'startTime': '15:30', 'endTime': '16:20', 'campus': 'Burnaby'}]",,3.0
CRIM 103,D105,fall,2026,PSYC 100 and 102 are recommended.,PSYC 100,False,"[{'days': 'Tu', 'startTime': '16:30', 'endTime': '17:20', 'campus': 'Burnaby'}]",,3.0
CRIM 103,D106,fall,2026,PSYC 100 and 102 are recommended.,PSYC 100,False,"[{'days': 'Tu', 'startTime': '12:30', 'endTime': '13:20', 'campus': 'Burnaby'}]",,3.0
CRIM 103,D107,fall,2026,PSYC 100 and 102 are recommended.,PSYC 100,False,"[{'days': 'Tu', 'startTime': '13:30', 'endTime': '14:20', 'campus': 'Burnaby'}]",,3.0
CRIM 103,D108,fall,2026,PSYC 100 and 102 are recommended.,PSYC 100,False,"[{'days': 'Tu', 'startTime': '14:30', 'endTime': '15:20', 'campus': 'Burnaby'}]",,3.0
CRIM 103,D109,fall,2026,PSYC 100 and 102 are recommended.,PSYC 100,False,"[{'days': 'Tu', 'startTime': '15:30', 'endTime': '16:20', 'campus': 'Burnaby'}]",,3.0
CRIM 103,D110,fall,2026,PSYC 100 and 102 are recommended.,PSYC 100,False,"[{'days': 'Tu', 'startTime': '16:30', 'endTime': '17:20', 'campus': 'Burnaby'}]",,3.0
CRIM 104,E100,fall,2026,SA 150 is recommended.,SA 150,False,"[{'days': 'Tu', 'startTime': '16:30', 'endTime': '18:20', 'campus': 'Burnaby'}]",Andrea Krusi,3.0
CRIM 104,E101,fall,2026,SA 150 is recommended.,SA 150,False,"[{'days': 'We', 'startTime': '13:30', 'endTime': '14:20', 'campus': 'Burnaby'}]",,3.0
CRIM 104,E102,fall,2026,SA 150 is recommended.,SA 150,False,"[{'days': 'We', 'startTime': '14:30', 'endTime': '15:20', 'campus': 'Burnaby'}]",,3.0
CRIM 104,E103,fall,2026,SA 150 is recommended.,SA 150,False,"[{'days': 'We', 'startTime': '15:30', 'endTime': '16:20', 'campus': 'Burnaby'}]",,3.0
CRIM 104,E104,fall,2026,SA 150 is recommended.,SA 150,False,"[{'days': 'We', 'startTime': '16:30', 'endTime': '17:20', 'campus': 'Burnaby'}]",,3.0
CRIM 104,E105,fall,2026,SA 150 is recommended.,SA 150,False,"[{'days': 'We', 'startTime': '17:30', 'endTime': '18:20', 'campus': 'Burnaby'}]",,3.0
CRIM 104,E106,fall,2026,SA 150 is recommended.,SA 150,False,"[{'days': 'We', 'startTime': '13:30', 'endTime': '14:20', 'campus': 'Burnaby'}]",,3.0
CRIM 104,E107,fall,2026,SA 150 is recommended.,SA 150,False,"[{'days': 'We', 'startTime': '12:30', 'endTime': '13:20', 'campus': 'Burnaby'}]",,3.0
CRIM 104,E108,fall,2026,SA 150 is recommended.,SA 150,False,"[{'days': 'We', 'startTime': '15:30', 'endTime': '16:20', 'campus': 'Burnaby'}]",,3.0
CRIM 104,E109,fall,2026,SA 150 is recommended.,SA 150,False,"[{'days': 'We', 'startTime': '16:30', 'endTime': '17:20', 'campus': 'Burnaby'}]",,3.0
CRIM 104,E110,fall,2026,SA 150 is recommended.,SA 150,False,"[{'days': 'We', 'startTime': '17:30', 'endTime': '18:20', 'campus': 'Burnaby'}]",,3.0
CRIM 131,D100,fall,2026,,,False,"[{'days': 'We', 'startTime': '14:30', 'endTime': '17:20', 'campus': 'Burnaby'}]",,3.0
CRIM 131,D200,fall,2026,,,False,"[{'days': 'Fr', 'startTime': '14:30', 'endTime': '17:20', 'campus': 'Burnaby'}]",Danielle Murdoch,3.0
CRIM 135,D100,fall,2026,,,False,"[{'days': 'Th', 'startTime': '10:30', 'endTime': '12:20', 'campus': 'Burnaby'}]",Amy Conroy,3.0
CRIM 135,D101,fall,2026,,,False,"[{'days': 'Th', 'startTime': '12:30', 'endTime': '13:20', 'campus': 'Burnaby'}]",,3.0
CRIM 135,D102,fall,2026,,,False,"[{'days': 'Th', 'startTime': '13:30', 'endTime': '14:20', 'campus': 'Burnaby'}]",,3.0
CRIM 135,D103,fall,2026,,,False,"[{'days': 'Th', 'startTime': '14:30', 'endTime': '15:20', 'campus': 'Burnaby'}]",,3.0
CRIM 135,D104,fall,2026,,,False,"[{'days': 'Th', 'startTime': '15:30', 'endTime': '16:20', 'campus': 'Burnaby'}]",,3.0
CRIM 135,D105,fall,2026,,,False,"[{'days': 'Th', 'startTime': '16:30', 'endTime': '17:20', 'campus': 'Burnaby'}]",,3.0
CRIM 135,D106,fall,2026,,,False,"[{'days': 'Th', 'startTime': '12:30', 'endTime': '13:20', 'campus': 'Burnaby'}]",,3.0
CRIM 135,D107,fall,2026,,,False,"[{'days': 'Th', 'startTime': '13:30', 'endTime': '14:20', 'campus': 'Burnaby'}]",,3.0
CRIM 135,D108,fall,2026,,,False,"[{'days': 'Th', 'startTime': '14:30', 'endTime': '15:20', 'campus': 'Burnaby'}]",,3.0
CRIM 135,D109,fall,2026,,,False,"[{'days': 'Th', 'startTime': '15:30', 'endTime': '16:20', 'campus': 'Burnaby'}]",,3.0
CRIM 135,D110,fall,2026,,,False,"[{'days': 'Th', 'startTime': '16:30', 'endTime': '17:20', 'campus': 'Burnaby'}]",,3.0
CRIM 135,D200,fall,2026,,,False,"[{'days': 'Mo', 'startTime': '14:30', 'endTime': '16:20', 'campus': 'Burnaby'}]",Tamara O'Doherty,3.0
CRIM 135,D201,fall,2026,,,False,"[{'days': 'We', 'startTime': '11:30', 'endTime': '12:20', 'campus': 'Burnaby'}]",,3.0
CRIM 135,D202,fall,2026,,,False,"[{'days': 'We', 'startTime': '12:30', 'endTime': '13:20', 'campus': 'Burnaby'}]",,3.0
CRIM 135,D203,fall,2026,,,False,"[{'days': 'We', 'startTime': '14:30', 'endTime': '15:20', 'campus': 'Burnaby'}]",,3.0
CRIM 135,D204,fall,2026,,,False,"[{'days': 'We', 'startTime': '15:30', 'endTime': '16:20', 'campus': 'Burnaby'}]",,3.0
CRIM 135,D205,fall,2026,,,False,"[{'days': 'We', 'startTime': '16:30', 'endTime': '17:20', 'campus': 'Burnaby'}]",,3.0
CRIM 135,D206,fall,2026,,,False,"[{'days': 'We', 'startTime': '11:30', 'endTime': '12:20', 'campus': 'Burnaby'}]",,3.0
CRIM 135,D207,fall,2026,,,False,"[{'days': 'We', 'startTime': '12:30', 'endTime': '13:20', 'campus': 'Burnaby'}]",,3.0
CRIM 135,D208,fall,2026,,,False,"[{'days': 'We', 'startTime': '14:30', 'endTime': '15:20', 'campus': 'Burnaby'}]",,3.0
CRIM 135,D209,fall,2026,,,False,"[{'days': 'We', 'startTime': '15:30', 'endTime': '16:20', 'campus': 'Burnaby'}]",,3.0
CRIM 135,D210,fall,2026,,,False,"[{'days': 'We', 'startTime': '16:30', 'endTime': '17:20', 'campus': 'Burnaby'}]",,3.0
CRIM 210,B100,fall,2026,CRIM 101 and CRIM 131.,CRIM 101;CRIM 131,False,"[{'days': 'Mo', 'startTime': '10:30', 'endTime': '12:20', 'campus': 'Burnaby'}]",Evan Mccuish,3.0
CRIM 220,D100,fall,2026,Any 100 division CRIM course is recommended.,,False,"[{'days': 'Fr', 'startTime': '8:30', 'endTime': '10:20', 'campus': 'Burnaby'}]",,3.0
CRIM 220,D101,fall,2026,Any 100 division CRIM course is recommended.,,False,"[{'days': 'Mo', 'startTime': '12:30', 'endTime': '13:20', 'campus': 'Burnaby'}]",,3.0
CRIM 220,D102,fall,2026,Any 100 division CRIM course is recommended.,,False,"[{'days': 'Mo', 'startTime': '13:30', 'endTime': '14:20', 'campus': 'Burnaby'}]",,3.0
CRIM 220,D103,fall,2026,Any 100 division CRIM course is recommended.,,False,"[{'days': 'Mo', 'startTime': '14:30', 'endTime': '15:20', 'campus': 'Burnaby'}]",,3.0
CRIM 220,D104,fall,2026,Any 100 division CRIM course is recommended.,,False,"[{'days': 'Mo', 'startTime': '15:30', 'endTime': '16:20', 'campus': 'Burnaby'}]",,3.0
CRIM 220,D105,fall,2026,Any 100 division CRIM course is recommended.,,False,"[{'days': 'Mo', 'startTime': '16:30', 'endTime': '17:20', 'campus': 'Burnaby'}]",,3.0
CRIM 220,D106,fall,2026,Any 100 division CRIM course is recommended.,,False,"[{'days': 'Mo', 'startTime': '12:30', 'endTime': '13:20', 'campus': 'Burnaby'}]",,3.0
CRIM 220,D107,fall,2026,Any 100 division CRIM course is recommended.,,False,"[{'days': 'Mo', 'startTime': '13:30', 'endTime': '14:20', 'campus': 'Burnaby'}]",,3.0
CRIM 220,D108,fall,2026,Any 100 division CRIM course is recommended.,,False,"[{'days': 'Mo', 'startTime': '14:30', 'endTime': '15:20', 'campus': 'Burnaby'}]",,3.0
CRIM 220,D109,fall,2026,Any 100 division CRIM course is recommended.,,False,"[{'days': 'Mo', 'startTime': '15:30', 'endTime': '16:20', 'campus': 'Burnaby'}]",,3.0
CRIM 220,D110,fall,2026,Any 100 division CRIM course is recommended.,,False,"[{'days': 'Mo', 'startTime': '16:30', 'endTime': '17:20', 'campus': 'Burnaby'}]",,3.0
CRIM 220,D111,fall,2026,Any 100 division CRIM course is recommended.,,False,"[{'days': 'Mo', 'startTime': '17:30', 'endTime': '18:20', 'campus': 'Burnaby'}]",,3.0
CRIM 220,D112,fall,2026,Any 100 division CRIM course is recommended.,,False,"[{'days': 'Mo', 'startTime': '17:30', 'endTime': '18:20', 'campus': 'Burnaby'}]",,3.0
CRIM 230,B100,fall,2026,CRIM 135.,CRIM 135,False,"[{'days': 'Mo', 'startTime': '10:30', 'endTime': '12:20', 'campus': 'Burnaby'}]",Tamara O'Doherty,3.0
CRIM 230,B101,fall,2026,CRIM 135.,CRIM 135,False,[],,3.0
CRIM 230,B200,fall,2026,CRIM 135.,CRIM 135,False,"[{'days': 'Fr', 'startTime': '12:30', 'endTime': '14:20', 'campus': 'Burnaby'}]",Amy Conroy,3.0
CRIM 230,B201,fall,2026,CRIM 135.,CRIM 135,False,[],,3.0
CRIM 241,D100,fall,2026,CRIM 131.,CRIM 131,False,"[{'days': 'Th', 'startTime': '12:30', 'endTime': '14:20', 'campus': 'Burnaby'}]",Amanda Butler,3.0
CRIM 241,D101,fall,2026,CRIM 131.,CRIM 131,False,"[{'days': 'Fr', 'startTime': '10:30', 'endTime': '11:20', 'campus': 'Burnaby'}]",,3.0
CRIM 241,D102,fall,2026,CRIM 131.,CRIM 131,False,"[{'days': 'Fr', 'startTime': '11:30', 'endTime': '12:20', 'campus': 'Burnaby'}]",,3.0
CRIM 241,D103,fall,2026,CRIM 131.,CRIM 131,False,"[{'days': 'Fr', 'startTime': '13:30', 'endTime': '14:20', 'campus': 'Burnaby'}]",,3.0
CRIM 241,D104,fall,2026,CRIM 131.,CRIM 131,False,"[{'days': 'Fr', 'startTime': '14:30', 'endTime': '15:20', 'campus': 'Burnaby'}]",,3.0
CRIM 241,D105,fall,2026,CRIM 131.,CRIM 131,False,"[{'days': 'Fr', 'startTime': '15:30', 'endTime': '16:20', 'campus': 'Burnaby'}]",,3.0
CRIM 241,D106,fall,2026,CRIM 131.,CRIM 131,False,"[{'days': 'Fr', 'startTime': '16:30', 'endTime': '17:20', 'campus': 'Burnaby'}]",,3.0
CRIM 251,D900,fall,2026,CRIM 131.,CRIM 131,False,"[{'days': 'Tu', 'startTime': '16:30', 'endTime': '19:20', 'campus': 'Surrey'}]",Rylan Simpson,3.0
CRIM 300W,D100,fall,2026,CRIM 101.,CRIM 101,False,"[{'days': 'Th', 'startTime': '12:30', 'endTime': '14:20', 'campus': 'Burnaby'}]",Alexandra Lysova,4.0
CRIM 300W,D101,fall,2026,CRIM 101.,CRIM 101,False,"[{'days': 'Fr', 'startTime': '8:30', 'endTime': '9:20', 'campus': 'Burnaby'}]",,4.0
CRIM 300W,D102,fall,2026,CRIM 101.,CRIM 101,False,"[{'days': 'Fr', 'startTime': '9:30', 'endTime': '10:20', 'campus': 'Burnaby'}]",,4.0
CRIM 300W,D103,fall,2026,CRIM 101.,CRIM 101,False,"[{'days': 'Fr', 'startTime': '10:30', 'endTime': '11:20', 'campus': 'Burnaby'}]",,4.0
CRIM 300W,D104,fall,2026,CRIM 101.,CRIM 101,False,"[{'days': 'Fr', 'startTime': '11:30', 'endTime': '12:20', 'campus': 'Burnaby'}]",,4.0
CRIM 300W,D105,fall,2026,CRIM 101.,CRIM 101,False,"[{'days': 'Fr', 'startTime': '8:30', 'endTime': '9:20', 'campus': 'Burnaby'}]",,4.0
CRIM 300W,D106,fall,2026,CRIM 101.,CRIM 101,False,"[{'days': 'Fr', 'startTime': '9:30', 'endTime': '10:20', 'campus': 'Burnaby'}]",,4.0
CRIM 300W,D107,fall,2026,CRIM 101.,CRIM 101,False,"[{'days': 'Fr', 'startTime': '10:30', 'endTime': '11:20', 'campus': 'Burnaby'}]",,4.0
CRIM 300W,D108,fall,2026,CRIM 101.,CRIM 101,False,"[{'days': 'Fr', 'startTime': '11:30', 'endTime': '12:20', 'campus': 'Burnaby'}]",,4.0
CRIM 300W,D109,fall,2026,CRIM 101.,CRIM 101,False,"[{'days': 'Fr', 'startTime': '13:30', 'endTime': '14:20', 'campus': 'Burnaby'}]",,4.0
CRIM 300W,D110,fall,2026,CRIM 101.,CRIM 101,False,"[{'days': 'Fr', 'startTime': '13:30', 'endTime': '14:20', 'campus': 'Burnaby'}]",,4.0
CRIM 315,B100,fall,2026,45 units.,,False,[],Brenda Morrison,4.0
CRIM 315,B101,fall,2026,45 units.,,False,"[{'days': 'We', 'startTime': '8:30', 'endTime': '10:20', 'campus': 'Burnaby'}]",,4.0
CRIM 315,B102,fall,2026,45 units.,,False,"[{'days': 'We', 'startTime': '10:30', 'endTime': '12:20', 'campus': 'Burnaby'}]",,4.0
CRIM 315,B103,fall,2026,45 units.,,False,"[{'days': 'We', 'startTime': '12:30', 'endTime': '14:20', 'campus': 'Burnaby'}]",,4.0
CRIM 317,D100,fall,2026,CRIM 101.,CRIM 101,False,"[{'days': 'Th', 'startTime': '14:30', 'endTime': '17:20', 'campus': 'Burnaby'}]",Tamara O'Doherty,3.0
CRIM 320,D100,fall,2026,"CRIM 101; one of CRIM 120 or 220; one of STAT 201, 203, 205, BUS 232, or PSYC 210. CRIM 320 may be taken concurrently with CRIM 321.",CRIM 101;CRIM 120;STAT 201;BUS 232;PSYC 210;CRIM 320;CRIM 321,False,"[{'days': 'Fr', 'startTime': '12:30', 'endTime': '14:20', 'campus': 'Burnaby'}]",Maaike Helmus,4.0
CRIM 320,D101,fall,2026,"CRIM 101; one of CRIM 120 or 220; one of STAT 201, 203, 205, BUS 232, or PSYC 210. CRIM 320 may be taken concurrently with CRIM 321.",CRIM 101;CRIM 120;STAT 201;BUS 232;PSYC 210;CRIM 320;CRIM 321,False,"[{'days': 'Tu', 'startTime': '8:30', 'endTime': '9:20', 'campus': 'Burnaby'}]",,4.0
CRIM 320,D102,fall,2026,"CRIM 101; one of CRIM 120 or 220; one of STAT 201, 203, 205, BUS 232, or PSYC 210. CRIM 320 may be taken concurrently with CRIM 321.",CRIM 101;CRIM 120;STAT 201;BUS 232;PSYC 210;CRIM 320;CRIM 321,False,"[{'days': 'Tu', 'startTime': '9:30', 'endTime': '10:20', 'campus': 'Burnaby'}]",,4.0
CRIM 320,D103,fall,2026,"CRIM 101; one of CRIM 120 or 220; one of STAT 201, 203, 205, BUS 232, or PSYC 210. CRIM 320 may be taken concurrently with CRIM 321.",CRIM 101;CRIM 120;STAT 201;BUS 232;PSYC 210;CRIM 320;CRIM 321,False,"[{'days': 'Tu', 'startTime': '10:30', 'endTime': '11:20', 'campus': 'Burnaby'}]",,4.0
CRIM 320,D104,fall,2026,"CRIM 101; one of CRIM 120 or 220; one of STAT 201, 203, 205, BUS 232, or PSYC 210. CRIM 320 may be taken concurrently with CRIM 321.",CRIM 101;CRIM 120;STAT 201;BUS 232;PSYC 210;CRIM 320;CRIM 321,False,"[{'days': 'Tu', 'startTime': '11:30', 'endTime': '12:20', 'campus': 'Burnaby'}]",,4.0
CRIM 320,D105,fall,2026,"CRIM 101; one of CRIM 120 or 220; one of STAT 201, 203, 205, BUS 232, or PSYC 210. CRIM 320 may be taken concurrently with CRIM 321.",CRIM 101;CRIM 120;STAT 201;BUS 232;PSYC 210;CRIM 320;CRIM 321,False,"[{'days': 'Tu', 'startTime': '12:30', 'endTime': '13:20', 'campus': 'Burnaby'}]",,4.0
CRIM 320,D106,fall,2026,"CRIM 101; one of CRIM 120 or 220; one of STAT 201, 203, 205, BUS 232, or PSYC 210. CRIM 320 may be taken concurrently with CRIM 321.",CRIM 101;CRIM 120;STAT 201;BUS 232;PSYC 210;CRIM 320;CRIM 321,False,"[{'days': 'Tu', 'startTime': '8:30', 'endTime': '9:20', 'campus': 'Burnaby'}]",,4.0
CRIM 320,D107,fall,2026,"CRIM 101; one of CRIM 120 or 220; one of STAT 201, 203, 205, BUS 232, or PSYC 210. CRIM 320 may be taken concurrently with CRIM 321.",CRIM 101;CRIM 120;STAT 201;BUS 232;PSYC 210;CRIM 320;CRIM 321,False,"[{'days': 'Tu', 'startTime': '9:30', 'endTime': '10:20', 'campus': 'Burnaby'}]",,4.0
CRIM 320,D108,fall,2026,"CRIM 101; one of CRIM 120 or 220; one of STAT 201, 203, 205, BUS 232, or PSYC 210. CRIM 320 may be taken concurrently with CRIM 321.",CRIM 101;CRIM 120;STAT 201;BUS 232;PSYC 210;CRIM 320;CRIM 321,False,"[{'days': 'Tu', 'startTime': '10:30', 'endTime': '11:20', 'campus': 'Burnaby'}]",,4.0
CRIM 320,D109,fall,2026,"CRIM 101; one of CRIM 120 or 220; one of STAT 201, 203, 205, BUS 232, or PSYC 210. CRIM 320 may be taken concurrently with CRIM 321.",CRIM 101;CRIM 120;STAT 201;BUS 232;PSYC 210;CRIM 320;CRIM 321,False,"[{'days': 'Tu', 'startTime': '11:30', 'endTime': '12:20', 'campus': 'Burnaby'}]",,4.0
CRIM 320,D110,fall,2026,"CRIM 101; one of CRIM 120 or 220; one of STAT 201, 203, 205, BUS 232, or PSYC 210. CRIM 320 may be taken concurrently with CRIM 321.",CRIM 101;CRIM 120;STAT 201;BUS 232;PSYC 210;CRIM 320;CRIM 321,False,"[{'days': 'Tu', 'startTime': '12:30', 'endTime': '13:20', 'campus': 'Burnaby'}]",,4.0
CRIM 321,D200,fall,2026,CRIM 101; one of CRIM 120 or 220. This course may be taken concurrently with CRIM 320.,CRIM 101;CRIM 120;CRIM 320,False,"[{'days': 'We', 'startTime': '14:30', 'endTime': '17:20', 'campus': 'Burnaby'}]",Andrea Krusi,4.0
CRIM 321,E100,fall,2026,CRIM 101; one of CRIM 120 or 220. This course may be taken concurrently with CRIM 320.,CRIM 101;CRIM 120;CRIM 320,False,"[{'days': 'Mo', 'startTime': '16:30', 'endTime': '18:20', 'campus': 'Burnaby'}]",Ted Palys,4.0
CRIM 321,E101,fall,2026,CRIM 101; one of CRIM 120 or 220. This course may be taken concurrently with CRIM 320.,CRIM 101;CRIM 120;CRIM 320,False,"[{'days': 'We', 'startTime': '9:30', 'endTime': '10:20', 'campus': 'Burnaby'}]",,4.0
CRIM 321,E102,fall,2026,CRIM 101; one of CRIM 120 or 220. This course may be taken concurrently with CRIM 320.,CRIM 101;CRIM 120;CRIM 320,False,"[{'days': 'We', 'startTime': '10:30', 'endTime': '11:20', 'campus': 'Burnaby'}]",,4.0
CRIM 321,E103,fall,2026,CRIM 101; one of CRIM 120 or 220. This course may be taken concurrently with CRIM 320.,CRIM 101;CRIM 120;CRIM 320,False,"[{'days': 'We', 'startTime': '11:30', 'endTime': '12:20', 'campus': 'Burnaby'}]",,4.0
CRIM 321,E104,fall,2026,CRIM 101; one of CRIM 120 or 220. This course may be taken concurrently with CRIM 320.,CRIM 101;CRIM 120;CRIM 320,False,"[{'days': 'We', 'startTime': '12:30', 'endTime': '13:20', 'campus': 'Burnaby'}]",,4.0
CRIM 321,E105,fall,2026,CRIM 101; one of CRIM 120 or 220. This course may be taken concurrently with CRIM 320.,CRIM 101;CRIM 120;CRIM 320,False,"[{'days': 'We', 'startTime': '13:30', 'endTime': '14:20', 'campus': 'Burnaby'}]",,4.0
CRIM 321,E106,fall,2026,CRIM 101; one of CRIM 120 or 220. This course may be taken concurrently with CRIM 320.,CRIM 101;CRIM 120;CRIM 320,False,"[{'days': 'We', 'startTime': '14:30', 'endTime': '15:20', 'campus': 'Burnaby'}]",,4.0
CRIM 321,E107,fall,2026,CRIM 101; one of CRIM 120 or 220. This course may be taken concurrently with CRIM 320.,CRIM 101;CRIM 120;CRIM 320,False,"[{'days': 'We', 'startTime': '15:30', 'endTime': '16:20', 'campus': 'Burnaby'}]",,4.0
CRIM 321,E108,fall,2026,CRIM 101; one of CRIM 120 or 220. This course may be taken concurrently with CRIM 320.,CRIM 101;CRIM 120;CRIM 320,False,"[{'days': 'We', 'startTime': '16:30', 'endTime': '17:20', 'campus': 'Burnaby'}]",,4.0
CRIM 326,D100,fall,2026,CRIM 101 and CRIM 103.,CRIM 101;CRIM 103,False,"[{'days': 'Mo', 'startTime': '14:30', 'endTime': '17:20', 'campus': 'Burnaby'}]",Eric Beauregard,3.0
CRIM 330,D100,fall,2026,CRIM 101 and 230.,CRIM 101,False,"[{'days': 'We', 'startTime': '14:30', 'endTime': '17:20', 'campus': 'Burnaby'}]",Helene Love,4.0
CRIM 338,B100,fall,2026,CRIM 101 and 135.,CRIM 101,False,"[{'days': 'Th', 'startTime': '12:30', 'endTime': '14:20', 'campus': 'Burnaby'}]",Amy Conroy,3.0
CRIM 338,B101,fall,2026,CRIM 101 and 135.,CRIM 101,False,[],,3.0
CRIM 344,D100,fall,2026,CRIM 101 and CRIM 135.,CRIM 101;CRIM 135,False,"[{'days': 'Fr', 'startTime': '10:30', 'endTime': '12:20', 'campus': 'Burnaby'}]",Sessional,3.0
CRIM 344,D101,fall,2026,CRIM 101 and CRIM 135.,CRIM 101;CRIM 135,False,"[{'days': 'Fr', 'startTime': '12:30', 'endTime': '13:20', 'campus': 'Burnaby'}]",,3.0
CRIM 344,D102,fall,2026,CRIM 101 and CRIM 135.,CRIM 101;CRIM 135,False,"[{'days': 'Fr', 'startTime': '13:30', 'endTime': '14:20', 'campus': 'Burnaby'}]",,3.0
CRIM 344,D103,fall,2026,CRIM 101 and CRIM 135.,CRIM 101;CRIM 135,False,"[{'days': 'Fr', 'startTime': '14:30', 'endTime': '15:20', 'campus': 'Burnaby'}]",,3.0
CRIM 344,D104,fall,2026,CRIM 101 and CRIM 135.,CRIM 101;CRIM 135,False,"[{'days': 'Fr', 'startTime': '15:30', 'endTime': '16:20', 'campus': 'Burnaby'}]",,3.0
CRIM 344,D105,fall,2026,CRIM 101 and CRIM 135.,CRIM 101;CRIM 135,False,"[{'days': 'Fr', 'startTime': '16:30', 'endTime': '17:20', 'campus': 'Burnaby'}]",,3.0
CRIM 355,D100,fall,2026,45 units.,,False,"[{'days': 'Th', 'startTime': '8:30', 'endTime': '10:20', 'campus': 'Burnaby'}]",Sessional,3.0
CRIM 355,D101,fall,2026,45 units.,,False,"[{'days': 'Th', 'startTime': '12:30', 'endTime': '13:20', 'campus': 'Burnaby'}]",,3.0
CRIM 355,D102,fall,2026,45 units.,,False,"[{'days': 'Th', 'startTime': '13:30', 'endTime': '14:20', 'campus': 'Burnaby'}]",,3.0
CRIM 355,D103,fall,2026,45 units.,,False,"[{'days': 'Th', 'startTime': '14:30', 'endTime': '15:20', 'campus': 'Burnaby'}]",,3.0
CRIM 355,D104,fall,2026,45 units.,,False,"[{'days': 'Th', 'startTime': '15:30', 'endTime': '16:20', 'campus': 'Burnaby'}]",,3.0
CRIM 355,D105,fall,2026,45 units.,,False,"[{'days': 'Th', 'startTime': '16:30', 'endTime': '17:20', 'campus': 'Burnaby'}]",,3.0
CRIM 355,D106,fall,2026,45 units.,,False,"[{'days': 'Th', 'startTime': '17:30', 'endTime': '18:20', 'campus': 'Burnaby'}]",,3.0
CRIM 355,D107,fall,2026,45 units.,,False,"[{'days': 'Th', 'startTime': '18:30', 'endTime': '19:20', 'campus': 'Burnaby'}]",,3.0
CRIM 355,OL01,fall,2026,45 units.,,False,[],Gail Anderson,3.0
CRIM 356,D100,fall,2026,45 units.,,False,"[{'days': 'Tu', 'startTime': '8:30', 'endTime': '10:20', 'campus': 'Burnaby'}]",Sessional,3.0
CRIM 356,D101,fall,2026,45 units.,,False,"[{'days': 'Tu', 'startTime': '10:30', 'endTime': '11:20', 'campus': 'Burnaby'}]",,3.0
CRIM 356,D102,fall,2026,45 units.,,False,"[{'days': 'Tu', 'startTime': '11:30', 'endTime': '12:20', 'campus': 'Burnaby'}]",,3.0
CRIM 356,D103,fall,2026,45 units.,,False,"[{'days': 'Tu', 'startTime': '13:30', 'endTime': '14:20', 'campus': 'Burnaby'}]",,3.0
CRIM 356,D104,fall,2026,45 units.,,False,"[{'days': 'Tu', 'startTime': '14:30', 'endTime': '15:20', 'campus': 'Burnaby'}]",,3.0
CRIM 356,D105,fall,2026,45 units.,,False,"[{'days': 'Tu', 'startTime': '15:30', 'endTime': '16:20', 'campus': 'Burnaby'}]",,3.0
CRIM 357,D100,fall,2026,CRIM 101.,CRIM 101,False,"[{'days': 'Mo', 'startTime': '14:30', 'endTime': '17:20', 'campus': 'Burnaby'}]",Sessional,3.0
CRIM 370,D100,fall,2026,"CRIM 320 and 330, and written application to the school no later than the last day of classes of the preceding term. CRIM 370 and 470 may not be taken concurrently.",CRIM 320;CRIM 370,False,[],Danielle Murdoch,3.0
CRIM 370,D200,fall,2026,"CRIM 320 and 330, and written application to the school no later than the last day of classes of the preceding term. CRIM 370 and 470 may not be taken concurrently.",CRIM 320;CRIM 370,False,[],,3.0
CRIM 370,D300,fall,2026,"CRIM 320 and 330, and written application to the school no later than the last day of classes of the preceding term. CRIM 370 and 470 may not be taken concurrently.",CRIM 320;CRIM 370,False,[],,3.0
CRIM 370,D400,fall,2026,"CRIM 320 and 330, and written application to the school no later than the last day of classes of the preceding term. CRIM 370 and 470 may not be taken concurrently.",CRIM 320;CRIM 370,False,[],,3.0
CRIM 409,D900,fall,2026,CRIM 101 and CRIM 135.,CRIM 101;CRIM 135,False,"[{'days': 'Fr', 'startTime': '9:30', 'endTime': '12:20', 'campus': 'Surrey'}]",Ryan Prox,3.0
CRIM 409,D901,fall,2026,CRIM 101 and CRIM 135.,CRIM 101;CRIM 135,False,"[{'days': 'Fr', 'startTime': '12:30', 'endTime': '13:20', 'campus': 'Surrey'}]",,3.0
CRIM 451,D100,fall,2026,CRIM 101. Recommended: CRIM 355.,CRIM 101,False,"[{'days': 'Fr', 'startTime': '14:30', 'endTime': '17:20', 'campus': 'Burnaby'}]",Gail Anderson,3.0
CRIM 458,D900,fall,2026,CRIM 251.,CRIM 251,False,"[{'days': 'Tu', 'startTime': '11:30', 'endTime': '14:20', 'campus': 'Surrey'}]",Rylan Simpson,3.0
CRIM 470,D100,fall,2026,"CRIM 320, 321 and 330. Written application to the school no later than the last day of classes of the preceding term. Reserved for criminology honours and majors. Recommended: CRIM 370.",CRIM 320,False,[],,5.0
CRIM 470,D200,fall,2026,"CRIM 320, 321 and 330. Written application to the school no later than the last day of classes of the preceding term. Reserved for criminology honours and majors. Recommended: CRIM 370.",CRIM 320,False,[],,5.0
CRIM 470,D300,fall,2026,"CRIM 320, 321 and 330. Written application to the school no later than the last day of classes of the preceding term. Reserved for criminology honours and majors. Recommended: CRIM 370.",CRIM 320,False,[],,5.0
CRIM 470,D400,fall,2026,"CRIM 320, 321 and 330. Written application to the school no later than the last day of classes of the preceding term. Reserved for criminology honours and majors. Recommended: CRIM 370.",CRIM 320,False,[],,5.0
CRIM 470,D500,fall,2026,"CRIM 320, 321 and 330. Written application to the school no later than the last day of classes of the preceding term. Reserved for criminology honours and majors. Recommended: CRIM 370.",CRIM 320,False,[],,5.0
CRIM 485,OL01,fall,2026,"Permission of the school, and minimum 90 units and CGPA of 2.75. Applicants must be declared criminology majors.",,True,[],Helene Love,1.0
CRIM 486,D100,fall,2026,"Permission of the school, and minimum 90 units and CGPA of 2.75. Applicants must be declared criminology majors and must be enrolled in or have completed CRIM 320, 321 and 485. Corequisite: CRIM 488. A criminal record check may be required dependent on agency.",CRIM 320;CRIM 488,False,[],Helene Love,1.0
CRIM 487,D100,fall,2026,"CRIM 485, a minimum of 90 units and CGPA of 2.75, and/or permission of the school. Applicants must be declared criminology majors. Corequisite: CRIM 489. A criminal record check may be required dependent on agency.",CRIM 485;CRIM 489,False,[],Helene Love,4.0
CRIM 488,D100,fall,2026,"Permission of the school, CRIM 485, a minimum of 90 units and CGPA of 2.75. Applicants must be declared criminology majors. Corequisite: CRIM 486. A criminal record check may be required dependent on agency.",CRIM 485;CRIM 486,False,[],Helene Love,4.0
CRIM 489,D100,fall,2026,"CRIM 485, a minimum of 90 units and CGPA of 2.75, and/or permission of the school. Applicants must be declared criminology majors. Corequisite: CRIM 487. A criminal record check may be required dependent on agency.",CRIM 485;CRIM 487,False,[],Helene Love,8.0
CRIM 490,D100,fall,2026,Open only to students who have been admitted to the criminology honours program.,,False,[],Danielle Murdoch,3.0
CRIM 491,D100,fall,2026,Open only to students who have been admitted to the criminology honours program.,,False,"[{'days': 'We', 'startTime': '9:30', 'endTime': '12:20', 'campus': 'Burnaby'}]",Danielle Murdoch,4.0
CRIM 491,D101,fall,2026,Open only to students who have been admitted to the criminology honours program.,,False,"[{'days': 'We', 'startTime': '8:30', 'endTime': '9:20', 'campus': 'Burnaby'}]",Danielle Murdoch,4.0
CRIM 800,G100,fall,2026,,,False,"[{'days': 'Mo', 'startTime': '13:30', 'endTime': '16:20', 'campus': 'Burnaby'}]",Evan Mccuish,3.0
CRIM 817,G100,fall,2026,,,False,"[{'days': 'We', 'startTime': '9:30', 'endTime': '12:20', 'campus': 'Burnaby'}]",Amanda Butler,3.0
CRIM 818,G100,fall,2026,,,False,"[{'days': 'Fr', 'startTime': '14:30', 'endTime': '17:20', 'campus': 'Burnaby'}]",Gail Anderson,3.0
CRIM 860,G100,fall,2026,,,False,"[{'days': 'Fr', 'startTime': '9:30', 'endTime': '12:20', 'campus': 'Burnaby'}]",Ted Palys,3.0
CRIM 870,G100,fall,2026,,,False,[],,3.0
CRIM 870,G200,fall,2026,,,False,[],,3.0
CRIM 871,G100,fall,2026,,,False,"[{'days': 'Fr', 'startTime': '9:30', 'endTime': '12:20', 'campus': 'Surrey'}]",Ryan Prox,3.0
CRIM 871,G101,fall,2026,,,False,"[{'days': 'Fr', 'startTime': '12:30', 'endTime': '13:20', 'campus': 'Surrey'}]",,3.0
CRIM 890,G100,fall,2026,CRIM 897.,CRIM 897,False,[],,
CRIM 890,G200,fall,2026,CRIM 897.,CRIM 897,False,[],,
CRIM 897,G100,fall,2026,Completion of all course work within the PhD program.,,False,[],,6.0
CRIM 897,G200,fall,2026,Completion of all course work within the PhD program.,,False,[],,6.0
CRIM 898,G100,fall,2026,,,False,[],,18.0
CRIM 898,G200,fall,2026,,,False,[],,18.0
CRIM 899,G100,fall,2026,,,False,[],,18.0
CRIM 899,G200,fall,2026,,,False,[],,18.0
DATA 180,E100,fall,2026,Major or honours in Data Science or permission of the program director.,,True,"[{'days': 'Tu', 'startTime': '18:30', 'endTime': '20:20', 'campus': 'Burnaby'}]",Jiguo Cao,1.0
DATA 260,E100,fall,2026,"One of STAT 201, STAT 203, STAT 205, STAT 270, STAT 271, BUS 232, ECON 233, or POL 201, with a grade of at least C- or permission of the instructor.",STAT 201;STAT 203;STAT 205;STAT 270;STAT 271;BUS 232;ECON 233;POL 201,False,"[{'days': 'Mo', 'startTime': '16:30', 'endTime': '18:20', 'campus': 'Burnaby'}]",David Stenning,3.0
DATA 260,E101,fall,2026,"One of STAT 201, STAT 203, STAT 205, STAT 270, STAT 271, BUS 232, ECON 233, or POL 201, with a grade of at least C- or permission of the instructor.",STAT 201;STAT 203;STAT 205;STAT 270;STAT 271;BUS 232;ECON 233;POL 201,False,"[{'days': 'We', 'startTime': '16:30', 'endTime': '17:20', 'campus': 'Burnaby'}]",David Stenning,3.0
DATA 260,E102,fall,2026,"One of STAT 201, STAT 203, STAT 205, STAT 270, STAT 271, BUS 232, ECON 233, or POL 201, with a grade of at least C- or permission of the instructor.",STAT 201;STAT 203;STAT 205;STAT 270;STAT 271;BUS 232;ECON 233;POL 201,False,"[{'days': 'We', 'startTime': '17:30', 'endTime': '18:20', 'campus': 'Burnaby'}]",David Stenning,3.0
DATA 260,E103,fall,2026,"One of STAT 201, STAT 203, STAT 205, STAT 270, STAT 271, BUS 232, ECON 233, or POL 201, with a grade of at least C- or permission of the instructor.",STAT 201;STAT 203;STAT 205;STAT 270;STAT 271;BUS 232;ECON 233;POL 201,False,"[{'days': 'We', 'startTime': '18:30', 'endTime': '19:20', 'campus': 'Burnaby'}]",David Stenning,3.0
DATA 260,E104,fall,2026,"One of STAT 201, STAT 203, STAT 205, STAT 270, STAT 271, BUS 232, ECON 233, or POL 201, with a grade of at least C- or permission of the instructor.",STAT 201;STAT 203;STAT 205;STAT 270;STAT 271;BUS 232;ECON 233;POL 201,False,"[{'days': 'Th', 'startTime': '17:30', 'endTime': '18:20', 'campus': 'Burnaby'}]",David Stenning,3.0
DATA 260,E105,fall,2026,"One of STAT 201, STAT 203, STAT 205, STAT 270, STAT 271, BUS 232, ECON 233, or POL 201, with a grade of at least C- or permission of the instructor.",STAT 201;STAT 203;STAT 205;STAT 270;STAT 271;BUS 232;ECON 233;POL 201,False,"[{'days': 'Th', 'startTime': '18:30', 'endTime': '19:20', 'campus': 'Burnaby'}]",David Stenning,3.0
DMED 500,G100,fall,2026,,,False,"[{'days': 'Tu', 'startTime': '9:00', 'endTime': '12:00', 'campus': None}]",Jason Elliott,3.0
DMED 502,G100,fall,2026,,,False,"[{'days': 'Fr', 'startTime': '9:00', 'endTime': '12:00', 'campus': None}, {'days': 'Fr', 'startTime': '13:00', 'endTime': '16:00', 'campus': None}]",David Fracchia,3.0
DMED 503,G100,fall,2026,,,False,"[{'days': 'We', 'startTime': '9:00', 'endTime': '12:00', 'campus': None}]",Jason Elliott,3.0
DMED 520,G100,fall,2026,This course is only available to students enrolled in the master of digital media program.,,False,"[{'days': 'Th', 'startTime': '9:00', 'endTime': '16:00', 'campus': None}]",Thelma Wiegert,6.0
DMED 530,G100,fall,2026,,,False,[],Vic Ong,6.0
DMED 530,G200,fall,2026,,,False,[],Thelma Wiegert,6.0
DMED 530,G300,fall,2026,,,False,[],Shuai Zhao,6.0
DMED 530,G400,fall,2026,,,False,[],Rock Leung,6.0
DMED 530,G500,fall,2026,,,False,[],Tiz Beretta,6.0
DMED 560,G100,fall,2026,,,False,"[{'days': 'We', 'startTime': '15:00', 'endTime': '18:00', 'campus': None}]",Jaclynn Wong,3.0
DMED 561,G100,fall,2026,,,False,"[{'days': 'Mo', 'startTime': '14:00', 'endTime': '17:15', 'campus': None}]",Elisabeta Osian,3.0
DMED 561,G101,fall,2026,,,False,"[{'days': 'Tu, Th', 'startTime': '14:00', 'endTime': '17:15', 'campus': None}]",Elisabeta Osian,3.0
EASC 101,D100,fall,2026,,,False,"[{'days': 'Mo, We', 'startTime': '11:30', 'endTime': '12:20', 'campus': 'Burnaby'}]",Cindy Hansen,3.0
EASC 101,D101,fall,2026,,,False,"[{'days': 'Mo', 'startTime': '13:30', 'endTime': '15:20', 'campus': 'Burnaby'}]",,3.0
EASC 101,D102,fall,2026,,,False,"[{'days': 'Mo', 'startTime': '13:30', 'endTime': '15:20', 'campus': 'Burnaby'}]",,3.0
EASC 101,D103,fall,2026,,,False,"[{'days': 'We', 'startTime': '14:30', 'endTime': '16:20', 'campus': 'Burnaby'}]",,3.0
EASC 101,D104,fall,2026,,,False,"[{'days': 'We', 'startTime': '14:30', 'endTime': '16:20', 'campus': 'Burnaby'}]",,3.0
EASC 106,D100,fall,2026,,,False,"[{'days': 'Tu', 'startTime': '16:30', 'endTime': '17:50', 'campus': 'Burnaby'}, {'days': 'Th', 'startTime': '16:30', 'endTime': '17:50', 'campus': 'Burnaby'}]",Cindy Hansen,3.0
EASC 202,D100,fall,2026,EASC 101 and CHEM 121. All with a grade of C- or better.,EASC 101;CHEM 121,False,"[{'days': 'Mo, We', 'startTime': '12:30', 'endTime': '13:20', 'campus': 'Burnaby'}]",Reid Staples,3.0
EASC 202,D101,fall,2026,EASC 101 and CHEM 121. All with a grade of C- or better.,EASC 101;CHEM 121,False,"[{'days': 'Mo', 'startTime': '14:30', 'endTime': '17:20', 'campus': 'Burnaby'}]",,3.0
EASC 206,D100,fall,2026,EASC 101 with a minimum grade of C- or better. Corequisite: EASC 106.,EASC 101;EASC 106,False,"[{'days': 'Fr', 'startTime': '10:30', 'endTime': '12:20', 'campus': 'Burnaby'}]",Reid Staples,3.0
EASC 206,D101,fall,2026,EASC 101 with a minimum grade of C- or better. Corequisite: EASC 106.,EASC 101;EASC 106,False,"[{'days': 'Fr', 'startTime': '13:30', 'endTime': '16:20', 'campus': 'Burnaby'}]",,3.0
EASC 209W,D100,fall,2026,EASC 101 with a grade of C- or better.,EASC 101,False,"[{'days': 'Tu', 'startTime': '8:30', 'endTime': '10:20', 'campus': 'Burnaby'}, {'days': 'Th', 'startTime': '8:30', 'endTime': '9:20', 'campus': 'Burnaby'}]",Brent Ward,4.0
EASC 209W,D101,fall,2026,EASC 101 with a grade of C- or better.,EASC 101,False,"[{'days': 'Th', 'startTime': '11:30', 'endTime': '14:20', 'campus': 'Burnaby'}]",,4.0
EASC 301,D100,fall,2026,EASC 205 and 208. All with a grade of C- or better.,EASC 205,False,"[{'days': 'Mo, We', 'startTime': '9:30', 'endTime': '10:20', 'campus': 'Burnaby'}]",Reid Staples,3.0
EASC 301,D101,fall,2026,EASC 205 and 208. All with a grade of C- or better.,EASC 205,False,"[{'days': 'We', 'startTime': '14:30', 'endTime': '17:20', 'campus': 'Burnaby'}]",,3.0
EASC 304,D100,fall,2026,"EASC 101 and PHYS 102 or 121 or 126 or 141; and 12 additional units in earth sciences, physical geography or environmental science. All with a grade of C- or better.",EASC 101;PHYS 102,False,"[{'days': 'Tu', 'startTime': '10:30', 'endTime': '12:20', 'campus': 'Burnaby'}]",Gwenn Flowers,3.0
EASC 304,D101,fall,2026,"EASC 101 and PHYS 102 or 121 or 126 or 141; and 12 additional units in earth sciences, physical geography or environmental science. All with a grade of C- or better.",EASC 101;PHYS 102,False,"[{'days': 'Tu', 'startTime': '13:30', 'endTime': '16:20', 'campus': 'Burnaby'}]",,3.0
EASC 307,D100,fall,2026,"One of (PHYS 102 and PHYS 133), (PHYS 121 and PHYS 133), (PHYS 126 and PHYS 133) or (PHYS 141) and STAT 201 or 270, all with a grade of C- or better.",PHYS 102;PHYS 133;PHYS 121;PHYS 126;PHYS 141;STAT 201,False,"[{'days': 'Th', 'startTime': '10:30', 'endTime': '12:20', 'campus': 'Burnaby'}]",Glyn Williams-Jones,3.0
EASC 307,D101,fall,2026,"One of (PHYS 102 and PHYS 133), (PHYS 121 and PHYS 133), (PHYS 126 and PHYS 133) or (PHYS 141) and STAT 201 or 270, all with a grade of C- or better.",PHYS 102;PHYS 133;PHYS 121;PHYS 126;PHYS 141;STAT 201,False,"[{'days': 'Th', 'startTime': '14:30', 'endTime': '17:20', 'campus': 'Burnaby'}]",,3.0
EASC 309,D100,fall,2026,"EASC 201, 204, 205, 206 and 307, all with a grade of C- or better.",EASC 201,False,"[{'days': 'Th', 'startTime': '10:30', 'endTime': '12:20', 'campus': 'Burnaby'}]",Daniel Gibson,3.0
EASC 309,D101,fall,2026,"EASC 201, 204, 205, 206 and 307, all with a grade of C- or better.",EASC 201,False,"[{'days': 'Th', 'startTime': '14:30', 'endTime': '17:20', 'campus': 'Burnaby'}]",,3.0
EASC 315,D100,fall,2026,CHEM 122 and 126. Corequisite or Prerequisite: EASC 304. All with a grade of C- or better.,CHEM 122;EASC 304,False,"[{'days': 'Fr', 'startTime': '8:30', 'endTime': '10:20', 'campus': 'Burnaby'}]",Xinyue Xu,3.0
EASC 315,D101,fall,2026,CHEM 122 and 126. Corequisite or Prerequisite: EASC 304. All with a grade of C- or better.,CHEM 122;EASC 304,False,"[{'days': 'Fr', 'startTime': '12:30', 'endTime': '15:20', 'campus': 'Burnaby'}]",,3.0
EASC 402,D100,fall,2026,EASC 201 with a grade of C- or better.,EASC 201,False,"[{'days': 'Fr', 'startTime': '8:30', 'endTime': '10:20', 'campus': 'Burnaby'}]",Shahin Dashtgard,3.0
EASC 402,D101,fall,2026,EASC 201 with a grade of C- or better.,EASC 201,False,"[{'days': 'Fr', 'startTime': '12:30', 'endTime': '15:20', 'campus': 'Burnaby'}]",,3.0
EASC 408,D100,fall,2026,/Corequsite: EASC 309 with a C- or better.,EASC 309,False,"[{'days': 'Tu', 'startTime': '8:30', 'endTime': '10:20', 'campus': 'Burnaby'}]",Daniel Gibson,3.0
EASC 408,D101,fall,2026,/Corequsite: EASC 309 with a C- or better.,EASC 309,False,"[{'days': 'Tu', 'startTime': '13:30', 'endTime': '16:20', 'campus': 'Burnaby'}]",,3.0
EASC 413,D100,fall,2026,EASC 313 with a grade of C- or better or permission of instructor.,EASC 313,False,"[{'days': 'Mo', 'startTime': '14:30', 'endTime': '16:20', 'campus': 'Burnaby'}]",Sergio Sepulveda,3.0
EASC 413,D101,fall,2026,EASC 313 with a grade of C- or better or permission of instructor.,EASC 313,False,"[{'days': 'We', 'startTime': '11:30', 'endTime': '14:20', 'campus': 'Burnaby'}]",,3.0
EASC 491,D100,fall,2026,75 units including 30 units in earth science courses and permission of the department.,,True,[],Daniel Gibson,1.0
EASC 493,D100,fall,2026,75 units including 30 units in earth sciences courses and permission of the department.,,True,[],Xinyue Xu,3.0
EASC 493,D200,fall,2026,75 units including 30 units in earth sciences courses and permission of the department.,,True,[],,3.0
EASC 498,D100,fall,2026,Permission of the department. Normally taken after completion of 300-level program requirements.,,True,[],,3.0
EASC 600,G100,fall,2026,,,False,[],,
EASC 611,G100,fall,2026,,,False,"[{'days': 'Fr', 'startTime': '8:30', 'endTime': '10:20', 'campus': 'Burnaby'}]",Shahin Dashtgard,3.0
EASC 611,G101,fall,2026,,,False,"[{'days': 'Fr', 'startTime': '12:30', 'endTime': '15:20', 'campus': 'Burnaby'}]",,3.0
EASC 624,G100,fall,2026,"An undergraduate background that includes courses at any level in structural geology, plate tectonics, geochemistry, geophysics, petrology (sedimentary, metamorphic, and igneous), plus permission from the instructor.",,True,"[{'days': 'Tu', 'startTime': '8:30', 'endTime': '10:20', 'campus': 'Burnaby'}]",Daniel Gibson,3.0
EASC 624,G101,fall,2026,"An undergraduate background that includes courses at any level in structural geology, plate tectonics, geochemistry, geophysics, petrology (sedimentary, metamorphic, and igneous), plus permission from the instructor.",,True,"[{'days': 'Tu', 'startTime': '13:30', 'endTime': '16:20', 'campus': 'Burnaby'}]",,3.0
EASC 629,G100,fall,2026,EASC 313 or permission of instructor.,EASC 313,False,"[{'days': 'Mo', 'startTime': '14:30', 'endTime': '16:20', 'campus': 'Burnaby'}]",Sergio Sepulveda,3.0
EASC 629,G101,fall,2026,EASC 313 or permission of instructor.,EASC 313,False,"[{'days': 'We', 'startTime': '11:30', 'endTime': '14:20', 'campus': 'Burnaby'}]",,3.0
EASC 810,G100,fall,2026,Enrollment in MSc program.,,False,[],,3.0
EASC 898,G100,fall,2026,Enrollment in MSc program.,,False,[],,18.0
EASC 898,G200,fall,2026,Enrollment in MSc program.,,False,[],,18.0
EASC 901,G100,fall,2026,Enrollment in PhD program.,,False,[],,1.0
EASC 910,G100,fall,2026,Enrollment in PhD program.,,False,[],,
EASC 998,G100,fall,2026,Enrollment in PhD Program.,,False,[],,18.0
EASC 998,G200,fall,2026,Enrollment in PhD Program.,,False,[],,18.0
ECON 103,D100,fall,2026,,,False,"[{'days': 'Mo', 'startTime': '10:30', 'endTime': '12:20', 'campus': 'Burnaby'}, {'days': 'We', 'startTime': '10:30', 'endTime': '11:20', 'campus': 'Burnaby'}]",Douglas Allen,4.0
ECON 103,D101,fall,2026,,,False,"[{'days': 'Mo', 'startTime': '14:30', 'endTime': '15:20', 'campus': 'Burnaby'}]",,4.0
ECON 103,D102,fall,2026,,,False,"[{'days': 'Mo', 'startTime': '14:30', 'endTime': '15:20', 'campus': 'Burnaby'}]",,4.0
ECON 103,D103,fall,2026,,,False,"[{'days': 'Mo', 'startTime': '15:30', 'endTime': '16:20', 'campus': 'Burnaby'}]",,4.0
ECON 103,D104,fall,2026,,,False,"[{'days': 'Mo', 'startTime': '15:30', 'endTime': '16:20', 'campus': 'Burnaby'}]",,4.0
ECON 103,D105,fall,2026,,,False,"[{'days': 'We', 'startTime': '9:30', 'endTime': '10:20', 'campus': 'Burnaby'}]",,4.0
ECON 103,D106,fall,2026,,,False,"[{'days': 'We', 'startTime': '9:30', 'endTime': '10:20', 'campus': 'Burnaby'}]",,4.0
ECON 103,D107,fall,2026,,,False,"[{'days': 'We', 'startTime': '8:30', 'endTime': '9:20', 'campus': 'Burnaby'}]",,4.0
ECON 103,D108,fall,2026,,,False,"[{'days': 'We', 'startTime': '8:30', 'endTime': '9:20', 'campus': 'Burnaby'}]",,4.0
ECON 103,D109,fall,2026,,,False,"[{'days': 'Mo', 'startTime': '12:30', 'endTime': '13:20', 'campus': 'Burnaby'}]",,4.0
ECON 103,D110,fall,2026,,,False,"[{'days': 'Mo', 'startTime': '12:30', 'endTime': '13:20', 'campus': 'Burnaby'}]",,4.0
ECON 103,D111,fall,2026,,,False,"[{'days': 'Mo', 'startTime': '13:30', 'endTime': '14:20', 'campus': 'Burnaby'}]",,4.0
ECON 103,D200,fall,2026,,,False,"[{'days': 'Tu', 'startTime': '14:30', 'endTime': '17:20', 'campus': 'Burnaby'}]",Martin Santamaria,4.0
ECON 103,D201,fall,2026,,,False,"[{'days': 'Th', 'startTime': '8:30', 'endTime': '9:20', 'campus': 'Burnaby'}]",,4.0
ECON 103,D202,fall,2026,,,False,"[{'days': 'Th', 'startTime': '9:30', 'endTime': '10:20', 'campus': 'Burnaby'}]",,4.0
ECON 103,D203,fall,2026,,,False,"[{'days': 'Th', 'startTime': '10:30', 'endTime': '11:20', 'campus': 'Burnaby'}]",,4.0
ECON 103,D204,fall,2026,,,False,"[{'days': 'Th', 'startTime': '11:30', 'endTime': '12:20', 'campus': 'Burnaby'}]",,4.0
ECON 103,D205,fall,2026,,,False,"[{'days': 'Tu', 'startTime': '8:30', 'endTime': '9:20', 'campus': 'Burnaby'}]",,4.0
ECON 103,D206,fall,2026,,,False,"[{'days': 'Tu', 'startTime': '9:30', 'endTime': '10:20', 'campus': 'Burnaby'}]",,4.0
ECON 103,D207,fall,2026,,,False,"[{'days': 'Tu', 'startTime': '10:30', 'endTime': '11:20', 'campus': 'Burnaby'}]",,4.0
ECON 103,D208,fall,2026,,,False,"[{'days': 'Tu', 'startTime': '11:30', 'endTime': '12:20', 'campus': 'Burnaby'}]",,4.0
ECON 103,D209,fall,2026,,,False,"[{'days': 'Tu', 'startTime': '9:30', 'endTime': '10:20', 'campus': 'Burnaby'}]",,4.0
ECON 103,D210,fall,2026,,,False,"[{'days': 'Tu', 'startTime': '10:30', 'endTime': '11:20', 'campus': 'Burnaby'}]",,4.0
ECON 103,D900,fall,2026,,,False,"[{'days': 'Tu, Th', 'startTime': '10:30', 'endTime': '12:20', 'campus': 'Surrey'}]",Gulriz Barkin,4.0
ECON 105,D100,fall,2026,,,False,"[{'days': 'We', 'startTime': '14:30', 'endTime': '17:20', 'campus': 'Burnaby'}]",Martin Santamaria,4.0
ECON 105,D101,fall,2026,,,False,"[{'days': 'Tu', 'startTime': '8:30', 'endTime': '9:20', 'campus': 'Burnaby'}]",,4.0
ECON 105,D102,fall,2026,,,False,"[{'days': 'Tu', 'startTime': '9:30', 'endTime': '10:20', 'campus': 'Burnaby'}]",,4.0
ECON 105,D103,fall,2026,,,False,"[{'days': 'Tu', 'startTime': '10:30', 'endTime': '11:20', 'campus': 'Burnaby'}]",,4.0
ECON 105,D104,fall,2026,,,False,"[{'days': 'Tu', 'startTime': '11:30', 'endTime': '12:20', 'campus': 'Burnaby'}]",,4.0
ECON 105,D105,fall,2026,,,False,"[{'days': 'Tu', 'startTime': '12:30', 'endTime': '13:20', 'campus': 'Burnaby'}]",,4.0
ECON 105,D106,fall,2026,,,False,"[{'days': 'Tu', 'startTime': '10:30', 'endTime': '11:20', 'campus': 'Burnaby'}]",,4.0
ECON 105,D107,fall,2026,,,False,"[{'days': 'We', 'startTime': '10:30', 'endTime': '11:20', 'campus': 'Burnaby'}]",,4.0
ECON 105,D108,fall,2026,,,False,"[{'days': 'We', 'startTime': '10:30', 'endTime': '11:20', 'campus': 'Burnaby'}]",,4.0
ECON 105,D109,fall,2026,,,False,"[{'days': 'We', 'startTime': '9:30', 'endTime': '10:20', 'campus': 'Burnaby'}]",,4.0
ECON 105,D110,fall,2026,,,False,"[{'days': 'We', 'startTime': '9:30', 'endTime': '10:20', 'campus': 'Burnaby'}]",,4.0
ECON 105,D111,fall,2026,,,False,"[{'days': 'We', 'startTime': '8:30', 'endTime': '9:20', 'campus': 'Burnaby'}]",,4.0
ECON 105,D114,fall,2026,,,False,"[{'days': 'Tu', 'startTime': '8:30', 'endTime': '9:20', 'campus': 'Burnaby'}]",,4.0
ECON 105,D115,fall,2026,,,False,"[{'days': 'Mo', 'startTime': '14:30', 'endTime': '15:20', 'campus': 'Burnaby'}]",,4.0
ECON 105,D116,fall,2026,,,False,"[{'days': 'Mo', 'startTime': '15:30', 'endTime': '16:20', 'campus': 'Burnaby'}]",,4.0
ECON 105,D117,fall,2026,,,False,"[{'days': 'Mo', 'startTime': '16:30', 'endTime': '17:20', 'campus': 'Burnaby'}]",,4.0
ECON 113,D100,fall,2026,,,False,"[{'days': 'Mo', 'startTime': '14:30', 'endTime': '16:20', 'campus': 'Burnaby'}]",Pierre Mouganie,3.0
ECON 113,D101,fall,2026,,,False,"[{'days': 'Th', 'startTime': '9:30', 'endTime': '10:20', 'campus': 'Burnaby'}]",,3.0
ECON 113,D102,fall,2026,,,False,"[{'days': 'Th', 'startTime': '10:30', 'endTime': '11:20', 'campus': 'Burnaby'}]",,3.0
ECON 113,D103,fall,2026,,,False,"[{'days': 'Tu', 'startTime': '9:30', 'endTime': '10:20', 'campus': 'Burnaby'}]",,3.0
ECON 113,D104,fall,2026,,,False,"[{'days': 'Tu', 'startTime': '9:30', 'endTime': '10:20', 'campus': 'Burnaby'}]",,3.0
ECON 113,D105,fall,2026,,,False,"[{'days': 'Tu', 'startTime': '10:30', 'endTime': '11:20', 'campus': 'Burnaby'}]",,3.0
ECON 113,D106,fall,2026,,,False,"[{'days': 'Tu', 'startTime': '10:30', 'endTime': '11:20', 'campus': 'Burnaby'}]",,3.0
ECON 113,D107,fall,2026,,,False,"[{'days': 'Tu', 'startTime': '11:30', 'endTime': '12:20', 'campus': 'Burnaby'}]",,3.0
ECON 113,D108,fall,2026,,,False,"[{'days': 'Tu', 'startTime': '11:30', 'endTime': '12:20', 'campus': 'Burnaby'}]",,3.0
ECON 113,D109,fall,2026,,,False,"[{'days': 'We', 'startTime': '8:30', 'endTime': '9:20', 'campus': 'Burnaby'}]",,3.0
ECON 113,D110,fall,2026,,,False,"[{'days': 'We', 'startTime': '8:30', 'endTime': '9:20', 'campus': 'Burnaby'}]",,3.0
ECON 113,D111,fall,2026,,,False,"[{'days': 'We', 'startTime': '9:30', 'endTime': '10:20', 'campus': 'Burnaby'}]",,3.0
ECON 113,D112,fall,2026,,,False,"[{'days': 'We', 'startTime': '9:30', 'endTime': '10:20', 'campus': 'Burnaby'}]",,3.0
ECON 113,D113,fall,2026,,,False,"[{'days': 'We', 'startTime': '10:30', 'endTime': '11:20', 'campus': 'Burnaby'}]",,3.0
ECON 113,D114,fall,2026,,,False,"[{'days': 'We', 'startTime': '10:30', 'endTime': '11:20', 'campus': 'Burnaby'}]",,3.0
ECON 113,D115,fall,2026,,,False,"[{'days': 'Th', 'startTime': '11:30', 'endTime': '12:20', 'campus': 'Burnaby'}]",,3.0
ECON 115,D100,fall,2026,,,False,"[{'days': 'Fr', 'startTime': '10:30', 'endTime': '12:20', 'campus': 'Burnaby'}]",Martin Santamaria,3.0
ECON 115,D101,fall,2026,,,False,"[{'days': 'Tu', 'startTime': '8:30', 'endTime': '9:20', 'campus': 'Burnaby'}]",,3.0
ECON 115,D102,fall,2026,,,False,"[{'days': 'Tu', 'startTime': '9:30', 'endTime': '10:20', 'campus': 'Burnaby'}]",,3.0
ECON 115,D103,fall,2026,,,False,"[{'days': 'Tu', 'startTime': '10:30', 'endTime': '11:20', 'campus': 'Burnaby'}]",,3.0
ECON 115,D104,fall,2026,,,False,"[{'days': 'Tu', 'startTime': '11:30', 'endTime': '12:20', 'campus': 'Burnaby'}]",,3.0
ECON 115,D106,fall,2026,,,False,"[{'days': 'We', 'startTime': '9:30', 'endTime': '10:20', 'campus': 'Burnaby'}]",,3.0
ECON 115,D109,fall,2026,,,False,"[{'days': 'Th', 'startTime': '10:30', 'endTime': '11:20', 'campus': 'Burnaby'}]",,3.0
ECON 115,D110,fall,2026,,,False,"[{'days': 'Th', 'startTime': '11:30', 'endTime': '12:20', 'campus': 'Burnaby'}]",,3.0
ECON 115,D113,fall,2026,,,False,"[{'days': 'We', 'startTime': '10:30', 'endTime': '11:20', 'campus': 'Burnaby'}]",,3.0
ECON 115,D114,fall,2026,,,False,"[{'days': 'Tu', 'startTime': '12:30', 'endTime': '13:20', 'campus': 'Burnaby'}]",,3.0
ECON 115,D115,fall,2026,,,False,"[{'days': 'Tu', 'startTime': '12:30', 'endTime': '13:20', 'campus': 'Burnaby'}]",,3.0
ECON 182,D100,fall,2026,,,False,"[{'days': 'Th', 'startTime': '14:30', 'endTime': '17:20', 'campus': 'Burnaby'}]",Kevin Laughren,3.0
ECON 201,D100,fall,2026,"ECON 103 with a minimum grade of C- or ECON 113 with a minimum grade of B-; ECON 105 with a minimum grade of C- or ECON 115 with a minimum grade of B-; MATH 150, MATH 151, MATH 154, or MATH 157, with a minimum grade of C-.",ECON 103;ECON 113;ECON 105;ECON 115;MATH 150;MATH 151;MATH 154;MATH 157,False,"[{'days': 'Tu', 'startTime': '14:30', 'endTime': '16:20', 'campus': 'Burnaby'}, {'days': 'Fr', 'startTime': '14:30', 'endTime': '15:20', 'campus': 'Burnaby'}]",Christoph Luelfesmann,4.0
ECON 201,D101,fall,2026,"ECON 103 with a minimum grade of C- or ECON 113 with a minimum grade of B-; ECON 105 with a minimum grade of C- or ECON 115 with a minimum grade of B-; MATH 150, MATH 151, MATH 154, or MATH 157, with a minimum grade of C-.",ECON 103;ECON 113;ECON 105;ECON 115;MATH 150;MATH 151;MATH 154;MATH 157,False,"[{'days': 'Th', 'startTime': '8:30', 'endTime': '9:20', 'campus': 'Burnaby'}]",,4.0
ECON 201,D102,fall,2026,"ECON 103 with a minimum grade of C- or ECON 113 with a minimum grade of B-; ECON 105 with a minimum grade of C- or ECON 115 with a minimum grade of B-; MATH 150, MATH 151, MATH 154, or MATH 157, with a minimum grade of C-.",ECON 103;ECON 113;ECON 105;ECON 115;MATH 150;MATH 151;MATH 154;MATH 157,False,"[{'days': 'Th', 'startTime': '9:30', 'endTime': '10:20', 'campus': 'Burnaby'}]",,4.0
ECON 201,D103,fall,2026,"ECON 103 with a minimum grade of C- or ECON 113 with a minimum grade of B-; ECON 105 with a minimum grade of C- or ECON 115 with a minimum grade of B-; MATH 150, MATH 151, MATH 154, or MATH 157, with a minimum grade of C-.",ECON 103;ECON 113;ECON 105;ECON 115;MATH 150;MATH 151;MATH 154;MATH 157,False,"[{'days': 'Fr', 'startTime': '13:30', 'endTime': '14:20', 'campus': 'Burnaby'}]",,4.0
ECON 201,D104,fall,2026,"ECON 103 with a minimum grade of C- or ECON 113 with a minimum grade of B-; ECON 105 with a minimum grade of C- or ECON 115 with a minimum grade of B-; MATH 150, MATH 151, MATH 154, or MATH 157, with a minimum grade of C-.",ECON 103;ECON 113;ECON 105;ECON 115;MATH 150;MATH 151;MATH 154;MATH 157,False,"[{'days': 'Fr', 'startTime': '12:30', 'endTime': '13:20', 'campus': 'Burnaby'}]",,4.0
ECON 201,D105,fall,2026,"ECON 103 with a minimum grade of C- or ECON 113 with a minimum grade of B-; ECON 105 with a minimum grade of C- or ECON 115 with a minimum grade of B-; MATH 150, MATH 151, MATH 154, or MATH 157, with a minimum grade of C-.",ECON 103;ECON 113;ECON 105;ECON 115;MATH 150;MATH 151;MATH 154;MATH 157,False,"[{'days': 'Fr', 'startTime': '13:30', 'endTime': '14:20', 'campus': 'Burnaby'}]",,4.0
ECON 201,D108,fall,2026,"ECON 103 with a minimum grade of C- or ECON 113 with a minimum grade of B-; ECON 105 with a minimum grade of C- or ECON 115 with a minimum grade of B-; MATH 150, MATH 151, MATH 154, or MATH 157, with a minimum grade of C-.",ECON 103;ECON 113;ECON 105;ECON 115;MATH 150;MATH 151;MATH 154;MATH 157,False,"[{'days': 'Th', 'startTime': '11:30', 'endTime': '12:20', 'campus': 'Burnaby'}]",,4.0
ECON 201,D109,fall,2026,"ECON 103 with a minimum grade of C- or ECON 113 with a minimum grade of B-; ECON 105 with a minimum grade of C- or ECON 115 with a minimum grade of B-; MATH 150, MATH 151, MATH 154, or MATH 157, with a minimum grade of C-.",ECON 103;ECON 113;ECON 105;ECON 115;MATH 150;MATH 151;MATH 154;MATH 157,False,"[{'days': 'Th', 'startTime': '12:30', 'endTime': '13:20', 'campus': 'Burnaby'}]",,4.0
ECON 220W,D100,fall,2026,"ECON 201 with a minimum grade of C-, minimum 30 units and no more than 80 units. Corequisite: ECON 201, with a minimum grade of C-. ECON 201 may be taken prior to or concurrently with ECON 220W.",ECON 201;ECON 220W,False,"[{'days': 'Mo, We', 'startTime': '9:30', 'endTime': '10:20', 'campus': 'Burnaby'}]",Sepideh Fotovatian;Chris Bidner,4.0
ECON 220W,D101,fall,2026,"ECON 201 with a minimum grade of C-, minimum 30 units and no more than 80 units. Corequisite: ECON 201, with a minimum grade of C-. ECON 201 may be taken prior to or concurrently with ECON 220W.",ECON 201;ECON 220W,False,"[{'days': 'Mo', 'startTime': '10:30', 'endTime': '11:20', 'campus': 'Burnaby'}, {'days': 'We', 'startTime': '10:30', 'endTime': '11:20', 'campus': 'Burnaby'}]",,4.0
ECON 220W,D200,fall,2026,"ECON 201 with a minimum grade of C-, minimum 30 units and no more than 80 units. Corequisite: ECON 201, with a minimum grade of C-. ECON 201 may be taken prior to or concurrently with ECON 220W.",ECON 201;ECON 220W,False,"[{'days': 'Mo, We', 'startTime': '8:30', 'endTime': '9:20', 'campus': 'Burnaby'}]",Sepideh Fotovatian;Chris Bidner,4.0
ECON 220W,D201,fall,2026,"ECON 201 with a minimum grade of C-, minimum 30 units and no more than 80 units. Corequisite: ECON 201, with a minimum grade of C-. ECON 201 may be taken prior to or concurrently with ECON 220W.",ECON 201;ECON 220W,False,"[{'days': 'Mo, We', 'startTime': '9:30', 'endTime': '10:20', 'campus': 'Burnaby'}]",,4.0
ECON 220W,D300,fall,2026,"ECON 201 with a minimum grade of C-, minimum 30 units and no more than 80 units. Corequisite: ECON 201, with a minimum grade of C-. ECON 201 may be taken prior to or concurrently with ECON 220W.",ECON 201;ECON 220W,False,"[{'days': 'Mo, We', 'startTime': '15:30', 'endTime': '16:20', 'campus': 'Burnaby'}]",Sepideh Fotovatian;Kevin Laughren,4.0
ECON 220W,D301,fall,2026,"ECON 201 with a minimum grade of C-, minimum 30 units and no more than 80 units. Corequisite: ECON 201, with a minimum grade of C-. ECON 201 may be taken prior to or concurrently with ECON 220W.",ECON 201;ECON 220W,False,"[{'days': 'Mo', 'startTime': '16:30', 'endTime': '17:20', 'campus': 'Burnaby'}, {'days': 'We', 'startTime': '16:30', 'endTime': '17:20', 'campus': 'Burnaby'}]",,4.0
ECON 220W,D400,fall,2026,"ECON 201 with a minimum grade of C-, minimum 30 units and no more than 80 units. Corequisite: ECON 201, with a minimum grade of C-. ECON 201 may be taken prior to or concurrently with ECON 220W.",ECON 201;ECON 220W,False,"[{'days': 'Mo, We', 'startTime': '14:30', 'endTime': '15:20', 'campus': 'Burnaby'}]",Sepideh Fotovatian;Kevin Laughren,4.0
ECON 220W,D401,fall,2026,"ECON 201 with a minimum grade of C-, minimum 30 units and no more than 80 units. Corequisite: ECON 201, with a minimum grade of C-. ECON 201 may be taken prior to or concurrently with ECON 220W.",ECON 201;ECON 220W,False,"[{'days': 'Mo, We', 'startTime': '15:30', 'endTime': '16:20', 'campus': 'Burnaby'}]",,4.0
ECON 260,D100,fall,2026,ECON 103 with a minimum grade of C- or ECON 113 with a minimum grade of B-.,ECON 103;ECON 113,False,"[{'days': 'Th', 'startTime': '10:30', 'endTime': '12:20', 'campus': 'Burnaby'}]",Michael Gilraine,3.0
ECON 260,D101,fall,2026,ECON 103 with a minimum grade of C- or ECON 113 with a minimum grade of B-.,ECON 103;ECON 113,False,"[{'days': 'Tu', 'startTime': '9:30', 'endTime': '10:20', 'campus': 'Burnaby'}]",,3.0
ECON 280,D100,fall,2026,ECON 103 with a minimum grade of C- or ECON 113 with a minimum grade of B-.,ECON 103;ECON 113,False,"[{'days': 'Fr', 'startTime': '10:30', 'endTime': '12:20', 'campus': 'Burnaby'}]",Serena Canaan,3.0
ECON 280,D101,fall,2026,ECON 103 with a minimum grade of C- or ECON 113 with a minimum grade of B-.,ECON 103;ECON 113,False,"[{'days': 'We', 'startTime': '9:30', 'endTime': '10:20', 'campus': 'Burnaby'}]",,3.0
ECON 302,D100,fall,2026,ECON 201 with a minimum grade of C-; 45 units.,ECON 201,False,"[{'days': 'Th', 'startTime': '14:30', 'endTime': '17:20', 'campus': 'Burnaby'}]",Shih En Lu,4.0
ECON 302,D102,fall,2026,ECON 201 with a minimum grade of C-; 45 units.,ECON 201,False,"[{'days': 'Tu', 'startTime': '9:30', 'endTime': '10:20', 'campus': 'Burnaby'}]",,4.0
ECON 302,D103,fall,2026,ECON 201 with a minimum grade of C-; 45 units.,ECON 201,False,"[{'days': 'Tu', 'startTime': '10:30', 'endTime': '11:20', 'campus': 'Burnaby'}]",,4.0
ECON 302,D104,fall,2026,ECON 201 with a minimum grade of C-; 45 units.,ECON 201,False,"[{'days': 'Tu', 'startTime': '11:30', 'endTime': '12:20', 'campus': 'Burnaby'}]",,4.0
ECON 302,D106,fall,2026,ECON 201 with a minimum grade of C-; 45 units.,ECON 201,False,"[{'days': 'Th', 'startTime': '10:30', 'endTime': '11:20', 'campus': 'Burnaby'}]",,4.0
ECON 302,D107,fall,2026,ECON 201 with a minimum grade of C-; 45 units.,ECON 201,False,"[{'days': 'Th', 'startTime': '11:30', 'endTime': '12:20', 'campus': 'Burnaby'}]",,4.0
ECON 305,D100,fall,2026,ECON 201 with a minimum grade of C-; 45 units. Students with a minimum grade of A- in ECON 103 and 105 at Simon Fraser University at their first attempt can complete ECON 305 concurrently with ECON 201 after 30 units. Students seeking permission to enroll on this basis must contact the undergraduate advisor in economics.,ECON 201;ECON 103;ECON 305,False,"[{'days': 'Mo', 'startTime': '10:30', 'endTime': '12:20', 'campus': 'Burnaby'}, {'days': 'We', 'startTime': '10:30', 'endTime': '11:20', 'campus': 'Burnaby'}]",Luba Petersen,4.0
ECON 305,D102,fall,2026,ECON 201 with a minimum grade of C-; 45 units. Students with a minimum grade of A- in ECON 103 and 105 at Simon Fraser University at their first attempt can complete ECON 305 concurrently with ECON 201 after 30 units. Students seeking permission to enroll on this basis must contact the undergraduate advisor in economics.,ECON 201;ECON 103;ECON 305,False,"[{'days': 'Tu', 'startTime': '9:30', 'endTime': '10:20', 'campus': 'Burnaby'}]",,4.0
ECON 305,D104,fall,2026,ECON 201 with a minimum grade of C-; 45 units. Students with a minimum grade of A- in ECON 103 and 105 at Simon Fraser University at their first attempt can complete ECON 305 concurrently with ECON 201 after 30 units. Students seeking permission to enroll on this basis must contact the undergraduate advisor in economics.,ECON 201;ECON 103;ECON 305,False,"[{'days': 'Tu', 'startTime': '11:30', 'endTime': '12:20', 'campus': 'Burnaby'}]",,4.0
ECON 305,D105,fall,2026,ECON 201 with a minimum grade of C-; 45 units. Students with a minimum grade of A- in ECON 103 and 105 at Simon Fraser University at their first attempt can complete ECON 305 concurrently with ECON 201 after 30 units. Students seeking permission to enroll on this basis must contact the undergraduate advisor in economics.,ECON 201;ECON 103;ECON 305,False,"[{'days': 'Mo', 'startTime': '14:30', 'endTime': '15:20', 'campus': 'Burnaby'}]",,4.0
ECON 305,D107,fall,2026,ECON 201 with a minimum grade of C-; 45 units. Students with a minimum grade of A- in ECON 103 and 105 at Simon Fraser University at their first attempt can complete ECON 305 concurrently with ECON 201 after 30 units. Students seeking permission to enroll on this basis must contact the undergraduate advisor in economics.,ECON 201;ECON 103;ECON 305,False,"[{'days': 'Tu', 'startTime': '12:30', 'endTime': '13:20', 'campus': 'Burnaby'}]",,4.0
ECON 325,D100,fall,2026,"ECON 201 or BUS 207, with a minimum grade of C-; 45 units.",ECON 201;BUS 207,False,"[{'days': 'Fr', 'startTime': '10:30', 'endTime': '12:20', 'campus': 'Burnaby'}]",Marie Rekkas,3.0
ECON 325,D101,fall,2026,"ECON 201 or BUS 207, with a minimum grade of C-; 45 units.",ECON 201;BUS 207,False,"[{'days': 'Fr', 'startTime': '12:30', 'endTime': '13:20', 'campus': 'Burnaby'}]",,3.0
ECON 325,D102,fall,2026,"ECON 201 or BUS 207, with a minimum grade of C-; 45 units.",ECON 201;BUS 207,False,"[{'days': 'Fr', 'startTime': '13:30', 'endTime': '14:20', 'campus': 'Burnaby'}]",,3.0
ECON 325,D103,fall,2026,"ECON 201 or BUS 207, with a minimum grade of C-; 45 units.",ECON 201;BUS 207,False,"[{'days': 'Fr', 'startTime': '14:30', 'endTime': '15:20', 'campus': 'Burnaby'}]",,3.0
ECON 332,D100,fall,2026,"ECON 201 and one of ECON 233, STAT 270, or STAT 271. Recommended: ECON 305.",ECON 201;ECON 233;STAT 270;STAT 271,False,"[{'days': 'Tu', 'startTime': '14:30', 'endTime': '16:20', 'campus': 'Burnaby'}]",Chenyu Hou,3.0
ECON 332,D101,fall,2026,"ECON 201 and one of ECON 233, STAT 270, or STAT 271. Recommended: ECON 305.",ECON 201;ECON 233;STAT 270;STAT 271,False,"[{'days': 'Fr', 'startTime': '9:30', 'endTime': '10:20', 'campus': 'Burnaby'}]",,3.0
ECON 332,D103,fall,2026,"ECON 201 and one of ECON 233, STAT 270, or STAT 271. Recommended: ECON 305.",ECON 201;ECON 233;STAT 270;STAT 271,False,"[{'days': 'Fr', 'startTime': '11:30', 'endTime': '12:20', 'campus': 'Burnaby'}]",,3.0
ECON 333,D100,fall,2026,"ECON 103 with a minimum grade of C- or ECON 113 with a minimum grade of B-; ECON 233, BUS (or BUEC) 232, STAT 270, or STAT 271, with a minimum grade of C-; MATH 150, MATH 151, MATH 154, or MATH 157, with a minimum grade of C-; 45 units. Students with a minimum grade of A- in ECON 233, BUS (or BUEC) 232, STAT 270, or STAT 271 can take ECON 333 after 30 units. Students seeking permission to enroll based on their ECON 233, BUS (or BUEC) 232, STAT 270, or STAT 271 grade must contact the undergraduate advisor in economics.",ECON 103;ECON 113;ECON 233;STAT 270;STAT 271;MATH 150;MATH 151;MATH 154;MATH 157;ECON 333,False,"[{'days': 'Tu', 'startTime': '12:30', 'endTime': '14:20', 'campus': 'Burnaby'}, {'days': 'Fr', 'startTime': '12:30', 'endTime': '13:20', 'campus': 'Burnaby'}]",Marie Rekkas,4.0
ECON 333,D102,fall,2026,"ECON 103 with a minimum grade of C- or ECON 113 with a minimum grade of B-; ECON 233, BUS (or BUEC) 232, STAT 270, or STAT 271, with a minimum grade of C-; MATH 150, MATH 151, MATH 154, or MATH 157, with a minimum grade of C-; 45 units. Students with a minimum grade of A- in ECON 233, BUS (or BUEC) 232, STAT 270, or STAT 271 can take ECON 333 after 30 units. Students seeking permission to enroll based on their ECON 233, BUS (or BUEC) 232, STAT 270, or STAT 271 grade must contact the undergraduate advisor in economics.",ECON 103;ECON 113;ECON 233;STAT 270;STAT 271;MATH 150;MATH 151;MATH 154;MATH 157;ECON 333,False,"[{'days': 'Th', 'startTime': '9:30', 'endTime': '10:20', 'campus': 'Burnaby'}]",,4.0
ECON 333,D103,fall,2026,"ECON 103 with a minimum grade of C- or ECON 113 with a minimum grade of B-; ECON 233, BUS (or BUEC) 232, STAT 270, or STAT 271, with a minimum grade of C-; MATH 150, MATH 151, MATH 154, or MATH 157, with a minimum grade of C-; 45 units. Students with a minimum grade of A- in ECON 233, BUS (or BUEC) 232, STAT 270, or STAT 271 can take ECON 333 after 30 units. Students seeking permission to enroll based on their ECON 233, BUS (or BUEC) 232, STAT 270, or STAT 271 grade must contact the undergraduate advisor in economics.",ECON 103;ECON 113;ECON 233;STAT 270;STAT 271;MATH 150;MATH 151;MATH 154;MATH 157;ECON 333,False,"[{'days': 'Th', 'startTime': '10:30', 'endTime': '11:20', 'campus': 'Burnaby'}]",,4.0
ECON 333,D104,fall,2026,"ECON 103 with a minimum grade of C- or ECON 113 with a minimum grade of B-; ECON 233, BUS (or BUEC) 232, STAT 270, or STAT 271, with a minimum grade of C-; MATH 150, MATH 151, MATH 154, or MATH 157, with a minimum grade of C-; 45 units. Students with a minimum grade of A- in ECON 233, BUS (or BUEC) 232, STAT 270, or STAT 271 can take ECON 333 after 30 units. Students seeking permission to enroll based on their ECON 233, BUS (or BUEC) 232, STAT 270, or STAT 271 grade must contact the undergraduate advisor in economics.",ECON 103;ECON 113;ECON 233;STAT 270;STAT 271;MATH 150;MATH 151;MATH 154;MATH 157;ECON 333,False,"[{'days': 'Fr', 'startTime': '9:30', 'endTime': '10:20', 'campus': 'Burnaby'}]",,4.0
ECON 333,D105,fall,2026,"ECON 103 with a minimum grade of C- or ECON 113 with a minimum grade of B-; ECON 233, BUS (or BUEC) 232, STAT 270, or STAT 271, with a minimum grade of C-; MATH 150, MATH 151, MATH 154, or MATH 157, with a minimum grade of C-; 45 units. Students with a minimum grade of A- in ECON 233, BUS (or BUEC) 232, STAT 270, or STAT 271 can take ECON 333 after 30 units. Students seeking permission to enroll based on their ECON 233, BUS (or BUEC) 232, STAT 270, or STAT 271 grade must contact the undergraduate advisor in economics.",ECON 103;ECON 113;ECON 233;STAT 270;STAT 271;MATH 150;MATH 151;MATH 154;MATH 157;ECON 333,False,"[{'days': 'Fr', 'startTime': '10:30', 'endTime': '11:20', 'campus': 'Burnaby'}]",,4.0
ECON 333,D106,fall,2026,"ECON 103 with a minimum grade of C- or ECON 113 with a minimum grade of B-; ECON 233, BUS (or BUEC) 232, STAT 270, or STAT 271, with a minimum grade of C-; MATH 150, MATH 151, MATH 154, or MATH 157, with a minimum grade of C-; 45 units. Students with a minimum grade of A- in ECON 233, BUS (or BUEC) 232, STAT 270, or STAT 271 can take ECON 333 after 30 units. Students seeking permission to enroll based on their ECON 233, BUS (or BUEC) 232, STAT 270, or STAT 271 grade must contact the undergraduate advisor in economics.",ECON 103;ECON 113;ECON 233;STAT 270;STAT 271;MATH 150;MATH 151;MATH 154;MATH 157;ECON 333,False,"[{'days': 'Fr', 'startTime': '11:30', 'endTime': '12:20', 'campus': 'Burnaby'}]",,4.0
ECON 333,D107,fall,2026,"ECON 103 with a minimum grade of C- or ECON 113 with a minimum grade of B-; ECON 233, BUS (or BUEC) 232, STAT 270, or STAT 271, with a minimum grade of C-; MATH 150, MATH 151, MATH 154, or MATH 157, with a minimum grade of C-; 45 units. Students with a minimum grade of A- in ECON 233, BUS (or BUEC) 232, STAT 270, or STAT 271 can take ECON 333 after 30 units. Students seeking permission to enroll based on their ECON 233, BUS (or BUEC) 232, STAT 270, or STAT 271 grade must contact the undergraduate advisor in economics.",ECON 103;ECON 113;ECON 233;STAT 270;STAT 271;MATH 150;MATH 151;MATH 154;MATH 157;ECON 333,False,"[{'days': 'Th', 'startTime': '11:30', 'endTime': '12:20', 'campus': 'Burnaby'}]",,4.0
ECON 334,D100,fall,2026,"ECON 233, BUS 232, STAT 203, STAT 270, STAT 271 or POL 201, with a minimum grade of C-; and three units of ECON or SDA 100, with a minimum grade of C-.",ECON 233;BUS 232;STAT 203;STAT 270;STAT 271;POL 201;SDA 100,False,"[{'days': 'Th', 'startTime': '10:30', 'endTime': '12:20', 'campus': 'Burnaby'}]",Simon Woodcock,3.0
ECON 334,D101,fall,2026,"ECON 233, BUS 232, STAT 203, STAT 270, STAT 271 or POL 201, with a minimum grade of C-; and three units of ECON or SDA 100, with a minimum grade of C-.",ECON 233;BUS 232;STAT 203;STAT 270;STAT 271;POL 201;SDA 100,False,"[{'days': 'Th', 'startTime': '8:30', 'endTime': '9:20', 'campus': 'Burnaby'}]",,3.0
ECON 334,D102,fall,2026,"ECON 233, BUS 232, STAT 203, STAT 270, STAT 271 or POL 201, with a minimum grade of C-; and three units of ECON or SDA 100, with a minimum grade of C-.",ECON 233;BUS 232;STAT 203;STAT 270;STAT 271;POL 201;SDA 100,False,"[{'days': 'Th', 'startTime': '9:30', 'endTime': '10:20', 'campus': 'Burnaby'}]",,3.0
ECON 334,D103,fall,2026,"ECON 233, BUS 232, STAT 203, STAT 270, STAT 271 or POL 201, with a minimum grade of C-; and three units of ECON or SDA 100, with a minimum grade of C-.",ECON 233;BUS 232;STAT 203;STAT 270;STAT 271;POL 201;SDA 100,False,"[{'days': 'Tu', 'startTime': '12:30', 'endTime': '13:20', 'campus': 'Burnaby'}]",,3.0
ECON 334,D104,fall,2026,"ECON 233, BUS 232, STAT 203, STAT 270, STAT 271 or POL 201, with a minimum grade of C-; and three units of ECON or SDA 100, with a minimum grade of C-.",ECON 233;BUS 232;STAT 203;STAT 270;STAT 271;POL 201;SDA 100,False,"[{'days': 'Tu', 'startTime': '11:30', 'endTime': '12:20', 'campus': 'Burnaby'}]",,3.0
ECON 334,D105,fall,2026,"ECON 233, BUS 232, STAT 203, STAT 270, STAT 271 or POL 201, with a minimum grade of C-; and three units of ECON or SDA 100, with a minimum grade of C-.",ECON 233;BUS 232;STAT 203;STAT 270;STAT 271;POL 201;SDA 100,False,"[{'days': 'Tu', 'startTime': '10:30', 'endTime': '11:20', 'campus': 'Burnaby'}]",,3.0
ECON 334,D106,fall,2026,"ECON 233, BUS 232, STAT 203, STAT 270, STAT 271 or POL 201, with a minimum grade of C-; and three units of ECON or SDA 100, with a minimum grade of C-.",ECON 233;BUS 232;STAT 203;STAT 270;STAT 271;POL 201;SDA 100,False,"[{'days': 'Tu', 'startTime': '9:30', 'endTime': '10:20', 'campus': 'Burnaby'}]",,3.0
ECON 342,D100,fall,2026,ECON 103 with a minimum grade of C- or ECON 113 with a minimum grade of B-; ECON 105 with a minimum grade of C- or ECON 115 with a minimum grade of B-; 45 units or permission of the department.,ECON 103;ECON 113;ECON 105;ECON 115,False,"[{'days': 'Tu', 'startTime': '10:30', 'endTime': '12:20', 'campus': 'Burnaby'}]",Victor Aguiar Lozano,3.0
ECON 342,D101,fall,2026,ECON 103 with a minimum grade of C- or ECON 113 with a minimum grade of B-; ECON 105 with a minimum grade of C- or ECON 115 with a minimum grade of B-; 45 units or permission of the department.,ECON 103;ECON 113;ECON 105;ECON 115,False,"[{'days': 'We', 'startTime': '8:30', 'endTime': '9:20', 'campus': 'Burnaby'}]",,3.0
ECON 342,D102,fall,2026,ECON 103 with a minimum grade of C- or ECON 113 with a minimum grade of B-; ECON 105 with a minimum grade of C- or ECON 115 with a minimum grade of B-; 45 units or permission of the department.,ECON 103;ECON 113;ECON 105;ECON 115,False,"[{'days': 'We', 'startTime': '9:30', 'endTime': '10:20', 'campus': 'Burnaby'}]",,3.0
ECON 342,D103,fall,2026,ECON 103 with a minimum grade of C- or ECON 113 with a minimum grade of B-; ECON 105 with a minimum grade of C- or ECON 115 with a minimum grade of B-; 45 units or permission of the department.,ECON 103;ECON 113;ECON 105;ECON 115,False,"[{'days': 'We', 'startTime': '10:30', 'endTime': '11:20', 'campus': 'Burnaby'}]",,3.0
ECON 355W,D100,fall,2026,ECON 103 with a minimum grade of C- or ECON 113 with a minimum grade of B-; ECON 105 with a minimum grade of C- or ECON 115 with a minimum grade of B-; 45 units.,ECON 103;ECON 113;ECON 105;ECON 115,False,"[{'days': 'We', 'startTime': '14:30', 'endTime': '17:20', 'campus': 'Burnaby'}]",Chris Bidner,4.0
ECON 355W,D101,fall,2026,ECON 103 with a minimum grade of C- or ECON 113 with a minimum grade of B-; ECON 105 with a minimum grade of C- or ECON 115 with a minimum grade of B-; 45 units.,ECON 103;ECON 113;ECON 105;ECON 115,False,"[{'days': 'We', 'startTime': '8:30', 'endTime': '9:20', 'campus': 'Burnaby'}]",,4.0
ECON 355W,D102,fall,2026,ECON 103 with a minimum grade of C- or ECON 113 with a minimum grade of B-; ECON 105 with a minimum grade of C- or ECON 115 with a minimum grade of B-; 45 units.,ECON 103;ECON 113;ECON 105;ECON 115,False,"[{'days': 'We', 'startTime': '9:30', 'endTime': '10:20', 'campus': 'Burnaby'}]",,4.0
ECON 355W,D103,fall,2026,ECON 103 with a minimum grade of C- or ECON 113 with a minimum grade of B-; ECON 105 with a minimum grade of C- or ECON 115 with a minimum grade of B-; 45 units.,ECON 103;ECON 113;ECON 105;ECON 115,False,"[{'days': 'We', 'startTime': '10:30', 'endTime': '11:20', 'campus': 'Burnaby'}]",,4.0
ECON 355W,D104,fall,2026,ECON 103 with a minimum grade of C- or ECON 113 with a minimum grade of B-; ECON 105 with a minimum grade of C- or ECON 115 with a minimum grade of B-; 45 units.,ECON 103;ECON 113;ECON 105;ECON 115,False,"[{'days': 'We', 'startTime': '11:30', 'endTime': '12:20', 'campus': 'Burnaby'}]",,4.0
ECON 355W,D106,fall,2026,ECON 103 with a minimum grade of C- or ECON 113 with a minimum grade of B-; ECON 105 with a minimum grade of C- or ECON 115 with a minimum grade of B-; 45 units.,ECON 103;ECON 113;ECON 105;ECON 115,False,"[{'days': 'We', 'startTime': '10:30', 'endTime': '11:20', 'campus': 'Burnaby'}]",,4.0
ECON 370,D100,fall,2026,ECON 103 with a minimum grade of C- or ECON 113 with a minimum grade of B-;,ECON 103;ECON 113,False,"[{'days': 'Mo', 'startTime': '12:30', 'endTime': '14:20', 'campus': 'Burnaby'}]",Helen Kissel,3.0
ECON 370,D102,fall,2026,ECON 103 with a minimum grade of C- or ECON 113 with a minimum grade of B-;,ECON 103;ECON 113,False,"[{'days': 'Mo', 'startTime': '11:30', 'endTime': '12:20', 'campus': 'Burnaby'}]",,3.0
ECON 370,D103,fall,2026,ECON 103 with a minimum grade of C- or ECON 113 with a minimum grade of B-;,ECON 103;ECON 113,False,"[{'days': 'Mo', 'startTime': '10:30', 'endTime': '11:20', 'campus': 'Burnaby'}]",,3.0
ECON 370,D104,fall,2026,ECON 103 with a minimum grade of C- or ECON 113 with a minimum grade of B-;,ECON 103;ECON 113,False,"[{'days': 'Mo', 'startTime': '9:30', 'endTime': '10:20', 'campus': 'Burnaby'}]",,3.0
ECON 370,D105,fall,2026,ECON 103 with a minimum grade of C- or ECON 113 with a minimum grade of B-;,ECON 103;ECON 113,False,"[{'days': 'Mo', 'startTime': '8:30', 'endTime': '9:20', 'campus': 'Burnaby'}]",,3.0
ECON 383,D100,fall,2026,To be determined by the instructor subject to approval by the department chair.,,True,"[{'days': 'Tu', 'startTime': '14:30', 'endTime': '16:20', 'campus': 'Burnaby'}]",Kevin Laughren,3.0
ECON 383,D101,fall,2026,To be determined by the instructor subject to approval by the department chair.,,True,"[{'days': 'Th', 'startTime': '8:30', 'endTime': '9:20', 'campus': 'Burnaby'}]",,3.0
ECON 383,D102,fall,2026,To be determined by the instructor subject to approval by the department chair.,,True,"[{'days': 'Th', 'startTime': '9:30', 'endTime': '10:20', 'campus': 'Burnaby'}]",,3.0
ECON 383,D103,fall,2026,To be determined by the instructor subject to approval by the department chair.,,True,"[{'days': 'Th', 'startTime': '10:30', 'endTime': '11:20', 'campus': 'Burnaby'}]",,3.0
ECON 383,D104,fall,2026,To be determined by the instructor subject to approval by the department chair.,,True,"[{'days': 'Th', 'startTime': '11:30', 'endTime': '12:20', 'campus': 'Burnaby'}]",,3.0
ECON 402,D100,fall,2026,"ECON 302 and 331, with a minimum grade of C-. Students who have completed both MATH 232 and 251 may substitute these courses for ECON 331. Entry into this course requires a minimum CGPA of 3.0 or permission of the department.",ECON 302;MATH 232;ECON 331,False,"[{'days': 'Tu', 'startTime': '10:30', 'endTime': '11:20', 'campus': 'Burnaby'}, {'days': 'Th', 'startTime': '9:30', 'endTime': '11:20', 'campus': 'Burnaby'}]",Anke Kessler,4.0
ECON 425,D100,fall,2026,ECON 302 with a minimum grade of C-.,ECON 302,False,"[{'days': 'Th', 'startTime': '14:30', 'endTime': '17:20', 'campus': 'Burnaby'}]",Christoph Luelfesmann,3.0
ECON 435,D100,fall,2026,"ECON 201, ECON (or BUEC) 333, and one of (ECON 331, MATH 232, or MATH 240), all with a minimum grade of C-. Entry into this course requires a minimum CGPA of 3.0 or permission of the department.",ECON 201;ECON 331;MATH 232;MATH 240,False,"[{'days': 'Mo', 'startTime': '9:30', 'endTime': '12:20', 'campus': 'Burnaby'}]",Brian Krauth,5.0
ECON 435,D102,fall,2026,"ECON 201, ECON (or BUEC) 333, and one of (ECON 331, MATH 232, or MATH 240), all with a minimum grade of C-. Entry into this course requires a minimum CGPA of 3.0 or permission of the department.",ECON 201;ECON 331;MATH 232;MATH 240,False,"[{'days': 'We', 'startTime': '14:30', 'endTime': '16:20', 'campus': 'Burnaby'}]",,5.0
ECON 454,D100,fall,2026,"ECON 201 and ECON (or BUEC) 333, all with a minimum grade of C-.",ECON 201,False,"[{'days': 'Tu', 'startTime': '8:30', 'endTime': '10:20', 'campus': 'Burnaby'}, {'days': 'Th', 'startTime': '8:30', 'endTime': '9:20', 'campus': 'Burnaby'}]",Douglas Allen,3.0
ECON 482,D100,fall,2026,To be determined by the instructor subject to approval by the department chair.,,True,"[{'days': 'Tu', 'startTime': '10:30', 'endTime': '11:20', 'campus': 'Burnaby'}, {'days': 'Th', 'startTime': '9:30', 'endTime': '11:20', 'campus': 'Burnaby'}]",Fernando Aragon Sanchez,3.0
ECON 483,D100,fall,2026,To be determined by the instructor subject to approval by the department chair.,,True,"[{'days': 'Mo', 'startTime': '14:30', 'endTime': '17:20', 'campus': 'Burnaby'}]",Luba Petersen,3.0
ECON 494,D100,fall,2026,"ECON 302, 305 and ECON (or BUEC) 333, all with a minimum grade of C-. A minimum CGPA of 3.0.",ECON 302,False,"[{'days': 'We', 'startTime': '9:30', 'endTime': '12:20', 'campus': 'Burnaby'}]",Guillaume Blanc,3.0
ECON 750,G100,fall,2026,"Completion of core MA degree requirements of ECON 802, 807 (or 808), 835, and 836 with a minimum GPA of 3.0.",ECON 802,False,[],Liesl Jurock,
ECON 750,G200,fall,2026,"Completion of core MA degree requirements of ECON 802, 807 (or 808), 835, and 836 with a minimum GPA of 3.0.",ECON 802,False,[],Liesl Jurock,
ECON 750,I100,fall,2026,"Completion of core MA degree requirements of ECON 802, 807 (or 808), 835, and 836 with a minimum GPA of 3.0.",ECON 802,False,[],Liesl Jurock,
ECON 751,G100,fall,2026,ECON 750.,ECON 750,False,[],Liesl Jurock,
ECON 751,G200,fall,2026,ECON 750.,ECON 750,False,[],Liesl Jurock,
ECON 751,I100,fall,2026,ECON 750.,ECON 750,False,[],Liesl Jurock,
ECON 752,G100,fall,2026,ECON 751 and department approval.,ECON 751,False,[],Liesl Jurock,
ECON 752,G200,fall,2026,ECON 751 and department approval.,ECON 751,False,[],Liesl Jurock,
ECON 752,I100,fall,2026,ECON 751 and department approval.,ECON 751,False,[],Liesl Jurock,
ECON 798,G100,fall,2026,,,False,[],Alexander Karaivanov,4.0
ECON 802,G100,fall,2026,ECON 331.,ECON 331,False,"[{'days': 'Mo', 'startTime': '13:30', 'endTime': '14:20', 'campus': 'Burnaby'}, {'days': 'We', 'startTime': '12:30', 'endTime': '14:20', 'campus': 'Burnaby'}]",Alexander Karaivanov,4.0
ECON 803,G100,fall,2026,ECON 802 or equivalent.,ECON 802,False,"[{'days': 'Fr', 'startTime': '9:30', 'endTime': '12:20', 'campus': 'Burnaby'}]",Victor Aguiar Lozano,4.0
ECON 808,G100,fall,2026,ECON 807 or equivalent.,ECON 807,False,"[{'days': 'Tu', 'startTime': '13:30', 'endTime': '15:20', 'campus': 'Burnaby'}, {'days': 'Th', 'startTime': '14:30', 'endTime': '15:20', 'campus': 'Burnaby'}]",Lucas Herrenbrueck,4.0
ECON 808,G101,fall,2026,ECON 807 or equivalent.,ECON 807,False,"[{'days': 'Th', 'startTime': '13:30', 'endTime': '14:20', 'campus': 'Burnaby'}]",,4.0
ECON 818,G100,fall,2026,,,False,"[{'days': 'Tu', 'startTime': '13:30', 'endTime': '16:20', 'campus': 'Burnaby'}]",Bertille Antoine,4.0
ECON 831,G100,fall,2026,ECON 331.,ECON 331,False,[],David Freeman,4.0
ECON 835,G100,fall,2026,ECON 435 and ECON 798.,ECON 435;ECON 798,False,"[{'days': 'Fr', 'startTime': '13:30', 'endTime': '16:20', 'campus': 'Burnaby'}]",Serena Canaan,4.0
ECON 837,G100,fall,2026,ECON 835 or equivalent.,ECON 835,False,"[{'days': 'We', 'startTime': '11:30', 'endTime': '14:20', 'campus': 'Burnaby'}]",Xiaoting Sun,4.0
ECON 899,G100,fall,2026,"ECON 802, 807 (or 808), 835, and 836 (or 837).",ECON 802,False,"[{'days': 'We', 'startTime': '9:30', 'endTime': '11:20', 'campus': 'Burnaby'}]",Brian Krauth,4.0
ECON 900,G100,fall,2026,,,False,"[{'days': 'We', 'startTime': '14:30', 'endTime': '15:20', 'campus': 'Burnaby'}]",Kevin Schnepel,
ECON 913,G100,fall,2026,,,False,"[{'days': 'Mo', 'startTime': '9:30', 'endTime': '12:20', 'campus': 'Burnaby'}]",Michael Gilraine,4.0
ECON 990,G100,fall,2026,,,False,[],,18.0
ECON 999,G100,fall,2026,,,False,[],Simon Woodcock,10.0
ECON 999,G200,fall,2026,,,False,[],Michael Gilraine,10.0
ECON 999,G300,fall,2026,,,False,[],Christoph Luelfesmann,10.0
EDUC 100,D100,fall,2026,,,False,"[{'days': 'Fr', 'startTime': '14:30', 'endTime': '17:20', 'campus': 'Burnaby'}]",Kevin O'Neill,3.0
EDUC 100,D200,fall,2026,,,False,"[{'days': 'Fr', 'startTime': '14:30', 'endTime': '17:20', 'campus': 'VANCOUVER'}]",Beth Marshall,3.0
EDUC 100,D300,fall,2026,,,False,"[{'days': 'Tu', 'startTime': '14:30', 'endTime': '17:20', 'campus': 'Surrey'}]",Michelle Pidgeon,3.0
EDUC 100,OL02,fall,2026,,,False,[],Cary Campbell,3.0
EDUC 100,OL03,fall,2026,,,False,[],Michele Schmidt,3.0
EDUC 100,OL04,fall,2026,,,False,[],Michele Schmidt,3.0
EDUC 199,OL01,fall,2026,,,False,[],Zuzana Vasko,4.0
EDUC 211,D100,fall,2026,"Students who have credit for MATH 150, MATH 151, MATH 154, MATH 157 need permission of the instructor to participate in EDUC 211 and EDUC 212.",MATH 150;MATH 151;MATH 154;MATH 157;EDUC 211;EDUC 212,False,"[{'days': 'Th', 'startTime': '14:30', 'endTime': '17:20', 'campus': 'Burnaby'}]",Tenzin Doleck,3.0
EDUC 220,D100,fall,2026,,,False,"[{'days': 'We, Fr', 'startTime': '13:30', 'endTime': '14:20', 'campus': 'Burnaby'}]",Robyn Ilten-Gee,3.0
EDUC 220,D101,fall,2026,,,False,"[{'days': 'We', 'startTime': '11:30', 'endTime': '12:20', 'campus': 'Burnaby'}]",,3.0
EDUC 220,D102,fall,2026,,,False,"[{'days': 'We', 'startTime': '12:30', 'endTime': '13:20', 'campus': 'Burnaby'}]",,3.0
EDUC 220,D103,fall,2026,,,False,"[{'days': 'We', 'startTime': '14:30', 'endTime': '15:20', 'campus': 'Burnaby'}]",,3.0
EDUC 220,D104,fall,2026,,,False,"[{'days': 'We', 'startTime': '16:30', 'endTime': '17:20', 'campus': 'Burnaby'}]",,3.0
EDUC 220,D105,fall,2026,,,False,"[{'days': 'Fr', 'startTime': '12:30', 'endTime': '13:20', 'campus': 'Burnaby'}]",,3.0
EDUC 220,D106,fall,2026,,,False,"[{'days': 'Th', 'startTime': '16:30', 'endTime': '17:20', 'campus': 'Burnaby'}]",,3.0
EDUC 220,D107,fall,2026,,,False,"[{'days': 'We', 'startTime': '10:30', 'endTime': '11:20', 'campus': 'Burnaby'}]",,3.0
EDUC 220,D108,fall,2026,,,False,"[{'days': 'We', 'startTime': '15:30', 'endTime': '16:20', 'campus': 'Burnaby'}]",,3.0
EDUC 220,D109,fall,2026,,,False,"[{'days': 'Tu', 'startTime': '16:30', 'endTime': '17:20', 'campus': 'Burnaby'}]",,3.0
EDUC 220,D110,fall,2026,,,False,"[{'days': 'Fr', 'startTime': '12:30', 'endTime': '13:20', 'campus': 'Burnaby'}]",,3.0
EDUC 220,D111,fall,2026,,,False,"[{'days': 'Mo', 'startTime': '16:30', 'endTime': '17:20', 'campus': 'Burnaby'}]",,3.0
EDUC 220,D112,fall,2026,,,False,"[{'days': 'Fr', 'startTime': '16:30', 'endTime': '17:20', 'campus': 'Burnaby'}]",,3.0
EDUC 230,OL01,fall,2026,,,False,[],Sessional,3.0
EDUC 240,D100,fall,2026,,,False,"[{'days': 'We, Fr', 'startTime': '12:30', 'endTime': '14:20', 'campus': 'Burnaby'}]",Sessional,3.0
EDUC 240,D101,fall,2026,,,False,"[{'days': 'Fr', 'startTime': '14:30', 'endTime': '15:20', 'campus': 'Burnaby'}]",,3.0
EDUC 240,D102,fall,2026,,,False,"[{'days': 'We', 'startTime': '14:30', 'endTime': '15:20', 'campus': 'Burnaby'}]",,3.0
EDUC 240,D103,fall,2026,,,False,"[{'days': 'Fr', 'startTime': '15:30', 'endTime': '16:20', 'campus': 'Burnaby'}]",,3.0
EDUC 240,D104,fall,2026,,,False,"[{'days': 'We', 'startTime': '16:30', 'endTime': '17:20', 'campus': 'Burnaby'}]",,3.0
EDUC 240,D105,fall,2026,,,False,"[{'days': 'We', 'startTime': '11:30', 'endTime': '12:20', 'campus': 'Burnaby'}]",,3.0
EDUC 240,D106,fall,2026,,,False,"[{'days': 'We', 'startTime': '10:30', 'endTime': '11:20', 'campus': 'Burnaby'}]",,3.0
EDUC 240,D107,fall,2026,,,False,"[{'days': 'Mo', 'startTime': '16:30', 'endTime': '17:20', 'campus': 'Burnaby'}]",,3.0
EDUC 240,D108,fall,2026,,,False,"[{'days': 'Tu', 'startTime': '13:30', 'endTime': '14:20', 'campus': 'Burnaby'}]",,3.0
EDUC 240,D109,fall,2026,,,False,"[{'days': 'Tu', 'startTime': '14:30', 'endTime': '15:20', 'campus': 'Burnaby'}]",,3.0
EDUC 250,D100,fall,2026,,,False,"[{'days': 'Tu', 'startTime': '14:30', 'endTime': '17:20', 'campus': 'Burnaby'}]",Sessional,3.0
EDUC 252,D100,fall,2026,,,False,"[{'days': 'Fr', 'startTime': '8:30', 'endTime': '12:20', 'campus': 'Burnaby'}]",Ching-Chiu Lin,4.0
EDUC 311,D100,fall,2026,60 units.,,False,"[{'days': 'Th', 'startTime': '14:30', 'endTime': '17:20', 'campus': None}]",Michelle Pidgeon,3.0
EDUC 311,D200,fall,2026,60 units.,,False,"[{'days': 'We', 'startTime': '14:30', 'endTime': '17:20', 'campus': 'Surrey'}]",Michelle Pidgeon,3.0
EDUC 315,OL01,fall,2026,EDUC 220 or PSYC 250 or LING 100. Students may be required to successfully complete a Criminal Record Check.,EDUC 220;PSYC 250;LING 100,False,[],Elina Birmingham,3.0
EDUC 320,D100,fall,2026,EDUC 220.,EDUC 220,False,"[{'days': 'We', 'startTime': '9:30', 'endTime': '12:20', 'campus': 'Burnaby'}]",Engida Gebre,3.0
EDUC 322,OL01,fall,2026,EDUC 220 or PSYC 250.,EDUC 220;PSYC 250,False,[],Robyn Ilten-Gee,3.0
EDUC 323,D200,fall,2026,60 units including EDUC 220.,EDUC 220,False,"[{'days': 'Tu', 'startTime': '14:30', 'endTime': '17:20', 'campus': 'Surrey'}]",Sharalyn Jordan,3.0
EDUC 324,D100,fall,2026,EDUC 220 or PSYC 250 and 60 units.,EDUC 220;PSYC 250,False,"[{'days': 'Th', 'startTime': '11:30', 'endTime': '14:20', 'campus': 'Surrey'}]",Masahiro Minami,3.0
EDUC 327,D100,fall,2026,"60 units, including EDUC 220.",EDUC 220,False,"[{'days': 'Th', 'startTime': '14:30', 'endTime': '17:20', 'campus': 'Burnaby'}]",Sessional,3.0
EDUC 328,E100,fall,2026,EDUC 220 or EDUC 401/402 or corequisite EDUC 403.,EDUC 220;EDUC 401;EDUC 403,False,"[{'days': 'Mo', 'startTime': '16:30', 'endTime': '19:20', 'campus': 'Surrey'}]",Jose Domene,3.0
EDUC 341,OL01,fall,2026,60 units including three units in EDUC courses.,,False,[],Suzanne Smythe,3.0
EDUC 352W,E100,fall,2026,EDUC 252.,EDUC 252,False,"[{'days': 'Tu', 'startTime': '16:30', 'endTime': '20:20', 'campus': 'Burnaby'}]",Cary Campbell,4.0
EDUC 352W,OL01,fall,2026,EDUC 252.,EDUC 252,False,[],Cary Campbell,4.0
EDUC 355,E100,fall,2026,60 units.,,False,"[{'days': 'Mo', 'startTime': '16:30', 'endTime': '20:20', 'campus': 'Burnaby'}]",Lynn Fels,4.0
EDUC 371,E100,fall,2026,60 units; or permission of instructor.,,True,"[{'days': 'Fr', 'startTime': '12:30', 'endTime': '16:20', 'campus': 'Burnaby'}]",Sessional,4.0
EDUC 382,D100,fall,2026,60 units.,,False,[],Sessional,4.0
EDUC 382,E100,fall,2026,60 units.,,False,"[{'days': 'Mo', 'startTime': '16:30', 'endTime': '20:20', 'campus': 'Burnaby'}]",Inna Stepaniuk,4.0
EDUC 400,D001,fall,2026,Admission to Professional Programs and successful completion of a Criminal Record Check.,,False,[],Lilach Marom,15.0
EDUC 400,D002,fall,2026,Admission to Professional Programs and successful completion of a Criminal Record Check.,,False,"[{'days': 'Tu, Th', 'startTime': '12:30', 'endTime': '15:20', 'campus': 'Surrey'}, {'days': 'Tu', 'startTime': '12:30', 'endTime': '15:20', 'campus': 'Surrey'}, {'days': 'Th', 'startTime': '12:30', 'endTime': '15:20', 'campus': 'Surrey'}]",Zuzana Vasko,15.0
EDUC 400,D003,fall,2026,Admission to Professional Programs and successful completion of a Criminal Record Check.,,False,[],Greg Sutherland,15.0
EDUC 400,D004,fall,2026,Admission to Professional Programs and successful completion of a Criminal Record Check.,,False,[],Jeannie Kerr,15.0
EDUC 400,D005,fall,2026,Admission to Professional Programs and successful completion of a Criminal Record Check.,,False,"[{'days': 'Tu, Th', 'startTime': '12:30', 'endTime': '15:20', 'campus': None}]",Stephanie Nuo Hernandez,15.0
EDUC 400,D006,fall,2026,Admission to Professional Programs and successful completion of a Criminal Record Check.,,False,"[{'days': 'Tu, Th', 'startTime': '8:30', 'endTime': '12:20', 'campus': 'Surrey'}]",Stephanie Nuo Hernandez,15.0
EDUC 400,D007,fall,2026,Admission to Professional Programs and successful completion of a Criminal Record Check.,,False,[],Susan Barber,15.0
EDUC 400,D008,fall,2026,Admission to Professional Programs and successful completion of a Criminal Record Check.,,False,[],Paula Rosehart,15.0
EDUC 400,D009,fall,2026,Admission to Professional Programs and successful completion of a Criminal Record Check.,,False,[],Robert Williamson,15.0
EDUC 400,F010,fall,2026,Admission to Professional Programs and successful completion of a Criminal Record Check.,,False,[],Isabelle Cote;Monica Tang,15.0
EDUC 402W,D001,fall,2026,Admission to PDP or PLP program. Students must successfully complete a Criminal Record Check.,,False,"[{'days': 'We', 'startTime': '16:30', 'endTime': '20:20', 'campus': 'Surrey'}, {'days': 'Sa', 'startTime': '9:00', 'endTime': '13:00', 'campus': 'Surrey'}]",Joan Greenlay,7.0
EDUC 402W,D002,fall,2026,Admission to PDP or PLP program. Students must successfully complete a Criminal Record Check.,,False,[],Tammy McDiarmid,7.0
EDUC 402W,D003,fall,2026,Admission to PDP or PLP program. Students must successfully complete a Criminal Record Check.,,False,[],Angela Connelly,7.0
EDUC 403,D001,fall,2026,EDUC 402. Students must successfully complete a Criminal Record Check.,EDUC 402,False,"[{'days': 'We', 'startTime': '16:30', 'endTime': '20:20', 'campus': 'Surrey'}, {'days': 'Sa', 'startTime': '9:00', 'endTime': '13:00', 'campus': 'Surrey'}]",Robert Thompson,14.0
EDUC 403,D002,fall,2026,EDUC 402. Students must successfully complete a Criminal Record Check.,EDUC 402,False,[],Samuel Levine,14.0
EDUC 404,D001,fall,2026,EDUC 401/402 or corequisite EDUC 403.,EDUC 401;EDUC 403,False,[],,
EDUC 404,D002,fall,2026,EDUC 401/402 or corequisite EDUC 403.,EDUC 401;EDUC 403,False,[],,
EDUC 404,D003,fall,2026,EDUC 401/402 or corequisite EDUC 403.,EDUC 401;EDUC 403,False,[],,
EDUC 405,D001,fall,2026,EDUC 401/402 or EDUC 402/403. Students must successfully complete a Criminal Record Check.,EDUC 401;EDUC 402,False,"[{'days': 'Mo, Tu, We, Th, Fr', 'startTime': '8:30', 'endTime': '15:30', 'campus': 'VANCOUVER'}, {'days': 'Mo, Tu, We', 'startTime': '8:30', 'endTime': '15:30', 'campus': 'Vancouver'}]",Cynthia Ramamonjisoa;Trevor Orourke,15.0
EDUC 405,D002,fall,2026,EDUC 401/402 or EDUC 402/403. Students must successfully complete a Criminal Record Check.,EDUC 401;EDUC 402,False,[],Demetra Loukopoulos,15.0
EDUC 405,D004,fall,2026,EDUC 401/402 or EDUC 402/403. Students must successfully complete a Criminal Record Check.,EDUC 401;EDUC 402,False,[],Megan Hardie;Daniel Cooper,15.0
EDUC 405,D005,fall,2026,EDUC 401/402 or EDUC 402/403. Students must successfully complete a Criminal Record Check.,EDUC 401;EDUC 402,False,[],Mark Humphries;Jane Cougle,15.0
EDUC 405,D006,fall,2026,EDUC 401/402 or EDUC 402/403. Students must successfully complete a Criminal Record Check.,EDUC 401;EDUC 402,False,[],Andrea DeTerra;Ruby Stovern,15.0
EDUC 405,D007,fall,2026,EDUC 401/402 or EDUC 402/403. Students must successfully complete a Criminal Record Check.,EDUC 401;EDUC 402,False,"[{'days': 'Mo, Tu, We, Fr', 'startTime': '8:30', 'endTime': '15:30', 'campus': 'Surrey'}, {'days': 'Mo, Tu, We', 'startTime': '8:30', 'endTime': '15:30', 'campus': 'Surrey'}, {'days': 'Tu, We', 'startTime': '8:30', 'endTime': '15:30', 'campus': 'Surrey'}, {'days': 'We, Fr', 'startTime': '8:30', 'endTime': '15:30', 'campus': 'Surrey'}, {'days': 'Th', 'startTime': '8:30', 'endTime': '15:30', 'campus': 'Surrey'}, {'days': 'Fr', 'startTime': '8:30', 'endTime': '15:30', 'campus': 'Surrey'}]",Cari Derbitsky,15.0
EDUC 405,D008,fall,2026,EDUC 401/402 or EDUC 402/403. Students must successfully complete a Criminal Record Check.,EDUC 401;EDUC 402,False,[],Brenda Montagano;Carla Mountali,15.0
EDUC 405,D009,fall,2026,EDUC 401/402 or EDUC 402/403. Students must successfully complete a Criminal Record Check.,EDUC 401;EDUC 402,False,[],Judith Hightower;Leah Kitamura,15.0
EDUC 405,D010,fall,2026,EDUC 401/402 or EDUC 402/403. Students must successfully complete a Criminal Record Check.,EDUC 401;EDUC 402,False,[],Melissa Reyes,15.0
EDUC 405,D011,fall,2026,EDUC 401/402 or EDUC 402/403. Students must successfully complete a Criminal Record Check.,EDUC 401;EDUC 402,False,[],Navdeep Aujla;Matt Carruthers,15.0
EDUC 405,D012,fall,2026,EDUC 401/402 or EDUC 402/403. Students must successfully complete a Criminal Record Check.,EDUC 401;EDUC 402,False,[],Damian Wilmann,15.0
EDUC 405,D013,fall,2026,EDUC 401/402 or EDUC 402/403. Students must successfully complete a Criminal Record Check.,EDUC 401;EDUC 402,False,[],,15.0
EDUC 405,D014,fall,2026,EDUC 401/402 or EDUC 402/403. Students must successfully complete a Criminal Record Check.,EDUC 401;EDUC 402,False,"[{'days': 'Mo, Tu, We, Fr', 'startTime': '8:30', 'endTime': '15:30', 'campus': None}, {'days': 'Mo, Tu, We', 'startTime': '8:30', 'endTime': '15:30', 'campus': None}, {'days': 'Tu, We', 'startTime': '8:30', 'endTime': '15:30', 'campus': None}, {'days': 'We, Fr', 'startTime': '8:30', 'endTime': '15:30', 'campus': None}, {'days': 'Th', 'startTime': '8:30', 'endTime': '15:30', 'campus': None}, {'days': 'Fr', 'startTime': '8:30', 'endTime': '15:30', 'campus': None}]",Bharuttee Deehoo,15.0
EDUC 405,D015,fall,2026,EDUC 401/402 or EDUC 402/403. Students must successfully complete a Criminal Record Check.,EDUC 401;EDUC 402,False,[],Jason Southwell,15.0
EDUC 405,D016,fall,2026,EDUC 401/402 or EDUC 402/403. Students must successfully complete a Criminal Record Check.,EDUC 401;EDUC 402,False,[],Angela Connelly,15.0
EDUC 405,D017,fall,2026,EDUC 401/402 or EDUC 402/403. Students must successfully complete a Criminal Record Check.,EDUC 401;EDUC 402,False,[],,15.0
EDUC 405,F003,fall,2026,EDUC 401/402 or EDUC 402/403. Students must successfully complete a Criminal Record Check.,EDUC 401;EDUC 402,False,[],Patricia Fischer;Sophia Jamal,15.0
EDUC 406,D001,fall,2026,Permission will not be given to students without previous teaching experience. Students must successfully complete a Criminal Record Check.,,True,[],Damian Wilmann,15.0
EDUC 407,D001,fall,2026,,,False,"[{'days': 'We', 'startTime': '16:30', 'endTime': '20:20', 'campus': 'Surrey'}, {'days': 'Sa', 'startTime': '9:00', 'endTime': '13:00', 'campus': 'Surrey'}]",Sessional,3.0
EDUC 407,D002,fall,2026,,,False,[],Sessional;Tammy McDiarmid,3.0
EDUC 407,D003,fall,2026,,,False,[],,3.0
EDUC 408,D001,fall,2026,EDUC 402 and 407. Corequisite: EDUC 403. Students must successfully complete a Criminal Record Check.,EDUC 402;EDUC 403,False,"[{'days': 'We', 'startTime': '16:30', 'endTime': '20:20', 'campus': 'Surrey'}, {'days': 'Sa', 'startTime': '9:00', 'endTime': '13:00', 'campus': 'Surrey'}]",Greg Sutherland,3.0
EDUC 408,D002,fall,2026,EDUC 402 and 407. Corequisite: EDUC 403. Students must successfully complete a Criminal Record Check.,EDUC 402;EDUC 403,False,[],Greg Sutherland,3.0
EDUC 409,D001,fall,2026,"EDUC 402, 403, 407, and 408. Corequisite: EDUC 405. Students must successfully complete a Criminal Record Check.",EDUC 402;EDUC 405,False,"[{'days': 'Mo, Tu, We, Fr', 'startTime': '8:30', 'endTime': '15:30', 'campus': None}, {'days': 'Mo, Tu, We', 'startTime': '8:30', 'endTime': '15:30', 'campus': None}, {'days': 'Tu, We', 'startTime': '8:30', 'endTime': '15:30', 'campus': None}, {'days': 'We, Fr', 'startTime': '8:30', 'endTime': '15:30', 'campus': None}, {'days': 'Th', 'startTime': '8:30', 'endTime': '15:30', 'campus': None}, {'days': 'Fr', 'startTime': '8:30', 'endTime': '15:30', 'campus': None}]",Bharuttee Deehoo,3.0
EDUC 409,D002,fall,2026,"EDUC 402, 403, 407, and 408. Corequisite: EDUC 405. Students must successfully complete a Criminal Record Check.",EDUC 402;EDUC 405,False,[],Jason Southwell,3.0
EDUC 409,D003,fall,2026,"EDUC 402, 403, 407, and 408. Corequisite: EDUC 405. Students must successfully complete a Criminal Record Check.",EDUC 402;EDUC 405,False,[],Angela Connelly,3.0
EDUC 410,F100,fall,2026,,,False,"[{'days': 'Tu, Th', 'startTime': '14:30', 'endTime': '16:20', 'campus': 'Burnaby'}]",Monica Tang,4.0
EDUC 412,D100,fall,2026,EDUC 401/402 or Corequisite: EDUC 403.,EDUC 401;EDUC 403,False,[],Sessional,4.0
EDUC 422,OL01,fall,2026,PSYC 250 or corequisite of EDUC 315 or 473. Students may be required to successfully complete a Criminal Record Check.,PSYC 250;EDUC 315,False,[],Inna Stepaniuk,4.0
EDUC 423,D100,fall,2026,Or corequisite: EDUC 323.,EDUC 323,False,"[{'days': 'Fr', 'startTime': '12:30', 'endTime': '16:20', 'campus': 'Burnaby'}]",Krista Socholotiuk,4.0
EDUC 423,E100,fall,2026,Or corequisite: EDUC 323.,EDUC 323,False,"[{'days': 'Tu', 'startTime': '16:30', 'endTime': '20:20', 'campus': 'Burnaby'}]",Gillian Diane Smith,4.0
EDUC 426,D100,fall,2026,"Students may be required to successfully complete a Criminal Record Check. 60 units including EDUC 220 or PSYC 250, or EDUC 401/402 or Corequsite: EDUC 403.",EDUC 220;PSYC 250;EDUC 401;EDUC 403,False,"[{'days': 'Fr', 'startTime': '12:30', 'endTime': '16:20', 'campus': 'Surrey'}]",Elina Birmingham,4.0
EDUC 437,OL01,fall,2026,60 units including 3 units in Education.,,False,[],Heesoon Bai,4.0
EDUC 445,OL01,fall,2026,60 units.,,False,[],Sessional,4.0
EDUC 464,D100,fall,2026,EDUC 401/402 or PSYC 250 or corequisite EDUC 403.,EDUC 401;PSYC 250;EDUC 403,False,"[{'days': 'Fr', 'startTime': '12:30', 'endTime': '16:20', 'campus': 'Burnaby'}]",Ching-Chiu Lin,4.0
EDUC 465,D100,fall,2026,60 units.,,False,"[{'days': 'Fr', 'startTime': '8:30', 'endTime': '12:20', 'campus': 'VANCOUVER'}]",Beth Marshall,4.0
EDUC 471,E100,fall,2026,60 units.,,False,"[{'days': 'Mo', 'startTime': '16:30', 'endTime': '20:20', 'campus': 'Burnaby'}]",Natalia Gajdamaschko,4.0
EDUC 471,E200,fall,2026,60 units.,,False,"[{'days': 'Mo', 'startTime': '16:30', 'endTime': '20:20', 'campus': 'Surrey'}]",Engida Gebre,4.0
EDUC 471,OL01,fall,2026,60 units.,,False,[],Cristiano Barbosa de Moura,4.0
EDUC 471,OL02,fall,2026,60 units.,,False,[],Sean Chorney;Yumiko Murai,4.0
EDUC 472,D100,fall,2026,EDUC 401/402 or corequisite EDUC 403.,EDUC 401;EDUC 403,False,[],Sessional,4.0
EDUC 472,E100,fall,2026,EDUC 401/402 or corequisite EDUC 403.,EDUC 401;EDUC 403,False,"[{'days': 'Tu', 'startTime': '16:30', 'endTime': '20:20', 'campus': 'Burnaby'}]",Susan Barber,4.0
EDUC 490,D100,fall,2026,"60 units, consent of supervising faculty member, and approval of the director of undergraduate programs.",,False,[],,
EDUC 491,D100,fall,2026,"60 units, consent of supervising faculty member, and approval of the director of undergraduate programs.",,False,[],,
EDUC 702,G001,fall,2026,,,False,[],,2.0
EDUC 702,G002,fall,2026,,,False,[],,2.0
EDUC 702,G003,fall,2026,,,False,[],,2.0
EDUC 703,G001,fall,2026,,,False,[],,3.0
EDUC 703,G002,fall,2026,,,False,[],,3.0
EDUC 703,G003,fall,2026,,,False,[],,3.0
EDUC 704,G001,fall,2026,,,False,[],,4.0
EDUC 704,G002,fall,2026,,,False,[],,4.0
EDUC 704,G003,fall,2026,,,False,[],,4.0
EDUC 704,G004,fall,2026,,,False,[],,4.0
EDUC 705,G001,fall,2026,,,False,[],Joel Heng Hartse,5.0
EDUC 705,G002,fall,2026,,,False,[],,5.0
EDUC 705,G003,fall,2026,,,False,[],,5.0
EDUC 705,G004,fall,2026,,,False,[],,5.0
EDUC 705,G005,fall,2026,,,False,[],,5.0
EDUC 710,G001,fall,2026,,,False,"[{'days': 'Mo', 'startTime': '16:30', 'endTime': '21:20', 'campus': 'Burnaby'}]",Amy Parent,
EDUC 799,G031,fall,2026,"EDUC 870, 874. Students must successfully complete a Criminal Record Check.",EDUC 870,False,"[{'days': 'Tu', 'startTime': '13:00', 'endTime': '20:00', 'campus': None}]",Patricia Nitkin,3.0
EDUC 799,G032,fall,2026,"EDUC 870, 874. Students must successfully complete a Criminal Record Check.",EDUC 870,False,"[{'days': 'We', 'startTime': '12:00', 'endTime': '19:00', 'campus': None}]",Gillian Diane Smith,3.0
EDUC 799,G033,fall,2026,"EDUC 870, 874. Students must successfully complete a Criminal Record Check.",EDUC 870,False,"[{'days': 'Th', 'startTime': '12:00', 'endTime': '19:00', 'campus': None}]",Jose Domene,3.0
EDUC 801,G031,fall,2026,EDUC 800. Students must successfully complete a Criminal Record Check.,EDUC 800,False,"[{'days': 'Mo', 'startTime': '16:30', 'endTime': '19:20', 'campus': None}]",Gillian Diane Smith,1.5
EDUC 816,G031,fall,2026,,,False,[],Natalia Gajdamaschko,5.0
EDUC 816,G032,fall,2026,,,False,[],Suzanne Smythe,5.0
EDUC 818,G031,fall,2026,,,False,"[{'days': 'We', 'startTime': '16:30', 'endTime': '19:50', 'campus': 'Surrey'}]",Gillian Judson,3.0
EDUC 820,G031,fall,2026,,,False,"[{'days': 'Tu', 'startTime': '16:30', 'endTime': '21:20', 'campus': 'Burnaby'}]",Susan Montabello,5.0
EDUC 823,G031,fall,2026,,,False,[],Gillian Judson,5.0
EDUC 823,G032,fall,2026,,,False,[],Vicki Kelly,5.0
EDUC 830,G031,fall,2026,,,False,[],Alisa Paul,5.0
EDUC 834,G031,fall,2026,,,False,[],Daniele Moore,5.0
EDUC 837,G031,fall,2026,,,False,"[{'days': 'We', 'startTime': '16:30', 'endTime': '19:00', 'campus': 'Burnaby'}]",Cristiano Barbosa de Moura,5.0
EDUC 843,G001,fall,2026,,,False,"[{'days': 'Tu', 'startTime': '16:30', 'endTime': '21:20', 'campus': 'Surrey'}]",Celeste Snowber,5.0
EDUC 843,G031,fall,2026,,,False,[],Paula Rosehart,5.0
EDUC 845,G031,fall,2026,,,False,[],Sessional,5.0
EDUC 862,G031,fall,2026,Acceptance to the MA/MEd counselling psychology program or permission of instructor. Students must successfully complete a Criminal Record Check.,,True,"[{'days': 'Th', 'startTime': '16:30', 'endTime': '19:20', 'campus': 'Surrey'}]",Masahiro Minami,3.0
EDUC 864,G031,fall,2026,,,False,"[{'days': 'Mo', 'startTime': '16:30', 'endTime': '21:20', 'campus': 'Burnaby'}]",Krista Socholotiuk,5.0
EDUC 866,G002,fall,2026,,,False,"[{'days': 'Mo', 'startTime': '16:30', 'endTime': '21:20', 'campus': 'Burnaby'}]",Jeannie Kerr,5.0
EDUC 870,G031,fall,2026,Acceptance to the MA/MEd counselling psychology program or permission of instructor. Students must successfully complete a Criminal Record Check.,,True,"[{'days': 'We', 'startTime': '16:30', 'endTime': '19:20', 'campus': 'Surrey'}]",Sharalyn Jordan,3.0
EDUC 883,G001,fall,2026,,,False,[],,5.0
EDUC 883,G002,fall,2026,,,False,[],,5.0
EDUC 885,G001,fall,2026,,,False,[],,6.0
EDUC 885,G002,fall,2026,,,False,[],,6.0
EDUC 886,G001,fall,2026,,,False,[],,18.0
EDUC 886,G002,fall,2026,,,False,[],,18.0
EDUC 889,G031,fall,2026,EDUC 719.,EDUC 719,False,[],Rebecca Cox,10.0
EDUC 890,G001,fall,2026,,,False,"[{'days': 'Tu', 'startTime': '16:30', 'endTime': '20:20', 'campus': 'Surrey'}]",Kevin O'Neill,4.0
EDUC 893,G001,fall,2026,,,False,"[{'days': 'Th', 'startTime': '16:30', 'endTime': '20:20', 'campus': 'Surrey'}]",Yumiko Murai,4.0
EDUC 895,G031,fall,2026,This course is designed for the MEd program in Numeracy.,,False,[],Rina Zazkis,5.0
EDUC 898,G001,fall,2026,,,False,[],,18.0
EDUC 898,G002,fall,2026,,,False,[],,18.0
EDUC 899,G001,fall,2026,,,False,[],,18.0
EDUC 899,G002,fall,2026,,,False,[],,18.0
EDUC 899,G031,fall,2026,,,False,[],,18.0
EDUC 899,G032,fall,2026,,,False,[],,18.0
EDUC 899,G033,fall,2026,,,False,[],,18.0
EDUC 901A,G001,fall,2026,,,False,[],,3.0
EDUC 901B,G001,fall,2026,,,False,[],,3.0
EDUC 902A,G001,fall,2026,,,False,"[{'days': 'Tu', 'startTime': '16:30', 'endTime': '19:20', 'campus': 'Burnaby'}]",Lilach Marom,3.0
EDUC 902B,G001,fall,2026,,,False,"[{'days': 'Tu', 'startTime': '16:30', 'endTime': '19:20', 'campus': 'Burnaby'}]",Lilach Marom,3.0
EDUC 910,G001,fall,2026,,,False,[],,5.0
EDUC 910,G002,fall,2026,,,False,[],,5.0
EDUC 910,G003,fall,2026,,,False,[],,5.0
EDUC 910,G004,fall,2026,,,False,[],,5.0
EDUC 910,G005,fall,2026,,,False,[],,5.0
EDUC 910,G006,fall,2026,,,False,[],,5.0
EDUC 911,G001,fall,2026,,,False,"[{'days': 'We', 'startTime': '16:30', 'endTime': '19:20', 'campus': 'VANCOUVER'}]",Heesoon Bai,3.0
EDUC 921,G001,fall,2026,,,False,"[{'days': 'We', 'startTime': '16:30', 'endTime': '19:20', 'campus': 'VANCOUVER'}]",Heesoon Bai,3.0
EDUC 925,G001,fall,2026,,,False,[],Daniele Moore,3.0
EDUC 932,G001,fall,2026,Admission to ETLD program.,,False,"[{'days': 'We', 'startTime': '16:30', 'endTime': '20:20', 'campus': 'Surrey'}]",Engida Gebre,4.0
EDUC 942,G001,fall,2026,,,False,"[{'days': 'Mo', 'startTime': '16:30', 'endTime': '21:20', 'campus': 'Burnaby'}]",Nathalie Sinclair,5.0
EDUC 944,G001,fall,2026,,,False,"[{'days': 'We', 'startTime': '16:30', 'endTime': '21:20', 'campus': 'Burnaby'}]",Vicki Kelly,5.0
EDUC 983,G001,fall,2026,,,False,[],,5.0
EDUC 983,G002,fall,2026,,,False,[],,5.0
EDUC 984,G001,fall,2026,,,False,[],,3.0
EDUC 984,G002,fall,2026,,,False,[],,3.0
ENGL 111W,D100,fall,2026,,,False,"[{'days': 'Mo, We', 'startTime': '9:30', 'endTime': '10:20', 'campus': 'Burnaby'}]",Troy Sebastian,3.0
ENGL 111W,D101,fall,2026,,,False,"[{'days': 'We', 'startTime': '10:30', 'endTime': '11:20', 'campus': 'Burnaby'}]",,3.0
ENGL 111W,D102,fall,2026,,,False,"[{'days': 'Mo', 'startTime': '10:30', 'endTime': '11:20', 'campus': 'Burnaby'}]",,3.0
ENGL 111W,D103,fall,2026,,,False,"[{'days': 'Mo, Fr', 'startTime': '8:30', 'endTime': '9:20', 'campus': 'Burnaby'}]",,3.0
ENGL 111W,D104,fall,2026,,,False,"[{'days': 'We', 'startTime': '8:30', 'endTime': '9:20', 'campus': 'Burnaby'}]",,3.0
ENGL 111W,D105,fall,2026,,,False,"[{'days': 'Mo', 'startTime': '14:30', 'endTime': '15:20', 'campus': 'Burnaby'}]",,3.0
ENGL 111W,D106,fall,2026,,,False,"[{'days': 'We', 'startTime': '11:30', 'endTime': '12:20', 'campus': 'Burnaby'}]",,3.0
ENGL 111W,D107,fall,2026,,,False,"[{'days': 'Mo', 'startTime': '12:30', 'endTime': '13:20', 'campus': 'Burnaby'}]",,3.0
ENGL 111W,D108,fall,2026,,,False,"[{'days': 'We', 'startTime': '12:30', 'endTime': '13:20', 'campus': 'Burnaby'}]",,3.0
ENGL 111W,D109,fall,2026,,,False,"[{'days': 'Mo', 'startTime': '13:30', 'endTime': '14:20', 'campus': 'Burnaby'}]",,3.0
ENGL 111W,D110,fall,2026,,,False,"[{'days': 'We', 'startTime': '13:30', 'endTime': '14:20', 'campus': 'Burnaby'}]",,3.0
ENGL 113W,D100,fall,2026,,,False,"[{'days': 'Mo, We', 'startTime': '9:30', 'endTime': '10:20', 'campus': 'Burnaby'}]",Paul Budra,3.0
ENGL 113W,D101,fall,2026,,,False,"[{'days': 'We', 'startTime': '11:30', 'endTime': '12:20', 'campus': 'Burnaby'}]",,3.0
ENGL 113W,D102,fall,2026,,,False,"[{'days': 'We', 'startTime': '11:30', 'endTime': '12:20', 'campus': 'Burnaby'}]",,3.0
ENGL 113W,D103,fall,2026,,,False,"[{'days': 'We', 'startTime': '10:30', 'endTime': '11:20', 'campus': 'Burnaby'}]",,3.0
ENGL 113W,D104,fall,2026,,,False,"[{'days': 'We', 'startTime': '10:30', 'endTime': '11:20', 'campus': 'Burnaby'}]",,3.0
ENGL 113W,D105,fall,2026,,,False,"[{'days': 'Mo', 'startTime': '10:30', 'endTime': '11:20', 'campus': 'Burnaby'}]",,3.0
ENGL 113W,D106,fall,2026,,,False,"[{'days': 'Mo', 'startTime': '10:30', 'endTime': '11:20', 'campus': 'Burnaby'}]",,3.0
ENGL 113W,D107,fall,2026,,,False,"[{'days': 'Mo', 'startTime': '8:30', 'endTime': '9:20', 'campus': 'Burnaby'}]",,3.0
ENGL 113W,D108,fall,2026,,,False,"[{'days': 'Mo', 'startTime': '8:30', 'endTime': '9:20', 'campus': 'Burnaby'}]",,3.0
ENGL 113W,D109,fall,2026,,,False,"[{'days': 'We', 'startTime': '13:30', 'endTime': '14:20', 'campus': 'Burnaby'}]",,3.0
ENGL 113W,D110,fall,2026,,,False,"[{'days': 'Mo', 'startTime': '14:30', 'endTime': '15:20', 'campus': 'Burnaby'}]",,3.0
ENGL 115W,D100,fall,2026,,,False,"[{'days': 'Tu', 'startTime': '10:30', 'endTime': '12:20', 'campus': 'Burnaby'}]",Cornel Bogle,3.0
ENGL 115W,D101,fall,2026,,,False,"[{'days': 'Tu', 'startTime': '9:30', 'endTime': '10:20', 'campus': 'Burnaby'}]",,3.0
ENGL 115W,D102,fall,2026,,,False,"[{'days': 'Tu', 'startTime': '9:30', 'endTime': '10:20', 'campus': 'Burnaby'}]",,3.0
ENGL 115W,D103,fall,2026,,,False,"[{'days': 'Tu', 'startTime': '13:30', 'endTime': '14:20', 'campus': 'Burnaby'}]",,3.0
ENGL 115W,D104,fall,2026,,,False,"[{'days': 'Tu', 'startTime': '13:30', 'endTime': '14:20', 'campus': 'Burnaby'}]",,3.0
ENGL 115W,D105,fall,2026,,,False,"[{'days': 'Tu', 'startTime': '14:30', 'endTime': '15:20', 'campus': 'Burnaby'}]",,3.0
ENGL 115W,D106,fall,2026,,,False,"[{'days': 'Tu', 'startTime': '14:30', 'endTime': '15:20', 'campus': 'Burnaby'}]",,3.0
ENGL 115W,D107,fall,2026,,,False,"[{'days': 'Tu', 'startTime': '15:30', 'endTime': '16:20', 'campus': 'Burnaby'}]",,3.0
ENGL 115W,D108,fall,2026,,,False,"[{'days': 'Tu', 'startTime': '15:30', 'endTime': '16:20', 'campus': 'Burnaby'}]",,3.0
ENGL 115W,D109,fall,2026,,,False,"[{'days': 'Tu', 'startTime': '12:30', 'endTime': '13:20', 'campus': 'Burnaby'}]",,3.0
ENGL 115W,D110,fall,2026,,,False,"[{'days': 'Tu', 'startTime': '8:30', 'endTime': '9:20', 'campus': 'Burnaby'}]",,3.0
ENGL 199W,D100,fall,2026,12 units.,,False,"[{'days': 'Mo, We', 'startTime': '11:30', 'endTime': '12:20', 'campus': 'Burnaby'}]",Sean Zwagerman,3.0
ENGL 199W,D101,fall,2026,12 units.,,False,"[{'days': 'Mo', 'startTime': '12:30', 'endTime': '13:20', 'campus': 'Burnaby'}]",Sean Zwagerman,3.0
ENGL 202,B100,fall,2026,12 units or one 100-division English course.,,False,"[{'days': 'Mo', 'startTime': '12:30', 'endTime': '14:20', 'campus': 'Burnaby'}]",Michelle Levy,3.0
ENGL 202,B101,fall,2026,12 units or one 100-division English course.,,False,"[{'days': 'Mo', 'startTime': '9:30', 'endTime': '10:20', 'campus': 'Burnaby'}]",,3.0
ENGL 202,B102,fall,2026,12 units or one 100-division English course.,,False,"[{'days': 'Mo', 'startTime': '10:30', 'endTime': '11:20', 'campus': 'Burnaby'}]",,3.0
ENGL 202,B103,fall,2026,12 units or one 100-division English course.,,False,"[{'days': 'Mo', 'startTime': '14:30', 'endTime': '15:20', 'campus': 'Burnaby'}]",,3.0
ENGL 202,B104,fall,2026,12 units or one 100-division English course.,,False,"[{'days': 'Mo', 'startTime': '15:30', 'endTime': '16:20', 'campus': 'Burnaby'}]",,3.0
ENGL 211,D100,fall,2026,12 units or one 100-division English course.,,False,"[{'days': 'We, Fr', 'startTime': '9:30', 'endTime': '10:20', 'campus': 'Burnaby'}]",JD Fleming,3.0
ENGL 211,D101,fall,2026,12 units or one 100-division English course.,,False,"[{'days': 'We', 'startTime': '10:30', 'endTime': '11:20', 'campus': 'Burnaby'}]",,3.0
ENGL 211,D102,fall,2026,12 units or one 100-division English course.,,False,"[{'days': 'Fr', 'startTime': '8:30', 'endTime': '9:20', 'campus': 'Burnaby'}]",,3.0
ENGL 211,D103,fall,2026,12 units or one 100-division English course.,,False,"[{'days': 'Fr', 'startTime': '10:30', 'endTime': '11:20', 'campus': 'Burnaby'}]",,3.0
ENGL 211,D104,fall,2026,12 units or one 100-division English course.,,False,"[{'days': 'Fr', 'startTime': '10:30', 'endTime': '11:20', 'campus': 'Burnaby'}]",,3.0
ENGL 213,D100,fall,2026,12 units or one 100-division English course.,,False,"[{'days': 'Th', 'startTime': '10:30', 'endTime': '12:20', 'campus': 'Burnaby'}]",Leith Davis,3.0
ENGL 213,D101,fall,2026,12 units or one 100-division English course.,,False,"[{'days': 'Th', 'startTime': '9:30', 'endTime': '10:20', 'campus': 'Burnaby'}]",,3.0
ENGL 213,D102,fall,2026,12 units or one 100-division English course.,,False,"[{'days': 'Th', 'startTime': '12:30', 'endTime': '13:20', 'campus': 'Burnaby'}]",Leith Davis,3.0
ENGL 213,D103,fall,2026,12 units or one 100-division English course.,,False,"[{'days': 'Th', 'startTime': '12:30', 'endTime': '13:20', 'campus': 'Burnaby'}]",,3.0
ENGL 213,D104,fall,2026,12 units or one 100-division English course.,,False,"[{'days': 'Th', 'startTime': '13:30', 'endTime': '14:20', 'campus': 'Burnaby'}]",,3.0
ENGL 214,D100,fall,2026,12 units or one 100-division English course.,,False,"[{'days': 'Mo, We', 'startTime': '14:30', 'endTime': '15:20', 'campus': 'Burnaby'}]",Sean Zwagerman,3.0
ENGL 214,D101,fall,2026,12 units or one 100-division English course.,,False,"[{'days': 'Mo', 'startTime': '15:30', 'endTime': '16:20', 'campus': 'Burnaby'}]",Sean Zwagerman,3.0
ENGL 272,D100,fall,2026,"ENGL 111W, 112W, 113W, 114W, or 115W; or WL 105W; or PUB 101.",ENGL 111W;WL 105W;PUB 101,False,"[{'days': 'Mo', 'startTime': '12:30', 'endTime': '14:20', 'campus': 'Burnaby'}]",Clint Burnham,3.0
ENGL 272,D101,fall,2026,"ENGL 111W, 112W, 113W, 114W, or 115W; or WL 105W; or PUB 101.",ENGL 111W;WL 105W;PUB 101,False,"[{'days': 'Mo', 'startTime': '14:30', 'endTime': '15:20', 'campus': 'Burnaby'}]",,3.0
ENGL 272,D102,fall,2026,"ENGL 111W, 112W, 113W, 114W, or 115W; or WL 105W; or PUB 101.",ENGL 111W;WL 105W;PUB 101,False,"[{'days': 'Mo', 'startTime': '14:30', 'endTime': '15:20', 'campus': 'Burnaby'}]",,3.0
ENGL 272,D103,fall,2026,"ENGL 111W, 112W, 113W, 114W, or 115W; or WL 105W; or PUB 101.",ENGL 111W;WL 105W;PUB 101,False,"[{'days': 'Mo', 'startTime': '15:30', 'endTime': '16:20', 'campus': 'Burnaby'}]",,3.0
ENGL 272,D104,fall,2026,"ENGL 111W, 112W, 113W, 114W, or 115W; or WL 105W; or PUB 101.",ENGL 111W;WL 105W;PUB 101,False,"[{'days': 'Mo', 'startTime': '16:30', 'endTime': '17:20', 'campus': 'Burnaby'}]",,3.0
ENGL 312,OL01,fall,2026,30 units or two 200-division English courses.,,False,[],Paul Budra,4.0
ENGL 320,D100,fall,2026,30 units or two 200-division English courses.,,False,"[{'days': 'Fr', 'startTime': '12:30', 'endTime': '16:20', 'campus': 'Burnaby'}]",Leith Davis,4.0
ENGL 330,OL01,fall,2026,30 units or two 200-division English courses.,,False,[],Carolyn Lesjak,4.0
ENGL 345,D100,fall,2026,30 units or two 200-division English courses.,,False,"[{'days': 'Th', 'startTime': '16:30', 'endTime': '20:20', 'campus': 'Burnaby'}]",Jon Smith,4.0
ENGL 355,OL01,fall,2026,30 units or two 200-division English courses.,,False,[],Clint Burnham,4.0
ENGL 360,D100,fall,2026,30 units or two 200-division English courses.,,False,"[{'days': 'Tu', 'startTime': '16:30', 'endTime': '20:20', 'campus': 'Burnaby'}]",Troy Sebastian,4.0
ENGL 362,D100,fall,2026,30 units or two 200-division English courses.,,False,"[{'days': 'Tu, Th', 'startTime': '12:30', 'endTime': '14:20', 'campus': 'Burnaby'}]",Joanne Leow,4.0
ENGL 372,D100,fall,2026,30 units; or two 200-division English courses; or formal declaration in the creative writing minor and ENGL 272.,ENGL 272,False,"[{'days': 'Tu, Th', 'startTime': '14:30', 'endTime': '16:20', 'campus': 'Burnaby'}]",Stephen Collis,4.0
ENGL 376,D100,fall,2026,30 units or two 200-division English courses.,,False,"[{'days': 'We, Fr', 'startTime': '14:30', 'endTime': '16:20', 'campus': 'Burnaby'}]",JD Fleming,4.0
ENGL 383,D100,fall,2026,30 units or two 200-division English courses.,,False,"[{'days': 'Mo', 'startTime': '8:30', 'endTime': '10:20', 'campus': 'Burnaby'}]",Torsten Kehler,4.0
ENGL 383,D101,fall,2026,30 units or two 200-division English courses.,,False,"[{'days': 'Mo', 'startTime': '12:30', 'endTime': '14:20', 'campus': 'Burnaby'}]",,4.0
ENGL 383,D102,fall,2026,30 units or two 200-division English courses.,,False,"[{'days': 'Tu', 'startTime': '10:30', 'endTime': '12:20', 'campus': 'Burnaby'}]",,4.0
ENGL 383,D103,fall,2026,30 units or two 200-division English courses.,,False,"[{'days': 'Tu', 'startTime': '12:30', 'endTime': '14:20', 'campus': 'Burnaby'}]",,4.0
ENGL 398,D100,fall,2026,"30 units or two 200-division English courses. English majors, minors, extended minors, joint majors, and honours may take this course with permission of the instructor. This course may be counted towards general degree requirements, but not for credit towards an English major, minor, extended minor, joint major or honours.",,True,"[{'days': 'Tu, Th', 'startTime': '10:30', 'endTime': '12:20', 'campus': 'Burnaby'}]",Diana Solomon,4.0
ENGL 411W,D100,fall,2026,45 units or two 300-division English courses.,,False,"[{'days': 'Tu', 'startTime': '16:30', 'endTime': '20:20', 'campus': 'Burnaby'}]",Cornel Bogle,4.0
ENGL 413W,D100,fall,2026,45 units or two 300-division English courses.,,False,"[{'days': 'We', 'startTime': '16:30', 'endTime': '20:20', 'campus': 'Burnaby'}]",Ziwei Yan,4.0
ENGL 431W,D100,fall,2026,45 units or two 300-division English courses. Strongly recommended: At least one Indigenous studies course.,,False,"[{'days': 'We, Fr', 'startTime': '12:30', 'endTime': '14:20', 'campus': 'Burnaby'}]",Deanna Reder,4.0
ENGL 433W,D100,fall,2026,45 units or two 300-division English courses.,,False,"[{'days': 'Tu, Th', 'startTime': '10:30', 'endTime': '12:20', 'campus': 'Burnaby'}]",David Coley,4.0
ENGL 433W,D200,fall,2026,45 units or two 300-division English courses.,,False,"[{'days': 'Tu, Th', 'startTime': '14:30', 'endTime': '16:20', 'campus': 'Burnaby'}]",Diana Solomon,4.0
ENGL 490,D100,fall,2026,"Two 100-division English courses, two 200-division English courses and two 300-division English courses. Reserved for English honours, major, joint major and minor students. Admission is by permission of the instructor and the department.",,True,"[{'days': 'Mo', 'startTime': '16:30', 'endTime': '20:20', 'campus': None}]",,4.0
ENGL 490,D200,fall,2026,"Two 100-division English courses, two 200-division English courses and two 300-division English courses. Reserved for English honours, major, joint major and minor students. Admission is by permission of the instructor and the department.",,True,"[{'days': 'Th', 'startTime': '16:30', 'endTime': '20:20', 'campus': None}]",,4.0
ENGL 491,D100,fall,2026,"Two 100-division English courses, two 200-division English courses and two 300-division English courses. Reserved for English honours, major, joint major and minor students. Admission is by permission of the instructor and the department.",,True,"[{'days': 'Mo', 'startTime': '16:30', 'endTime': '20:20', 'campus': None}]",,2.0
ENGL 491,D200,fall,2026,"Two 100-division English courses, two 200-division English courses and two 300-division English courses. Reserved for English honours, major, joint major and minor students. Admission is by permission of the instructor and the department.",,True,"[{'days': 'We', 'startTime': '16:30', 'endTime': '20:20', 'campus': 'Burnaby'}]",,2.0
ENGL 494,D100,fall,2026,"Permission of the department, plus normally a minimum of 90 units, including credit or standing in two 100-division English courses, two 200-division English courses, and four 300 or 400-division English courses, one of which must be ENGL 364.",ENGL 364,False,"[{'days': 'Mo', 'startTime': '14:30', 'endTime': '16:20', 'campus': 'Burnaby'}]",Ronda Arab,4.0
ENGL 496,D100,fall,2026,"Lower division requirements for the English major. Open only to students who have been accepted into the English honours program, and who have completed ENGL 494.",ENGL 494,False,"[{'days': 'Fr', 'startTime': '16:30', 'endTime': '20:20', 'campus': 'Burnaby'}]",Ronda Arab,4.0
ENGL 810,G100,fall,2026,,,False,"[{'days': 'We', 'startTime': '16:30', 'endTime': '20:20', 'campus': 'Burnaby'}]",Carolyn Lesjak,4.0
ENGL 820,G100,fall,2026,,,False,"[{'days': 'Mo', 'startTime': '16:30', 'endTime': '20:20', 'campus': 'Burnaby'}]",Michelle Levy,4.0
ENGL 830,G100,fall,2026,,,False,"[{'days': 'Th', 'startTime': '16:30', 'endTime': '20:20', 'campus': 'Burnaby'}]",David Coley,4.0
ENGL 834,G100,fall,2026,,,False,"[{'days': 'Tu', 'startTime': '16:30', 'endTime': '20:20', 'campus': 'Burnaby'}]",Jeff Derksen,4.0
ENGL 875,G100,fall,2026,,,False,[],,4.0
ENGL 880,G100,fall,2026,,,False,"[{'days': 'Fr', 'startTime': '12:30', 'endTime': '16:20', 'campus': 'Burnaby'}]",Margaret Linley,4.0
ENGL 882,G100,fall,2026,,,False,[],Margaret Linley,10.0
ENGL 891,G100,fall,2026,,,False,[],Margaret Linley,6.0
ENGL 892,G100,fall,2026,,,False,[],Margaret Linley,4.0
ENGL 893,G100,fall,2026,,,False,[],Margaret Linley,4.0
ENGL 894,G100,fall,2026,ENGL 892 and ENGL 893.,ENGL 892;ENGL 893,False,[],Margaret Linley,4.0
ENGL 899,G100,fall,2026,,,False,[],Margaret Linley,18.0
ENGL 899,G200,fall,2026,,,False,[],Margaret Linley,18.0
ENSC 100,E100,fall,2026,,,False,"[{'days': 'We', 'startTime': '16:30', 'endTime': '17:20', 'campus': 'Burnaby'}, {'days': 'Fr', 'startTime': '16:30', 'endTime': '18:20', 'campus': 'Burnaby'}]",Michael Hegedus,3.0
ENSC 100,LA01,fall,2026,,,False,"[{'days': 'Mo', 'startTime': '10:30', 'endTime': '11:20', 'campus': 'Burnaby'}]",Michael Hegedus,3.0
ENSC 100,LA02,fall,2026,,,False,"[{'days': 'Mo', 'startTime': '10:30', 'endTime': '11:20', 'campus': 'Burnaby'}]",Michael Hegedus,3.0
ENSC 100,LA03,fall,2026,,,False,"[{'days': 'Mo', 'startTime': '11:30', 'endTime': '12:20', 'campus': 'Burnaby'}]",Michael Hegedus,3.0
ENSC 100,LA04,fall,2026,,,False,"[{'days': 'Mo', 'startTime': '11:30', 'endTime': '12:20', 'campus': 'Burnaby'}]",Michael Hegedus,3.0
ENSC 100,LA05,fall,2026,,,False,"[{'days': 'Mo', 'startTime': '12:30', 'endTime': '13:20', 'campus': 'Burnaby'}]",Michael Hegedus,3.0
ENSC 100,LA06,fall,2026,,,False,"[{'days': 'Mo', 'startTime': '12:30', 'endTime': '13:20', 'campus': 'Burnaby'}]",Michael Hegedus,3.0
ENSC 100,LA07,fall,2026,,,False,"[{'days': 'Mo', 'startTime': '13:30', 'endTime': '14:20', 'campus': 'Burnaby'}]",Michael Hegedus,3.0
ENSC 100,LA08,fall,2026,,,False,"[{'days': 'Mo', 'startTime': '13:30', 'endTime': '14:20', 'campus': 'Burnaby'}]",Michael Hegedus,3.0
ENSC 100,LA09,fall,2026,,,False,"[{'days': 'Tu', 'startTime': '12:30', 'endTime': '13:20', 'campus': 'Burnaby'}]",Michael Hegedus,3.0
ENSC 100,LA10,fall,2026,,,False,"[{'days': 'Tu', 'startTime': '12:30', 'endTime': '13:20', 'campus': 'Burnaby'}]",Michael Hegedus,3.0
ENSC 100,LA11,fall,2026,,,False,"[{'days': 'Tu', 'startTime': '13:30', 'endTime': '14:20', 'campus': 'Burnaby'}]",Michael Hegedus,3.0
ENSC 100,LA12,fall,2026,,,False,"[{'days': 'Tu', 'startTime': '13:30', 'endTime': '14:20', 'campus': 'Burnaby'}]",Michael Hegedus,3.0
ENSC 100,LA13,fall,2026,,,False,"[{'days': 'We', 'startTime': '12:30', 'endTime': '13:20', 'campus': 'Burnaby'}]",Michael Hegedus,3.0
ENSC 100,LA14,fall,2026,,,False,"[{'days': 'We', 'startTime': '12:30', 'endTime': '13:20', 'campus': 'Burnaby'}]",Michael Hegedus,3.0
ENSC 100,LA15,fall,2026,,,False,"[{'days': 'We', 'startTime': '13:30', 'endTime': '14:20', 'campus': 'Burnaby'}]",Michael Hegedus,3.0
ENSC 100,LA16,fall,2026,,,False,"[{'days': 'We', 'startTime': '13:30', 'endTime': '14:20', 'campus': 'Burnaby'}]",Michael Hegedus,3.0
ENSC 100,LA17,fall,2026,,,False,"[{'days': 'We', 'startTime': '14:30', 'endTime': '15:20', 'campus': 'Burnaby'}]",Michael Hegedus,3.0
ENSC 100,LA19,fall,2026,,,False,"[{'days': 'We', 'startTime': '15:30', 'endTime': '16:20', 'campus': 'Burnaby'}]",Michael Hegedus,3.0
ENSC 100,LA21,fall,2026,,,False,"[{'days': 'Th', 'startTime': '10:30', 'endTime': '11:20', 'campus': 'Burnaby'}]",Michael Hegedus,3.0
ENSC 100,LA22,fall,2026,,,False,"[{'days': 'Th', 'startTime': '10:30', 'endTime': '11:20', 'campus': 'Burnaby'}]",Michael Hegedus,3.0
ENSC 100,LA23,fall,2026,,,False,"[{'days': 'Th', 'startTime': '11:30', 'endTime': '12:20', 'campus': 'Burnaby'}]",Michael Hegedus,3.0
ENSC 100,LA24,fall,2026,,,False,"[{'days': 'Th', 'startTime': '11:30', 'endTime': '12:20', 'campus': 'Burnaby'}]",Michael Hegedus,3.0
ENSC 100,LA25,fall,2026,,,False,"[{'days': 'Th', 'startTime': '12:30', 'endTime': '13:20', 'campus': 'Burnaby'}]",Michael Hegedus,3.0
ENSC 100,LA26,fall,2026,,,False,"[{'days': 'Th', 'startTime': '12:30', 'endTime': '13:20', 'campus': 'Burnaby'}]",Michael Hegedus,3.0
ENSC 100,LA27,fall,2026,,,False,"[{'days': 'Th', 'startTime': '13:30', 'endTime': '14:20', 'campus': 'Burnaby'}]",Michael Hegedus,3.0
ENSC 100,LA28,fall,2026,,,False,"[{'days': 'Th', 'startTime': '13:30', 'endTime': '14:20', 'campus': 'Burnaby'}]",Michael Hegedus,3.0
ENSC 100,LA29,fall,2026,,,False,"[{'days': 'Fr', 'startTime': '14:30', 'endTime': '15:20', 'campus': 'Burnaby'}]",Michael Hegedus,3.0
ENSC 100,LA30,fall,2026,,,False,"[{'days': 'Fr', 'startTime': '14:30', 'endTime': '15:20', 'campus': 'Burnaby'}]",Michael Hegedus,3.0
ENSC 100,LA31,fall,2026,,,False,"[{'days': 'Fr', 'startTime': '15:30', 'endTime': '16:20', 'campus': 'Burnaby'}]",Michael Hegedus,3.0
ENSC 100,LA32,fall,2026,,,False,"[{'days': 'Fr', 'startTime': '15:30', 'endTime': '16:20', 'campus': 'Burnaby'}]",Michael Hegedus,3.0
ENSC 100,LA33,fall,2026,,,False,"[{'days': 'Mo', 'startTime': '14:30', 'endTime': '15:20', 'campus': 'Burnaby'}]",Michael Hegedus,3.0
ENSC 100,LA36,fall,2026,,,False,"[{'days': 'Mo', 'startTime': '15:30', 'endTime': '16:20', 'campus': 'Burnaby'}]",Michael Hegedus,3.0
ENSC 105W,D100,fall,2026,,,False,"[{'days': 'Tu', 'startTime': '10:30', 'endTime': '12:20', 'campus': 'Burnaby'}, {'days': 'Fr', 'startTime': '10:30', 'endTime': '11:20', 'campus': 'Burnaby'}]",Michael Sjoerdsma,3.0
ENSC 120,D100,fall,2026,BC Pre-Calculus 12 and BC Physics 12 (or equivalents).,,False,"[{'days': 'Th', 'startTime': '8:30', 'endTime': '10:20', 'campus': 'Burnaby'}]",Atousa Hajshirmohammadi,2.0
ENSC 120,LA01,fall,2026,BC Pre-Calculus 12 and BC Physics 12 (or equivalents).,,False,"[{'days': 'We', 'startTime': '10:30', 'endTime': '12:20', 'campus': 'Burnaby'}]",Atousa Hajshirmohammadi,2.0
ENSC 120,LA03,fall,2026,BC Pre-Calculus 12 and BC Physics 12 (or equivalents).,,False,"[{'days': 'We', 'startTime': '14:30', 'endTime': '16:20', 'campus': 'Burnaby'}]",Atousa Hajshirmohammadi,2.0
ENSC 120,LA05,fall,2026,BC Pre-Calculus 12 and BC Physics 12 (or equivalents).,,False,"[{'days': 'Th', 'startTime': '10:30', 'endTime': '12:20', 'campus': 'Burnaby'}]",Atousa Hajshirmohammadi,2.0
ENSC 120,LA06,fall,2026,BC Pre-Calculus 12 and BC Physics 12 (or equivalents).,,False,"[{'days': 'Th', 'startTime': '10:30', 'endTime': '12:20', 'campus': 'Burnaby'}]",Atousa Hajshirmohammadi,2.0
ENSC 151,D100,fall,2026,"BC Math 12 (or equivalent, or any of MATH 100, 150, 151, 154, or 157, with a minimum grade of C-).",MATH 100,False,"[{'days': 'Tu, Th', 'startTime': '14:30', 'endTime': '16:20', 'campus': 'Burnaby'}]",Cheng Li,4.0
ENSC 151,LA01,fall,2026,"BC Math 12 (or equivalent, or any of MATH 100, 150, 151, 154, or 157, with a minimum grade of C-).",MATH 100,False,"[{'days': 'Tu', 'startTime': '8:30', 'endTime': '10:20', 'campus': 'Burnaby'}]",Cheng Li,4.0
ENSC 151,LA02,fall,2026,"BC Math 12 (or equivalent, or any of MATH 100, 150, 151, 154, or 157, with a minimum grade of C-).",MATH 100,False,"[{'days': 'Tu', 'startTime': '16:30', 'endTime': '18:20', 'campus': 'Burnaby'}]",Cheng Li,4.0
ENSC 151,LA03,fall,2026,"BC Math 12 (or equivalent, or any of MATH 100, 150, 151, 154, or 157, with a minimum grade of C-).",MATH 100,False,"[{'days': 'We', 'startTime': '12:30', 'endTime': '14:20', 'campus': 'Burnaby'}]",Cheng Li,4.0
ENSC 151,LA04,fall,2026,"BC Math 12 (or equivalent, or any of MATH 100, 150, 151, 154, or 157, with a minimum grade of C-).",MATH 100,False,"[{'days': 'Th', 'startTime': '10:30', 'endTime': '12:20', 'campus': 'Burnaby'}]",Cheng Li,4.0
ENSC 151,LA05,fall,2026,"BC Math 12 (or equivalent, or any of MATH 100, 150, 151, 154, or 157, with a minimum grade of C-).",MATH 100,False,"[{'days': 'Th', 'startTime': '12:30', 'endTime': '14:20', 'campus': 'Burnaby'}]",Cheng Li,4.0
ENSC 194,D100,fall,2026,,,False,"[{'days': 'Mo, Tu, We, Th, Fr', 'startTime': '8:00', 'endTime': '20:00', 'campus': None}]",Cristina Eftenaru,3.0
ENSC 195,D100,fall,2026,,,False,"[{'days': 'Mo, Tu, We, Th, Fr', 'startTime': '8:00', 'endTime': '20:00', 'campus': None}]",Cristina Eftenaru,3.0
ENSC 195,D200,fall,2026,,,False,"[{'days': 'Mo, Tu, We, Th, Fr', 'startTime': '8:00', 'endTime': '20:00', 'campus': None}]",Cristina Eftenaru,3.0
ENSC 195,I100,fall,2026,,,False,"[{'days': 'Mo, Tu, We, Th, Fr', 'startTime': '8:00', 'endTime': '20:00', 'campus': None}]",Cristina Eftenaru,3.0
ENSC 196,D100,fall,2026,,,False,"[{'days': 'Mo, Tu, We, Th, Fr', 'startTime': '8:00', 'endTime': '20:00', 'campus': None}]",Cristina Eftenaru,3.0
ENSC 196,D200,fall,2026,,,False,"[{'days': 'Mo, Tu, We, Th, Fr', 'startTime': '8:00', 'endTime': '20:00', 'campus': None}]",Cristina Eftenaru,3.0
ENSC 196,I100,fall,2026,,,False,"[{'days': 'Mo, Tu, We, Th, Fr', 'startTime': '8:00', 'endTime': '20:00', 'campus': None}]",Cristina Eftenaru,3.0
ENSC 204,E100,fall,2026,,,False,"[{'days': 'We', 'startTime': '16:30', 'endTime': '18:20', 'campus': 'Burnaby'}]",Shervin Jannesar,3.0
ENSC 204,LA01,fall,2026,,,False,"[{'days': 'We', 'startTime': '12:30', 'endTime': '14:20', 'campus': 'Burnaby'}]",Shervin Jannesar,3.0
ENSC 204,LA02,fall,2026,,,False,"[{'days': 'Th', 'startTime': '10:30', 'endTime': '12:20', 'campus': 'Burnaby'}]",Shervin Jannesar,3.0
ENSC 204,LA03,fall,2026,,,False,"[{'days': 'Th', 'startTime': '16:30', 'endTime': '18:20', 'campus': 'Burnaby'}]",Shervin Jannesar,3.0
ENSC 204,LA04,fall,2026,,,False,"[{'days': 'Fr', 'startTime': '12:30', 'endTime': '14:20', 'campus': 'Burnaby'}]",Shervin Jannesar,3.0
ENSC 204,LA05,fall,2026,,,False,"[{'days': 'Fr', 'startTime': '16:30', 'endTime': '18:20', 'campus': 'Burnaby'}]",Shervin Jannesar,3.0
ENSC 220,D100,fall,2026,"(PHYS 121 or PHYS 126 or PHYS 141), ENSC 120, MATH 232 and (MATH 260 or MATH 310), all with a minimum grade of C-. MATH 260 may be taken concurrently.",PHYS 121;PHYS 126;PHYS 141;ENSC 120;MATH 232;MATH 260;MATH 310,False,"[{'days': 'Tu, Th', 'startTime': '12:30', 'endTime': '14:20', 'campus': 'Burnaby'}]",,4.0
ENSC 220,LA01,fall,2026,"(PHYS 121 or PHYS 126 or PHYS 141), ENSC 120, MATH 232 and (MATH 260 or MATH 310), all with a minimum grade of C-. MATH 260 may be taken concurrently.",PHYS 121;PHYS 126;PHYS 141;ENSC 120;MATH 232;MATH 260;MATH 310,False,"[{'days': 'Mo', 'startTime': '11:30', 'endTime': '13:20', 'campus': 'Burnaby'}]",,4.0
ENSC 220,LA02,fall,2026,"(PHYS 121 or PHYS 126 or PHYS 141), ENSC 120, MATH 232 and (MATH 260 or MATH 310), all with a minimum grade of C-. MATH 260 may be taken concurrently.",PHYS 121;PHYS 126;PHYS 141;ENSC 120;MATH 232;MATH 260;MATH 310,False,"[{'days': 'Mo', 'startTime': '14:30', 'endTime': '16:20', 'campus': 'Burnaby'}]",,4.0
ENSC 220,LA03,fall,2026,"(PHYS 121 or PHYS 126 or PHYS 141), ENSC 120, MATH 232 and (MATH 260 or MATH 310), all with a minimum grade of C-. MATH 260 may be taken concurrently.",PHYS 121;PHYS 126;PHYS 141;ENSC 120;MATH 232;MATH 260;MATH 310,False,"[{'days': 'Mo', 'startTime': '16:30', 'endTime': '18:20', 'campus': 'Burnaby'}]",,4.0
ENSC 220,LA04,fall,2026,"(PHYS 121 or PHYS 126 or PHYS 141), ENSC 120, MATH 232 and (MATH 260 or MATH 310), all with a minimum grade of C-. MATH 260 may be taken concurrently.",PHYS 121;PHYS 126;PHYS 141;ENSC 120;MATH 232;MATH 260;MATH 310,False,"[{'days': 'Tu', 'startTime': '14:30', 'endTime': '16:20', 'campus': 'Burnaby'}]",,4.0
ENSC 220,LA05,fall,2026,"(PHYS 121 or PHYS 126 or PHYS 141), ENSC 120, MATH 232 and (MATH 260 or MATH 310), all with a minimum grade of C-. MATH 260 may be taken concurrently.",PHYS 121;PHYS 126;PHYS 141;ENSC 120;MATH 232;MATH 260;MATH 310,False,"[{'days': 'Th', 'startTime': '14:30', 'endTime': '16:20', 'campus': 'Burnaby'}]",,4.0
ENSC 251,E100,fall,2026,ENSC 151 with a minimum grade of C-.,ENSC 151,False,"[{'days': 'Tu, Th', 'startTime': '16:30', 'endTime': '18:20', 'campus': 'Burnaby'}]",Matthew Stewart,4.0
ENSC 251,LA01,fall,2026,ENSC 151 with a minimum grade of C-.,ENSC 151,False,"[{'days': 'Mo', 'startTime': '11:30', 'endTime': '13:20', 'campus': 'Burnaby'}]",Matthew Stewart,4.0
ENSC 251,LA02,fall,2026,ENSC 151 with a minimum grade of C-.,ENSC 151,False,"[{'days': 'Mo', 'startTime': '14:30', 'endTime': '16:20', 'campus': 'Burnaby'}]",Matthew Stewart,4.0
ENSC 251,LA03,fall,2026,ENSC 151 with a minimum grade of C-.,ENSC 151,False,"[{'days': 'Mo', 'startTime': '16:30', 'endTime': '18:20', 'campus': 'Burnaby'}]",Matthew Stewart,4.0
ENSC 251,LA04,fall,2026,ENSC 151 with a minimum grade of C-.,ENSC 151,False,"[{'days': 'Th', 'startTime': '8:30', 'endTime': '10:20', 'campus': 'Burnaby'}]",Matthew Stewart,4.0
ENSC 252,D100,fall,2026,ENSC 151 with a minimum grade of C-. ENSC 252 is a required course for all engineering science majors and honours students (no course substitutions are permitted).,ENSC 151;ENSC 252,False,"[{'days': 'We, Fr', 'startTime': '14:30', 'endTime': '16:20', 'campus': 'Burnaby'}]",Majid Shokoufi,4.0
ENSC 252,LA01,fall,2026,ENSC 151 with a minimum grade of C-. ENSC 252 is a required course for all engineering science majors and honours students (no course substitutions are permitted).,ENSC 151;ENSC 252,False,"[{'days': 'Mo', 'startTime': '11:30', 'endTime': '13:20', 'campus': 'Burnaby'}]",Majid Shokoufi,4.0
ENSC 252,LA02,fall,2026,ENSC 151 with a minimum grade of C-. ENSC 252 is a required course for all engineering science majors and honours students (no course substitutions are permitted).,ENSC 151;ENSC 252,False,"[{'days': 'Mo', 'startTime': '14:30', 'endTime': '16:20', 'campus': 'Burnaby'}]",Majid Shokoufi,4.0
ENSC 252,LA03,fall,2026,ENSC 151 with a minimum grade of C-. ENSC 252 is a required course for all engineering science majors and honours students (no course substitutions are permitted).,ENSC 151;ENSC 252,False,"[{'days': 'Mo', 'startTime': '16:30', 'endTime': '18:20', 'campus': 'Burnaby'}]",Majid Shokoufi,4.0
ENSC 252,LA04,fall,2026,ENSC 151 with a minimum grade of C-. ENSC 252 is a required course for all engineering science majors and honours students (no course substitutions are permitted).,ENSC 151;ENSC 252,False,"[{'days': 'Fr', 'startTime': '12:30', 'endTime': '14:20', 'campus': 'Burnaby'}]",Majid Shokoufi,4.0
ENSC 295,D100,fall,2026,ENSC 195 or 196.,ENSC 195,False,"[{'days': 'Mo, Tu, We, Th, Fr', 'startTime': '8:00', 'endTime': '20:00', 'campus': None}]",Cristina Eftenaru,3.0
ENSC 295,D200,fall,2026,ENSC 195 or 196.,ENSC 195,False,"[{'days': 'Mo, Tu, We, Th, Fr', 'startTime': '8:00', 'endTime': '20:00', 'campus': None}]",Cristina Eftenaru,3.0
ENSC 295,I100,fall,2026,ENSC 195 or 196.,ENSC 195,False,"[{'days': 'Mo, Tu, We, Th, Fr', 'startTime': '8:00', 'endTime': '20:00', 'campus': None}]",Cristina Eftenaru,3.0
ENSC 296,D100,fall,2026,ENSC 195 or 196 and approval of internship co-ordinator required.,ENSC 195,False,"[{'days': 'Mo, Tu, We, Th, Fr', 'startTime': '8:00', 'endTime': '20:00', 'campus': None}]",Cristina Eftenaru,3.0
ENSC 296,D200,fall,2026,ENSC 195 or 196 and approval of internship co-ordinator required.,ENSC 195,False,"[{'days': 'Mo, Tu, We, Th, Fr', 'startTime': '8:00', 'endTime': '20:00', 'campus': None}]",Cristina Eftenaru,3.0
ENSC 296,I100,fall,2026,ENSC 195 or 196 and approval of internship co-ordinator required.,ENSC 195,False,"[{'days': 'Mo, Tu, We, Th, Fr', 'startTime': '8:00', 'endTime': '20:00', 'campus': None}]",Cristina Eftenaru,3.0
ENSC 316,D100,fall,2026,"MATH 251 and (ENSC 220 or MSE 250), all with a minimum grade of C-.",MATH 251;ENSC 220;MSE 250,False,"[{'days': 'We, Fr', 'startTime': '8:30', 'endTime': '10:20', 'campus': 'Burnaby'}]",Bernhard Rabus,3.0
ENSC 324,D100,fall,2026,"(ENSC 220 or MSE 250), MATH 232, and (MATH 260 or MATH 310), all with a minimum grade of C-.",ENSC 220;MSE 250;MATH 232;MATH 260;MATH 310,False,"[{'days': 'Tu, Th', 'startTime': '8:30', 'endTime': '10:20', 'campus': 'Burnaby'}]",Matthew Sederberg,3.0
ENSC 350,E100,fall,2026,"(ENSC 215 and either ENSC 250 or CMPT 250) or (ENSC 252 and ENSC 254), all with a minimum grade of C-.",ENSC 215;ENSC 250;CMPT 250;ENSC 252;ENSC 254,False,"[{'days': 'Tu', 'startTime': '16:30', 'endTime': '18:20', 'campus': 'Burnaby'}, {'days': 'Th', 'startTime': '16:30', 'endTime': '18:20', 'campus': 'Burnaby'}]",Lakshman One,4.0
ENSC 350,LA01,fall,2026,"(ENSC 215 and either ENSC 250 or CMPT 250) or (ENSC 252 and ENSC 254), all with a minimum grade of C-.",ENSC 215;ENSC 250;CMPT 250;ENSC 252;ENSC 254,False,"[{'days': 'Th', 'startTime': '10:30', 'endTime': '12:20', 'campus': 'Burnaby'}]",Lakshman One,4.0
ENSC 350,LA02,fall,2026,"(ENSC 215 and either ENSC 250 or CMPT 250) or (ENSC 252 and ENSC 254), all with a minimum grade of C-.",ENSC 215;ENSC 250;CMPT 250;ENSC 252;ENSC 254,False,"[{'days': 'Th', 'startTime': '12:30', 'endTime': '14:20', 'campus': 'Burnaby'}]",Lakshman One,4.0
ENSC 351,E100,fall,2026,"(ENSC 151 and ENSC 215 and ENSC 250) or ENSC 254 or (CMPT 225 and (CMPT 250 or CMPT 295)), all with a minimum grade of C- and a minimum of 60 units. ENSC 351 is a required course for all engineering science major and honours students (no course substitutions are permitted).",ENSC 151;ENSC 215;ENSC 250;ENSC 254;CMPT 225;CMPT 250;CMPT 295;ENSC 351,False,"[{'days': 'We, Fr', 'startTime': '14:30', 'endTime': '16:20', 'campus': 'Burnaby'}]",Matthew Stewart,4.0
ENSC 351,LA01,fall,2026,"(ENSC 151 and ENSC 215 and ENSC 250) or ENSC 254 or (CMPT 225 and (CMPT 250 or CMPT 295)), all with a minimum grade of C- and a minimum of 60 units. ENSC 351 is a required course for all engineering science major and honours students (no course substitutions are permitted).",ENSC 151;ENSC 215;ENSC 250;ENSC 254;CMPT 225;CMPT 250;CMPT 295;ENSC 351,False,"[{'days': 'Mo', 'startTime': '8:30', 'endTime': '10:20', 'campus': 'Burnaby'}]",Matthew Stewart,4.0
ENSC 351,LA02,fall,2026,"(ENSC 151 and ENSC 215 and ENSC 250) or ENSC 254 or (CMPT 225 and (CMPT 250 or CMPT 295)), all with a minimum grade of C- and a minimum of 60 units. ENSC 351 is a required course for all engineering science major and honours students (no course substitutions are permitted).",ENSC 151;ENSC 215;ENSC 250;ENSC 254;CMPT 225;CMPT 250;CMPT 295;ENSC 351,False,"[{'days': 'We', 'startTime': '10:30', 'endTime': '12:20', 'campus': 'Burnaby'}]",Matthew Stewart,4.0
ENSC 351,LA03,fall,2026,"(ENSC 151 and ENSC 215 and ENSC 250) or ENSC 254 or (CMPT 225 and (CMPT 250 or CMPT 295)), all with a minimum grade of C- and a minimum of 60 units. ENSC 351 is a required course for all engineering science major and honours students (no course substitutions are permitted).",ENSC 151;ENSC 215;ENSC 250;ENSC 254;CMPT 225;CMPT 250;CMPT 295;ENSC 351,False,"[{'days': 'We', 'startTime': '16:30', 'endTime': '18:20', 'campus': 'Burnaby'}]",Matthew Stewart,4.0
ENSC 351,LA04,fall,2026,"(ENSC 151 and ENSC 215 and ENSC 250) or ENSC 254 or (CMPT 225 and (CMPT 250 or CMPT 295)), all with a minimum grade of C- and a minimum of 60 units. ENSC 351 is a required course for all engineering science major and honours students (no course substitutions are permitted).",ENSC 151;ENSC 215;ENSC 250;ENSC 254;CMPT 225;CMPT 250;CMPT 295;ENSC 351,False,"[{'days': 'Fr', 'startTime': '10:30', 'endTime': '12:20', 'campus': 'Burnaby'}]",Matthew Stewart,4.0
ENSC 351,LA05,fall,2026,"(ENSC 151 and ENSC 215 and ENSC 250) or ENSC 254 or (CMPT 225 and (CMPT 250 or CMPT 295)), all with a minimum grade of C- and a minimum of 60 units. ENSC 351 is a required course for all engineering science major and honours students (no course substitutions are permitted).",ENSC 151;ENSC 215;ENSC 250;ENSC 254;CMPT 225;CMPT 250;CMPT 295;ENSC 351,False,"[{'days': 'Fr', 'startTime': '16:30', 'endTime': '18:20', 'campus': 'Burnaby'}]",Matthew Stewart,4.0
ENSC 370,D100,fall,2026,Completion of at least 25 units of engineering science (ENSC) courses.,,False,"[{'days': 'Th', 'startTime': '8:30', 'endTime': '10:20', 'campus': 'Burnaby'}]",Andrew Rawicz,3.0
ENSC 370,D101,fall,2026,Completion of at least 25 units of engineering science (ENSC) courses.,,False,"[{'days': 'Tu', 'startTime': '16:30', 'endTime': '18:20', 'campus': 'Burnaby'}]",Andrew Rawicz,3.0
ENSC 380,D100,fall,2026,"ENSC 180, ENSC 220 (or MSE 250) and (MATH 260 or MATH 310), all with a minimum grade of C-.",ENSC 180;ENSC 220;MSE 250;MATH 260;MATH 310,False,"[{'days': 'Tu, Th', 'startTime': '14:30', 'endTime': '16:20', 'campus': 'Burnaby'}]",Atousa Hajshirmohammadi,3.0
ENSC 385,D100,fall,2026,"(PHYS 120 or PHYS 140) and MATH 152, all with a minimum grade of C-.",PHYS 120;PHYS 140;MATH 152,False,"[{'days': 'Tu, Th', 'startTime': '8:30', 'endTime': '10:20', 'campus': 'Burnaby'}]",Shervin Jannesar,3.0
ENSC 395,D100,fall,2026,ENSC 295 or 296 and a minimum of 75 units.,ENSC 295,False,"[{'days': 'Mo, Tu, We, Th, Fr', 'startTime': '8:00', 'endTime': '20:00', 'campus': None}]",Cristina Eftenaru,3.0
ENSC 395,D200,fall,2026,ENSC 295 or 296 and a minimum of 75 units.,ENSC 295,False,"[{'days': 'Mo, Tu, We, Th, Fr', 'startTime': '8:00', 'endTime': '20:00', 'campus': None}]",Cristina Eftenaru,3.0
ENSC 395,I100,fall,2026,ENSC 295 or 296 and a minimum of 75 units.,ENSC 295,False,"[{'days': 'Mo, Tu, We, Th, Fr', 'startTime': '8:00', 'endTime': '20:00', 'campus': None}]",Cristina Eftenaru,3.0
ENSC 396,D100,fall,2026,"ENSC 295 or 296, a minimum of 75 units and approval of internship co-ordinator required.",ENSC 295,False,"[{'days': 'Mo, Tu, We, Th, Fr', 'startTime': '8:00', 'endTime': '20:00', 'campus': None}]",Cristina Eftenaru,3.0
ENSC 396,D200,fall,2026,"ENSC 295 or 296, a minimum of 75 units and approval of internship co-ordinator required.",ENSC 295,False,"[{'days': 'Mo, Tu, We, Th, Fr', 'startTime': '8:00', 'endTime': '20:00', 'campus': None}]",Cristina Eftenaru,3.0
ENSC 396,I100,fall,2026,"ENSC 295 or 296, a minimum of 75 units and approval of internship co-ordinator required.",ENSC 295,False,"[{'days': 'Mo, Tu, We, Th, Fr', 'startTime': '8:00', 'endTime': '20:00', 'campus': None}]",Cristina Eftenaru,3.0
ENSC 424,D100,fall,2026,"ENSC 380 or MSE 280, with a minimum grade of C- and a minimum of 80 units.",ENSC 380;MSE 280,False,"[{'days': 'Tu, Th', 'startTime': '12:30', 'endTime': '14:20', 'campus': 'Burnaby'}]",Ivan Bajic,4.0
ENSC 440,E100,fall,2026,ENSC 405W with a minimum grade of C-. Students will be automatically enrolled in ENSC 440 in the term immediately following successful completion of ENSC 405W.,ENSC 405W;ENSC 440,False,"[{'days': 'Th', 'startTime': '16:30', 'endTime': '18:20', 'campus': 'Burnaby'}]",Shervin Jannesar,3.0
ENSC 461,D100,fall,2026,To be determined by the instructor subject to approval by the department chair.,,True,"[{'days': 'Tu, Th', 'startTime': '14:30', 'endTime': '16:20', 'campus': 'Burnaby'}]",Craig Scratchley,4.0
ENSC 462,D100,fall,2026,To be determined by the instructor subject to approval by the department chair.,,True,"[{'days': 'We, Fr', 'startTime': '14:30', 'endTime': '16:20', 'campus': 'Burnaby'}]",Bonnie Gray,4.0
ENSC 470,E100,fall,2026,"Completion of 80 units including (PHYS 121 or 126 or 141) and (MATH 260 or MATH 310), with a minimum grade of C-.",PHYS 121;MATH 260;MATH 310,False,"[{'days': 'We', 'startTime': '16:30', 'endTime': '18:20', 'campus': 'Burnaby'}, {'days': 'Fr', 'startTime': '16:30', 'endTime': '18:20', 'campus': 'Burnaby'}]",Matthew Sederberg,4.0
ENSC 498,D100,fall,2026,At least 115 units or permission of the academic supervisor.,,True,[],,1.0
ENSC 499,D100,fall,2026,ENSC 498 with a minimum grade of P.,ENSC 498,False,[],,9.0
ENSC 704,G100,fall,2026,"12 units of ENSC course work at the 800-level or higher with an SFU CGPA of at least 3.0. Approval of supervisor and a GPC representative is required prior to applying for, and accepting an internship.",,False,[],,3.0
ENSC 704,G200,fall,2026,"12 units of ENSC course work at the 800-level or higher with an SFU CGPA of at least 3.0. Approval of supervisor and a GPC representative is required prior to applying for, and accepting an internship.",,False,[],,3.0
ENSC 801,G100,fall,2026,Graduate standing.,,False,"[{'days': 'Mo', 'startTime': '16:30', 'endTime': '19:20', 'campus': 'Burnaby'}]",Faisal Beg,3.0
ENSC 859,G100,fall,2026,Recommended: ENSC 495/851 or ENSC 854.,,False,"[{'days': 'We, Fr', 'startTime': '14:30', 'endTime': '16:20', 'campus': 'Burnaby'}]",Bonnie Gray,3.0
ENSC 870,G100,fall,2026,Students may only register for the ENSC 870-0 during their final term.,ENSC 870,False,[],,
ENSC 871,G100,fall,2026,,,False,"[{'days': 'We', 'startTime': '16:30', 'endTime': '18:20', 'campus': 'Burnaby'}, {'days': 'Fr', 'startTime': '16:30', 'endTime': '18:20', 'campus': 'Burnaby'}]",Matthew Sederberg,3.0
ENSC 880,G100,fall,2026,ENSC PhD student.,,False,[],,
ENSC 887,G100,fall,2026,"ENSC 488 and a basic course in data structures and algorithms, or permission of the instructor.",ENSC 488,False,"[{'days': 'Tu', 'startTime': '16:30', 'endTime': '17:50', 'campus': 'Burnaby'}, {'days': 'Th', 'startTime': '16:30', 'endTime': '17:50', 'campus': 'Burnaby'}]",Kamal Gupta,3.0
ENSC 891,G100,fall,2026,,,False,[],,3.0
ENSC 891,G200,fall,2026,,,False,[],,3.0
ENSC 892,G100,fall,2026,,,False,[],,3.0
ENSC 892,G200,fall,2026,,,False,[],,3.0
ENSC 894,G100,fall,2026,,,False,"[{'days': 'Tu, Th', 'startTime': '14:30', 'endTime': '16:20', 'campus': 'Burnaby'}]",Craig Scratchley,3.0
ENSC 896,G100,fall,2026,,,False,[],,6.0
ENSC 896,G200,fall,2026,,,False,[],,6.0
ENSC 897,G100,fall,2026,,,False,[],,6.0
ENSC 897,G200,fall,2026,,,False,[],,6.0
ENSC 898,G100,fall,2026,,,False,[],,18.0
ENSC 898,G200,fall,2026,,,False,[],,18.0
ENSC 899,G100,fall,2026,,,False,[],,18.0
ENSC 899,G200,fall,2026,,,False,[],,18.0
EVSC 100,B100,fall,2026,,,False,[],Sarah Rosengard,3.0
EVSC 100,B101,fall,2026,,,False,"[{'days': 'Tu', 'startTime': '16:30', 'endTime': '17:20', 'campus': 'Burnaby'}]",,3.0
EVSC 100,B102,fall,2026,,,False,"[{'days': 'Tu', 'startTime': '15:30', 'endTime': '16:20', 'campus': 'Burnaby'}]",,3.0
EVSC 100,B103,fall,2026,,,False,"[{'days': 'Tu', 'startTime': '14:30', 'endTime': '15:20', 'campus': 'Burnaby'}]",,3.0
EVSC 100,B104,fall,2026,,,False,"[{'days': 'Tu', 'startTime': '13:30', 'endTime': '14:20', 'campus': 'Burnaby'}]",,3.0
EVSC 100,B105,fall,2026,,,False,"[{'days': 'We', 'startTime': '8:30', 'endTime': '9:20', 'campus': 'Burnaby'}]",,3.0
EVSC 100,B106,fall,2026,,,False,"[{'days': 'We', 'startTime': '9:30', 'endTime': '10:20', 'campus': 'Burnaby'}]",,3.0
EVSC 100,B107,fall,2026,,,False,"[{'days': 'We', 'startTime': '10:30', 'endTime': '11:20', 'campus': 'Burnaby'}]",,3.0
EVSC 100,B108,fall,2026,,,False,"[{'days': 'We', 'startTime': '11:30', 'endTime': '12:20', 'campus': 'Burnaby'}]",,3.0
EVSC 100,B109,fall,2026,,,False,"[{'days': 'Th', 'startTime': '13:30', 'endTime': '14:20', 'campus': 'Burnaby'}]",,3.0
EVSC 100,B110,fall,2026,,,False,"[{'days': 'Th', 'startTime': '14:30', 'endTime': '15:20', 'campus': 'Burnaby'}]",,3.0
EVSC 100,B111,fall,2026,,,False,"[{'days': 'Th', 'startTime': '15:30', 'endTime': '16:20', 'campus': 'Burnaby'}]",,3.0
EVSC 100,B112,fall,2026,,,False,"[{'days': 'Th', 'startTime': '16:30', 'endTime': '17:20', 'campus': 'Burnaby'}]",,3.0
EVSC 100,B113,fall,2026,,,False,"[{'days': 'Tu', 'startTime': '17:30', 'endTime': '18:20', 'campus': 'Burnaby'}]",,3.0
EVSC 105,D100,fall,2026,,,False,"[{'days': 'Fr', 'startTime': '14:30', 'endTime': '15:20', 'campus': 'Burnaby'}]",Elizabeth Elle,1.0
EVSC 305,D100,fall,2026,EVSC 100 and 50 units.,EVSC 100,False,"[{'days': 'Tu', 'startTime': '9:30', 'endTime': '10:20', 'campus': 'Burnaby'}]",Sarah Rosengard,4.0
EVSC 305,D101,fall,2026,EVSC 100 and 50 units.,EVSC 100,False,"[{'days': 'Tu', 'startTime': '11:30', 'endTime': '14:20', 'campus': 'Burnaby'}]",,4.0
EVSC 305,D102,fall,2026,EVSC 100 and 50 units.,EVSC 100,False,"[{'days': 'Th', 'startTime': '11:30', 'endTime': '14:20', 'campus': 'Burnaby'}]",,4.0
EVSC 334,D100,fall,2026,"REM 100 or EVSC 100; GEOG 111 or EASC 101 or EASC 106; and 45 units. Recommended: EASC 210, GEOG 214 or GEOG 215.",REM 100;EVSC 100;GEOG 111;EASC 101;EASC 106,False,"[{'days': 'We, Fr', 'startTime': '12:30', 'endTime': '14:20', 'campus': 'Burnaby'}]",Karen Kohfeld,4.0
EVSC 391,D100,fall,2026,"60 units, 3.0 cumulative grade point average.",,False,[],,3.0
EVSC 445,D100,fall,2026,"GEOG 251, or one of STAT 100, 201, 203, 205 or 270 or permission of the instructor.",GEOG 251;STAT 100,False,"[{'days': 'Mo', 'startTime': '12:30', 'endTime': '14:20', 'campus': 'Burnaby'}]",Ruth Joy,4.0
EVSC 445,D101,fall,2026,"GEOG 251, or one of STAT 100, 201, 203, 205 or 270 or permission of the instructor.",GEOG 251;STAT 100,False,"[{'days': 'Fr', 'startTime': '14:30', 'endTime': '16:20', 'campus': 'Burnaby'}]",,4.0
EVSC 489,D100,fall,2026,"EVSC 305, 90 units and consent of EVSC Director.",EVSC 305,False,[],,4.0
EVSC 490W,D100,fall,2026,"EVSC 305, EVSC 489, 90 units and consent of EVSC Director.",EVSC 305;EVSC 489,False,[],,4.0
EVSC 491,D100,fall,2026,"60 units, 3.0 cumulative grade point average.",,False,[],,3.0
EVSC 495,D100,fall,2026,,,False,"[{'days': 'Mo', 'startTime': '14:30', 'endTime': '17:20', 'campus': 'Burnaby'}]",Jeremy Venditti,3.0
EVSC 601,G100,fall,2026,,,False,"[{'days': 'Mo', 'startTime': '9:30', 'endTime': '12:20', 'campus': 'Burnaby'}]",Shawn Chartrand,3.0
EVSC 608,G100,fall,2026,,,False,[],Jeremy Venditti,1.0
EVSC 645,G100,fall,2026,"Enrollment in the ER MSc program, or permission of the instructor.",,True,"[{'days': 'Mo', 'startTime': '12:30', 'endTime': '14:20', 'campus': 'Burnaby'}]",Ruth Joy,4.0
EVSC 645,G101,fall,2026,"Enrollment in the ER MSc program, or permission of the instructor.",,True,"[{'days': 'Fr', 'startTime': '14:30', 'endTime': '16:20', 'campus': 'Burnaby'}]",,4.0
EVSC 691,G100,fall,2026,,,False,[],,3.0
EVSC 695,G100,fall,2026,,,False,"[{'days': 'Mo', 'startTime': '14:30', 'endTime': '17:20', 'campus': 'Burnaby'}]",Jeremy Venditti,4.0
EVSC 698,G100,fall,2026,Enrolled in the master of science in environmental science program.,,False,[],,18.0
EVSC 698,G200,fall,2026,Enrolled in the master of science in environmental science program.,,False,[],,18.0
EVSC 801,G100,fall,2026,,,False,"[{'days': 'Mo', 'startTime': '9:30', 'endTime': '12:20', 'campus': 'Burnaby'}]",Shawn Chartrand,3.0
EVSC 808,G100,fall,2026,,,False,[],Jeremy Venditti,1.0
EVSC 898,G100,fall,2026,,,False,[],,18.0
EVSC 898,G200,fall,2026,,,False,[],Shawn Chartrand,18.0
FAL X99,D100,fall,2026,,,False,"[{'days': 'Tu, Th', 'startTime': '12:30', 'endTime': '14:20', 'campus': 'Burnaby'}]",Jan Maclean,4.0
FAL X99,D200,fall,2026,,,False,"[{'days': 'Tu, Th', 'startTime': '14:30', 'endTime': '16:20', 'campus': 'Burnaby'}]",Jan Maclean,4.0
FAL X99,D400,fall,2026,,,False,"[{'days': 'Tu, Th', 'startTime': '12:30', 'endTime': '14:20', 'campus': 'Burnaby'}]",Joel Heng Hartse,4.0
FAL X99,D500,fall,2026,,,False,"[{'days': 'Tu, Th', 'startTime': '14:30', 'endTime': '16:20', 'campus': 'Burnaby'}]",Sessional,4.0
FAL X99,P100,fall,2026,,,False,"[{'days': 'Tu, Th', 'startTime': '12:30', 'endTime': '14:20', 'campus': 'Burnaby'}]",Michael Ling,4.0
FAN X91,P100,fall,2026,,,False,"[{'days': 'Tu, Th', 'startTime': '10:30', 'endTime': '12:20', 'campus': 'Burnaby'}]",Danielle Wills,2.0
FAN X99,D100,fall,2026,,,False,"[{'days': 'Tu, Th', 'startTime': '8:30', 'endTime': '10:20', 'campus': 'Burnaby'}]",Danielle Wills,4.0
FAN X99,D200,fall,2026,,,False,"[{'days': 'Tu, Th', 'startTime': '10:30', 'endTime': '12:20', 'campus': 'Burnaby'}]",Sophie Burrill,4.0
FAN X99,D300,fall,2026,,,False,"[{'days': 'Tu, Th', 'startTime': '14:30', 'endTime': '16:20', 'campus': 'Burnaby'}]",Sessional,4.0
FAN X99,E100,fall,2026,,,False,"[{'days': 'Tu', 'startTime': '17:30', 'endTime': '19:20', 'campus': 'Burnaby'}, {'days': 'Th', 'startTime': '17:30', 'endTime': '19:20', 'campus': 'Burnaby'}]",Sessional,4.0
FAN X99,OP01,fall,2026,,,False,[],,4.0
FASS 121,D100,fall,2026,Program approval.,,False,"[{'days': 'Tu', 'startTime': '14:30', 'endTime': '16:20', 'campus': 'Burnaby'}]",,2.0
FASS 201,D100,fall,2026,Open only to students accepted to the FASS Co-op Program.,,True,[],Liesl Jurock,3.0
FASS 201,D200,fall,2026,Open only to students accepted to the FASS Co-op Program.,,True,[],Liesl Jurock,3.0
FASS 201,I100,fall,2026,Open only to students accepted to the FASS Co-op Program.,,True,[],Liesl Jurock,3.0
FASS 301,D100,fall,2026,Open only to students accepted to the FASS Co-op Program.,,True,[],Liesl Jurock,3.0
FASS 301,D200,fall,2026,Open only to students accepted to the FASS Co-op Program.,,True,[],Liesl Jurock,3.0
FASS 301,I100,fall,2026,Open only to students accepted to the FASS Co-op Program.,,True,[],Liesl Jurock,3.0
FASS 302,D100,fall,2026,Open only to students accepted to the FASS Co-op Program.,,True,[],Liesl Jurock,3.0
FASS 302,D200,fall,2026,Open only to students accepted to the FASS Co-op Program.,,True,[],Liesl Jurock,3.0
FASS 302,I100,fall,2026,Open only to students accepted to the FASS Co-op Program.,,True,[],Liesl Jurock,3.0
FASS 401,D100,fall,2026,Open only to students accepted to the FASS Co-op Program.,,True,[],Liesl Jurock,3.0
FASS 401,D200,fall,2026,Open only to students accepted to the FASS Co-op Program.,,True,[],Liesl Jurock,3.0
FASS 401,I100,fall,2026,Open only to students accepted to the FASS Co-op Program.,,True,[],Liesl Jurock,3.0
FASS 402,D100,fall,2026,Open only to students accepted to the FASS Co-op Program.,,True,[],Liesl Jurock,3.0
FASS 402,D200,fall,2026,Open only to students accepted to the FASS Co-op Program.,,True,[],Liesl Jurock,3.0
FASS 402,I100,fall,2026,Open only to students accepted to the FASS Co-op Program.,,True,[],Liesl Jurock,3.0
FREN 101,OL01,fall,2026,,,False,[],Anas Atakora,3.0
FREN 102,OL01,fall,2026,"FREN 101, FREN 120, or FREN 121 or consult with a French advisor.",FREN 101;FREN 120;FREN 121,False,[],Anas Atakora,3.0
FREN 201,OL01,fall,2026,Grade 12 French or FREN 102 or FREN 122 or permission of the Department of French.,FREN 102;FREN 122,False,[],Claire Bossavit,3.0
FREN 203,F100,fall,2026,Grade 12 French Immersion or FREN 202 or FREN 221 or permission of the Department of French.,FREN 202;FREN 221,False,"[{'days': 'Th', 'startTime': '14:30', 'endTime': '17:20', 'campus': 'Burnaby'}]",,3.0
FREN 245,D100,fall,2026,Grade 12 French Immersion or FREN 202 or FREN 221 or permission of the Department of French.,FREN 202;FREN 221,False,"[{'days': 'We', 'startTime': '14:30', 'endTime': '17:20', 'campus': 'Burnaby'}]",Sessional,3.0
FREN 245,F100,fall,2026,Grade 12 French Immersion or FREN 202 or FREN 221 or permission of the Department of French.,FREN 202;FREN 221,False,"[{'days': 'Tu', 'startTime': '14:30', 'endTime': '17:20', 'campus': 'Burnaby'}]",Sessional,3.0
FREN 275,D100,fall,2026,Grade 12 French Immersion or FREN 202 or FREN 221 or permission of the Department of French.,FREN 202;FREN 221,False,"[{'days': 'Mo', 'startTime': '14:30', 'endTime': '17:20', 'campus': 'Burnaby'}]",Christian Guilbault;Rejean Canac-marquis,3.0
FREN 301W,D100,fall,2026,Grade 12 French Immersion or FREN 202 or FREN 221 or permission of the Department of French.,FREN 202;FREN 221,False,"[{'days': 'Tu', 'startTime': '14:30', 'endTime': '17:20', 'campus': 'Burnaby'}]",Claire Bossavit,3.0
FREN 302,F100,fall,2026,Grade 12 French Immersion or FREN 202 or FREN 221 or permission of the Department of French.,FREN 202;FREN 221,False,"[{'days': 'Mo', 'startTime': '9:30', 'endTime': '12:20', 'campus': 'Burnaby'}]",,3.0
FREN 333,D100,fall,2026,FREN 275 and FREN 301W.,FREN 275;FREN 301W,False,"[{'days': 'Tu', 'startTime': '11:30', 'endTime': '14:20', 'campus': 'Burnaby'}]",Christian Guilbault,3.0
FREN 341,D100,fall,2026,FREN 245 and FREN 301W.,FREN 245;FREN 301W,False,"[{'days': 'Mo', 'startTime': '14:30', 'endTime': '17:20', 'campus': 'Burnaby'}]",Stephen Steele,3.0
FREN 350,D100,fall,2026,FREN 245.,FREN 245,False,"[{'days': 'Fr', 'startTime': '9:30', 'endTime': '12:20', 'campus': 'Burnaby'}]",Anas Atakora,3.0
FREN 416,D100,fall,2026,FREN 275 and FREN 301W and at least one 300-level FREN linguistics course.,FREN 275;FREN 301W,False,"[{'days': 'Th', 'startTime': '14:30', 'endTime': '17:20', 'campus': 'Burnaby'}]",Christian Guilbault,3.0
FREN 442,D100,fall,2026,"FREN 230 or 240 or 245, FREN 301W, and at least one 300-level group B (lit.) course.",FREN 230;FREN 301W,False,"[{'days': 'We', 'startTime': '14:30', 'endTime': '17:20', 'campus': 'Burnaby'}]",Stephen Steele,3.0
FREN 465,D100,fall,2026,FREN 245 and FREN 301W and at least one 300-level FREN literature course.,FREN 245;FREN 301W,False,"[{'days': 'We', 'startTime': '9:30', 'endTime': '12:20', 'campus': 'Burnaby'}]",Joel Akinwumi,3.0
FREN 823,G100,fall,2026,,,False,"[{'days': 'We', 'startTime': '14:30', 'endTime': '17:20', 'campus': 'Burnaby'}]",Stephen Steele,3.0
FREN 896,G100,fall,2026,,,False,[],,
FREN 898,G100,fall,2026,,,False,[],,18.0
FREN 998,G100,fall,2026,,,False,[],,6.0
GA 101,D100,fall,2026,,,False,"[{'days': 'Th', 'startTime': '10:30', 'endTime': '12:20', 'campus': 'Burnaby'}]",Rupak Shrestha,3.0
GA 101,D101,fall,2026,,,False,"[{'days': 'Th', 'startTime': '12:30', 'endTime': '13:20', 'campus': 'Burnaby'}]",,3.0
GA 101,D102,fall,2026,,,False,"[{'days': 'Th', 'startTime': '12:30', 'endTime': '13:20', 'campus': 'Burnaby'}]",,3.0
GA 101,D103,fall,2026,,,False,"[{'days': 'Th', 'startTime': '13:30', 'endTime': '14:20', 'campus': 'Burnaby'}]",,3.0
GA 101,D104,fall,2026,,,False,"[{'days': 'Th', 'startTime': '14:30', 'endTime': '15:20', 'campus': 'Burnaby'}]",,3.0
GA 202,D100,fall,2026,15 units.,,False,"[{'days': 'We', 'startTime': '14:30', 'endTime': '17:20', 'campus': 'Burnaby'}]",Rupak Shrestha,3.0
GA 210,D100,fall,2026,15 units.,,False,"[{'days': 'Tu', 'startTime': '14:30', 'endTime': '17:20', 'campus': 'Burnaby'}]",Anushay Malik,3.0
GA 303,D100,fall,2026,45 units.,,False,"[{'days': 'Tu', 'startTime': '11:30', 'endTime': '14:20', 'campus': 'Burnaby'}]",Daniel Iwama,3.0
GA 388,D100,fall,2026,15 units.,,False,"[{'days': 'We, Fr', 'startTime': '10:30', 'endTime': '12:20', 'campus': 'Burnaby'}]",Nadine Attewell,4.0
GEOG 100,D100,fall,2026,,,False,"[{'days': 'Mo', 'startTime': '14:30', 'endTime': '17:20', 'campus': 'Burnaby'}]",Scott Peters,3.0
GEOG 104,OL01,fall,2026,,,False,[],Mengxin Pan,3.0
GEOG 111,D100,fall,2026,,,False,"[{'days': 'Tu', 'startTime': '10:30', 'endTime': '12:20', 'campus': 'Burnaby'}]",Tara Holland,3.0
GEOG 111,D101,fall,2026,,,False,"[{'days': 'Tu', 'startTime': '12:30', 'endTime': '14:20', 'campus': 'Burnaby'}]",,3.0
GEOG 111,D102,fall,2026,,,False,"[{'days': 'Tu', 'startTime': '12:30', 'endTime': '14:20', 'campus': 'Burnaby'}]",,3.0
GEOG 111,D103,fall,2026,,,False,"[{'days': 'Tu', 'startTime': '14:30', 'endTime': '16:20', 'campus': 'Burnaby'}]",,3.0
GEOG 111,D104,fall,2026,,,False,"[{'days': 'Tu', 'startTime': '14:30', 'endTime': '16:20', 'campus': 'Burnaby'}]",,3.0
GEOG 111,D105,fall,2026,,,False,"[{'days': 'Tu', 'startTime': '16:30', 'endTime': '18:20', 'campus': 'Burnaby'}]",,3.0
GEOG 111,D106,fall,2026,,,False,"[{'days': 'We', 'startTime': '10:30', 'endTime': '12:20', 'campus': 'Burnaby'}]",,3.0
GEOG 111,D107,fall,2026,,,False,"[{'days': 'Th', 'startTime': '14:30', 'endTime': '16:20', 'campus': 'Burnaby'}]",,3.0
GEOG 111,D108,fall,2026,,,False,"[{'days': 'We', 'startTime': '16:30', 'endTime': '18:20', 'campus': 'Burnaby'}]",,3.0
GEOG 111,D109,fall,2026,,,False,"[{'days': 'Th', 'startTime': '10:30', 'endTime': '12:20', 'campus': 'Burnaby'}]",,3.0
GEOG 111,D110,fall,2026,,,False,"[{'days': 'Th', 'startTime': '12:30', 'endTime': '14:20', 'campus': 'Burnaby'}]",,3.0
GEOG 111,D111,fall,2026,,,False,"[{'days': 'Th', 'startTime': '12:30', 'endTime': '14:20', 'campus': 'Burnaby'}]",,3.0
GEOG 111,D112,fall,2026,,,False,"[{'days': 'Th', 'startTime': '14:30', 'endTime': '16:20', 'campus': 'Burnaby'}]",,3.0
GEOG 111,D113,fall,2026,,,False,"[{'days': 'Th', 'startTime': '16:30', 'endTime': '18:20', 'campus': 'Burnaby'}]",,3.0
GEOG 111,D114,fall,2026,,,False,"[{'days': 'Fr', 'startTime': '10:30', 'endTime': '12:20', 'campus': 'Burnaby'}]",,3.0
GEOG 150,OL01,fall,2026,,,False,[],Shivanand Balram,3.0
GEOG 162,OL01,fall,2026,,,False,[],Tahmid Rouf,3.0
GEOG 213,D100,fall,2026,GEOG 111 or EASC 101.,GEOG 111;EASC 101,False,"[{'days': 'Mo', 'startTime': '12:30', 'endTime': '14:20', 'campus': 'Burnaby'}]",Tracy Brennand,3.0
GEOG 213,D101,fall,2026,GEOG 111 or EASC 101.,GEOG 111;EASC 101,False,"[{'days': 'Mo', 'startTime': '14:30', 'endTime': '16:20', 'campus': 'Burnaby'}]",,3.0
GEOG 213,D102,fall,2026,GEOG 111 or EASC 101.,GEOG 111;EASC 101,False,"[{'days': 'Mo', 'startTime': '16:30', 'endTime': '18:20', 'campus': 'Burnaby'}]",,3.0
GEOG 215,D100,fall,2026,GEOG 111.,GEOG 111,False,"[{'days': 'Th', 'startTime': '14:30', 'endTime': '16:20', 'campus': 'Burnaby'}]",Margaret Schmidt,3.0
GEOG 215,D101,fall,2026,GEOG 111.,GEOG 111,False,"[{'days': 'Fr', 'startTime': '10:30', 'endTime': '12:20', 'campus': 'Burnaby'}]",,3.0
GEOG 215,D102,fall,2026,GEOG 111.,GEOG 111,False,"[{'days': 'Fr', 'startTime': '12:30', 'endTime': '14:20', 'campus': 'Burnaby'}]",,3.0
GEOG 215,D103,fall,2026,GEOG 111.,GEOG 111,False,"[{'days': 'Fr', 'startTime': '14:30', 'endTime': '16:20', 'campus': 'Burnaby'}]",,3.0
GEOG 221,D100,fall,2026,GEOG 100.,GEOG 100,False,"[{'days': 'We', 'startTime': '14:30', 'endTime': '17:20', 'campus': 'Burnaby'}]",Tahmid Rouf,3.0
GEOG 251,D100,fall,2026,,,False,"[{'days': 'Tu', 'startTime': '12:30', 'endTime': '14:20', 'campus': 'Burnaby'}]",Shivanand Balram,3.0
GEOG 251,D101,fall,2026,,,False,"[{'days': 'Tu', 'startTime': '14:30', 'endTime': '16:20', 'campus': 'Burnaby'}]",,3.0
GEOG 251,D102,fall,2026,,,False,"[{'days': 'Tu', 'startTime': '16:30', 'endTime': '18:20', 'campus': 'Burnaby'}]",,3.0
GEOG 251,D103,fall,2026,,,False,"[{'days': 'We', 'startTime': '10:30', 'endTime': '12:20', 'campus': 'Burnaby'}]",,3.0
GEOG 253,D100,fall,2026,,,False,"[{'days': 'Tu', 'startTime': '14:30', 'endTime': '16:20', 'campus': 'Burnaby'}]",Bing Lu,3.0
GEOG 253,D101,fall,2026,,,False,"[{'days': 'We', 'startTime': '12:30', 'endTime': '14:20', 'campus': 'Burnaby'}]",,3.0
GEOG 253,D102,fall,2026,,,False,"[{'days': 'We', 'startTime': '14:30', 'endTime': '16:20', 'campus': 'Burnaby'}]",,3.0
GEOG 253,D103,fall,2026,,,False,"[{'days': 'We', 'startTime': '16:30', 'endTime': '18:20', 'campus': 'Burnaby'}]",,3.0
GEOG 255,D100,fall,2026,,,False,"[{'days': 'Mo', 'startTime': '10:30', 'endTime': '12:20', 'campus': 'Burnaby'}]",Nicholas Hedley,3.0
GEOG 255,D101,fall,2026,,,False,"[{'days': 'Mo', 'startTime': '12:30', 'endTime': '14:20', 'campus': 'Burnaby'}]",,3.0
GEOG 255,D102,fall,2026,,,False,"[{'days': 'Mo', 'startTime': '14:30', 'endTime': '16:20', 'campus': 'Burnaby'}]",,3.0
GEOG 255,D103,fall,2026,,,False,"[{'days': 'Mo', 'startTime': '16:30', 'endTime': '18:20', 'campus': 'Burnaby'}]",,3.0
GEOG 267,B100,fall,2026,,,False,[],Leigh Joseph,3.0
GEOG 267,B101,fall,2026,,,False,"[{'days': 'We', 'startTime': '10:30', 'endTime': '12:20', 'campus': 'Burnaby'}]",,3.0
GEOG 267,B102,fall,2026,,,False,"[{'days': 'We', 'startTime': '12:30', 'endTime': '14:20', 'campus': 'Burnaby'}]",,3.0
GEOG 267,B103,fall,2026,,,False,"[{'days': 'We', 'startTime': '14:30', 'endTime': '16:20', 'campus': 'Burnaby'}]",,3.0
GEOG 304,B100,fall,2026,GEOG 111 and GEOG 100; 45 units.,GEOG 111;GEOG 100,False,[],Tara Holland,4.0
GEOG 304,B101,fall,2026,GEOG 111 and GEOG 100; 45 units.,GEOG 111;GEOG 100,False,"[{'days': 'We', 'startTime': '14:30', 'endTime': '16:20', 'campus': 'Burnaby'}]",,4.0
GEOG 311,D100,fall,2026,"GEOG 213 or 214; GEOG 251 or one of STAT 201, 203 (formerly 103), 205, or 270.",GEOG 213;GEOG 251;STAT 201,False,"[{'days': 'Tu', 'startTime': '14:30', 'endTime': '16:20', 'campus': 'Burnaby'}]",Ryan Rimas,4.0
GEOG 311,D101,fall,2026,"GEOG 213 or 214; GEOG 251 or one of STAT 201, 203 (formerly 103), 205, or 270.",GEOG 213;GEOG 251;STAT 201,False,"[{'days': 'Tu', 'startTime': '16:30', 'endTime': '18:20', 'campus': 'Burnaby'}]",,4.0
GEOG 311,D102,fall,2026,"GEOG 213 or 214; GEOG 251 or one of STAT 201, 203 (formerly 103), 205, or 270.",GEOG 213;GEOG 251;STAT 201,False,"[{'days': 'We', 'startTime': '12:30', 'endTime': '14:20', 'campus': 'Burnaby'}]",,4.0
GEOG 314,D100,fall,2026,GEOG 214.,GEOG 214,False,"[{'days': 'Th', 'startTime': '12:30', 'endTime': '14:20', 'campus': 'Burnaby'}]",Rachel Chimuka,4.0
GEOG 314,D101,fall,2026,GEOG 214.,GEOG 214,False,"[{'days': 'Th', 'startTime': '14:30', 'endTime': '16:20', 'campus': 'Burnaby'}]",,4.0
GEOG 314,D102,fall,2026,GEOG 214.,GEOG 214,False,"[{'days': 'Th', 'startTime': '16:30', 'endTime': '18:20', 'campus': 'Burnaby'}]",,4.0
GEOG 314,D103,fall,2026,GEOG 214.,GEOG 214,False,"[{'days': 'Fr', 'startTime': '10:30', 'endTime': '12:20', 'campus': 'Burnaby'}]",,4.0
GEOG 355,D100,fall,2026,GEOG 255.,GEOG 255,False,"[{'days': 'Th', 'startTime': '10:30', 'endTime': '12:20', 'campus': 'Burnaby'}]",Shivanand Balram,4.0
GEOG 355,D101,fall,2026,GEOG 255.,GEOG 255,False,"[{'days': 'Th', 'startTime': '12:30', 'endTime': '14:20', 'campus': 'Burnaby'}]",,4.0
GEOG 355,D102,fall,2026,GEOG 255.,GEOG 255,False,"[{'days': 'Th', 'startTime': '14:30', 'endTime': '16:20', 'campus': 'Burnaby'}]",,4.0
GEOG 355,D103,fall,2026,GEOG 255.,GEOG 255,False,"[{'days': 'Th', 'startTime': '16:30', 'endTime': '18:20', 'campus': 'Burnaby'}]",,4.0
GEOG 356,D100,fall,2026,GEOG 255.,GEOG 255,False,"[{'days': 'Tu', 'startTime': '10:30', 'endTime': '12:20', 'campus': 'Burnaby'}]",Nicholas Hedley,4.0
GEOG 356,D101,fall,2026,GEOG 255.,GEOG 255,False,"[{'days': 'Tu', 'startTime': '12:30', 'endTime': '14:20', 'campus': 'Burnaby'}]",,4.0
GEOG 356,D102,fall,2026,GEOG 255.,GEOG 255,False,"[{'days': 'Tu', 'startTime': '14:30', 'endTime': '16:20', 'campus': 'Burnaby'}]",,4.0
GEOG 356,D103,fall,2026,GEOG 255.,GEOG 255,False,"[{'days': 'We', 'startTime': '10:30', 'endTime': '12:20', 'campus': 'Burnaby'}]",,4.0
GEOG 362W,D100,fall,2026,"45 units, including GEOG 100 or 161.",GEOG 100,False,"[{'days': 'Mo', 'startTime': '14:30', 'endTime': '16:20', 'campus': 'Burnaby'}]",Alice Lee,4.0
GEOG 362W,D101,fall,2026,"45 units, including GEOG 100 or 161.",GEOG 100,False,"[{'days': 'Mo', 'startTime': '16:30', 'endTime': '18:20', 'campus': 'Burnaby'}]",,4.0
GEOG 362W,D102,fall,2026,"45 units, including GEOG 100 or 161.",GEOG 100,False,"[{'days': 'We', 'startTime': '12:30', 'endTime': '14:20', 'campus': 'Burnaby'}]",,4.0
GEOG 362W,D103,fall,2026,"45 units, including GEOG 100 or 161.",GEOG 100,False,"[{'days': 'We', 'startTime': '14:30', 'endTime': '16:20', 'campus': 'Burnaby'}]",,4.0
GEOG 377,BLS1,fall,2026,"At least 45 units, including GEOG 100 or REM 100.",GEOG 100;REM 100,False,[],Joseph Taylor,4.0
GEOG 377,BL01,fall,2026,"At least 45 units, including GEOG 100 or REM 100.",GEOG 100;REM 100,False,"[{'days': 'Tu', 'startTime': '12:30', 'endTime': '14:20', 'campus': 'Burnaby'}]",Joseph Taylor,4.0
GEOG 385,D100,fall,2026,"At least 45 units, including GEOG 100 or REM 100.",GEOG 100;REM 100,False,"[{'days': 'Th', 'startTime': '14:30', 'endTime': '16:20', 'campus': 'VANCOUVER'}]",Tahmid Rouf,4.0
GEOG 385,D101,fall,2026,"At least 45 units, including GEOG 100 or REM 100.",GEOG 100;REM 100,False,"[{'days': 'Th', 'startTime': '16:30', 'endTime': '18:20', 'campus': 'VANCOUVER'}]",,4.0
GEOG 385,D102,fall,2026,"At least 45 units, including GEOG 100 or REM 100.",GEOG 100;REM 100,False,"[{'days': 'Fr', 'startTime': '10:30', 'endTime': '12:20', 'campus': 'VANCOUVER'}]",,4.0
GEOG 385,D103,fall,2026,"At least 45 units, including GEOG 100 or REM 100.",GEOG 100;REM 100,False,"[{'days': 'Fr', 'startTime': '12:30', 'endTime': '14:20', 'campus': 'VANCOUVER'}]",,4.0
GEOG 404,D100,fall,2026,"Permission to enter directed readings courses requires written consent of both the faculty member willing to supervise the research, and the chair of the department.",,True,[],,2.0
GEOG 404,D200,fall,2026,"Permission to enter directed readings courses requires written consent of both the faculty member willing to supervise the research, and the chair of the department.",,True,[],,2.0
GEOG 405,D100,fall,2026,"Permission to enter directed readings courses requires written consent of both the faculty member willing to supervise the research, and the chair of the department.",,True,[],,4.0
GEOG 405,D200,fall,2026,"Permission to enter directed readings courses requires written consent of both the faculty member willing to supervise the research, and the chair of the department.",,True,[],,4.0
GEOG 412W,D100,fall,2026,"60 units, including GEOG 213; GEOG 313 and EASC 201 recommended",GEOG 213;GEOG 313;EASC 201,False,"[{'days': 'Fr', 'startTime': '10:30', 'endTime': '12:20', 'campus': 'Burnaby'}]",Tracy Brennand,4.0
GEOG 412W,D101,fall,2026,"60 units, including GEOG 213; GEOG 313 and EASC 201 recommended",GEOG 213;GEOG 313;EASC 201,False,"[{'days': 'Fr', 'startTime': '13:30', 'endTime': '15:20', 'campus': 'Burnaby'}]",,4.0
GEOG 417,D100,fall,2026,GEOG 317.,GEOG 317,False,"[{'days': 'Mo', 'startTime': '10:30', 'endTime': '12:20', 'campus': 'Burnaby'}]",Margaret Schmidt,4.0
GEOG 417,D101,fall,2026,GEOG 317.,GEOG 317,False,"[{'days': 'Mo', 'startTime': '12:30', 'endTime': '14:20', 'campus': 'Burnaby'}]",,4.0
GEOG 441,D100,fall,2026,"At least 45 units, including either GEOG 100 or GEOG 161.",GEOG 100;GEOG 161,False,"[{'days': 'Tu', 'startTime': '14:30', 'endTime': '16:20', 'campus': 'Burnaby'}]",Melora Koepke,4.0
GEOG 441,D101,fall,2026,"At least 45 units, including either GEOG 100 or GEOG 161.",GEOG 100;GEOG 161,False,"[{'days': 'Tu', 'startTime': '16:30', 'endTime': '18:20', 'campus': 'Burnaby'}]",,4.0
GEOG 453,D100,fall,2026,"GEOG 353. Recommended: One of GEOG 351, 352, 355 or 356.",GEOG 353,False,"[{'days': 'Mo', 'startTime': '14:30', 'endTime': '16:20', 'campus': 'Burnaby'}]",Bing Lu,4.0
GEOG 453,D101,fall,2026,"GEOG 353. Recommended: One of GEOG 351, 352, 355 or 356.",GEOG 353,False,"[{'days': 'Mo', 'startTime': '16:30', 'endTime': '18:20', 'campus': 'Burnaby'}]",,4.0
GEOG 491,D100,fall,2026,105 units and consent of supervisor. See a departmental academic advisor for details.,,False,[],,4.0
GEOG 600,G100,fall,2026,,,False,[],Rosemary-Claire Collard,1.0
GEOG 603,G100,fall,2026,,,False,[],Sharon Luk,5.0
GEOG 606,G100,fall,2026,,,False,[],Kirsten Zickfeld,5.0
GEOG 612,G100,fall,2026,,,False,"[{'days': 'Fr', 'startTime': '10:30', 'endTime': '12:20', 'campus': 'Burnaby'}]",Tracy Brennand,4.0
GEOG 612,G101,fall,2026,,,False,"[{'days': 'Fr', 'startTime': '13:30', 'endTime': '15:20', 'campus': 'Burnaby'}]",,4.0
GEOG 653,G100,fall,2026,,,False,"[{'days': 'Mo', 'startTime': '14:30', 'endTime': '16:20', 'campus': 'Burnaby'}]",Bing Lu,4.0
GEOG 653,G101,fall,2026,,,False,"[{'days': 'Mo', 'startTime': '16:30', 'endTime': '18:20', 'campus': 'Burnaby'}]",,4.0
GEOG 671,G100,fall,2026,GEOG 600.,GEOG 600,False,[],,1.0
GEOG 677,G100,fall,2026,"GEOG 600, GEOG 601 and GEOG 606.",GEOG 600;GEOG 601;GEOG 606,False,[],,1.0
GEOG 678,G100,fall,2026,"GEOG 600, GEOG 601 and GEOG 603.",GEOG 600;GEOG 601;GEOG 603,False,[],,1.0
GEOG 679,G100,fall,2026,GEOG 600 and GEOG 671.,GEOG 600;GEOG 671,False,[],,1.0
GEOG 691,G100,fall,2026,,,False,[],,4.0
GEOG 691,G200,fall,2026,,,False,[],,4.0
GEOG 691,G300,fall,2026,,,False,[],,4.0
GEOG 697,G100,fall,2026,,,False,[],,18.0
GEOG 698,G100,fall,2026,,,False,[],,18.0
GEOG 699,G100,fall,2026,,,False,[],,18.0
GEOG 699,G200,fall,2026,,,False,[],,18.0
GERM 100,D100,fall,2026,,,False,"[{'days': 'Tu, Th', 'startTime': '10:30', 'endTime': '12:20', 'campus': 'Burnaby'}]",Claudia Hein,3.0
GERM 100,D200,fall,2026,,,False,"[{'days': 'We, Fr', 'startTime': '10:30', 'endTime': '12:20', 'campus': 'Burnaby'}]",,3.0
GERM 110,D100,fall,2026,GERM 100 (or GERM 102) or equivalent.,GERM 100;GERM 102,False,"[{'days': 'Tu, Th', 'startTime': '16:30', 'endTime': '18:20', 'campus': 'Burnaby'}]",Claudia Hein,3.0
GERM 200,D100,fall,2026,GERM 110 (or GERM 103) or equivalent.,GERM 110;GERM 103,False,"[{'days': 'We, Fr', 'startTime': '14:30', 'endTime': '16:20', 'campus': 'Burnaby'}]",Claudia Hein,3.0
GERM 300,D100,fall,2026,GERM 202 or consent of the instructor.,GERM 202,False,"[{'days': 'Tu, Th', 'startTime': '14:30', 'endTime': '16:20', 'campus': 'Burnaby'}]",Claudia Hein,3.0
GERO 204,D100,fall,2026,,,False,"[{'days': 'Tu', 'startTime': '14:30', 'endTime': '17:20', 'campus': 'Burnaby'}]",Sessional,3.0
GERO 300,D100,fall,2026,60 units.,,False,"[{'days': 'Mo', 'startTime': '14:30', 'endTime': '17:20', 'campus': 'Burnaby'}]",Lun Li,3.0
GERO 301,OL01,fall,2026,60 units.,,False,[],Samantha Teichman,3.0
GERO 401,D100,fall,2026,60 units. Recommended: GERO 300.,,False,"[{'days': 'We', 'startTime': '9:30', 'endTime': '12:20', 'campus': 'VANCOUVER'}]",Habib Chaudhury,3.0
GERO 420,OL01,fall,2026,60 units. Recommended: GERO 300.,,False,[],Andrew Wister,4.0
GERO 803,G100,fall,2026,,,False,"[{'days': 'We', 'startTime': '13:30', 'endTime': '16:20', 'campus': 'VANCOUVER'}]",Theresa Pauly,4.0
GERO 806,G100,fall,2026,,,False,"[{'days': 'Mo', 'startTime': '9:30', 'endTime': '12:20', 'campus': 'VANCOUVER'}]",Atiya Mahmood,4.0
GERO 840,G100,fall,2026,,,False,"[{'days': 'Fr', 'startTime': '9:30', 'endTime': '12:20', 'campus': 'VANCOUVER'}]",Mei Fang,4.0
GERO 850,G100,fall,2026,MA in Gerontology students in good academic standing who have successfully completed a Criminal Record Check.,,False,[],,4.0
GERO 850,G200,fall,2026,MA in Gerontology students in good academic standing who have successfully completed a Criminal Record Check.,,False,[],,4.0
GERO 889,G100,fall,2026,,,False,[],,4.0
GERO 889,G200,fall,2026,,,False,[],,4.0
GERO 896,G100,fall,2026,,,False,[],,
GERO 896,G200,fall,2026,,,False,[],,
GERO 897,G100,fall,2026,,,False,[],,
GERO 897,G200,fall,2026,,,False,[],,
GERO 898,G100,fall,2026,,,False,[],,10.0
GERO 898,G200,fall,2026,,,False,[],,10.0
GERO 899,G100,fall,2026,,,False,[],,18.0
GERO 899,G200,fall,2026,,,False,[],,18.0
GERO 994,G100,fall,2026,All coursework towards the PhD in Gerontology.,,False,[],,3.0
GERO 994,G200,fall,2026,All coursework towards the PhD in Gerontology.,,False,[],,3.0
GERO 995,G100,fall,2026,All coursework towards the PhD in Gerontology.,,False,[],,3.0
GERO 995,G200,fall,2026,All coursework towards the PhD in Gerontology.,,False,[],,3.0
GERO 996,G100,fall,2026,GERO 994 and GERO 995.,GERO 994;GERO 995,False,[],,
GERO 996,G200,fall,2026,GERO 994 and GERO 995.,GERO 994;GERO 995,False,[],,
GERO 998,G100,fall,2026,,,False,[],,18.0
GERO 998,G200,fall,2026,,,False,[],,18.0
GRAD 700,G100,fall,2026,,,False,[],,
GRAD 800,G100,fall,2026,,,False,[],,
GRAD 800,G200,fall,2026,,,False,[],,
GRAD 800,G300,fall,2026,,,False,[],,
GRAD 850,G100,fall,2026,,,False,[],,
GRK 100,B100,fall,2026,,,False,[],Dionysia Eirini Kotsovili,3.0
GRK 100,B101,fall,2026,,,False,"[{'days': 'Mo', 'startTime': '14:30', 'endTime': '16:20', 'campus': 'Burnaby'}]",Dionysia Eirini Kotsovili,3.0
GRK 111,B100,fall,2026,GRK 100 (or GRK 191) or equivalent.,GRK 100;GRK 191,False,[],Dionysia Eirini Kotsovili,3.0
GRK 111,B101,fall,2026,GRK 100 (or GRK 191) or equivalent.,GRK 100;GRK 191,False,"[{'days': 'Tu', 'startTime': '14:30', 'endTime': '16:20', 'campus': 'Burnaby'}]",Dionysia Eirini Kotsovili,3.0
GRK 200,B100,fall,2026,GRK 111 (or GRK 192) or equivalent.,GRK 111;GRK 192,False,[],Dionysia Eirini Kotsovili,3.0
GRK 200,B101,fall,2026,GRK 111 (or GRK 192) or equivalent.,GRK 111;GRK 192,False,"[{'days': 'Tu', 'startTime': '10:30', 'endTime': '12:20', 'campus': 'Burnaby'}]",Dionysia Eirini Kotsovili,3.0
GRK 211,B100,fall,2026,GRK 200 (or GRK 291) or equivalent.,GRK 200;GRK 291,False,[],Dionysia Eirini Kotsovili,3.0
GRK 211,B101,fall,2026,GRK 200 (or GRK 291) or equivalent.,GRK 200;GRK 291,False,"[{'days': 'Fr', 'startTime': '10:30', 'endTime': '12:20', 'campus': 'Burnaby'}]",Dionysia Eirini Kotsovili,3.0
GSWS 100,OL01,fall,2026,,,False,[],Helen Leung,3.0
GSWS 101,OL01,fall,2026,,,False,[],Ka Man Carman Fung,3.0
GSWS 102,D900,fall,2026,,,False,"[{'days': 'Fr', 'startTime': '10:30', 'endTime': '12:20', 'campus': 'Surrey'}]",,3.0
GSWS 102,D901,fall,2026,,,False,"[{'days': 'Fr', 'startTime': '13:30', 'endTime': '14:20', 'campus': 'Surrey'}]",,3.0
GSWS 102,D902,fall,2026,,,False,"[{'days': 'Fr', 'startTime': '13:30', 'endTime': '14:20', 'campus': 'Surrey'}]",,3.0
GSWS 102,D903,fall,2026,,,False,"[{'days': 'Fr', 'startTime': '14:30', 'endTime': '15:20', 'campus': 'Surrey'}]",,3.0
GSWS 200,D100,fall,2026,,,False,"[{'days': 'Mo', 'startTime': '14:30', 'endTime': '17:20', 'campus': 'Burnaby'}]",Mariam Georgis,3.0
GSWS 315,B100,fall,2026,15 units.,,False,"[{'days': 'Fr', 'startTime': '12:30', 'endTime': '14:20', 'campus': 'Burnaby'}]",Alice Nye,4.0
GSWS 315,B101,fall,2026,15 units.,,False,[],Alice Nye,4.0
GSWS 318,B100,fall,2026,"30 units, including three units in GSWS.",,False,"[{'days': 'Tu', 'startTime': '14:30', 'endTime': '16:20', 'campus': 'Burnaby'}]",Megh Marathe,4.0
GSWS 318,B101,fall,2026,"30 units, including three units in GSWS.",,False,[],Megh Marathe,4.0
GSWS 320,B100,fall,2026,15 units.,,False,"[{'days': 'Fr', 'startTime': '12:30', 'endTime': '14:20', 'campus': 'Burnaby'}]",Amy Krauss,4.0
GSWS 320,B101,fall,2026,15 units.,,False,[],Amy Krauss,4.0
GSWS 320,B200,fall,2026,15 units.,,False,"[{'days': 'Mo', 'startTime': '14:30', 'endTime': '16:20', 'campus': 'Burnaby'}]",Megh Marathe,4.0
GSWS 320,B201,fall,2026,15 units.,,False,[],Megh Marathe,4.0
GSWS 321,B100,fall,2026,15 units.,,False,"[{'days': 'Th', 'startTime': '10:30', 'endTime': '12:20', 'campus': 'Burnaby'}]",Alice Nye,4.0
GSWS 321,B101,fall,2026,15 units.,,False,[],Alice Nye,4.0
GSWS 321,D100,fall,2026,15 units.,,False,"[{'days': 'Th', 'startTime': '8:30', 'endTime': '12:20', 'campus': 'Burnaby'}]",Mariam Georgis,4.0
GSWS 338,B100,fall,2026,30 units including three units in GSWS.,,False,"[{'days': 'Th', 'startTime': '14:30', 'endTime': '17:20', 'campus': 'Burnaby'}]",Ka Man Carman Fung,4.0
GSWS 338,B101,fall,2026,30 units including three units in GSWS.,,False,[],,4.0
GSWS 388,D100,fall,2026,15 units.,,False,"[{'days': 'We, Fr', 'startTime': '10:30', 'endTime': '12:20', 'campus': 'Burnaby'}]",Nadine Attewell,4.0
GSWS 401,D100,fall,2026,Nine units in GSWS including GSWS 101 (or WS 101) and/or GSWS 102 (or WS 102) and approval of the course proposal by the department.,GSWS 101;WS 101;GSWS 102;WS 102,False,[],,5.0
GSWS 402,D100,fall,2026,Nine units in GSWS including GSWS 101 (or WS 101) and/or GSWS 102 (or WS 102) and approval of course proposal by Dept.,GSWS 101;WS 101;GSWS 102;WS 102,False,[],,2.0
GSWS 403,D100,fall,2026,nine units in GSWS including GSWS 101 (or WS 101) or GSWS 102 (or WS 102) and approval of course proposal by Dept.,GSWS 101;WS 101;GSWS 102;WS 102,False,[],,3.0
GSWS 431,B100,fall,2026,45 units including six units in GSWS or CA.,,False,"[{'days': 'Tu', 'startTime': '10:30', 'endTime': '12:20', 'campus': 'Burnaby'}]",Helen Leung,4.0
GSWS 431,B101,fall,2026,45 units including six units in GSWS or CA.,,False,[],Helen Leung,4.0
GSWS 811,G100,fall,2026,,,False,"[{'days': 'We', 'startTime': '14:30', 'endTime': '17:20', 'campus': 'Burnaby'}]",Ka Man Carman Fung,3.0
GSWS 822,G100,fall,2026,,,False,"[{'days': 'Mo', 'startTime': '10:30', 'endTime': '15:20', 'campus': 'Surrey'}]",Jennifer Marchbank,5.0
GSWS 830,G100,fall,2026,,,False,"[{'days': 'We, Fr', 'startTime': '10:30', 'endTime': '12:20', 'campus': 'Burnaby'}]",Nadine Attewell,5.0
GSWS 830,G101,fall,2026,,,False,"[{'days': 'Fr', 'startTime': '12:30', 'endTime': '13:20', 'campus': 'Burnaby'}]",Nadine Attewell,5.0
GSWS 830,G200,fall,2026,,,False,"[{'days': 'Th', 'startTime': '8:30', 'endTime': '12:20', 'campus': 'Burnaby'}]",Mariam Georgis,5.0
GSWS 830,G201,fall,2026,,,False,"[{'days': 'Th', 'startTime': '12:30', 'endTime': '13:20', 'campus': 'Burnaby'}]",Mariam Georgis,5.0
GSWS 830,G300,fall,2026,,,False,"[{'days': 'Tu', 'startTime': '10:30', 'endTime': '12:20', 'campus': 'Burnaby'}]",Helen Leung,5.0
GSWS 830,G301,fall,2026,,,False,"[{'days': 'Tu', 'startTime': '12:30', 'endTime': '13:20', 'campus': 'Burnaby'}]",Helen Leung,5.0
GSWS 840,G100,fall,2026,,,False,[],,5.0
GSWS 840,G200,fall,2026,,,False,[],,5.0
GSWS 844,G100,fall,2026,GSWS 822.,GSWS 822,False,[],,5.0
GSWS 844,G200,fall,2026,GSWS 822.,GSWS 822,False,[],,5.0
GSWS 898,G100,fall,2026,,,False,[],,18.0
GSWS 898,G200,fall,2026,,,False,[],,18.0
GSWS 997,G100,fall,2026,,,False,[],,
GSWS 997,G200,fall,2026,,,False,[],,
GSWS 998,G100,fall,2026,,,False,[],,18.0
GSWS 998,G200,fall,2026,,,False,[],,18.0
GSWS 999,G100,fall,2026,GSWS 822 and five graduate courses.,GSWS 822,False,[],,6.0
GSWS 999,G200,fall,2026,GSWS 822 and five graduate courses.,GSWS 822,False,[],,6.0
GSWS 999,G300,fall,2026,GSWS 822 and five graduate courses.,GSWS 822,False,[],,6.0
HIST 101,D100,fall,2026,,,False,"[{'days': 'Tu', 'startTime': '10:30', 'endTime': '12:20', 'campus': 'Burnaby'}]",John Bird,3.0
HIST 101,D101,fall,2026,,,False,"[{'days': 'Tu', 'startTime': '12:30', 'endTime': '13:20', 'campus': 'Burnaby'}]",,3.0
HIST 101,D102,fall,2026,,,False,"[{'days': 'Tu', 'startTime': '12:30', 'endTime': '13:20', 'campus': 'Burnaby'}]",,3.0
HIST 101,D103,fall,2026,,,False,"[{'days': 'Tu', 'startTime': '13:30', 'endTime': '14:20', 'campus': 'Burnaby'}]",,3.0
HIST 101,D104,fall,2026,,,False,"[{'days': 'Tu', 'startTime': '13:30', 'endTime': '14:20', 'campus': 'Burnaby'}]",,3.0
HIST 101,D105,fall,2026,,,False,"[{'days': 'Tu', 'startTime': '14:30', 'endTime': '15:20', 'campus': 'Burnaby'}]",,3.0
HIST 101,D106,fall,2026,,,False,"[{'days': 'Tu', 'startTime': '14:30', 'endTime': '15:20', 'campus': 'Burnaby'}]",,3.0
HIST 115,D100,fall,2026,,,False,"[{'days': 'Mo', 'startTime': '10:30', 'endTime': '12:20', 'campus': 'Burnaby'}]",Elise Chenier,3.0
HIST 115,D101,fall,2026,,,False,"[{'days': 'Mo', 'startTime': '14:30', 'endTime': '15:20', 'campus': 'Burnaby'}]",,3.0
HIST 115,D102,fall,2026,,,False,"[{'days': 'Mo', 'startTime': '15:30', 'endTime': '16:20', 'campus': 'Burnaby'}]",,3.0
HIST 130,B700,fall,2026,,,False,"[{'days': 'Mo', 'startTime': '12:30', 'endTime': '14:20', 'campus': 'Surrey'}]",Luke Clossey,3.0
HIST 130,B701,fall,2026,,,False,"[{'days': 'Mo', 'startTime': '14:30', 'endTime': '15:20', 'campus': 'Surrey'}]",,3.0
HIST 130,B702,fall,2026,,,False,"[{'days': 'Mo', 'startTime': '15:30', 'endTime': '16:20', 'campus': 'Surrey'}]",,3.0
HIST 130,D100,fall,2026,,,False,"[{'days': 'Mo', 'startTime': '12:30', 'endTime': '14:20', 'campus': 'Burnaby'}]",Luke Clossey,3.0
HIST 130,D101,fall,2026,,,False,"[{'days': 'Mo', 'startTime': '14:30', 'endTime': '15:30', 'campus': 'Burnaby'}]",,3.0
HIST 130,D102,fall,2026,,,False,"[{'days': 'Mo', 'startTime': '15:30', 'endTime': '16:20', 'campus': 'Burnaby'}]",,3.0
HIST 130,D103,fall,2026,,,False,"[{'days': 'Mo', 'startTime': '16:30', 'endTime': '17:20', 'campus': 'Burnaby'}]",,3.0
HIST 130,D104,fall,2026,,,False,"[{'days': 'Tu', 'startTime': '14:30', 'endTime': '15:20', 'campus': 'Burnaby'}]",,3.0
HIST 135W,D100,fall,2026,,,False,"[{'days': 'Fr', 'startTime': '12:30', 'endTime': '14:20', 'campus': 'Burnaby'}]",Mark Leier,3.0
HIST 135W,D101,fall,2026,,,False,"[{'days': 'Fr', 'startTime': '14:30', 'endTime': '15:20', 'campus': 'Burnaby'}]",,3.0
HIST 135W,D102,fall,2026,,,False,"[{'days': 'Fr', 'startTime': '14:30', 'endTime': '15:20', 'campus': 'Burnaby'}]",,3.0
HIST 135W,D103,fall,2026,,,False,"[{'days': 'Fr', 'startTime': '14:30', 'endTime': '15:20', 'campus': 'Burnaby'}]",,3.0
HIST 135W,D104,fall,2026,,,False,"[{'days': 'Fr', 'startTime': '15:30', 'endTime': '16:20', 'campus': 'Burnaby'}]",,3.0
HIST 135W,D105,fall,2026,,,False,"[{'days': 'Fr', 'startTime': '15:30', 'endTime': '16:20', 'campus': 'Burnaby'}]",,3.0
HIST 135W,D106,fall,2026,,,False,"[{'days': 'Fr', 'startTime': '15:30', 'endTime': '16:20', 'campus': 'Burnaby'}]",,3.0
HIST 151,D100,fall,2026,,,False,"[{'days': 'We', 'startTime': '14:30', 'endTime': '17:20', 'campus': 'Burnaby'}]",Paul Sedra,3.0
HIST 185,D100,fall,2026,,,False,"[{'days': 'Th', 'startTime': '14:30', 'endTime': '17:20', 'campus': 'Burnaby'}]",Jeanne Essame,3.0
HIST 200,D100,fall,2026,,,False,"[{'days': 'Mo', 'startTime': '14:30', 'endTime': '17:20', 'campus': 'Burnaby'}]",Sarah Walshaw,3.0
HIST 206,D100,fall,2026,,,False,"[{'days': 'Fr', 'startTime': '10:30', 'endTime': '12:20', 'campus': 'Burnaby'}]",Jeremy Brown,3.0
HIST 206,D101,fall,2026,,,False,"[{'days': 'Fr', 'startTime': '14:30', 'endTime': '15:20', 'campus': 'Burnaby'}]",,3.0
HIST 206,D102,fall,2026,,,False,"[{'days': 'Fr', 'startTime': '12:30', 'endTime': '13:20', 'campus': 'Burnaby'}]",,3.0
HIST 206,D103,fall,2026,,,False,"[{'days': 'Fr', 'startTime': '13:30', 'endTime': '14:20', 'campus': 'Burnaby'}]",,3.0
HIST 206,D104,fall,2026,,,False,"[{'days': 'Fr', 'startTime': '14:30', 'endTime': '15:20', 'campus': 'Burnaby'}]",,3.0
HIST 212,BLS1,fall,2026,Recommended: HIST 104.,,False,[],,3.0
HIST 212,BL01,fall,2026,Recommended: HIST 104.,,False,"[{'days': 'Tu', 'startTime': '9:30', 'endTime': '11:20', 'campus': 'Burnaby'}]",Joseph Taylor,3.0
HIST 223,D100,fall,2026,,,False,"[{'days': 'Tu', 'startTime': '14:30', 'endTime': '17:20', 'campus': 'Burnaby'}]",Hilmar Pabel,3.0
HIST 243,D100,fall,2026,,,False,"[{'days': 'We', 'startTime': '9:30', 'endTime': '12:20', 'campus': 'Burnaby'}]",Bidisha Ray,3.0
HIST 276,D100,fall,2026,,,False,"[{'days': 'Mo', 'startTime': '10:30', 'endTime': '12:20', 'campus': 'Burnaby'}]",Evdoxios Doxiadis,3.0
HIST 276,D101,fall,2026,,,False,"[{'days': 'Mo', 'startTime': '12:30', 'endTime': '13:20', 'campus': 'Burnaby'}]",,3.0
HIST 276,D102,fall,2026,,,False,"[{'days': 'Mo', 'startTime': '13:30', 'endTime': '14:20', 'campus': 'Burnaby'}]",,3.0
HIST 300,D100,fall,2026,"45 units, including six units of lower division history.",,False,"[{'days': 'Th', 'startTime': '14:30', 'endTime': '17:20', 'campus': 'Burnaby'}]",Hilmar Pabel,4.0
HIST 325,D100,fall,2026,"45 units, including six units of lower division history.",,False,"[{'days': 'Mo', 'startTime': '9:30', 'endTime': '12:20', 'campus': 'Burnaby'}]",John Bird,4.0
HIST 354,D100,fall,2026,"45 units, including six units of lower division history. Recommended: one of HIST 151, 249.",,False,"[{'days': 'We', 'startTime': '9:30', 'endTime': '12:20', 'campus': 'Burnaby'}]",Thomas Kuehn,4.0
HIST 354,D101,fall,2026,"45 units, including six units of lower division history. Recommended: one of HIST 151, 249.",,False,"[{'days': 'We', 'startTime': '12:30', 'endTime': '13:20', 'campus': 'Burnaby'}]",,4.0
HIST 354,D102,fall,2026,"45 units, including six units of lower division history. Recommended: one of HIST 151, 249.",,False,"[{'days': 'We', 'startTime': '13:30', 'endTime': '14:20', 'campus': 'Burnaby'}]",,4.0
HIST 377,BLS1,fall,2026,"45 units, including six units of lower division history.",,False,[],Joseph Taylor,4.0
HIST 377,BL01,fall,2026,"45 units, including six units of lower division history.",,False,"[{'days': 'Tu', 'startTime': '12:30', 'endTime': '14:20', 'campus': 'Burnaby'}]",Joseph Taylor,4.0
HIST 390,D100,fall,2026,"45 units, including six units of lower division history.",,False,"[{'days': 'Tu', 'startTime': '14:30', 'endTime': '17:20', 'campus': 'Burnaby'}]",Jeanne Essame,4.0
HIST 391,D100,fall,2026,"45 units, including six units of lower division history.",,False,"[{'days': 'We', 'startTime': '14:30', 'endTime': '17:20', 'campus': 'Burnaby'}]",Roxanne Panchasi,4.0
HIST 400,D100,fall,2026,Admission to the honours program in history.,,False,"[{'days': 'Fr', 'startTime': '12:30', 'endTime': '16:20', 'campus': 'Burnaby'}]",Roxanne Panchasi,4.0
HIST 438W,D100,fall,2026,45 units including 9 units of lower division history.,,False,"[{'days': 'Fr', 'startTime': '12:30', 'endTime': '16:20', 'campus': 'Burnaby'}]",Bidisha Ray,4.0
HIST 440,D100,fall,2026,"45 units, including nine units of lower division history.",,False,"[{'days': 'Fr', 'startTime': '9:30', 'endTime': '12:20', 'campus': 'Burnaby'}]",Karen Ferguson,4.0
HIST 456,D100,fall,2026,45 units including nine units of lower division history. Recommended: HIST 151 and 249.,,False,"[{'days': 'Tu', 'startTime': '11:30', 'endTime': '14:20', 'campus': 'Burnaby'}]",Thomas Kuehn,4.0
HIST 464,D100,fall,2026,45 units including nine units of lower division history.,,False,"[{'days': 'Mo', 'startTime': '14:30', 'endTime': '17:20', 'campus': 'Burnaby'}]",Janice Jeong,4.0
HIST 468W,D100,fall,2026,"45 units, including nine units of lower division history.",,False,"[{'days': 'Tu', 'startTime': '11:30', 'endTime': '14:20', 'campus': 'Burnaby'}]",Nicholas May,4.0
HIST 800,G100,fall,2026,23 units of graduate coursework.,,False,[],Christina Adcock,5.0
HIST 814,G100,fall,2026,,,False,[],Evdoxios Doxiadis,5.0
HIST 815,G100,fall,2026,,,False,[],Paul Sedra,5.0
HIST 860,G100,fall,2026,,,False,[],Evdoxios Doxiadis,6.0
HIST 860,G200,fall,2026,,,False,[],Thomas Kuehn,6.0
HIST 861,G100,fall,2026,,,False,[],Evdoxios Doxiadis,6.0
HIST 861,G200,fall,2026,,,False,[],Thomas Kuehn,6.0
HIST 862,G100,fall,2026,,,False,[],Evdoxios Doxiadis,6.0
HIST 862,G200,fall,2026,,,False,[],Thomas Kuehn,6.0
HIST 897,G100,fall,2026,,,False,[],,5.0
HIST 897,G200,fall,2026,,,False,[],,5.0
HIST 897,G300,fall,2026,,,False,[],,5.0
HIST 898,G100,fall,2026,,,False,[],,18.0
HIST 898,G200,fall,2026,,,False,[],,18.0
HIST 899,G100,fall,2026,,,False,[],,18.0
HIST 899,G200,fall,2026,,,False,[],,18.0
HSCI 100,D100,fall,2026,,,False,"[{'days': 'Mo', 'startTime': '14:30', 'endTime': '17:20', 'campus': 'Burnaby'}]",Frank Lee,3.0
HSCI 100,D101,fall,2026,,,False,"[{'days': 'We', 'startTime': '10:30', 'endTime': '11:20', 'campus': 'Burnaby'}]",,3.0
HSCI 100,D102,fall,2026,,,False,"[{'days': 'We', 'startTime': '10:30', 'endTime': '11:20', 'campus': 'Burnaby'}]",,3.0
HSCI 100,D103,fall,2026,,,False,"[{'days': 'Th', 'startTime': '13:30', 'endTime': '14:20', 'campus': 'Burnaby'}]",,3.0
HSCI 100,D104,fall,2026,,,False,"[{'days': 'Th', 'startTime': '13:30', 'endTime': '14:20', 'campus': 'Burnaby'}]",,3.0
HSCI 120,D100,fall,2026,,,False,"[{'days': 'Th', 'startTime': '14:30', 'endTime': '17:20', 'campus': 'Burnaby'}]",Milad Parpouchi,3.0
HSCI 130,D100,fall,2026,,,False,"[{'days': 'Tu', 'startTime': '8:30', 'endTime': '10:20', 'campus': 'Burnaby'}, {'days': 'Th', 'startTime': '8:30', 'endTime': '9:20', 'campus': 'Burnaby'}]",Milad Parpouchi,4.0
HSCI 130,D101,fall,2026,,,False,"[{'days': 'Tu', 'startTime': '11:30', 'endTime': '12:20', 'campus': 'Burnaby'}]",,4.0
HSCI 130,D102,fall,2026,,,False,"[{'days': 'Tu', 'startTime': '11:30', 'endTime': '12:20', 'campus': 'Burnaby'}]",,4.0
HSCI 130,D103,fall,2026,,,False,"[{'days': 'Tu', 'startTime': '11:30', 'endTime': '12:20', 'campus': 'Burnaby'}]",,4.0
HSCI 130,D104,fall,2026,,,False,"[{'days': 'Tu', 'startTime': '12:30', 'endTime': '13:20', 'campus': 'Burnaby'}]",,4.0
HSCI 130,D105,fall,2026,,,False,"[{'days': 'Tu', 'startTime': '12:30', 'endTime': '13:20', 'campus': 'Burnaby'}]",,4.0
HSCI 130,D106,fall,2026,,,False,"[{'days': 'Tu', 'startTime': '12:30', 'endTime': '13:20', 'campus': 'Burnaby'}]",,4.0
HSCI 130,D107,fall,2026,,,False,"[{'days': 'Fr', 'startTime': '9:30', 'endTime': '10:20', 'campus': 'Burnaby'}]",,4.0
HSCI 130,D108,fall,2026,,,False,"[{'days': 'Fr', 'startTime': '9:30', 'endTime': '10:20', 'campus': 'Burnaby'}]",,4.0
HSCI 130,D109,fall,2026,,,False,"[{'days': 'Fr', 'startTime': '9:30', 'endTime': '10:20', 'campus': 'Burnaby'}]",,4.0
HSCI 130,D200,fall,2026,,,False,"[{'days': 'Tu', 'startTime': '14:30', 'endTime': '17:20', 'campus': 'Surrey'}]",Milad Parpouchi,4.0
HSCI 130,D201,fall,2026,,,False,"[{'days': 'Th', 'startTime': '14:30', 'endTime': '15:20', 'campus': 'Surrey'}]",,4.0
HSCI 130,D202,fall,2026,,,False,"[{'days': 'Th', 'startTime': '15:30', 'endTime': '16:20', 'campus': 'Surrey'}]",,4.0
HSCI 130,D203,fall,2026,,,False,"[{'days': 'Fr', 'startTime': '14:30', 'endTime': '15:20', 'campus': 'Surrey'}]",,4.0
HSCI 130,D204,fall,2026,,,False,"[{'days': 'Fr', 'startTime': '15:30', 'endTime': '16:20', 'campus': 'Surrey'}]",,4.0
HSCI 160,BLS1,fall,2026,,,False,"[{'days': 'We', 'startTime': '16:30', 'endTime': '19:20', 'campus': 'Burnaby'}]",John O'Neil,3.0
HSCI 206,D100,fall,2026,HSCI 130 with a minimum grade of C-.,HSCI 130,False,"[{'days': 'Mo', 'startTime': '14:30', 'endTime': '17:20', 'campus': 'Burnaby'}]",Muntasir Rahman,3.0
HSCI 214,D100,fall,2026,"HSCI 100 or BISC 101, HSCI 130, all with a minimum grade of C-.",HSCI 100;BISC 101;HSCI 130,False,"[{'days': 'Tu', 'startTime': '14:30', 'endTime': '17:20', 'campus': 'Burnaby'}]",Julian Somers,3.0
HSCI 214,D101,fall,2026,"HSCI 100 or BISC 101, HSCI 130, all with a minimum grade of C-.",HSCI 100;BISC 101;HSCI 130,False,"[{'days': 'Mo', 'startTime': '8:30', 'endTime': '9:20', 'campus': 'Burnaby'}]",,3.0
HSCI 214,D102,fall,2026,"HSCI 100 or BISC 101, HSCI 130, all with a minimum grade of C-.",HSCI 100;BISC 101;HSCI 130,False,"[{'days': 'Mo', 'startTime': '8:30', 'endTime': '9:20', 'campus': 'Burnaby'}]",,3.0
HSCI 214,D103,fall,2026,"HSCI 100 or BISC 101, HSCI 130, all with a minimum grade of C-.",HSCI 100;BISC 101;HSCI 130,False,"[{'days': 'Mo', 'startTime': '9:30', 'endTime': '10:20', 'campus': 'Burnaby'}]",,3.0
HSCI 214,D104,fall,2026,"HSCI 100 or BISC 101, HSCI 130, all with a minimum grade of C-.",HSCI 100;BISC 101;HSCI 130,False,"[{'days': 'Mo', 'startTime': '9:30', 'endTime': '10:20', 'campus': 'Burnaby'}]",,3.0
HSCI 214,D105,fall,2026,"HSCI 100 or BISC 101, HSCI 130, all with a minimum grade of C-.",HSCI 100;BISC 101;HSCI 130,False,"[{'days': 'Fr', 'startTime': '13:30', 'endTime': '14:20', 'campus': 'Burnaby'}]",,3.0
HSCI 214,D106,fall,2026,"HSCI 100 or BISC 101, HSCI 130, all with a minimum grade of C-.",HSCI 100;BISC 101;HSCI 130,False,"[{'days': 'Fr', 'startTime': '13:30', 'endTime': '14:20', 'campus': 'Burnaby'}]",,3.0
HSCI 214,D107,fall,2026,"HSCI 100 or BISC 101, HSCI 130, all with a minimum grade of C-.",HSCI 100;BISC 101;HSCI 130,False,"[{'days': 'Fr', 'startTime': '14:30', 'endTime': '15:20', 'campus': 'Burnaby'}]",,3.0
HSCI 216,D100,fall,2026,"HSCI 100 or BISC 101, with a minimum grade of C-.",HSCI 100;BISC 101,False,"[{'days': 'Th', 'startTime': '14:30', 'endTime': '17:20', 'campus': 'Burnaby'}]",Pablo Nepomnaschy,3.0
HSCI 216,D101,fall,2026,"HSCI 100 or BISC 101, with a minimum grade of C-.",HSCI 100;BISC 101,False,"[{'days': 'Th', 'startTime': '8:30', 'endTime': '9:20', 'campus': 'Burnaby'}]",,3.0
HSCI 216,D102,fall,2026,"HSCI 100 or BISC 101, with a minimum grade of C-.",HSCI 100;BISC 101,False,"[{'days': 'Th', 'startTime': '8:30', 'endTime': '9:20', 'campus': 'Burnaby'}]",,3.0
HSCI 216,D103,fall,2026,"HSCI 100 or BISC 101, with a minimum grade of C-.",HSCI 100;BISC 101,False,"[{'days': 'Th', 'startTime': '9:30', 'endTime': '10:20', 'campus': 'Burnaby'}]",,3.0
HSCI 216,D104,fall,2026,"HSCI 100 or BISC 101, with a minimum grade of C-.",HSCI 100;BISC 101,False,"[{'days': 'Th', 'startTime': '9:30', 'endTime': '10:20', 'campus': 'Burnaby'}]",,3.0
HSCI 216,D105,fall,2026,"HSCI 100 or BISC 101, with a minimum grade of C-.",HSCI 100;BISC 101,False,"[{'days': 'Th', 'startTime': '10:30', 'endTime': '11:20', 'campus': 'Burnaby'}]",,3.0
HSCI 216,D106,fall,2026,"HSCI 100 or BISC 101, with a minimum grade of C-.",HSCI 100;BISC 101,False,"[{'days': 'Th', 'startTime': '10:30', 'endTime': '11:20', 'campus': 'Burnaby'}]",,3.0
HSCI 220,D100,fall,2026,HSCI 130 with a minimum grade of C- or permission of the instructor.,HSCI 130,False,"[{'days': 'We', 'startTime': '14:30', 'endTime': '17:20', 'campus': 'Burnaby'}]",Lyana Patrick;Nicole Berry,3.0
HSCI 220,D101,fall,2026,HSCI 130 with a minimum grade of C- or permission of the instructor.,HSCI 130,False,"[{'days': 'Th', 'startTime': '12:30', 'endTime': '13:20', 'campus': 'Burnaby'}]",,3.0
HSCI 220,D102,fall,2026,HSCI 130 with a minimum grade of C- or permission of the instructor.,HSCI 130,False,"[{'days': 'Th', 'startTime': '12:30', 'endTime': '13:20', 'campus': 'Burnaby'}]",,3.0
HSCI 220,D103,fall,2026,HSCI 130 with a minimum grade of C- or permission of the instructor.,HSCI 130,False,"[{'days': 'Th', 'startTime': '13:30', 'endTime': '14:20', 'campus': 'Burnaby'}]",,3.0
HSCI 220,D104,fall,2026,HSCI 130 with a minimum grade of C- or permission of the instructor.,HSCI 130,False,"[{'days': 'Th', 'startTime': '13:30', 'endTime': '14:20', 'campus': 'Burnaby'}]",,3.0
HSCI 230,D100,fall,2026,"30 units, including HSCI 130 with a minimum grade of C-, or permission of the instructor.",HSCI 130,False,"[{'days': 'Fr', 'startTime': '14:30', 'endTime': '17:20', 'campus': 'Burnaby'}]",Travis Salway,3.0
HSCI 305,OL01,fall,2026,"60 units, including nine HSCI units with a minimum grade of C-.",,False,[],Kate Tairyan,3.0
HSCI 312,D100,fall,2026,"60 units, including either HSCI 130 or BPK 140, with a minimum grade of C-.",HSCI 130;BPK 140,False,"[{'days': 'Fr', 'startTime': '14:30', 'endTime': '17:20', 'campus': 'Burnaby'}]",Kate Tairyan,3.0
HSCI 319W,D100,fall,2026,"75 units including nine HSCI units with a minimum grade of C-, one of which must be a 200-division course.",,False,"[{'days': 'Th', 'startTime': '10:30', 'endTime': '12:20', 'campus': 'Burnaby'}]",Jean-Christophe Belisle-Pipon,3.0
HSCI 319W,D101,fall,2026,"75 units including nine HSCI units with a minimum grade of C-, one of which must be a 200-division course.",,False,"[{'days': 'Th', 'startTime': '15:30', 'endTime': '16:20', 'campus': 'Burnaby'}]",,3.0
HSCI 319W,D102,fall,2026,"75 units including nine HSCI units with a minimum grade of C-, one of which must be a 200-division course.",,False,"[{'days': 'Th', 'startTime': '15:30', 'endTime': '16:20', 'campus': 'Burnaby'}]",,3.0
HSCI 319W,D103,fall,2026,"75 units including nine HSCI units with a minimum grade of C-, one of which must be a 200-division course.",,False,"[{'days': 'Th', 'startTime': '16:30', 'endTime': '17:20', 'campus': 'Burnaby'}]",,3.0
HSCI 319W,D104,fall,2026,"75 units including nine HSCI units with a minimum grade of C-, one of which must be a 200-division course.",,False,"[{'days': 'Th', 'startTime': '16:30', 'endTime': '17:20', 'campus': 'Burnaby'}]",,3.0
HSCI 319W,D105,fall,2026,"75 units including nine HSCI units with a minimum grade of C-, one of which must be a 200-division course.",,False,"[{'days': 'Th', 'startTime': '17:30', 'endTime': '18:20', 'campus': 'Burnaby'}]",,3.0
HSCI 323,D100,fall,2026,"MBB 231, CHEM 282, both with a minimum grade of C-.",MBB 231;CHEM 282,False,"[{'days': 'We', 'startTime': '9:30', 'endTime': '12:20', 'campus': 'Burnaby'}]",Frank Lee,3.0
HSCI 324,D100,fall,2026,BISC 202 with a minimum grade of C-.,BISC 202,False,"[{'days': 'Mo, We, Fr', 'startTime': '8:30', 'endTime': '9:20', 'campus': 'Burnaby'}]",Mark Lechner,3.0
HSCI 326,D100,fall,2026,MBB 231 with a minimum grade of C.,MBB 231,False,"[{'days': 'Tu, Th', 'startTime': '14:30', 'endTime': '16:20', 'campus': 'Burnaby'}]",Jonathan Choy,3.0
HSCI 326,D101,fall,2026,MBB 231 with a minimum grade of C.,MBB 231,False,[],,3.0
HSCI 326,D102,fall,2026,MBB 231 with a minimum grade of C.,MBB 231,False,"[{'days': 'We', 'startTime': '11:30', 'endTime': '12:20', 'campus': 'Burnaby'}]",,3.0
HSCI 326,D103,fall,2026,MBB 231 with a minimum grade of C.,MBB 231,False,"[{'days': 'We', 'startTime': '16:30', 'endTime': '17:20', 'campus': 'Burnaby'}]",,3.0
HSCI 326,D104,fall,2026,MBB 231 with a minimum grade of C.,MBB 231,False,"[{'days': 'Fr', 'startTime': '11:30', 'endTime': '12:20', 'campus': 'Burnaby'}]",,3.0
HSCI 326,D105,fall,2026,MBB 231 with a minimum grade of C.,MBB 231,False,"[{'days': 'Fr', 'startTime': '12:30', 'endTime': '13:20', 'campus': 'Burnaby'}]",,3.0
HSCI 333,D100,fall,2026,"60 units and completion of one of: HSCI 100, BISC 100, BISC 101 or BISC 102, with a minimum grade of C-.",HSCI 100;BISC 100;BISC 101;BISC 102,False,"[{'days': 'Tu', 'startTime': '8:30', 'endTime': '11:20', 'campus': 'Burnaby'}]",Mark Lechner,3.0
HSCI 336,D100,fall,2026,"MBB 229 and MBB 231, both with a minimum grade of C-.",MBB 229;MBB 231,False,"[{'days': 'We, Fr', 'startTime': '12:30', 'endTime': '14:20', 'campus': 'Burnaby'}]",Masahiro Niikura,4.0
HSCI 338,D100,fall,2026,MBB 222 with a minimum grade of C- or permission of the instructor.,MBB 222,False,"[{'days': 'Fr', 'startTime': '9:30', 'endTime': '12:20', 'campus': 'Burnaby'}]",Nienke Van Houten,3.0
HSCI 340,D100,fall,2026,"60 units and two HSCI 200-level courses with a minimum grade of C-, one of which may be taken concurrently.",HSCI 200,False,"[{'days': 'Tu', 'startTime': '11:30', 'endTime': '14:20', 'campus': 'Burnaby'}]",Nicole Berry,3.0
HSCI 341,D100,fall,2026,"HSCI 230, and STAT 201 or 203 or 205, all with a minimum grade of C-.",HSCI 230;STAT 201,False,"[{'days': 'We', 'startTime': '14:30', 'endTime': '17:20', 'campus': 'Burnaby'}]",Kiffer Card,3.0
HSCI 350,D100,fall,2026,Students must be accepted into the health sciences co-op program.,,True,[],Isabella Silvestre;Natalia Bussard,3.0
HSCI 350,D200,fall,2026,Students must be accepted into the health sciences co-op program.,,True,[],Isabella Silvestre;Natalia Bussard,3.0
HSCI 350,I100,fall,2026,Students must be accepted into the health sciences co-op program.,,True,[],Isabella Silvestre;Natalia Bussard,3.0
HSCI 351,D100,fall,2026,Completion of HSCI 350 Co-op Practicum I.,HSCI 350,False,[],Isabella Silvestre;Natalia Bussard,3.0
HSCI 351,D200,fall,2026,Completion of HSCI 350 Co-op Practicum I.,HSCI 350,False,[],Isabella Silvestre;Natalia Bussard,3.0
HSCI 351,I100,fall,2026,Completion of HSCI 350 Co-op Practicum I.,HSCI 350,False,[],Isabella Silvestre;Natalia Bussard,3.0
HSCI 402,D100,fall,2026,HSCI 214 with a minimum grade of C-.,HSCI 214,False,"[{'days': 'Th', 'startTime': '11:30', 'endTime': '14:20', 'campus': 'Burnaby'}]",Julian Somers,3.0
HSCI 408,D100,fall,2026,"60 units, including HSCI 230 (or 330) with a minimum grade of C-.",HSCI 230,False,"[{'days': 'Tu', 'startTime': '8:30', 'endTime': '11:20', 'campus': 'Burnaby'}]",Bruce Lanphear,3.0
HSCI 410,D100,fall,2026,"STAT 302 or STAT 305, with a minimum grade of C-. Recommended: HSCI 230.",STAT 302;STAT 305,False,"[{'days': 'We', 'startTime': '9:30', 'endTime': '12:20', 'campus': 'Burnaby'}]",Kiffer Card,3.0
HSCI 412,D100,fall,2026,"HSCI 312 and two HSCI 200-level courses, with a minimum grade of C-.",HSCI 312;HSCI 200,False,"[{'days': 'Mo', 'startTime': '14:30', 'endTime': '17:20', 'campus': 'Burnaby'}]",Catherine Slavik,3.0
HSCI 416,D100,fall,2026,"STAT 302 or STAT 305, and HSCI 207 (or 307) or HSCI 230 (or 330), all with a minimum grade of C-.",STAT 302;STAT 305;HSCI 207;HSCI 230,False,"[{'days': 'Mo', 'startTime': '9:30', 'endTime': '12:20', 'campus': 'Burnaby'}]",Bohdan Nosyk,4.0
HSCI 416,D101,fall,2026,"STAT 302 or STAT 305, and HSCI 207 (or 307) or HSCI 230 (or 330), all with a minimum grade of C-.",STAT 302;STAT 305;HSCI 207;HSCI 230,False,"[{'days': 'Fr', 'startTime': '10:30', 'endTime': '11:20', 'campus': 'Burnaby'}]",,4.0
HSCI 416,D102,fall,2026,"STAT 302 or STAT 305, and HSCI 207 (or 307) or HSCI 230 (or 330), all with a minimum grade of C-.",STAT 302;STAT 305;HSCI 207;HSCI 230,False,"[{'days': 'Fr', 'startTime': '11:30', 'endTime': '12:20', 'campus': 'Burnaby'}]",,4.0
HSCI 418,D100,fall,2026,"90 units, two 200-level HSCI courses with a minimum grade of C-, or permission of the instructor.",,True,"[{'days': 'Tu', 'startTime': '14:30', 'endTime': '17:20', 'campus': 'Burnaby'}]",Stuart Peacock,3.0
HSCI 424,D100,fall,2026,"A minimum of 60 units and HSCI 230 (or 330) with a minimum grade of C- and one of STAT 302 or STAT 305, with a minimum grade of C-.",HSCI 230;STAT 302;STAT 305,False,"[{'days': 'Tu, Th', 'startTime': '12:30', 'endTime': '14:20', 'campus': 'Burnaby'}]",Ryan Allen,4.0
HSCI 431,D100,fall,2026,"60 units including either HSCI 212 or 230 (or 330), with a minimum grade of C-.",HSCI 212,False,"[{'days': 'We', 'startTime': '9:30', 'endTime': '12:20', 'campus': 'Burnaby'}]",William Small,3.0
HSCI 432,D100,fall,2026,HSCI 230 (or 330) with a minimum grade of C-.,HSCI 230,False,"[{'days': 'Fr', 'startTime': '9:30', 'endTime': '12:20', 'campus': 'Burnaby'}]",William Hsiao,3.0
HSCI 440,D100,fall,2026,"HSCI 321, HSCI 323, and either (one of HSCI 336, MBB 308, or MBB 309W) or (BISC 357 and MBB 229), all with a minimum grade of C-.",HSCI 321;HSCI 323;HSCI 336;MBB 308;MBB 309W;BISC 357;MBB 229,False,"[{'days': 'Th', 'startTime': '13:30', 'endTime': '17:20', 'campus': 'Burnaby'}]",Nienke Van Houten,4.0
HSCI 442,D100,fall,2026,"HSCI 326 or MBB 326, and either (one of HSCI 336, MBB 308, or MBB 309W) or (MBB 229 and (BISC 303 or BISC 357)), all with a minimum grade of C-.",HSCI 326;MBB 326;HSCI 336;MBB 308;MBB 309W;MBB 229;BISC 303;BISC 357,False,"[{'days': 'Tu', 'startTime': '13:30', 'endTime': '17:20', 'campus': 'Burnaby'}]",Ralph Pantophlet,4.0
HSCI 442,D101,fall,2026,"HSCI 326 or MBB 326, and either (one of HSCI 336, MBB 308, or MBB 309W) or (MBB 229 and (BISC 303 or BISC 357)), all with a minimum grade of C-.",HSCI 326;MBB 326;HSCI 336;MBB 308;MBB 309W;MBB 229;BISC 303;BISC 357,False,"[{'days': 'Mo', 'startTime': '9:30', 'endTime': '12:20', 'campus': 'Burnaby'}]",,4.0
HSCI 449,D100,fall,2026,"90 units including HSCI 312 with a minimum grade of C- and HSCI 319 or 327, with a minimum grade of C-. Students may be required to successfully complete a Criminal Record Check.",HSCI 312;HSCI 319,False,"[{'days': 'Fr', 'startTime': '14:30', 'endTime': '17:20', 'campus': 'Burnaby'}]",Daljit Gill,3.0
HSCI 450,D100,fall,2026,Completion of HSCI 351 Co-op Practicum II.,HSCI 351,False,[],Isabella Silvestre;Natalia Bussard,3.0
HSCI 450,D200,fall,2026,Completion of HSCI 351 Co-op Practicum II.,HSCI 351,False,[],Isabella Silvestre;Natalia Bussard,3.0
HSCI 450,I100,fall,2026,Completion of HSCI 351 Co-op Practicum II.,HSCI 351,False,[],Isabella Silvestre;Natalia Bussard,3.0
HSCI 451,D100,fall,2026,Completion of HSCI 450 Co-op Practicum III.,HSCI 450,False,[],Isabella Silvestre;Natalia Bussard,3.0
HSCI 451,D200,fall,2026,Completion of HSCI 450 Co-op Practicum III.,HSCI 450,False,[],Isabella Silvestre;Natalia Bussard,3.0
HSCI 451,I100,fall,2026,Completion of HSCI 450 Co-op Practicum III.,HSCI 450,False,[],Isabella Silvestre;Natalia Bussard,3.0
HSCI 452,D100,fall,2026,Completion of HSCI 451 Co-op Practicum IV.,HSCI 451,False,[],Isabella Silvestre;Natalia Bussard,3.0
HSCI 452,D200,fall,2026,Completion of HSCI 451 Co-op Practicum IV.,HSCI 451,False,[],Isabella Silvestre;Natalia Bussard,3.0
HSCI 452,I100,fall,2026,Completion of HSCI 451 Co-op Practicum IV.,HSCI 451,False,[],Isabella Silvestre;Natalia Bussard,3.0
HSCI 461,D100,fall,2026,HSCI 216 with a minimum grade of C-.,HSCI 216,False,"[{'days': 'We', 'startTime': '14:30', 'endTime': '17:20', 'campus': 'Burnaby'}]",Pablo Nepomnaschy,3.0
HSCI 476,D100,fall,2026,"HSCI 323 and MBB 331, with a minimum grade of C- or permission of the instructor.",HSCI 323;MBB 331,False,"[{'days': 'Fr', 'startTime': '14:30', 'endTime': '17:20', 'campus': 'Burnaby'}]",Gratien Prefontaine,3.0
HSCI 478,D100,fall,2026,"MBB 331 or HSCI 326 or MBB 326, with a minimum grade of C, or HSCI 338 with a minimum grade of C-.",MBB 331;HSCI 326;MBB 326;HSCI 338,False,"[{'days': 'Mo', 'startTime': '14:30', 'endTime': '17:20', 'campus': 'Burnaby'}]",William Hsiao,3.0
HSCI 481,D100,fall,2026,"90 units, including at least 15 upper division HSCI units with a minimum grade of C-. Other prerequisites may vary according to topic.",,False,"[{'days': 'Fr', 'startTime': '14:30', 'endTime': '17:20', 'campus': 'Burnaby'}]",Angel Kennedy,3.0
HSCI 481,D200,fall,2026,"90 units, including at least 15 upper division HSCI units with a minimum grade of C-. Other prerequisites may vary according to topic.",,False,"[{'days': 'Th', 'startTime': '8:30', 'endTime': '11:20', 'campus': 'Burnaby'}]",Whitney Qualls,3.0
HSCI 484,D100,fall,2026,"90 units, including HSCI 230 (or 330) with a minimum grade of C- and either STAT 302 or STAT 305, with a minimum grade of C-.",HSCI 230;STAT 302;STAT 305,False,"[{'days': 'Tu', 'startTime': '14:30', 'endTime': '17:20', 'campus': 'Burnaby'}]",Maya Gislason,3.0
HSCI 486,D100,fall,2026,"90 units, including at least 15 upper division HSCI units with a minimum grade of C-. Other prerequisites may vary according to topic.",,False,"[{'days': 'Tu', 'startTime': '11:30', 'endTime': '14:20', 'campus': 'Burnaby'}]",Kelley Lee,3.0
HSCI 488,D100,fall,2026,,,False,[],,3.0
HSCI 488,D110,fall,2026,,,False,[],,3.0
HSCI 488,D200,fall,2026,,,False,[],,3.0
HSCI 488,D300,fall,2026,,,False,[],,3.0
HSCI 488,D400,fall,2026,,,False,[],,3.0
HSCI 488,D500,fall,2026,,,False,[],,3.0
HSCI 488,D600,fall,2026,,,False,[],,3.0
HSCI 488,D700,fall,2026,,,False,[],,3.0
HSCI 488,D800,fall,2026,,,False,[],,3.0
HSCI 488,D900,fall,2026,,,False,[],,3.0
HSCI 489,D100,fall,2026,,,False,[],,3.0
HSCI 489,D200,fall,2026,,,False,[],,3.0
HSCI 489,D300,fall,2026,,,False,[],,3.0
HSCI 489,D400,fall,2026,,,False,[],,3.0
HSCI 489,D500,fall,2026,,,False,[],,3.0
HSCI 489,D600,fall,2026,,,False,[],,3.0
HSCI 489,D700,fall,2026,,,False,[],,3.0
HSCI 490,D100,fall,2026,,,False,[],Jean-Christophe Belisle-Pipon,3.0
HSCI 490,D200,fall,2026,,,False,[],,3.0
HSCI 490,D300,fall,2026,,,False,[],,3.0
HSCI 491,D100,fall,2026,HSCI 490 with a minimum grade of C-.,HSCI 490,False,[],Rochelle Tucker,3.0
HSCI 491,D200,fall,2026,HSCI 490 with a minimum grade of C-.,HSCI 490,False,[],Helen McTaggart-Cowan,3.0
HSCI 492,D100,fall,2026,"One of HSCI 491, HSCI 493, HSCI 494, with a minimum grade of C-.",HSCI 491;HSCI 493;HSCI 494,False,[],Elizabeth King,3.0
HSCI 492,D200,fall,2026,"One of HSCI 491, HSCI 493, HSCI 494, with a minimum grade of C-.",HSCI 491;HSCI 493;HSCI 494,False,[],Masahiro Niikura,3.0
HSCI 492,D300,fall,2026,"One of HSCI 491, HSCI 493, HSCI 494, with a minimum grade of C-.",HSCI 491;HSCI 493;HSCI 494,False,[],Hasina Samji,3.0
HSCI 492,D400,fall,2026,"One of HSCI 491, HSCI 493, HSCI 494, with a minimum grade of C-.",HSCI 491;HSCI 493;HSCI 494,False,[],,3.0
HSCI 493,D100,fall,2026,HSCI 490 with a minimum grade of C-.,HSCI 490,False,[],Rochelle Tucker,6.0
HSCI 493,D200,fall,2026,HSCI 490 with a minimum grade of C-.,HSCI 490,False,[],Travis Salway,6.0
HSCI 493,D300,fall,2026,HSCI 490 with a minimum grade of C-.,HSCI 490,False,[],,6.0
HSCI 494,D100,fall,2026,HSCI 490 with a minimum grade of C-.,HSCI 490,False,[],,9.0
HSCI 494,D200,fall,2026,HSCI 490 with a minimum grade of C-.,HSCI 490,False,[],,9.0
HSCI 776,G100,fall,2026,,,False,"[{'days': 'Fr', 'startTime': '14:30', 'endTime': '17:20', 'campus': 'Burnaby'}]",Gratien Prefontaine,3.0
HSCI 801,G100,fall,2026,,,False,"[{'days': 'Tu', 'startTime': '14:30', 'endTime': '17:20', 'campus': 'Burnaby'}]",Hui Xie,3.0
HSCI 801,G101,fall,2026,,,False,"[{'days': 'Tu', 'startTime': '11:30', 'endTime': '12:20', 'campus': 'Burnaby'}]",,3.0
HSCI 801,G102,fall,2026,,,False,"[{'days': 'We', 'startTime': '11:30', 'endTime': '12:20', 'campus': 'Burnaby'}]",,3.0
HSCI 802,G100,fall,2026,,,False,"[{'days': 'Mo', 'startTime': '10:30', 'endTime': '12:20', 'campus': 'Burnaby'}]",Travis Salway,3.0
HSCI 802,G101,fall,2026,,,False,"[{'days': 'Tu', 'startTime': '12:30', 'endTime': '14:20', 'campus': 'Burnaby'}]",,3.0
HSCI 802,G102,fall,2026,,,False,"[{'days': 'We', 'startTime': '14:30', 'endTime': '16:20', 'campus': 'Burnaby'}]",,3.0
HSCI 805,G100,fall,2026,HSCI 801 and 802.,HSCI 801,False,"[{'days': 'We', 'startTime': '14:30', 'endTime': '17:20', 'campus': 'Burnaby'}]",Lawrence McCandless,3.0
HSCI 835,G100,fall,2026,,,False,"[{'days': 'Mo', 'startTime': '14:30', 'endTime': '17:20', 'campus': 'Burnaby'}]",Maya Gislason,3.0
HSCI 845,G100,fall,2026,,,False,"[{'days': 'Th', 'startTime': '14:30', 'endTime': '17:20', 'campus': 'Burnaby'}]",Christopher Buse,3.0
HSCI 855,G100,fall,2026,HSCI 901.,HSCI 901,False,"[{'days': 'We', 'startTime': '9:30', 'endTime': '12:20', 'campus': 'Burnaby'}]",Kimberly Thomson,3.0
HSCI 880,G100,fall,2026,"HSCI 801, 802, 803, 901.",HSCI 801,False,[],Malcolm Steinberg,3.0
HSCI 880,G200,fall,2026,"HSCI 801, 802, 803, 901.",HSCI 801,False,[],Malcolm Steinberg,3.0
HSCI 880,G300,fall,2026,"HSCI 801, 802, 803, 901.",HSCI 801,False,[],Malcolm Steinberg,3.0
HSCI 880,G400,fall,2026,"HSCI 801, 802, 803, 901.",HSCI 801,False,[],Malcolm Steinberg,3.0
HSCI 886,G100,fall,2026,,,False,[],Lawrence McCandless,6.0
HSCI 886,G200,fall,2026,,,False,[],Lawrence McCandless,6.0
HSCI 887,G100,fall,2026,,,False,[],Lawrence McCandless,18.0
HSCI 887,G200,fall,2026,,,False,[],Lawrence McCandless,18.0
HSCI 890,G100,fall,2026,,,False,"[{'days': 'Mo', 'startTime': '9:30', 'endTime': '12:20', 'campus': 'Burnaby'}]",Bohdan Nosyk,4.0
HSCI 890,G101,fall,2026,,,False,"[{'days': 'Fr', 'startTime': '10:30', 'endTime': '11:20', 'campus': 'Burnaby'}]",,4.0
HSCI 890,G102,fall,2026,,,False,"[{'days': 'Fr', 'startTime': '11:30', 'endTime': '12:20', 'campus': 'Burnaby'}]",,4.0
HSCI 890,G200,fall,2026,,,False,"[{'days': 'Tu, Th', 'startTime': '12:30', 'endTime': '14:20', 'campus': 'Burnaby'}]",Ryan Allen,4.0
HSCI 891,G100,fall,2026,,,False,"[{'days': 'Tu', 'startTime': '14:30', 'endTime': '17:20', 'campus': 'Burnaby'}]",Stuart Peacock,3.0
HSCI 891,G200,fall,2026,,,False,"[{'days': 'Tu', 'startTime': '8:30', 'endTime': '11:20', 'campus': 'Burnaby'}]",Bruce Lanphear,3.0
HSCI 891,G300,fall,2026,,,False,"[{'days': 'We', 'startTime': '14:30', 'endTime': '17:20', 'campus': 'Burnaby'}]",Pablo Nepomnaschy,3.0
HSCI 893,G100,fall,2026,,,False,[],,3.0
HSCI 893,G200,fall,2026,,,False,[],,3.0
HSCI 893,G300,fall,2026,,,False,[],,3.0
HSCI 894,G100,fall,2026,,,False,[],,4.0
HSCI 894,G200,fall,2026,,,False,[],,4.0
HSCI 897,G100,fall,2026,HSCI 880.,HSCI 880,False,[],,3.0
HSCI 898,G100,fall,2026,,,False,[],Lawrence McCandless,6.0
HSCI 900,G100,fall,2026,,,False,"[{'days': 'We', 'startTime': '12:30', 'endTime': '14:20', 'campus': 'Burnaby'}]",Malcolm Steinberg,2.0
HSCI 902,G100,fall,2026,,,False,"[{'days': 'Mo', 'startTime': '14:30', 'endTime': '17:20', 'campus': 'Burnaby'}]",Susan Erikson,3.0
HSCI 983,G100,fall,2026,,,False,[],Lawrence McCandless,6.0
HSCI 983,G200,fall,2026,,,False,[],Lawrence McCandless,6.0
HSCI 990,G100,fall,2026,,,False,[],Lawrence McCandless,18.0
HSCI 990,G200,fall,2026,,,False,[],Lawrence McCandless,18.0
HUM 101W,D100,fall,2026,,,False,"[{'days': 'Tu', 'startTime': '14:30', 'endTime': '16:20', 'campus': 'Burnaby'}]",Spyros Sofos,3.0
HUM 101W,D101,fall,2026,,,False,"[{'days': 'Tu', 'startTime': '16:30', 'endTime': '17:20', 'campus': 'Burnaby'}]",Spyros Sofos,3.0
HUM 101W,D102,fall,2026,,,False,"[{'days': 'Tu', 'startTime': '17:30', 'endTime': '18:20', 'campus': 'Burnaby'}]",Spyros Sofos,3.0
HUM 101W,D103,fall,2026,,,False,"[{'days': 'Tu', 'startTime': '16:30', 'endTime': '17:20', 'campus': 'Burnaby'}]",,3.0
HUM 101W,D104,fall,2026,,,False,"[{'days': 'Tu', 'startTime': '17:30', 'endTime': '18:20', 'campus': 'Burnaby'}]",,3.0
HUM 102W,OL01,fall,2026,,,False,[],Beth Snyder,3.0
HUM 102W,OT01,fall,2026,,,False,[],Beth Snyder,3.0
HUM 102W,OT02,fall,2026,,,False,[],Beth Snyder,3.0
HUM 102W,OT03,fall,2026,,,False,[],,3.0
HUM 102W,OT04,fall,2026,,,False,[],,3.0
HUM 106,D100,fall,2026,,,False,"[{'days': 'Th', 'startTime': '14:30', 'endTime': '17:20', 'campus': 'Burnaby'}]",Evan Freeman,3.0
HUM 110,D100,fall,2026,,,False,"[{'days': 'We', 'startTime': '14:30', 'endTime': '17:20', 'campus': 'Burnaby'}]",Dimitrios Krallis,3.0
HUM 130,D100,fall,2026,,,False,"[{'days': 'Th', 'startTime': '14:30', 'endTime': '16:20', 'campus': 'Burnaby'}]",Jason Brown,3.0
HUM 130,D101,fall,2026,,,False,"[{'days': 'Th', 'startTime': '16:30', 'endTime': '17:20', 'campus': 'Burnaby'}]",,3.0
HUM 130,D102,fall,2026,,,False,"[{'days': 'Th', 'startTime': '17:30', 'endTime': '18:20', 'campus': 'Burnaby'}]",,3.0
HUM 130,OL01,fall,2026,,,False,[],Jason Brown,3.0
HUM 130,OT01,fall,2026,,,False,[],,3.0
HUM 130,OT02,fall,2026,,,False,[],,3.0
HUM 130,OT03,fall,2026,,,False,[],,3.0
HUM 130,OT04,fall,2026,,,False,[],,3.0
HUM 130,OT05,fall,2026,,,False,[],,3.0
HUM 130,OT06,fall,2026,,,False,[],,3.0
HUM 202,D100,fall,2026,,,False,"[{'days': 'We', 'startTime': '14:30', 'endTime': '17:20', 'campus': 'Burnaby'}]",Samir Gandesha,3.0
HUM 222,D100,fall,2026,,,False,"[{'days': 'Tu', 'startTime': '14:30', 'endTime': '17:20', 'campus': 'Burnaby'}]",Evan Freeman,3.0
HUM 231,D100,fall,2026,,,False,"[{'days': 'Tu', 'startTime': '10:30', 'endTime': '12:20', 'campus': 'Burnaby'}, {'days': 'Fr', 'startTime': '10:30', 'endTime': '11:20', 'campus': 'Burnaby'}]",Sabrina Higgins,3.0
HUM 276,D100,fall,2026,,,False,"[{'days': 'Mo', 'startTime': '10:30', 'endTime': '12:20', 'campus': 'Burnaby'}]",Evdoxios Doxiadis,3.0
HUM 276,D101,fall,2026,,,False,"[{'days': 'Mo', 'startTime': '12:30', 'endTime': '13:20', 'campus': 'Burnaby'}]",,3.0
HUM 318,B100,fall,2026,45 units.,,False,"[{'days': 'We', 'startTime': '9:30', 'endTime': '12:20', 'campus': 'Burnaby'}]",Dionysia Eirini Kotsovili,4.0
HUM 318,B101,fall,2026,45 units.,,False,[],Dionysia Eirini Kotsovili,4.0
HUM 321W,B100,fall,2026,45 units.,,False,"[{'days': 'Mo', 'startTime': '9:30', 'endTime': '12:20', 'campus': 'Burnaby'}]",Samir Gandesha,4.0
HUM 321W,B101,fall,2026,45 units.,,False,[],,4.0
HUM 325,B100,fall,2026,45 units.,,False,"[{'days': 'Tu', 'startTime': '14:30', 'endTime': '17:20', 'campus': 'Burnaby'}]",Jason Brown,4.0
HUM 325,B101,fall,2026,45 units.,,False,[],,4.0
HUM 335,D100,fall,2026,45 units.,,False,"[{'days': 'Fr', 'startTime': '12:30', 'endTime': '16:20', 'campus': 'Burnaby'}]",Paul Garfinkel,4.0
HUM 340,B100,fall,2026,45 units.,,False,"[{'days': 'Tu', 'startTime': '11:30', 'endTime': '14:20', 'campus': 'Burnaby'}]",Dimitrios Krallis,4.0
HUM 340,B101,fall,2026,45 units.,,False,[],,4.0
HUM 375,B100,fall,2026,45 units.,,False,"[{'days': 'We', 'startTime': '14:30', 'endTime': '17:20', 'campus': 'VANCOUVER'}]",Adrian Ivakhiv,4.0
HUM 375,B101,fall,2026,45 units.,,False,[],,4.0
HUM 387,B100,fall,2026,45 units.,,False,"[{'days': 'Th', 'startTime': '14:30', 'endTime': '17:20', 'campus': 'Burnaby'}]",Spyros Sofos,4.0
HUM 387,B101,fall,2026,45 units.,,False,[],,4.0
HUM 800,G100,fall,2026,,,False,[],,5.0
HUM 801,G100,fall,2026,,,False,[],,5.0
HUM 802,G100,fall,2026,,,False,[],,5.0
HUM 803,G100,fall,2026,,,False,[],,18.0
HUM 804,G100,fall,2026,,,False,[],,5.0
HUM 805,G100,fall,2026,,,False,[],,5.0
IAT 100,D100,fall,2026,,,False,"[{'days': 'Tu', 'startTime': '12:30', 'endTime': '14:20', 'campus': 'Surrey'}]",Natalie Gagnon,3.0
IAT 100,D101,fall,2026,,,False,"[{'days': 'We', 'startTime': '14:30', 'endTime': '16:20', 'campus': 'Surrey'}]",Sessional,3.0
IAT 100,D102,fall,2026,,,False,"[{'days': 'We', 'startTime': '16:30', 'endTime': '18:20', 'campus': 'Surrey'}]",Sessional,3.0
IAT 100,D103,fall,2026,,,False,"[{'days': 'Fr', 'startTime': '15:30', 'endTime': '17:20', 'campus': 'Surrey'}]",Sessional,3.0
IAT 100,D104,fall,2026,,,False,"[{'days': 'Fr', 'startTime': '17:30', 'endTime': '19:20', 'campus': 'Surrey'}]",Sessional,3.0
IAT 102,D100,fall,2026,,,False,"[{'days': 'We', 'startTime': '10:30', 'endTime': '14:20', 'campus': 'Surrey'}]",Kenneth Zupan;Susan Clements-Vivian,3.0
IAT 102,E100,fall,2026,,,False,"[{'days': 'We', 'startTime': '16:30', 'endTime': '19:20', 'campus': 'Surrey'}]",Susan Clements-Vivian,3.0
IAT 103W,D100,fall,2026,,,False,"[{'days': 'Tu', 'startTime': '14:30', 'endTime': '17:20', 'campus': 'Surrey'}]",Niranjan Rajah,3.0
IAT 106,D100,fall,2026,,,False,"[{'days': 'Tu', 'startTime': '10:30', 'endTime': '12:20', 'campus': 'Surrey'}]",Halil Erhan,3.0
IAT 106,D101,fall,2026,,,False,"[{'days': 'Th', 'startTime': '10:30', 'endTime': '12:20', 'campus': 'Surrey'}]",Halil Erhan,3.0
IAT 106,D102,fall,2026,,,False,"[{'days': 'Th', 'startTime': '12:30', 'endTime': '14:20', 'campus': 'Surrey'}]",Halil Erhan,3.0
IAT 111,OL01,fall,2026,,,False,[],Steve DiPaola,3.0
IAT 167,D100,fall,2026,"CMPT 120 (or equivalent first year programming course such as CMPT 102, 125, 126, 128, 130, 135, or 166) with a minimum grade of C-.",CMPT 120;CMPT 102,False,"[{'days': 'Tu', 'startTime': '10:30', 'endTime': '12:20', 'campus': 'Surrey'}, {'days': 'Fr', 'startTime': '10:30', 'endTime': '11:20', 'campus': 'Surrey'}]",Marek Hatala,3.0
IAT 167,D101,fall,2026,"CMPT 120 (or equivalent first year programming course such as CMPT 102, 125, 126, 128, 130, 135, or 166) with a minimum grade of C-.",CMPT 120;CMPT 102,False,"[{'days': 'Fr', 'startTime': '12:30', 'endTime': '13:20', 'campus': 'Surrey'}]",Marek Hatala,3.0
IAT 167,D102,fall,2026,"CMPT 120 (or equivalent first year programming course such as CMPT 102, 125, 126, 128, 130, 135, or 166) with a minimum grade of C-.",CMPT 120;CMPT 102,False,"[{'days': 'Fr', 'startTime': '11:30', 'endTime': '12:20', 'campus': 'Surrey'}]",Marek Hatala,3.0
IAT 167,OP01,fall,2026,"CMPT 120 (or equivalent first year programming course such as CMPT 102, 125, 126, 128, 130, 135, or 166) with a minimum grade of C-.",CMPT 120;CMPT 102,False,"[{'days': 'Fr', 'startTime': '9:30', 'endTime': '10:20', 'campus': 'Surrey'}]",Marek Hatala,3.0
IAT 201,B100,fall,2026,"Completion of at least one lower division ""W"" course.",,False,[],Brian Fisher,3.0
IAT 201,B101,fall,2026,"Completion of at least one lower division ""W"" course.",,False,"[{'days': 'We', 'startTime': '8:30', 'endTime': '9:20', 'campus': 'Surrey'}]",Brian Fisher,3.0
IAT 201,B102,fall,2026,"Completion of at least one lower division ""W"" course.",,False,"[{'days': 'We', 'startTime': '9:30', 'endTime': '10:20', 'campus': 'Surrey'}]",Brian Fisher,3.0
IAT 201,B103,fall,2026,"Completion of at least one lower division ""W"" course.",,False,"[{'days': 'We', 'startTime': '10:30', 'endTime': '11:20', 'campus': 'Surrey'}]",Brian Fisher,3.0
IAT 201,B104,fall,2026,"Completion of at least one lower division ""W"" course.",,False,"[{'days': 'We', 'startTime': '11:30', 'endTime': '12:20', 'campus': 'Surrey'}]",Brian Fisher,3.0
IAT 202,B100,fall,2026,IAT 100 with a minimum grade of C-.,IAT 100,False,"[{'days': 'Fr', 'startTime': '8:30', 'endTime': '10:20', 'campus': 'Surrey'}]",Mehdi Nazemi,3.0
IAT 202,B101,fall,2026,IAT 100 with a minimum grade of C-.,IAT 100,False,[],Mehdi Nazemi,3.0
IAT 206W,D100,fall,2026,IAT 103W with a minimum grade of C-.,IAT 103W,False,"[{'days': 'Mo', 'startTime': '14:30', 'endTime': '17:20', 'campus': 'Surrey'}]",Kate Hennessy,3.0
IAT 210,OL01,fall,2026,,,False,[],Michael Filimowicz;Matthew Horrigan,3.0
IAT 233,D100,fall,2026,"IAT 102 and IAT 106, both with a minimum grade of C-.",IAT 102;IAT 106,False,"[{'days': 'Th', 'startTime': '14:30', 'endTime': '17:20', 'campus': 'Surrey'}]",Halil Erhan,3.0
IAT 235,D100,fall,2026,IAT 102 with a minimum grade of C-.,IAT 102,False,"[{'days': 'Th', 'startTime': '10:30', 'endTime': '14:20', 'campus': 'Surrey'}]",Alissa Antle,3.0
IAT 238,D100,fall,2026,IAT 102 with a minimum grade of C-.,IAT 102,False,"[{'days': 'Mo', 'startTime': '8:30', 'endTime': '10:20', 'campus': 'Surrey'}]",Paul Brokenshire,3.0
IAT 238,D101,fall,2026,IAT 102 with a minimum grade of C-.,IAT 102,False,"[{'days': 'Mo', 'startTime': '10:30', 'endTime': '12:20', 'campus': 'Surrey'}]",Paul Brokenshire,3.0
IAT 238,D102,fall,2026,IAT 102 with a minimum grade of C-.,IAT 102,False,"[{'days': 'Mo', 'startTime': '12:30', 'endTime': '14:20', 'campus': 'Surrey'}]",Paul Brokenshire,3.0
IAT 265,D100,fall,2026,"IAT 167 with a minimum grade of C- and one of MATH 130, MACM 101, MATH 150, MATH 151, MATH 154, or MATH 157, with a minimum grade of C-.",IAT 167;MATH 130;MACM 101;MATH 150;MATH 151;MATH 154;MATH 157,False,"[{'days': 'Tu', 'startTime': '10:30', 'endTime': '12:20', 'campus': 'Surrey'}]",Yingchen Yang,3.0
IAT 265,D101,fall,2026,"IAT 167 with a minimum grade of C- and one of MATH 130, MACM 101, MATH 150, MATH 151, MATH 154, or MATH 157, with a minimum grade of C-.",IAT 167;MATH 130;MACM 101;MATH 150;MATH 151;MATH 154;MATH 157,False,"[{'days': 'Tu', 'startTime': '13:30', 'endTime': '14:20', 'campus': 'Surrey'}]",Yingchen Yang,3.0
IAT 265,D102,fall,2026,"IAT 167 with a minimum grade of C- and one of MATH 130, MACM 101, MATH 150, MATH 151, MATH 154, or MATH 157, with a minimum grade of C-.",IAT 167;MATH 130;MACM 101;MATH 150;MATH 151;MATH 154;MATH 157,False,"[{'days': 'Tu', 'startTime': '14:30', 'endTime': '15:20', 'campus': 'Surrey'}]",Yingchen Yang,3.0
IAT 271,D100,fall,2026,,,False,"[{'days': 'Mo, Tu, We, Th, Fr, Sa, Su', 'startTime': '8:00', 'endTime': '20:00', 'campus': None}]",Afshan Basaria;Ryan McDonald,3.0
IAT 271,D200,fall,2026,,,False,"[{'days': 'Mo, Tu, We, Th, Fr, Sa, Su', 'startTime': '8:00', 'endTime': '20:00', 'campus': None}]",Afshan Basaria;Ryan McDonald,3.0
IAT 271,I100,fall,2026,,,False,"[{'days': 'Mo, Tu, We, Th, Fr, Sa, Su', 'startTime': '8:00', 'endTime': '20:00', 'campus': None}]",,3.0
IAT 272,D100,fall,2026,IAT 271 (or WKTM 100).,IAT 271;WKTM 100,False,"[{'days': 'Mo, Tu, We, Th, Fr, Sa, Su', 'startTime': '8:00', 'endTime': '20:00', 'campus': None}]",Afshan Basaria;Ryan McDonald,3.0
IAT 272,D200,fall,2026,IAT 271 (or WKTM 100).,IAT 271;WKTM 100,False,"[{'days': 'Mo, Tu, We, Th, Fr, Sa, Su', 'startTime': '8:00', 'endTime': '20:00', 'campus': None}]",Afshan Basaria;Ryan McDonald,3.0
IAT 272,I100,fall,2026,IAT 271 (or WKTM 100).,IAT 271;WKTM 100,False,"[{'days': 'Mo, Tu, We, Th, Fr, Sa, Su', 'startTime': '8:00', 'endTime': '20:00', 'campus': None}]",,3.0
IAT 309W,D100,fall,2026,IAT 206W with a minimum grade of C- and completion of 48 units.,IAT 206W,False,"[{'days': 'Tu', 'startTime': '14:30', 'endTime': '17:20', 'campus': 'Surrey'}]",Chantal Gibson,4.0
IAT 312,D100,fall,2026,"Completion of 48 units, including IAT 265 with a minimum grade of C-.",IAT 265,False,"[{'days': 'Th', 'startTime': '10:30', 'endTime': '12:20', 'campus': 'Surrey'}]",Yingchen Yang,4.0
IAT 312,D101,fall,2026,"Completion of 48 units, including IAT 265 with a minimum grade of C-.",IAT 265,False,"[{'days': 'Th', 'startTime': '14:30', 'endTime': '17:20', 'campus': 'Surrey'}]",Yingchen Yang,4.0
IAT 313,D100,fall,2026,Completion of 48 units.,,False,"[{'days': 'We', 'startTime': '9:30', 'endTime': '12:20', 'campus': 'Surrey'}]",Chantal Gibson,4.0
IAT 333,D100,fall,2026,"Completion of 48 units, including IAT 238 with a minimum grade of C- or IAT 235 with a minimum grade of C- completed before the Spring 2025 term.",IAT 238;IAT 235,False,"[{'days': 'Fr', 'startTime': '8:30', 'endTime': '12:20', 'campus': 'Surrey'}]",Gillian Russell,4.0
IAT 334,D100,fall,2026,"Completion of 48 units, including IAT 235 with a minimum grade of C-.",IAT 235,False,"[{'days': 'Fr', 'startTime': '12:30', 'endTime': '14:20', 'campus': 'Surrey'}]",Paul Brokenshire,4.0
IAT 334,D101,fall,2026,"Completion of 48 units, including IAT 235 with a minimum grade of C-.",IAT 235,False,"[{'days': 'Fr', 'startTime': '15:30', 'endTime': '17:20', 'campus': 'Surrey'}]",Paul Brokenshire,4.0
IAT 334,D102,fall,2026,"Completion of 48 units, including IAT 235 with a minimum grade of C-.",IAT 235,False,"[{'days': 'Fr', 'startTime': '17:30', 'endTime': '19:20', 'campus': 'Surrey'}]",Paul Brokenshire,4.0
IAT 336,D100,fall,2026,"Completion of 48 units, including IAT 102 and IAT 106, both with a minimum grade of C-.",IAT 102;IAT 106,False,"[{'days': 'Th', 'startTime': '8:30', 'endTime': '10:20', 'campus': 'Surrey'}]",Kenneth Zupan,4.0
IAT 336,D101,fall,2026,"Completion of 48 units, including IAT 102 and IAT 106, both with a minimum grade of C-.",IAT 102;IAT 106,False,"[{'days': 'Th', 'startTime': '11:30', 'endTime': '12:50', 'campus': 'Surrey'}]",Kenneth Zupan,4.0
IAT 336,D102,fall,2026,"Completion of 48 units, including IAT 102 and IAT 106, both with a minimum grade of C-.",IAT 102;IAT 106,False,"[{'days': 'Th', 'startTime': '13:00', 'endTime': '14:20', 'campus': 'Surrey'}]",Kenneth Zupan,4.0
IAT 339,D100,fall,2026,"IAT 235 and IAT 265, with a minimum grade of C-.",IAT 235;IAT 265,False,"[{'days': 'Mo', 'startTime': '8:30', 'endTime': '11:20', 'campus': 'Surrey'}]",Helmine Serban,4.0
IAT 343,D100,fall,2026,"Minimum of 24 units, including MATH 130 or MACM 101 or MATH 150 or MATH 151 or MATH 154 or MATH 157, with a minimum grade of C-.",MATH 130;MACM 101;MATH 150;MATH 151;MATH 154;MATH 157,False,"[{'days': 'Mo', 'startTime': '12:30', 'endTime': '14:20', 'campus': 'Surrey'}]",Steve DiPaola,4.0
IAT 343,D101,fall,2026,"Minimum of 24 units, including MATH 130 or MACM 101 or MATH 150 or MATH 151 or MATH 154 or MATH 157, with a minimum grade of C-.",MATH 130;MACM 101;MATH 150;MATH 151;MATH 154;MATH 157,False,"[{'days': 'We', 'startTime': '12:30', 'endTime': '14:20', 'campus': 'Surrey'}]",Steve DiPaola,4.0
IAT 343,D102,fall,2026,"Minimum of 24 units, including MATH 130 or MACM 101 or MATH 150 or MATH 151 or MATH 154 or MATH 157, with a minimum grade of C-.",MATH 130;MACM 101;MATH 150;MATH 151;MATH 154;MATH 157,False,"[{'days': 'We', 'startTime': '16:30', 'endTime': '18:20', 'campus': 'Surrey'}]",Steve DiPaola,4.0
IAT 343,D103,fall,2026,"Minimum of 24 units, including MATH 130 or MACM 101 or MATH 150 or MATH 151 or MATH 154 or MATH 157, with a minimum grade of C-.",MATH 130;MACM 101;MATH 150;MATH 151;MATH 154;MATH 157,False,"[{'days': 'We', 'startTime': '18:30', 'endTime': '20:20', 'campus': 'Surrey'}]",Steve DiPaola,4.0
IAT 344,D100,fall,2026,Minimum of 48 units and IAT 202 with a minimum grade of C-.,IAT 202,False,"[{'days': 'Tu', 'startTime': '11:30', 'endTime': '14:20', 'campus': 'Surrey'}]",Kate Hennessy,4.0
IAT 351,B100,fall,2026,"Completion of 48 units, including IAT 201 with a minimum grade of C-.",IAT 201,False,[],Brian Fisher,4.0
IAT 351,B101,fall,2026,"Completion of 48 units, including IAT 201 with a minimum grade of C-.",IAT 201,False,"[{'days': 'Fr', 'startTime': '14:30', 'endTime': '15:20', 'campus': 'Surrey'}]",Brian Fisher,4.0
IAT 351,B102,fall,2026,"Completion of 48 units, including IAT 201 with a minimum grade of C-.",IAT 201,False,"[{'days': 'Fr', 'startTime': '15:30', 'endTime': '16:20', 'campus': 'Surrey'}]",Brian Fisher,4.0
IAT 351,B103,fall,2026,"Completion of 48 units, including IAT 201 with a minimum grade of C-.",IAT 201,False,"[{'days': 'Fr', 'startTime': '16:30', 'endTime': '17:20', 'campus': 'Surrey'}]",Brian Fisher,4.0
IAT 351,B104,fall,2026,"Completion of 48 units, including IAT 201 with a minimum grade of C-.",IAT 201,False,"[{'days': 'Fr', 'startTime': '17:30', 'endTime': '18:20', 'campus': 'Surrey'}]",Brian Fisher,4.0
IAT 359,D100,fall,2026,"Completion of 48 units, including IAT 265 with a minimum grade of C-.",IAT 265,False,"[{'days': 'Tu', 'startTime': '8:30', 'endTime': '11:20', 'campus': 'Surrey'}]",Helmine Serban,4.0
IAT 360,B100,fall,2026,"IAT 265 or CMPT 225, with a minimum grade of C-.",IAT 265;CMPT 225,False,[], Nilay Yalcin,4.0
IAT 360,B101,fall,2026,"IAT 265 or CMPT 225, with a minimum grade of C-.",IAT 265;CMPT 225,False,"[{'days': 'Mo', 'startTime': '14:30', 'endTime': '16:20', 'campus': 'Surrey'}]",,4.0
IAT 360,B102,fall,2026,"IAT 265 or CMPT 225, with a minimum grade of C-.",IAT 265;CMPT 225,False,"[{'days': 'Mo', 'startTime': '16:30', 'endTime': '18:20', 'campus': 'Surrey'}]",,4.0
IAT 360,B103,fall,2026,"IAT 265 or CMPT 225, with a minimum grade of C-.",IAT 265;CMPT 225,False,[],,4.0
IAT 373,D100,fall,2026,IAT 272 (or WKTM 200).,IAT 272;WKTM 200,False,"[{'days': 'Mo', 'startTime': '8:30', 'endTime': '19:50', 'campus': None}, {'days': 'Tu', 'startTime': '8:30', 'endTime': '19:50', 'campus': None}, {'days': 'We', 'startTime': '8:30', 'endTime': '19:50', 'campus': None}, {'days': 'Th', 'startTime': '8:30', 'endTime': '19:50', 'campus': None}, {'days': 'Fr', 'startTime': '8:30', 'endTime': '19:50', 'campus': None}]",,3.0
IAT 373,D200,fall,2026,IAT 272 (or WKTM 200).,IAT 272;WKTM 200,False,"[{'days': 'Mo', 'startTime': '8:30', 'endTime': '19:50', 'campus': None}, {'days': 'Tu', 'startTime': '8:30', 'endTime': '19:50', 'campus': None}, {'days': 'We', 'startTime': '8:30', 'endTime': '19:50', 'campus': None}, {'days': 'Th', 'startTime': '8:30', 'endTime': '19:50', 'campus': None}, {'days': 'Fr', 'startTime': '8:30', 'endTime': '19:50', 'campus': None}]",,3.0
IAT 373,I100,fall,2026,IAT 272 (or WKTM 200).,IAT 272;WKTM 200,False,"[{'days': 'Mo', 'startTime': '8:30', 'endTime': '19:50', 'campus': None}, {'days': 'Tu', 'startTime': '8:30', 'endTime': '19:50', 'campus': None}, {'days': 'We', 'startTime': '8:30', 'endTime': '19:50', 'campus': None}, {'days': 'Th', 'startTime': '8:30', 'endTime': '19:50', 'campus': None}, {'days': 'Fr', 'startTime': '8:30', 'endTime': '19:50', 'campus': None}]",,3.0
IAT 374,D100,fall,2026,IAT 373 (or WKTM 300).,IAT 373;WKTM 300,False,"[{'days': 'Mo', 'startTime': '8:30', 'endTime': '19:50', 'campus': None}, {'days': 'Tu', 'startTime': '8:30', 'endTime': '19:50', 'campus': None}, {'days': 'We', 'startTime': '8:30', 'endTime': '19:50', 'campus': None}, {'days': 'Th', 'startTime': '8:30', 'endTime': '19:50', 'campus': None}, {'days': 'Fr', 'startTime': '8:30', 'endTime': '19:50', 'campus': None}]",,3.0
IAT 374,D200,fall,2026,IAT 373 (or WKTM 300).,IAT 373;WKTM 300,False,"[{'days': 'Mo', 'startTime': '8:30', 'endTime': '19:50', 'campus': None}, {'days': 'Tu', 'startTime': '8:30', 'endTime': '19:50', 'campus': None}, {'days': 'We', 'startTime': '8:30', 'endTime': '19:50', 'campus': None}, {'days': 'Th', 'startTime': '8:30', 'endTime': '19:50', 'campus': None}, {'days': 'Fr', 'startTime': '8:30', 'endTime': '19:50', 'campus': None}]",,3.0
IAT 374,I100,fall,2026,IAT 373 (or WKTM 300).,IAT 373;WKTM 300,False,"[{'days': 'Mo', 'startTime': '8:30', 'endTime': '19:50', 'campus': None}, {'days': 'Tu', 'startTime': '8:30', 'endTime': '19:50', 'campus': None}, {'days': 'We', 'startTime': '8:30', 'endTime': '19:50', 'campus': None}, {'days': 'Th', 'startTime': '8:30', 'endTime': '19:50', 'campus': None}, {'days': 'Fr', 'startTime': '8:30', 'endTime': '19:50', 'campus': None}]",,3.0
IAT 375,D100,fall,2026,IAT 374 (or WKTM 400).,IAT 374;WKTM 400,False,"[{'days': 'Mo, Tu, We, Th, Fr', 'startTime': '8:30', 'endTime': '19:50', 'campus': None}]",,3.0
IAT 375,D200,fall,2026,IAT 374 (or WKTM 400).,IAT 374;WKTM 400,False,"[{'days': 'Mo, Tu, We, Th, Fr', 'startTime': '8:30', 'endTime': '19:50', 'campus': None}]",,3.0
IAT 375,I100,fall,2026,IAT 374 (or WKTM 400).,IAT 374;WKTM 400,False,"[{'days': 'Mo, Tu, We, Th, Fr', 'startTime': '8:30', 'endTime': '19:50', 'campus': None}]",,3.0
IAT 431,D100,fall,2026,"Completion of 60 units, including IAT 309W and IAT 333, with a minimum grade of C-.",IAT 309W;IAT 333,False,"[{'days': 'We', 'startTime': '9:30', 'endTime': '12:20', 'campus': 'Surrey'}]",Gillian Russell,4.0
IAT 432,E100,fall,2026,IAT 334 with a minimum grade of C- and completion of 60 units. Recommended: IAT 201 and 235.,IAT 334,False,"[{'days': 'Mo', 'startTime': '16:30', 'endTime': '20:20', 'campus': 'Surrey'}]",Mehdi Nazemi,4.0
IAT 443,D100,fall,2026,"Completion of 60 units, including IAT 313, IAT 340, or IAT 344, with a minimum grade of C-.",IAT 313;IAT 340;IAT 344,False,"[{'days': 'Fr', 'startTime': '9:30', 'endTime': '13:20', 'campus': 'Surrey'}]",Susan Clements-Vivian,4.0
IAT 460,BLS1,fall,2026,IAT 360.,IAT 360,False,"[{'days': 'Tu', 'startTime': '19:00', 'endTime': '20:20', 'campus': 'Burnaby'}]",Philippe Pasquier,4.0
IAT 460,BT01,fall,2026,IAT 360.,IAT 360,False,"[{'days': 'Th', 'startTime': '19:00', 'endTime': '20:20', 'campus': 'Burnaby'}]",Philippe Pasquier,4.0
IAT 804,G100,fall,2026,SIAT Graduate Student.,,False,"[{'days': 'We', 'startTime': '9:30', 'endTime': '12:20', 'campus': 'Surrey'}]",Jon Corbett,3.0
IAT 805,G100,fall,2026,Enrollment in the SIAT graduate program.,,False,"[{'days': 'We', 'startTime': '12:30', 'endTime': '14:20', 'campus': 'Surrey'}]",Gabriela Aceves-Sepulveda,
IAT 806,G100,fall,2026,SIAT Graduate Student.,,False,"[{'days': 'We', 'startTime': '16:30', 'endTime': '19:20', 'campus': 'Surrey'}]",Alireza Karduni,3.0
IAT 871,G100,fall,2026,,,False,[],,3.0
IAT 871,G200,fall,2026,,,False,[],,3.0
IAT 872,G100,fall,2026,,,False,[],,3.0
IAT 882,G100,fall,2026,,,False,"[{'days': 'Tu', 'startTime': '19:00', 'endTime': '20:20', 'campus': 'Burnaby'}]",Philippe Pasquier,3.0
IAT 882,G101,fall,2026,,,False,"[{'days': 'Th', 'startTime': '19:00', 'endTime': '20:20', 'campus': 'Burnaby'}]",Philippe Pasquier,3.0
IAT 885,G100,fall,2026,,,False,"[{'days': 'Mo', 'startTime': '12:30', 'endTime': '14:20', 'campus': 'Surrey'}]",Steve DiPaola,3.0
IAT 885,G101,fall,2026,,,False,"[{'days': 'We', 'startTime': '12:30', 'endTime': '14:20', 'campus': 'Surrey'}]",Steve DiPaola,3.0
IAT 885,G102,fall,2026,,,False,"[{'days': 'We', 'startTime': '16:30', 'endTime': '18:20', 'campus': 'Surrey'}]",Steve DiPaola,3.0
IAT 885,G103,fall,2026,,,False,"[{'days': 'We', 'startTime': '18:30', 'endTime': '20:20', 'campus': 'Surrey'}]",Steve DiPaola,3.0
IAT 886,G100,fall,2026,,,False,"[{'days': 'Tu', 'startTime': '11:30', 'endTime': '14:20', 'campus': 'Surrey'}]",Kate Hennessy,3.0
IAT 888,G200,fall,2026,,,False,"[{'days': 'Th', 'startTime': '14:30', 'endTime': '17:20', 'campus': 'Surrey'}]",William Odom,3.0
IAT 890,G100,fall,2026,Enrollment in SIAT PhD Program and completion of Annotated Bibliography.,,False,[],,
IAT 890,G200,fall,2026,Enrollment in SIAT PhD Program and completion of Annotated Bibliography.,,False,[],,
IAT 897,G100,fall,2026,,,False,[],,18.0
IAT 897,G200,fall,2026,,,False,[],,18.0
IAT 898,G100,fall,2026,,,False,[],,18.0
IAT 898,G200,fall,2026,,,False,[],,18.0
IAT 899,G100,fall,2026,,,False,[],,18.0
IAT 899,G200,fall,2026,,,False,[],,18.0
INDG 101,D100,fall,2026,,,False,"[{'days': 'Mo', 'startTime': '14:30', 'endTime': '16:20', 'campus': 'Burnaby'}]",Chelsey Armstrong,3.0
INDG 101,D101,fall,2026,,,False,"[{'days': 'Mo', 'startTime': '16:30', 'endTime': '17:20', 'campus': 'Burnaby'}]",Chelsey Armstrong,3.0
INDG 101,D102,fall,2026,,,False,"[{'days': 'Mo', 'startTime': '16:30', 'endTime': '17:20', 'campus': 'Burnaby'}]",,3.0
INDG 101,D103,fall,2026,,,False,"[{'days': 'Mo', 'startTime': '16:30', 'endTime': '17:20', 'campus': 'Burnaby'}]",,3.0
INDG 101,D104,fall,2026,,,False,"[{'days': 'Mo', 'startTime': '16:30', 'endTime': '17:20', 'campus': 'Burnaby'}]",,3.0
INDG 101,D105,fall,2026,,,False,"[{'days': 'Mo', 'startTime': '17:30', 'endTime': '18:20', 'campus': 'Burnaby'}]",,3.0
INDG 101,D106,fall,2026,,,False,"[{'days': 'Mo', 'startTime': '17:30', 'endTime': '18:20', 'campus': 'Burnaby'}]",,3.0
INDG 101,D107,fall,2026,,,False,"[{'days': 'Mo', 'startTime': '17:30', 'endTime': '18:20', 'campus': 'Burnaby'}]",,3.0
INDG 101,D108,fall,2026,,,False,"[{'days': 'Tu', 'startTime': '8:30', 'endTime': '9:20', 'campus': 'Burnaby'}]",,3.0
INDG 101,D109,fall,2026,,,False,"[{'days': 'Tu', 'startTime': '8:30', 'endTime': '9:20', 'campus': 'Burnaby'}]",,3.0
INDG 101,D110,fall,2026,,,False,"[{'days': 'Tu', 'startTime': '9:30', 'endTime': '10:20', 'campus': 'Burnaby'}]",,3.0
INDG 101,D111,fall,2026,,,False,"[{'days': 'Tu', 'startTime': '9:30', 'endTime': '10:20', 'campus': 'Burnaby'}]",,3.0
INDG 101,D112,fall,2026,,,False,"[{'days': 'Tu', 'startTime': '9:30', 'endTime': '10:20', 'campus': 'Burnaby'}]",,3.0
INDG 101,D113,fall,2026,,,False,"[{'days': 'Tu', 'startTime': '10:30', 'endTime': '11:20', 'campus': 'Burnaby'}]",,3.0
INDG 101,D114,fall,2026,,,False,"[{'days': 'Tu', 'startTime': '10:30', 'endTime': '11:20', 'campus': 'Burnaby'}]",,3.0
INDG 101,D115,fall,2026,,,False,"[{'days': 'Tu', 'startTime': '10:30', 'endTime': '11:20', 'campus': 'Burnaby'}]",,3.0
INDG 101,D900,fall,2026,,,False,"[{'days': 'Th', 'startTime': '10:30', 'endTime': '12:20', 'campus': 'Surrey'}]",Bryan Myles,3.0
INDG 101,D901,fall,2026,,,False,"[{'days': 'Th', 'startTime': '12:30', 'endTime': '13:20', 'campus': 'Surrey'}]",Bryan Myles,3.0
INDG 101,D902,fall,2026,,,False,"[{'days': 'Th', 'startTime': '12:30', 'endTime': '13:20', 'campus': 'Surrey'}]",,3.0
INDG 101,D903,fall,2026,,,False,"[{'days': 'Th', 'startTime': '13:30', 'endTime': '14:20', 'campus': 'Surrey'}]",,3.0
INDG 101,D904,fall,2026,,,False,"[{'days': 'Fr', 'startTime': '9:30', 'endTime': '10:20', 'campus': 'Surrey'}]",,3.0
INDG 101,OL01,fall,2026,,,False,[],Viisha Souza,3.0
INDG 101,OL02,fall,2026,,,False,[],Sandra Dielissen,3.0
INDG 101,P100,fall,2026,,,False,"[{'days': 'We', 'startTime': '9:30', 'endTime': '12:20', 'campus': 'Burnaby'}]",Sandra Dielissen,3.0
INDG 111,D100,fall,2026,,,False,"[{'days': 'Th', 'startTime': '14:30', 'endTime': '17:20', 'campus': 'Burnaby'}]",Natahnee Winder,3.0
INDG 201W,OL01,fall,2026,,,False,[],Daniel Iwama,3.0
INDG 232,D100,fall,2026,INDG (or FNST) 101 or 201W.,,False,"[{'days': 'We', 'startTime': '14:30', 'endTime': '17:20', 'campus': 'Burnaby'}]",Chelsey Armstrong,3.0
INDG 250,D100,fall,2026,INDG 101.,INDG 101,False,"[{'days': 'Tu', 'startTime': '14:30', 'endTime': '17:20', 'campus': 'Burnaby'}]",Jeannie Morgan,3.0
INDG 301,D100,fall,2026,"One of INDG (or FNST) 101 or 201W and 111, or permission of the instructor.",,True,"[{'days': 'Tu', 'startTime': '14:30', 'endTime': '17:20', 'campus': 'Burnaby'}]",Wenona Hall,3.0
INDG 305,OL01,fall,2026,,,False,[],Bryan Myles,1.0
INDG 322,B100,fall,2026,Will vary according to the topic.,,False,"[{'days': 'Tu', 'startTime': '10:30', 'endTime': '12:20', 'campus': 'Burnaby'}]",Joyce Schneider,
INDG 325,D100,fall,2026,45 units including INDG (or FNST) 101 or 201W.,,False,"[{'days': 'Mo', 'startTime': '9:30', 'endTime': '12:20', 'campus': 'Burnaby'}]",John Bird,4.0
INDG 333,OL01,fall,2026,Either INDG (or FNST) 101 or 201W.,,False,[],Robert Bandringa,3.0
INDG 353,D100,fall,2026,45 units or permission of the instructor.,,True,"[{'days': 'Mo', 'startTime': '14:30', 'endTime': '17:20', 'campus': 'Burnaby'}]",Bryan Myles,3.0
INDG 360,D100,fall,2026,45 units.,,False,"[{'days': 'Tu, Th', 'startTime': '10:30', 'endTime': '12:20', 'campus': 'Burnaby'}]",Deanna Reder,4.0
INDG 401,D100,fall,2026,"45 units, INDG (or FNST) 101 and one of INDG (or FNST) 201W or 250, or permission of the instructor.",,True,"[{'days': 'Mo', 'startTime': '9:30', 'endTime': '12:20', 'campus': 'Burnaby'}]",Natahnee Winder,3.0
INDG 403,B100,fall,2026,"45 units and one of INDG (or FNST) 101 or 201W, or permission of the instructor.",,True,"[{'days': 'Th', 'startTime': '14:30', 'endTime': '16:20', 'campus': 'Burnaby'}]",Joyce Schneider,3.0
INDG 433,D100,fall,2026,"45 units and one of INDG (or FNST) 101 or 201W, or permission of the instructor.",,True,"[{'days': 'Fr', 'startTime': '8:30', 'endTime': '12:20', 'campus': 'Burnaby'}]",Annie Ross,4.0
INDG 442,D100,fall,2026,15 units in Indigenous (or First Nations) studies. Corequisite: Permission of an instructor and department.,,True,[],,3.0
INDG 447,D100,fall,2026,15 units of INDG (or FNST) courses; permission of an instructor and department approval. Corequisite: Varies depending on topic.,,True,[],,3.0
INDG 447,D200,fall,2026,15 units of INDG (or FNST) courses; permission of an instructor and department approval. Corequisite: Varies depending on topic.,,True,[],Zoe Todd,3.0
INLG 130,A100,fall,2026,or Corequisite: INLG 133.,INLG 133,False,[],,3.0
INLG 130,A330,fall,2026,or Corequisite: INLG 133.,INLG 133,False,[],Sessional,3.0
INLG 130,A600,fall,2026,or Corequisite: INLG 133.,INLG 133,False,[],,3.0
INLG 130,A770,fall,2026,or Corequisite: INLG 133.,INLG 133,False,[],,3.0
INLG 133,A100,fall,2026,,,False,[],,3.0
INLG 133,A330,fall,2026,,,False,[],,3.0
INLG 133,A600,fall,2026,,,False,[],,3.0
INLG 133,A770,fall,2026,,,False,[],,3.0
INLG 134,A100,fall,2026,or Corequisite: INLG (or FNLG) 133.,,False,[],,3.0
INLG 134,A330,fall,2026,or Corequisite: INLG (or FNLG) 133.,,False,[],,3.0
INLG 134,A600,fall,2026,or Corequisite: INLG (or FNLG) 133.,,False,[],,3.0
INLG 134,A770,fall,2026,or Corequisite: INLG (or FNLG) 133.,,False,[],,3.0
INLG 158,A320,fall,2026,,,False,[],,3.0
INLG 158,A330,fall,2026,,,False,[],Jaskwaan Bedard,3.0
INLG 158,A770,fall,2026,,,False,[],,3.0
INLG 158,A930,fall,2026,,,False,[],,3.0
INLG 200,A200,fall,2026,,,False,[],Sessional,3.0
INLG 200,A310,fall,2026,,,False,[],,3.0
INLG 233,A310,fall,2026,INLG (or FNLG) 134.,,False,[],,3.0
INLG 258,A320,fall,2026,,,False,[],,3.0
INLG 258,A930,fall,2026,,,False,[],,3.0
INLG 300,A600,fall,2026,"Completion of certificate in Indigenous language proficiency offered in the same language as INLG (or FNLG) 300, including INLG (or FNLG) 200 or LING 220; or with permission of instructor.",LING 220,False,[],,3.0
INLG 300,A770,fall,2026,"Completion of certificate in Indigenous language proficiency offered in the same language as INLG (or FNLG) 300, including INLG (or FNLG) 200 or LING 220; or with permission of instructor.",LING 220,False,[],,3.0
INLG 300,A900,fall,2026,"Completion of certificate in Indigenous language proficiency offered in the same language as INLG (or FNLG) 300, including INLG (or FNLG) 200 or LING 220; or with permission of instructor.",LING 220,False,[],,3.0
INLG 300,A970,fall,2026,"Completion of certificate in Indigenous language proficiency offered in the same language as INLG (or FNLG) 300, including INLG (or FNLG) 200 or LING 220; or with permission of instructor.",LING 220,False,[],Sessional,3.0
INLG 333,A200,fall,2026,Completion of Certificate in Indigenous Language Proficiency; or with permission of instructor.,,True,[],Sessional,3.0
INLG 333,A330,fall,2026,Completion of Certificate in Indigenous Language Proficiency; or with permission of instructor.,,True,[],,3.0
INLG 333,A600,fall,2026,Completion of Certificate in Indigenous Language Proficiency; or with permission of instructor.,,True,[],,3.0
INLG 333,A770,fall,2026,Completion of Certificate in Indigenous Language Proficiency; or with permission of instructor.,,True,[],,3.0
INLG 333,A900,fall,2026,Completion of Certificate in Indigenous Language Proficiency; or with permission of instructor.,,True,[],,3.0
INLG 334,A970,fall,2026,Completion of Certificate in Indigenous Language Proficiency including INLG (or FNLG) 333 (or as corequisite); or permission of instructor.,,True,[],Sessional,3.0
INLG 335,A320,fall,2026,"INLG (or FNLG) 130, INLG (or FNLG) 133, INLG (or FNLG) 233 or permission of instructor.",,True,[],,3.0
INLG 335,A325,fall,2026,"INLG (or FNLG) 130, INLG (or FNLG) 133, INLG (or FNLG) 233 or permission of instructor.",,True,[],,3.0
INLG 335,A330,fall,2026,"INLG (or FNLG) 130, INLG (or FNLG) 133, INLG (or FNLG) 233 or permission of instructor.",,True,[],Sessional,3.0
INLG 335,A970,fall,2026,"INLG (or FNLG) 130, INLG (or FNLG) 133, INLG (or FNLG) 233 or permission of instructor.",,True,[],Sessional,3.0
INLG 358,A320,fall,2026,Completion of Certificate in Indigenous Language Proficiency including INLG (or FNLG) 258; or permission of instructor.,,True,[],,3.0
INLG 358,A330,fall,2026,Completion of Certificate in Indigenous Language Proficiency including INLG (or FNLG) 258; or permission of instructor.,,True,[],Jaskwaan Bedard,3.0
INLG 358,A600,fall,2026,Completion of Certificate in Indigenous Language Proficiency including INLG (or FNLG) 258; or permission of instructor.,,True,[],,3.0
INLG 358,A770,fall,2026,Completion of Certificate in Indigenous Language Proficiency including INLG (or FNLG) 258; or permission of instructor.,,True,[],,3.0
INLG 358,A900,fall,2026,Completion of Certificate in Indigenous Language Proficiency including INLG (or FNLG) 258; or permission of instructor.,,True,[],,3.0
INLG 433,A320,fall,2026,or Corequisite: INLG 300 or permission of course supervisor.,INLG 300,False,[],,3.0
INLG 433,A770,fall,2026,or Corequisite: INLG 300 or permission of course supervisor.,INLG 300,False,[],,3.0
INLG 434,A320,fall,2026,INLG (or FNLG) 433 or permission of course supervisor.,,True,[],,3.0
INLG 435,A320,fall,2026,or Corequisite: INLG 300 or permission of instructor.,INLG 300,False,[],,3.0
INLG 435,A325,fall,2026,or Corequisite: INLG 300 or permission of instructor.,INLG 300,False,[],,3.0
INLG 435,A970,fall,2026,or Corequisite: INLG 300 or permission of instructor.,INLG 300,False,[],Sessional,3.0
INLG 458,A320,fall,2026,INLG (or FNLG) 358; or permission of instructor.,,True,[],,3.0
INS 887,G100,fall,2026,,,False,[],,3.0
INS 888,G100,fall,2026,,,False,[],,3.0
INS 890,G100,fall,2026,Permission of the department.,,True,[],,
INS 890,G200,fall,2026,Permission of the department.,,True,[],,
INS 890,G300,fall,2026,Permission of the department.,,True,[],,
INS 891,G100,fall,2026,,,False,[],,1.0
INS 891,G200,fall,2026,,,False,[],,1.0
INS 892,G100,fall,2026,,,False,[],,2.0
INS 892,G200,fall,2026,,,False,[],,2.0
INS 892,G300,fall,2026,,,False,[],,2.0
INS 893,G100,fall,2026,,,False,[],,3.0
INS 893,G200,fall,2026,,,False,[],,3.0
INS 894,G100,fall,2026,,,False,[],,4.0
INS 894,G200,fall,2026,,,False,[],,4.0
INS 894,G300,fall,2026,,,False,[],,4.0
INS 895,G100,fall,2026,,,False,[],,5.0
INS 895,G200,fall,2026,,,False,[],,5.0
INS 896,G100,fall,2026,,,False,[],,5.0
INS 896,G200,fall,2026,,,False,[],,5.0
INS 897,G100,fall,2026,,,False,[],,5.0
INS 897,G200,fall,2026,,,False,[],,5.0
INS 897,G300,fall,2026,,,False,[],,5.0
INS 898,G100,fall,2026,,,False,[],,18.0
INS 898,G200,fall,2026,,,False,[],,18.0
INS 898,G300,fall,2026,,,False,[],,18.0
INS 899,G100,fall,2026,,,False,[],,18.0
INS 899,G200,fall,2026,,,False,[],,18.0
INS 899,G300,fall,2026,,,False,[],,18.0
IS 101,D100,fall,2026,,,False,"[{'days': 'Th', 'startTime': '14:30', 'endTime': '16:20', 'campus': 'Burnaby'}]",Tamir Moustafa,3.0
IS 101,D101,fall,2026,,,False,"[{'days': 'Th', 'startTime': '16:30', 'endTime': '17:20', 'campus': 'Burnaby'}]",,3.0
IS 101,D102,fall,2026,,,False,"[{'days': 'Th', 'startTime': '17:30', 'endTime': '18:20', 'campus': 'Burnaby'}]",,3.0
IS 101,D103,fall,2026,,,False,"[{'days': 'Th', 'startTime': '16:30', 'endTime': '17:20', 'campus': 'Burnaby'}]",,3.0
IS 101,D104,fall,2026,,,False,"[{'days': 'Th', 'startTime': '17:30', 'endTime': '18:20', 'campus': 'Burnaby'}]",,3.0
IS 101,D105,fall,2026,,,False,"[{'days': 'Th', 'startTime': '16:30', 'endTime': '17:20', 'campus': 'Burnaby'}]",,3.0
IS 105,D100,fall,2026,,,False,"[{'days': 'We', 'startTime': '14:30', 'endTime': '17:20', 'campus': 'Burnaby'}]",Anushay Malik,3.0
IS 200,D100,fall,2026,,,False,"[{'days': 'Fr', 'startTime': '12:30', 'endTime': '14:20', 'campus': 'Burnaby'}]",Nicole Jackson,3.0
IS 200,D101,fall,2026,,,False,"[{'days': 'Fr', 'startTime': '14:30', 'endTime': '15:20', 'campus': 'Burnaby'}]",,3.0
IS 200,D102,fall,2026,,,False,"[{'days': 'Fr', 'startTime': '15:30', 'endTime': '16:20', 'campus': 'Burnaby'}]",,3.0
IS 200,D104,fall,2026,,,False,"[{'days': 'Fr', 'startTime': '14:30', 'endTime': '15:20', 'campus': 'Burnaby'}]",,3.0
IS 210,D100,fall,2026,,,False,"[{'days': 'Tu', 'startTime': '14:30', 'endTime': '16:20', 'campus': 'Burnaby'}]",Brenda Lyshaug,3.0
IS 210,D101,fall,2026,,,False,"[{'days': 'Tu', 'startTime': '16:30', 'endTime': '17:20', 'campus': 'Burnaby'}]",,3.0
IS 210,D102,fall,2026,,,False,"[{'days': 'Tu', 'startTime': '17:30', 'endTime': '18:20', 'campus': 'Burnaby'}]",,3.0
IS 210,D103,fall,2026,,,False,"[{'days': 'Tu', 'startTime': '18:30', 'endTime': '19:20', 'campus': 'Burnaby'}]",,3.0
IS 210,D104,fall,2026,,,False,"[{'days': 'Tu', 'startTime': '16:30', 'endTime': '17:20', 'campus': 'Burnaby'}]",,3.0
IS 300,D100,fall,2026,IS 101 and 45 units.,IS 101,False,"[{'days': 'Th', 'startTime': '14:30', 'endTime': '17:20', 'campus': 'VANCOUVER'}]",Oi Ying Irene Pang,4.0
IS 302,D100,fall,2026,45 units.,,False,"[{'days': 'Fr', 'startTime': '14:30', 'endTime': '17:20', 'campus': 'VANCOUVER'}]",Brenda Lyshaug,4.0
IS 304,D100,fall,2026,45 units. Recommended: IS 200 and HIST 335.,,False,"[{'days': 'We', 'startTime': '9:30', 'endTime': '12:20', 'campus': 'VANCOUVER'}]",Nicole Jackson,4.0
IS 309,D100,fall,2026,45 units.,,False,"[{'days': 'Th', 'startTime': '14:30', 'endTime': '17:20', 'campus': 'VANCOUVER'}]",Anushay Malik,4.0
IS 314,D200,fall,2026,45 units.,,False,"[{'days': 'Th', 'startTime': '11:30', 'endTime': '14:20', 'campus': 'VANCOUVER'}]",Darren Byler,4.0
IS 315,D100,fall,2026,45 units.,,False,"[{'days': 'Fr', 'startTime': '9:30', 'endTime': '12:20', 'campus': 'Burnaby'}]",Waleed Salem,4.0
IS 350W,D100,fall,2026,60 units. International Studies major or honours students.,,False,"[{'days': 'Th', 'startTime': '8:30', 'endTime': '11:20', 'campus': 'VANCOUVER'}]",Megan MacKenzie,4.0
IS 409,D100,fall,2026,45 units.,,False,"[{'days': 'We', 'startTime': '14:30', 'endTime': '17:20', 'campus': 'Vancouver'}]",Brenda Lyshaug,4.0
IS 428,D100,fall,2026,75 units. International studies major or honours students and written application to the school no later than the last day of classes of the preceding term.,,False,[],,4.0
IS 428,D200,fall,2026,75 units. International studies major or honours students and written application to the school no later than the last day of classes of the preceding term.,,False,[],,4.0
IS 490,D100,fall,2026,Admission is by permission of the instructor and the School.,,True,[],,5.0
IS 497,D100,fall,2026,"45 units. Available to international studies major, honours, and minor students, or those admitted to the international studies field school. A Criminal Record Check may be required.",,False,[],,4.0
IS 497,D200,fall,2026,"45 units. Available to international studies major, honours, and minor students, or those admitted to the international studies field school. A Criminal Record Check may be required.",,False,[],,4.0
IS 499,D100,fall,2026,Minimum grade of B+ in IS 490.,IS 490,False,[],,5.0
IS 800,G100,fall,2026,"Graduate students enrolled in the MA in International Studies, or permission of the instructor.",,True,"[{'days': 'We', 'startTime': '14:30', 'endTime': '17:20', 'campus': 'VANCOUVER'}]",Elizabeth Cooper,4.0
IS 804,G100,fall,2026,,,False,"[{'days': 'Tu', 'startTime': '11:30', 'endTime': '14:20', 'campus': 'VANCOUVER'}]",Oi Ying Irene Pang,4.0
IS 808,G100,fall,2026,,,False,"[{'days': 'We', 'startTime': '9:30', 'endTime': '12:20', 'campus': 'VANCOUVER'}]",Nicole Jackson,4.0
IS 808,G200,fall,2026,,,False,"[{'days': 'Th', 'startTime': '11:30', 'endTime': '14:20', 'campus': 'VANCOUVER'}]",Darren Byler,4.0
IS 820,G100,fall,2026,,,False,[],,4.0
IS 820,G200,fall,2026,,,False,[],,4.0
IS 880,G100,fall,2026,Enrollment in the MA in International Studies program.,,False,[],,6.0
IS 880,G200,fall,2026,Enrollment in the MA in International Studies program.,,False,[],,6.0
IS 886,G100,fall,2026,Enrollment in the MA in International Studies program.,,False,[],,4.0
IS 886,G200,fall,2026,Enrollment in the MA in International Studies program.,,False,[],,4.0
IS 898,G100,fall,2026,Enrollment in the MA in International Studies program.,,False,[],,18.0
IS 898,G200,fall,2026,Enrollment in the MA in International Studies program.,,False,[],,18.0
ITAL 100,B100,fall,2026,,,False,[],Sessional,3.0
ITAL 100,B101,fall,2026,,,False,"[{'days': 'We', 'startTime': '10:30', 'endTime': '13:20', 'campus': 'Burnaby'}]",Sessional,3.0
ITAL 110,D100,fall,2026,ITAL 100 or equivalent.,ITAL 100,False,"[{'days': 'We, Fr', 'startTime': '14:30', 'endTime': '16:20', 'campus': 'Burnaby'}]",Sessional,3.0
JAPN 100,D100,fall,2026,,,False,"[{'days': 'Tu, Th', 'startTime': '10:30', 'endTime': '12:20', 'campus': 'Burnaby'}]",Sessional,3.0
JAPN 100,D200,fall,2026,,,False,"[{'days': 'Tu, Th', 'startTime': '14:30', 'endTime': '16:20', 'campus': 'Burnaby'}]",,3.0
JAPN 100,D300,fall,2026,,,False,"[{'days': 'We, Fr', 'startTime': '14:30', 'endTime': '16:20', 'campus': 'Burnaby'}]",,3.0
JAPN 110,D100,fall,2026,JAPN 100 or equivalent. Students who took Japanese courses in secondary school and/or with previous knowledge of Japanese may need to be evaluated for placement into JAPN 110 or higher level of courses and are required to contact the instructor before enrollment.,JAPN 100;JAPN 110,False,"[{'days': 'We, Fr', 'startTime': '10:30', 'endTime': '12:20', 'campus': 'Burnaby'}]",Naoko Takei,3.0
JAPN 200,D100,fall,2026,JAPN 110 (or JAPN 101) or equivalent.,JAPN 110;JAPN 101,False,"[{'days': 'Tu, Th', 'startTime': '15:30', 'endTime': '17:20', 'campus': 'VANCOUVER'}]",Naoko Takei,3.0
JAPN 200,L100,fall,2026,JAPN 110 (or JAPN 101) or equivalent.,JAPN 110;JAPN 101,False,"[{'days': 'Tu, Th', 'startTime': '15:30', 'endTime': '17:20', 'campus': 'VANCOUVER'}]",,3.0
JAPN 210,D100,fall,2026,JAPN 200 or equivalent.,JAPN 200,False,"[{'days': 'We, Fr', 'startTime': '14:30', 'endTime': '16:20', 'campus': 'Burnaby'}]",Naoko Takei,3.0
LANG 100,D100,fall,2026,,,False,[],Jia Fei,3.0
LBRL 750,G100,fall,2026,,,False,[],Liesl Jurock,
LBRL 750,G200,fall,2026,,,False,[],Liesl Jurock,
LBRL 750,I100,fall,2026,,,False,[],Liesl Jurock,
LBRL 751,G100,fall,2026,,,False,[],Liesl Jurock,
LBRL 751,G200,fall,2026,,,False,[],Liesl Jurock,
LBRL 751,I100,fall,2026,,,False,[],Liesl Jurock,
LBRL 752,G100,fall,2026,,,False,[],Liesl Jurock,
LBRL 752,G200,fall,2026,,,False,[],Liesl Jurock,
LBRL 752,I100,fall,2026,,,False,[],Liesl Jurock,
LBST 101,D100,fall,2026,,,False,"[{'days': 'Mo', 'startTime': '14:30', 'endTime': '16:20', 'campus': 'Burnaby'}]",John-Henry Harter,3.0
LBST 101,D101,fall,2026,,,False,"[{'days': 'Mo', 'startTime': '16:30', 'endTime': '17:20', 'campus': 'Burnaby'}]",John-Henry Harter,3.0
LBST 101,D102,fall,2026,,,False,"[{'days': 'Mo', 'startTime': '17:30', 'endTime': '18:20', 'campus': 'Burnaby'}]",John-Henry Harter,3.0
LBST 202,D100,fall,2026,LBST 100 or LBST 101 is recommended.,LBST 100;LBST 101,False,"[{'days': 'Tu', 'startTime': '14:30', 'endTime': '17:20', 'campus': 'Burnaby'}]",Xinying Hu,3.0
LBST 301W,D100,fall,2026,LBST 100 or LBST 101 or on permission of instructor.,LBST 100;LBST 101,False,"[{'days': 'We', 'startTime': '14:30', 'endTime': '17:20', 'campus': 'Burnaby'}]",John-Henry Harter,3.0
LBST 305,OL01,fall,2026,30 units including LBST 100 or three units in GSWS or WS or GDST.,LBST 100,False,[],Jeannie Morgan,4.0
LBST 306,B100,fall,2026,Strongly Recommended: LBST 101.,,False,"[{'days': 'Mo', 'startTime': '14:30', 'endTime': '16:20', 'campus': 'Burnaby'}]",Amy Krauss,3.0
LBST 307,D100,fall,2026,Strongly Recommended: LBST 101.,,False,"[{'days': 'Th', 'startTime': '11:30', 'endTime': '14:20', 'campus': 'Burnaby'}]",Maureen Kihika,3.0
LBST 312,D100,fall,2026,Strongly Recommended: LBST 101.,,False,"[{'days': 'We', 'startTime': '9:30', 'endTime': '12:20', 'campus': 'Burnaby'}]",Evelyn Encalada Grez,3.0
LBST 313,B100,fall,2026,Strongly Recommended: LBST 101.,,False,"[{'days': 'Th', 'startTime': '14:30', 'endTime': '17:20', 'campus': 'Burnaby'}]",Kendra Strauss,3.0
LING 100,B100,fall,2026,,,False,"[{'days': 'Tu', 'startTime': '10:30', 'endTime': '12:20', 'campus': 'Burnaby'}]",Maite Taboada,3.0
LING 100,B900,fall,2026,,,False,"[{'days': 'Mo', 'startTime': '15:30', 'endTime': '16:20', 'campus': 'Surrey'}]",Cecile Vigouroux,3.0
LING 111,B100,fall,2026,,,False,"[{'days': 'Mo', 'startTime': '14:30', 'endTime': '16:20', 'campus': 'Burnaby'}]",Claudia Wei Wah Wong,3.0
LING 160,B100,fall,2026,,,False,"[{'days': 'We', 'startTime': '15:30', 'endTime': '16:20', 'campus': 'Burnaby'}]",Suzanne Hilgendorf,3.0
LING 190,D100,fall,2026,,,False,"[{'days': 'Mo, We, Fr', 'startTime': '9:30', 'endTime': '10:20', 'campus': 'Burnaby'}]",Sara Ng,3.0
LING 220,A320,fall,2026,,,False,[],,3.0
LING 220,A970,fall,2026,,,False,[],,3.0
LING 220,D100,fall,2026,,,False,"[{'days': 'Mo', 'startTime': '10:30', 'endTime': '12:20', 'campus': 'Burnaby'}]",Trevor Block,3.0
LING 220,D101,fall,2026,,,False,"[{'days': 'Mo', 'startTime': '13:30', 'endTime': '14:20', 'campus': 'Burnaby'}]",Trevor Block,3.0
LING 220,D102,fall,2026,,,False,"[{'days': 'Mo', 'startTime': '13:30', 'endTime': '14:20', 'campus': 'Burnaby'}]",,3.0
LING 220,D103,fall,2026,,,False,"[{'days': 'Mo', 'startTime': '14:30', 'endTime': '15:20', 'campus': 'Burnaby'}]",,3.0
LING 220,D104,fall,2026,,,False,"[{'days': 'Tu', 'startTime': '9:30', 'endTime': '10:20', 'campus': 'Burnaby'}]",,3.0
LING 220,D107,fall,2026,,,False,"[{'days': 'Tu', 'startTime': '11:30', 'endTime': '12:20', 'campus': 'Burnaby'}]",,3.0
LING 250,D100,fall,2026,,,False,"[{'days': 'Tu, Th', 'startTime': '14:30', 'endTime': '16:20', 'campus': 'Burnaby'}]",Sara Ng,4.0
LING 282W,B100,fall,2026,LING 220.,LING 220,False,"[{'days': 'We', 'startTime': '13:30', 'endTime': '14:20', 'campus': 'Burnaby'}]",Ivelina Koleva Tchizmarova,3.0
LING 282W,B101,fall,2026,LING 220.,LING 220,False,"[{'days': 'We', 'startTime': '14:30', 'endTime': '15:20', 'campus': 'Burnaby'}]",Ivelina Koleva Tchizmarova,3.0
LING 282W,B102,fall,2026,LING 220.,LING 220,False,"[{'days': 'We', 'startTime': '14:30', 'endTime': '15:20', 'campus': 'Burnaby'}]",,3.0
LING 315,D100,fall,2026,"LING 220. Recommended: One of STAT 201, 203, 205 or PSYC 210.",LING 220,False,"[{'days': 'Fr', 'startTime': '9:30', 'endTime': '12:20', 'campus': 'Burnaby'}]",Ivelina Koleva Tchizmarova,3.0
LING 324,D100,fall,2026,LING 220.,LING 220,False,"[{'days': 'Mo', 'startTime': '12:30', 'endTime': '14:20', 'campus': 'Burnaby'}, {'days': 'We', 'startTime': '12:30', 'endTime': '13:20', 'campus': 'Burnaby'}]",Jozina Vander Klok,3.0
LING 360,B100,fall,2026,LING 220.,LING 220,False,"[{'days': 'Fr', 'startTime': '13:30', 'endTime': '14:20', 'campus': 'Burnaby'}]",Suzanne Hilgendorf,3.0
LING 380,OL01,fall,2026,,,False,[],Maite Taboada,1.0
LING 432,A320,fall,2026,LING 282W.,LING 282W,False,[],,3.0
LING 480,D100,fall,2026,Requirements will vary according to the topic offered.,,False,"[{'days': 'We', 'startTime': '14:30', 'endTime': '17:20', 'campus': 'Burnaby'}]",Claudia Wei Wah Wong,3.0
LING 491,D100,fall,2026,"LING 220, 60 units, and permission of the Undergraduate Committee Chair.",LING 220,False,[],Ashley Farris-Trimble,3.0
LING 806,G100,fall,2026,,,False,"[{'days': 'We', 'startTime': '14:30', 'endTime': '17:20', 'campus': 'Burnaby'}]",Cecile Vigouroux,3.0
LING 810,G110,fall,2026,,,False,[],Marianne Ignace,3.0
LING 810,G111,fall,2026,,,False,[],Jaskwaan Bedard,3.0
LING 810,G112,fall,2026,,,False,[],Lauren Schneider,3.0
LING 810,G113,fall,2026,,,False,[],Heather Bliss,3.0
LING 812,G100,fall,2026,,,False,"[{'days': 'Th', 'startTime': '8:30', 'endTime': '11:20', 'campus': 'Burnaby'}]",Jozina Vander Klok,3.0
LING 834,G111,fall,2026,,,False,[],Jaskwaan Bedard,4.0
LING 880,G100,fall,2026,,,False,"[{'days': 'Tu', 'startTime': '14:30', 'endTime': '17:20', 'campus': 'Burnaby'}]",Ashley Farris-Trimble,3.0
LING 890,G100,fall,2026,,,False,[],Ashley Farris-Trimble,1.0
LING 894,G100,fall,2026,All PhD coursework in Linguistics.,,False,[],Yue Wang,6.0
LING 894,G200,fall,2026,All PhD coursework in Linguistics.,,False,[],Ashley Farris-Trimble,6.0
LING 895,G100,fall,2026,All PhD coursework in Linguistics.,,False,[],Chung-hye Han,6.0
LING 895,G200,fall,2026,All PhD coursework in Linguistics.,,False,[],Yue Wang,6.0
LING 898,G100,fall,2026,,,False,[],Heather Bliss;Jozina Vander Klok,18.0
LING 898,G200,fall,2026,,,False,[],Maite Taboada,18.0
LING 898,G300,fall,2026,,,False,[],Marianne Ignace,18.0
LING 899,G100,fall,2026,,,False,[],Ashley Farris-Trimble,18.0
LING 899,G200,fall,2026,,,False,[],Cecile Vigouroux,18.0
LING 899,G300,fall,2026,,,False,[],Marianne Ignace,18.0
LING 899,G400,fall,2026,,,False,[],Nancy Hedberg,18.0
LS 800,G100,fall,2026,,,False,"[{'days': 'Mo', 'startTime': '18:30', 'endTime': '21:30', 'campus': 'VANCOUVER'}]",Gary McCarron,5.0
LS 810,G100,fall,2026,,,False,"[{'days': 'Su', 'startTime': '10:00', 'endTime': '13:00', 'campus': 'VANCOUVER'}]",,5.0
LS 811,G100,fall,2026,,,False,"[{'days': 'Tu', 'startTime': '18:30', 'endTime': '21:30', 'campus': 'VANCOUVER'}]",,5.0
LS 819,G100,fall,2026,,,False,"[{'days': 'Th', 'startTime': '18:30', 'endTime': '21:30', 'campus': 'VANCOUVER'}]",Emily O'Brien,5.0
LS 829,G100,fall,2026,,,False,[],,5.0
LS 829,G200,fall,2026,,,False,[],,5.0
LS 998,G100,fall,2026,,,False,[],,5.0
LS 999,G100,fall,2026,,,False,[],,5.0
LS 999,G200,fall,2026,,,False,[],,5.0
MACM 101,D100,fall,2026,"BC Pre-Calculus 12 or BC Calculus 12 (or equivalent), or any of MATH 100, 150, 151, 154, 157.",MATH 100,False,"[{'days': 'Mo, We, Fr', 'startTime': '10:30', 'endTime': '11:20', 'campus': 'Burnaby'}]",Evgenia Ternovska,3.0
MACM 101,D101,fall,2026,"BC Pre-Calculus 12 or BC Calculus 12 (or equivalent), or any of MATH 100, 150, 151, 154, 157.",MATH 100,False,"[{'days': 'Mo', 'startTime': '14:30', 'endTime': '15:20', 'campus': 'Burnaby'}]",Evgenia Ternovska,3.0
MACM 101,D102,fall,2026,"BC Pre-Calculus 12 or BC Calculus 12 (or equivalent), or any of MATH 100, 150, 151, 154, 157.",MATH 100,False,"[{'days': 'Mo', 'startTime': '14:30', 'endTime': '15:20', 'campus': 'Burnaby'}]",Evgenia Ternovska,3.0
MACM 101,D103,fall,2026,"BC Pre-Calculus 12 or BC Calculus 12 (or equivalent), or any of MATH 100, 150, 151, 154, 157.",MATH 100,False,"[{'days': 'Mo', 'startTime': '15:30', 'endTime': '16:20', 'campus': 'Burnaby'}]",Evgenia Ternovska,3.0
MACM 101,D104,fall,2026,"BC Pre-Calculus 12 or BC Calculus 12 (or equivalent), or any of MATH 100, 150, 151, 154, 157.",MATH 100,False,"[{'days': 'Mo', 'startTime': '15:30', 'endTime': '16:20', 'campus': 'Burnaby'}]",Evgenia Ternovska,3.0
MACM 101,D105,fall,2026,"BC Pre-Calculus 12 or BC Calculus 12 (or equivalent), or any of MATH 100, 150, 151, 154, 157.",MATH 100,False,"[{'days': 'Mo', 'startTime': '12:30', 'endTime': '13:20', 'campus': 'Burnaby'}]",Evgenia Ternovska,3.0
MACM 101,D106,fall,2026,"BC Pre-Calculus 12 or BC Calculus 12 (or equivalent), or any of MATH 100, 150, 151, 154, 157.",MATH 100,False,"[{'days': 'Mo', 'startTime': '12:30', 'endTime': '13:20', 'campus': 'Burnaby'}]",Evgenia Ternovska,3.0
MACM 101,D107,fall,2026,"BC Pre-Calculus 12 or BC Calculus 12 (or equivalent), or any of MATH 100, 150, 151, 154, 157.",MATH 100,False,"[{'days': 'Mo', 'startTime': '13:30', 'endTime': '14:20', 'campus': 'Burnaby'}]",Evgenia Ternovska,3.0
MACM 101,D108,fall,2026,"BC Pre-Calculus 12 or BC Calculus 12 (or equivalent), or any of MATH 100, 150, 151, 154, 157.",MATH 100,False,"[{'days': 'Mo', 'startTime': '13:30', 'endTime': '14:20', 'campus': 'Burnaby'}]",Evgenia Ternovska,3.0
MACM 101,D200,fall,2026,"BC Pre-Calculus 12 or BC Calculus 12 (or equivalent), or any of MATH 100, 150, 151, 154, 157.",MATH 100,False,"[{'days': 'Tu', 'startTime': '8:30', 'endTime': '10:20', 'campus': 'Surrey'}, {'days': 'Th', 'startTime': '8:30', 'endTime': '9:20', 'campus': 'Surrey'}]",Victor Cheung,3.0
MACM 101,D201,fall,2026,"BC Pre-Calculus 12 or BC Calculus 12 (or equivalent), or any of MATH 100, 150, 151, 154, 157.",MATH 100,False,"[{'days': 'Fr', 'startTime': '9:30', 'endTime': '10:20', 'campus': 'Surrey'}]",Victor Cheung,3.0
MACM 101,D202,fall,2026,"BC Pre-Calculus 12 or BC Calculus 12 (or equivalent), or any of MATH 100, 150, 151, 154, 157.",MATH 100,False,"[{'days': 'Fr', 'startTime': '9:30', 'endTime': '10:20', 'campus': 'Surrey'}]",Victor Cheung,3.0
MACM 101,D203,fall,2026,"BC Pre-Calculus 12 or BC Calculus 12 (or equivalent), or any of MATH 100, 150, 151, 154, 157.",MATH 100,False,"[{'days': 'Fr', 'startTime': '13:30', 'endTime': '14:20', 'campus': 'Surrey'}]",Victor Cheung,3.0
MACM 101,D204,fall,2026,"BC Pre-Calculus 12 or BC Calculus 12 (or equivalent), or any of MATH 100, 150, 151, 154, 157.",MATH 100,False,"[{'days': 'Fr', 'startTime': '13:30', 'endTime': '14:20', 'campus': 'Surrey'}]",Victor Cheung,3.0
MACM 101,D205,fall,2026,"BC Pre-Calculus 12 or BC Calculus 12 (or equivalent), or any of MATH 100, 150, 151, 154, 157.",MATH 100,False,"[{'days': 'Fr', 'startTime': '11:30', 'endTime': '12:20', 'campus': 'Surrey'}]",Victor Cheung,3.0
MACM 101,D206,fall,2026,"BC Pre-Calculus 12 or BC Calculus 12 (or equivalent), or any of MATH 100, 150, 151, 154, 157.",MATH 100,False,"[{'days': 'Fr', 'startTime': '11:30', 'endTime': '12:20', 'campus': 'Surrey'}]",Victor Cheung,3.0
MACM 101,D207,fall,2026,"BC Pre-Calculus 12 or BC Calculus 12 (or equivalent), or any of MATH 100, 150, 151, 154, 157.",MATH 100,False,"[{'days': 'Fr', 'startTime': '12:30', 'endTime': '13:20', 'campus': 'Surrey'}]",Victor Cheung,3.0
MACM 101,D208,fall,2026,"BC Pre-Calculus 12 or BC Calculus 12 (or equivalent), or any of MATH 100, 150, 151, 154, 157.",MATH 100,False,"[{'days': 'Fr', 'startTime': '12:30', 'endTime': '13:20', 'campus': 'Surrey'}]",Victor Cheung,3.0
MACM 101,D300,fall,2026,"BC Pre-Calculus 12 or BC Calculus 12 (or equivalent), or any of MATH 100, 150, 151, 154, 157.",MATH 100,False,"[{'days': 'Mo, We, Fr', 'startTime': '16:30', 'endTime': '17:20', 'campus': 'Burnaby'}]",Steve Pearce,3.0
MACM 101,D301,fall,2026,"BC Pre-Calculus 12 or BC Calculus 12 (or equivalent), or any of MATH 100, 150, 151, 154, 157.",MATH 100,False,"[{'days': 'We', 'startTime': '14:30', 'endTime': '15:20', 'campus': 'Burnaby'}]",Steve Pearce,3.0
MACM 101,D302,fall,2026,"BC Pre-Calculus 12 or BC Calculus 12 (or equivalent), or any of MATH 100, 150, 151, 154, 157.",MATH 100,False,"[{'days': 'We', 'startTime': '14:30', 'endTime': '15:20', 'campus': 'Burnaby'}]",Steve Pearce,3.0
MACM 101,D303,fall,2026,"BC Pre-Calculus 12 or BC Calculus 12 (or equivalent), or any of MATH 100, 150, 151, 154, 157.",MATH 100,False,"[{'days': 'We', 'startTime': '15:30', 'endTime': '16:20', 'campus': 'Burnaby'}]",Steve Pearce,3.0
MACM 101,D304,fall,2026,"BC Pre-Calculus 12 or BC Calculus 12 (or equivalent), or any of MATH 100, 150, 151, 154, 157.",MATH 100,False,"[{'days': 'We', 'startTime': '15:30', 'endTime': '16:20', 'campus': 'Burnaby'}]",Steve Pearce,3.0
MACM 101,D305,fall,2026,"BC Pre-Calculus 12 or BC Calculus 12 (or equivalent), or any of MATH 100, 150, 151, 154, 157.",MATH 100,False,"[{'days': 'Fr', 'startTime': '14:30', 'endTime': '15:20', 'campus': 'Burnaby'}]",Steve Pearce,3.0
MACM 101,D306,fall,2026,"BC Pre-Calculus 12 or BC Calculus 12 (or equivalent), or any of MATH 100, 150, 151, 154, 157.",MATH 100,False,"[{'days': 'Fr', 'startTime': '14:30', 'endTime': '15:20', 'campus': 'Burnaby'}]",Steve Pearce,3.0
MACM 101,D307,fall,2026,"BC Pre-Calculus 12 or BC Calculus 12 (or equivalent), or any of MATH 100, 150, 151, 154, 157.",MATH 100,False,"[{'days': 'Fr', 'startTime': '15:30', 'endTime': '16:20', 'campus': 'Burnaby'}]",Steve Pearce,3.0
MACM 101,D308,fall,2026,"BC Pre-Calculus 12 or BC Calculus 12 (or equivalent), or any of MATH 100, 150, 151, 154, 157.",MATH 100,False,"[{'days': 'Fr', 'startTime': '15:30', 'endTime': '16:20', 'campus': 'Burnaby'}]",Steve Pearce,3.0
MACM 201,D100,fall,2026,MATH 141 or MACM 101 or (ENSC 251 and one of MATH 232 or MATH 240).,MATH 141;MACM 101;ENSC 251;MATH 232;MATH 240,False,"[{'days': 'Mo, We, Fr', 'startTime': '12:30', 'endTime': '13:20', 'campus': 'Burnaby'}]",Tamon Stephen,3.0
MACM 201,OP01,fall,2026,MATH 141 or MACM 101 or (ENSC 251 and one of MATH 232 or MATH 240).,MATH 141;MACM 101;ENSC 251;MATH 232;MATH 240,False,[],,3.0
MACM 204,D100,fall,2026,"One of CMPT 102, 120, 126, 128 or 130 and one of MATH 152, 155, or 158.",CMPT 102;MATH 152,False,"[{'days': 'Th', 'startTime': '10:30', 'endTime': '11:20', 'campus': 'Burnaby'}]",Michael Monagan,2.0
MACM 204,D101,fall,2026,"One of CMPT 102, 120, 126, 128 or 130 and one of MATH 152, 155, or 158.",CMPT 102;MATH 152,False,"[{'days': 'Fr', 'startTime': '13:30', 'endTime': '14:20', 'campus': 'Burnaby'}]",Michael Monagan,2.0
MACM 204,D102,fall,2026,"One of CMPT 102, 120, 126, 128 or 130 and one of MATH 152, 155, or 158.",CMPT 102;MATH 152,False,"[{'days': 'Fr', 'startTime': '14:30', 'endTime': '15:20', 'campus': 'Burnaby'}]",Michael Monagan,2.0
MACM 204,D103,fall,2026,"One of CMPT 102, 120, 126, 128 or 130 and one of MATH 152, 155, or 158.",CMPT 102;MATH 152,False,"[{'days': 'Fr', 'startTime': '15:30', 'endTime': '16:20', 'campus': 'Burnaby'}]",Michael Monagan,2.0
MACM 316,D100,fall,2026,"MATH 152 or 155 or 158, and MATH 232 or 240, and computing experience.",MATH 152;MATH 232,False,"[{'days': 'Mo, We, Fr', 'startTime': '12:30', 'endTime': '13:20', 'campus': 'Burnaby'}]",David Muraki,3.0
MACM 316,D101,fall,2026,"MATH 152 or 155 or 158, and MATH 232 or 240, and computing experience.",MATH 152;MATH 232,False,"[{'days': 'We', 'startTime': '14:30', 'endTime': '15:20', 'campus': 'Burnaby'}]",,3.0
MACM 316,D102,fall,2026,"MATH 152 or 155 or 158, and MATH 232 or 240, and computing experience.",MATH 152;MATH 232,False,"[{'days': 'We', 'startTime': '15:30', 'endTime': '16:20', 'campus': 'Burnaby'}]",,3.0
MACM 316,D103,fall,2026,"MATH 152 or 155 or 158, and MATH 232 or 240, and computing experience.",MATH 152;MATH 232,False,"[{'days': 'We', 'startTime': '16:30', 'endTime': '17:20', 'campus': 'Burnaby'}]",,3.0
MACM 316,D104,fall,2026,"MATH 152 or 155 or 158, and MATH 232 or 240, and computing experience.",MATH 152;MATH 232,False,"[{'days': 'We', 'startTime': '14:30', 'endTime': '15:20', 'campus': 'Burnaby'}]",,3.0
MACM 316,D105,fall,2026,"MATH 152 or 155 or 158, and MATH 232 or 240, and computing experience.",MATH 152;MATH 232,False,"[{'days': 'Th', 'startTime': '10:30', 'endTime': '11:20', 'campus': 'Burnaby'}]",,3.0
MACM 316,D106,fall,2026,"MATH 152 or 155 or 158, and MATH 232 or 240, and computing experience.",MATH 152;MATH 232,False,"[{'days': 'Th', 'startTime': '11:30', 'endTime': '12:20', 'campus': 'Burnaby'}]",,3.0
MACM 316,D107,fall,2026,"MATH 152 or 155 or 158, and MATH 232 or 240, and computing experience.",MATH 152;MATH 232,False,"[{'days': 'We', 'startTime': '15:30', 'endTime': '16:20', 'campus': 'Burnaby'}]",,3.0
MACM 316,D108,fall,2026,"MATH 152 or 155 or 158, and MATH 232 or 240, and computing experience.",MATH 152;MATH 232,False,"[{'days': 'We', 'startTime': '16:30', 'endTime': '17:20', 'campus': 'Burnaby'}]",,3.0
MACM 416,D100,fall,2026,(MATH 260 or MATH 310) and MACM 316.,MATH 260;MATH 310;MACM 316,False,"[{'days': 'Mo, We, Fr', 'startTime': '10:30', 'endTime': '11:20', 'campus': 'Burnaby'}]",,3.0
MASC 401,D100,fall,2026,"Prerequisites are set by Bamfield Marine Science Centre, and normally include completion of lower division core courses.",,False,[],,3.0
MASC 415,D100,fall,2026,"Prerequisites are set by Bamfield Marine Science Centre, and normally include completion of lower division core courses.",,False,[],,3.0
MASC 425,D100,fall,2026,"Prerequisites are set by Bamfield Marine Science Centre, and normally include completion of lower division core courses.",,False,[],,3.0
MASC 436,D100,fall,2026,"Prerequisites are set by Bamfield Marine Science Centre, and normally include completion of lower division core courses.",,False,[],,3.0
MASC 437,D100,fall,2026,"Prerequisites are set by Bamfield Marine Science Centre, and normally include completion of lower division core courses.",,False,[],,3.0
MATH 100,D100,fall,2026,"Pre-Calculus 11 or Foundations of Mathematics 11 (or equivalent) with a grade of at least B or Pre-Calculus 12 (or equivalent), with a grade of at least C and SFU FAN credit, or SFU FAN X92 or FAN X99 course with a grade of at least B-.",,False,"[{'days': 'Mo, We, Fr', 'startTime': '8:30', 'endTime': '9:20', 'campus': 'Burnaby'}]",Alexander Rutherford,3.0
MATH 100,D101,fall,2026,"Pre-Calculus 11 or Foundations of Mathematics 11 (or equivalent) with a grade of at least B or Pre-Calculus 12 (or equivalent), with a grade of at least C and SFU FAN credit, or SFU FAN X92 or FAN X99 course with a grade of at least B-.",,False,"[{'days': 'Fr', 'startTime': '12:30', 'endTime': '13:20', 'campus': 'Burnaby'}]",,3.0
MATH 100,D103,fall,2026,"Pre-Calculus 11 or Foundations of Mathematics 11 (or equivalent) with a grade of at least B or Pre-Calculus 12 (or equivalent), with a grade of at least C and SFU FAN credit, or SFU FAN X92 or FAN X99 course with a grade of at least B-.",,False,"[{'days': 'Fr', 'startTime': '9:30', 'endTime': '10:20', 'campus': 'Burnaby'}]",,3.0
MATH 100,D104,fall,2026,"Pre-Calculus 11 or Foundations of Mathematics 11 (or equivalent) with a grade of at least B or Pre-Calculus 12 (or equivalent), with a grade of at least C and SFU FAN credit, or SFU FAN X92 or FAN X99 course with a grade of at least B-.",,False,"[{'days': 'Fr', 'startTime': '11:30', 'endTime': '12:20', 'campus': 'Burnaby'}]",,3.0
MATH 100,D107,fall,2026,"Pre-Calculus 11 or Foundations of Mathematics 11 (or equivalent) with a grade of at least B or Pre-Calculus 12 (or equivalent), with a grade of at least C and SFU FAN credit, or SFU FAN X92 or FAN X99 course with a grade of at least B-.",,False,"[{'days': 'Mo', 'startTime': '9:30', 'endTime': '10:20', 'campus': 'Burnaby'}]",,3.0
MATH 100,OP01,fall,2026,"Pre-Calculus 11 or Foundations of Mathematics 11 (or equivalent) with a grade of at least B or Pre-Calculus 12 (or equivalent), with a grade of at least C and SFU FAN credit, or SFU FAN X92 or FAN X99 course with a grade of at least B-.",,False,[],,3.0
MATH 110,D100,fall,2026,"Foundations of Mathematics 11 (or equivalent) with a grade of at least B or Pre-Calculus 11 (or equivalent) with a grade of at least B or Pre-Calculus 12 (or equivalent) with a grade of at least C, and an SFU FAN credit; or SFU FAN X92 or X99 course with a grade of at least B-.",,False,"[{'days': 'Mo, We, Fr', 'startTime': '8:30', 'endTime': '9:20', 'campus': 'Burnaby'}]",Justin Gray,3.0
MATH 110,D101,fall,2026,"Foundations of Mathematics 11 (or equivalent) with a grade of at least B or Pre-Calculus 11 (or equivalent) with a grade of at least B or Pre-Calculus 12 (or equivalent) with a grade of at least C, and an SFU FAN credit; or SFU FAN X92 or X99 course with a grade of at least B-.",,False,"[{'days': 'Fr', 'startTime': '12:30', 'endTime': '13:20', 'campus': 'Burnaby'}]",,3.0
MATH 110,D103,fall,2026,"Foundations of Mathematics 11 (or equivalent) with a grade of at least B or Pre-Calculus 11 (or equivalent) with a grade of at least B or Pre-Calculus 12 (or equivalent) with a grade of at least C, and an SFU FAN credit; or SFU FAN X92 or X99 course with a grade of at least B-.",,False,"[{'days': 'Fr', 'startTime': '9:30', 'endTime': '10:20', 'campus': 'Burnaby'}]",,3.0
MATH 110,D104,fall,2026,"Foundations of Mathematics 11 (or equivalent) with a grade of at least B or Pre-Calculus 11 (or equivalent) with a grade of at least B or Pre-Calculus 12 (or equivalent) with a grade of at least C, and an SFU FAN credit; or SFU FAN X92 or X99 course with a grade of at least B-.",,False,"[{'days': 'Fr', 'startTime': '11:30', 'endTime': '12:20', 'campus': 'Burnaby'}]",,3.0
MATH 110,D106,fall,2026,"Foundations of Mathematics 11 (or equivalent) with a grade of at least B or Pre-Calculus 11 (or equivalent) with a grade of at least B or Pre-Calculus 12 (or equivalent) with a grade of at least C, and an SFU FAN credit; or SFU FAN X92 or X99 course with a grade of at least B-.",,False,"[{'days': 'Mo', 'startTime': '9:30', 'endTime': '10:20', 'campus': 'Burnaby'}]",,3.0
MATH 110,D107,fall,2026,"Foundations of Mathematics 11 (or equivalent) with a grade of at least B or Pre-Calculus 11 (or equivalent) with a grade of at least B or Pre-Calculus 12 (or equivalent) with a grade of at least C, and an SFU FAN credit; or SFU FAN X92 or X99 course with a grade of at least B-.",,False,"[{'days': 'Mo', 'startTime': '12:30', 'endTime': '13:20', 'campus': 'Burnaby'}]",,3.0
MATH 110,D108,fall,2026,"Foundations of Mathematics 11 (or equivalent) with a grade of at least B or Pre-Calculus 11 (or equivalent) with a grade of at least B or Pre-Calculus 12 (or equivalent) with a grade of at least C, and an SFU FAN credit; or SFU FAN X92 or X99 course with a grade of at least B-.",,False,"[{'days': 'Mo', 'startTime': '11:30', 'endTime': '12:20', 'campus': 'Burnaby'}]",,3.0
MATH 110,D400,fall,2026,"Foundations of Mathematics 11 (or equivalent) with a grade of at least B or Pre-Calculus 11 (or equivalent) with a grade of at least B or Pre-Calculus 12 (or equivalent) with a grade of at least C, and an SFU FAN credit; or SFU FAN X92 or X99 course with a grade of at least B-.",,False,"[{'days': 'Mo, We, Fr', 'startTime': '8:30', 'endTime': '9:20', 'campus': 'Surrey'}]",Vijaykumar Singh,3.0
MATH 110,D401,fall,2026,"Foundations of Mathematics 11 (or equivalent) with a grade of at least B or Pre-Calculus 11 (or equivalent) with a grade of at least B or Pre-Calculus 12 (or equivalent) with a grade of at least C, and an SFU FAN credit; or SFU FAN X92 or X99 course with a grade of at least B-.",,False,"[{'days': 'We', 'startTime': '9:30', 'endTime': '10:20', 'campus': 'Surrey'}]",,3.0
MATH 110,D402,fall,2026,"Foundations of Mathematics 11 (or equivalent) with a grade of at least B or Pre-Calculus 11 (or equivalent) with a grade of at least B or Pre-Calculus 12 (or equivalent) with a grade of at least C, and an SFU FAN credit; or SFU FAN X92 or X99 course with a grade of at least B-.",,False,"[{'days': 'We', 'startTime': '10:30', 'endTime': '11:20', 'campus': 'Surrey'}]",,3.0
MATH 141W,D100,fall,2026,"Pre-Calculus 12 with a grade of at least B or one of MATH 100, MATH 110, MATH 150, MATH 151, MATH 154, MATH 157, with a grade of at least C-.",MATH 100;MATH 110;MATH 150;MATH 151;MATH 154;MATH 157,False,"[{'days': 'Mo, We, Fr', 'startTime': '9:30', 'endTime': '10:20', 'campus': 'Burnaby'}]",Jamie Mulholland,3.0
MATH 141W,D101,fall,2026,"Pre-Calculus 12 with a grade of at least B or one of MATH 100, MATH 110, MATH 150, MATH 151, MATH 154, MATH 157, with a grade of at least C-.",MATH 100;MATH 110;MATH 150;MATH 151;MATH 154;MATH 157,False,"[{'days': 'Fr', 'startTime': '14:30', 'endTime': '15:20', 'campus': 'Burnaby'}]",,3.0
MATH 150,D100,fall,2026,"Pre-Calculus 12 (or equivalent) with a grade of at least B+, or MATH 100 with a grade of at least B-, or MATH 110 with a grade of at least A-.",MATH 100;MATH 110,False,"[{'days': 'Mo, We, Fr', 'startTime': '8:30', 'endTime': '9:20', 'campus': 'Burnaby'}]",Sheena Miao Ying Tan,4.0
MATH 150,D101,fall,2026,"Pre-Calculus 12 (or equivalent) with a grade of at least B+, or MATH 100 with a grade of at least B-, or MATH 110 with a grade of at least A-.",MATH 100;MATH 110,False,"[{'days': 'Tu', 'startTime': '8:30', 'endTime': '9:20', 'campus': 'Burnaby'}]",,4.0
MATH 150,D102,fall,2026,"Pre-Calculus 12 (or equivalent) with a grade of at least B+, or MATH 100 with a grade of at least B-, or MATH 110 with a grade of at least A-.",MATH 100;MATH 110,False,"[{'days': 'Tu', 'startTime': '9:30', 'endTime': '10:20', 'campus': 'Burnaby'}]",,4.0
MATH 150,D104,fall,2026,"Pre-Calculus 12 (or equivalent) with a grade of at least B+, or MATH 100 with a grade of at least B-, or MATH 110 with a grade of at least A-.",MATH 100;MATH 110,False,"[{'days': 'Tu', 'startTime': '16:30', 'endTime': '17:20', 'campus': 'Burnaby'}]",,4.0
MATH 150,D105,fall,2026,"Pre-Calculus 12 (or equivalent) with a grade of at least B+, or MATH 100 with a grade of at least B-, or MATH 110 with a grade of at least A-.",MATH 100;MATH 110,False,"[{'days': 'We', 'startTime': '15:30', 'endTime': '16:20', 'campus': 'Burnaby'}]",,4.0
MATH 150,D106,fall,2026,"Pre-Calculus 12 (or equivalent) with a grade of at least B+, or MATH 100 with a grade of at least B-, or MATH 110 with a grade of at least A-.",MATH 100;MATH 110,False,"[{'days': 'Th', 'startTime': '8:30', 'endTime': '9:20', 'campus': 'Burnaby'}]",,4.0
MATH 150,D107,fall,2026,"Pre-Calculus 12 (or equivalent) with a grade of at least B+, or MATH 100 with a grade of at least B-, or MATH 110 with a grade of at least A-.",MATH 100;MATH 110,False,"[{'days': 'Th', 'startTime': '9:30', 'endTime': '10:20', 'campus': 'Burnaby'}]",,4.0
MATH 150,D109,fall,2026,"Pre-Calculus 12 (or equivalent) with a grade of at least B+, or MATH 100 with a grade of at least B-, or MATH 110 with a grade of at least A-.",MATH 100;MATH 110,False,"[{'days': 'Th', 'startTime': '16:30', 'endTime': '17:20', 'campus': 'Burnaby'}]",,4.0
MATH 150,D110,fall,2026,"Pre-Calculus 12 (or equivalent) with a grade of at least B+, or MATH 100 with a grade of at least B-, or MATH 110 with a grade of at least A-.",MATH 100;MATH 110,False,"[{'days': 'We', 'startTime': '16:30', 'endTime': '17:20', 'campus': 'Burnaby'}]",,4.0
MATH 150,D400,fall,2026,"Pre-Calculus 12 (or equivalent) with a grade of at least B+, or MATH 100 with a grade of at least B-, or MATH 110 with a grade of at least A-.",MATH 100;MATH 110,False,"[{'days': 'Mo, We, Fr', 'startTime': '9:30', 'endTime': '10:20', 'campus': 'Surrey'}]",Vijay Singh;Vijaykumar Singh,4.0
MATH 150,D401,fall,2026,"Pre-Calculus 12 (or equivalent) with a grade of at least B+, or MATH 100 with a grade of at least B-, or MATH 110 with a grade of at least A-.",MATH 100;MATH 110,False,"[{'days': 'Th', 'startTime': '12:30', 'endTime': '13:20', 'campus': 'Surrey'}]",,4.0
MATH 150,D402,fall,2026,"Pre-Calculus 12 (or equivalent) with a grade of at least B+, or MATH 100 with a grade of at least B-, or MATH 110 with a grade of at least A-.",MATH 100;MATH 110,False,"[{'days': 'Th', 'startTime': '13:30', 'endTime': '14:20', 'campus': 'Surrey'}]",,4.0
MATH 150,D403,fall,2026,"Pre-Calculus 12 (or equivalent) with a grade of at least B+, or MATH 100 with a grade of at least B-, or MATH 110 with a grade of at least A-.",MATH 100;MATH 110,False,"[{'days': 'Th', 'startTime': '14:30', 'endTime': '15:20', 'campus': 'Surrey'}]",,4.0
MATH 150,OP01,fall,2026,"Pre-Calculus 12 (or equivalent) with a grade of at least B+, or MATH 100 with a grade of at least B-, or MATH 110 with a grade of at least A-.",MATH 100;MATH 110,False,[],,4.0
MATH 150,OP02,fall,2026,"Pre-Calculus 12 (or equivalent) with a grade of at least B+, or MATH 100 with a grade of at least B-, or MATH 110 with a grade of at least A-.",MATH 100;MATH 110,False,[],,4.0
MATH 151,D100,fall,2026,"Pre-Calculus 12 (or equivalent) with a grade of at least A, or MATH 100 with a grade of at least B, or MATH 110 with a grade of at least A.",MATH 100;MATH 110,False,"[{'days': 'Mo, We, Fr', 'startTime': '8:30', 'endTime': '9:20', 'campus': 'Burnaby'}]",Nils Bruin,3.0
MATH 151,D400,fall,2026,"Pre-Calculus 12 (or equivalent) with a grade of at least A, or MATH 100 with a grade of at least B, or MATH 110 with a grade of at least A.",MATH 100;MATH 110,False,"[{'days': 'Mo, We, Fr', 'startTime': '9:30', 'endTime': '10:20', 'campus': 'Surrey'}]",Vijay Singh;Vijaykumar Singh,3.0
MATH 151,OP01,fall,2026,"Pre-Calculus 12 (or equivalent) with a grade of at least A, or MATH 100 with a grade of at least B, or MATH 110 with a grade of at least A.",MATH 100;MATH 110,False,[],,3.0
MATH 151,OP02,fall,2026,"Pre-Calculus 12 (or equivalent) with a grade of at least A, or MATH 100 with a grade of at least B, or MATH 110 with a grade of at least A.",MATH 100;MATH 110,False,[],,3.0
MATH 152,D100,fall,2026,"MATH 150 or MATH 151, with a minimum grade of C-; or MATH 154 or MATH 157, with a minimum grade of B.",MATH 150;MATH 151;MATH 154;MATH 157,False,"[{'days': 'Mo, We, Fr', 'startTime': '8:30', 'endTime': '9:20', 'campus': 'Burnaby'}]",Michael Monagan,3.0
MATH 152,OP01,fall,2026,"MATH 150 or MATH 151, with a minimum grade of C-; or MATH 154 or MATH 157, with a minimum grade of B.",MATH 150;MATH 151;MATH 154;MATH 157,False,[],,3.0
MATH 154,D100,fall,2026,"Pre-Calculus 12 (or equivalent) with a grade of at least B, or MATH 100 with a grade of at least C-, or MATH 110 with a grade of at least C-.",MATH 100;MATH 110,False,"[{'days': 'Mo, We, Fr', 'startTime': '8:30', 'endTime': '9:20', 'campus': 'Burnaby'}]",,3.0
MATH 154,D400,fall,2026,"Pre-Calculus 12 (or equivalent) with a grade of at least B, or MATH 100 with a grade of at least C-, or MATH 110 with a grade of at least C-.",MATH 100;MATH 110,False,"[{'days': 'Mo, We, Fr', 'startTime': '9:30', 'endTime': '10:20', 'campus': 'Surrey'}]",Ladislav Stacho,3.0
MATH 154,OP01,fall,2026,"Pre-Calculus 12 (or equivalent) with a grade of at least B, or MATH 100 with a grade of at least C-, or MATH 110 with a grade of at least C-.",MATH 100;MATH 110,False,[],,3.0
MATH 154,OP02,fall,2026,"Pre-Calculus 12 (or equivalent) with a grade of at least B, or MATH 100 with a grade of at least C-, or MATH 110 with a grade of at least C-.",MATH 100;MATH 110,False,[],,3.0
MATH 157,D100,fall,2026,"Pre-Calculus 12 (or equivalent) with a grade of at least B, or MATH 100 with a grade of at least C, or MATH 110 with a grade of at least C.",MATH 100;MATH 110,False,"[{'days': 'Mo, We, Fr', 'startTime': '11:30', 'endTime': '12:20', 'campus': 'Burnaby'}]",Razvan Fetecau,3.0
MATH 157,D400,fall,2026,"Pre-Calculus 12 (or equivalent) with a grade of at least B, or MATH 100 with a grade of at least C, or MATH 110 with a grade of at least C.",MATH 100;MATH 110,False,"[{'days': 'Mo, We, Fr', 'startTime': '12:30', 'endTime': '13:20', 'campus': 'Surrey'}]",Justin Chan,3.0
MATH 157,OP01,fall,2026,"Pre-Calculus 12 (or equivalent) with a grade of at least B, or MATH 100 with a grade of at least C, or MATH 110 with a grade of at least C.",MATH 100;MATH 110,False,[],,3.0
MATH 157,OP02,fall,2026,"Pre-Calculus 12 (or equivalent) with a grade of at least B, or MATH 100 with a grade of at least C, or MATH 110 with a grade of at least C.",MATH 100;MATH 110,False,[],,3.0
MATH 190,B100,fall,2026,"Pre-Calculus 11 or Foundations of Mathematics 11 (or equivalent) with a grade of at least B, or Pre-Calculus 12 (or equivalent) with a grade of at least C, or SFU FAN X99 course with a grade of at least C.",,False,"[{'days': 'Tu, Th', 'startTime': '10:30', 'endTime': '12:20', 'campus': 'Burnaby'}]",Sheena Miao Ying Tan,4.0
MATH 190,B101,fall,2026,"Pre-Calculus 11 or Foundations of Mathematics 11 (or equivalent) with a grade of at least B, or Pre-Calculus 12 (or equivalent) with a grade of at least C, or SFU FAN X99 course with a grade of at least C.",,False,[],,4.0
MATH 190,OL01,fall,2026,"Pre-Calculus 11 or Foundations of Mathematics 11 (or equivalent) with a grade of at least B, or Pre-Calculus 12 (or equivalent) with a grade of at least C, or SFU FAN X99 course with a grade of at least C.",,False,[],Jessica Stockdale;Danielle Wills,4.0
MATH 190,OP01,fall,2026,"Pre-Calculus 11 or Foundations of Mathematics 11 (or equivalent) with a grade of at least B, or Pre-Calculus 12 (or equivalent) with a grade of at least C, or SFU FAN X99 course with a grade of at least C.",,False,[],,4.0
MATH 232,D100,fall,2026,"MATH 150 or 151 or MACM 101, with a minimum grade of C-; or MATH 154 or 157, both with a grade of at least B.",MATH 150;MACM 101;MATH 154,False,"[{'days': 'Mo, We, Fr', 'startTime': '11:30', 'endTime': '12:20', 'campus': 'Burnaby'}]",Jamie Mulholland,3.0
MATH 232,D400,fall,2026,"MATH 150 or 151 or MACM 101, with a minimum grade of C-; or MATH 154 or 157, both with a grade of at least B.",MATH 150;MACM 101;MATH 154,False,"[{'days': 'Mo, We, Fr', 'startTime': '13:30', 'endTime': '14:20', 'campus': 'Surrey'}]",Tareq Uz Zaman,3.0
MATH 232,OP01,fall,2026,"MATH 150 or 151 or MACM 101, with a minimum grade of C-; or MATH 154 or 157, both with a grade of at least B.",MATH 150;MACM 101;MATH 154,False,[],,3.0
MATH 232,OP02,fall,2026,"MATH 150 or 151 or MACM 101, with a minimum grade of C-; or MATH 154 or 157, both with a grade of at least B.",MATH 150;MACM 101;MATH 154,False,[],,3.0
MATH 240,D100,fall,2026,"MATH 150 or 151 or MACM 101, with a minimum grade of C-; or MATH 154 or 157, both with a grade of at least B. Students are advised to have taken MATH 141.",MATH 150;MACM 101;MATH 154;MATH 141,False,"[{'days': 'Mo, We, Fr', 'startTime': '11:30', 'endTime': '12:20', 'campus': 'Burnaby'}]",Nilima Nigam,3.0
MATH 240,OP01,fall,2026,"MATH 150 or 151 or MACM 101, with a minimum grade of C-; or MATH 154 or 157, both with a grade of at least B. Students are advised to have taken MATH 141.",MATH 150;MACM 101;MATH 154;MATH 141,False,[],,3.0
MATH 251,D100,fall,2026,"MATH 152 with a minimum grade of C-; or MATH 158 with a grade of at least B. Also, for students in the life sciences, MATH 154 with a minimum grade of C- and MATH 155 with a minimum grade of A-. Recommended: It is recommended that MATH 240 or 232 be taken before or concurrently with MATH 251.",MATH 152;MATH 158;MATH 154;MATH 155,False,"[{'days': 'Mo, We, Fr', 'startTime': '8:30', 'endTime': '9:20', 'campus': 'Burnaby'}]",Peter McDonald,3.0
MATH 251,D400,fall,2026,"MATH 152 with a minimum grade of C-; or MATH 158 with a grade of at least B. Also, for students in the life sciences, MATH 154 with a minimum grade of C- and MATH 155 with a minimum grade of A-. Recommended: It is recommended that MATH 240 or 232 be taken before or concurrently with MATH 251.",MATH 152;MATH 158;MATH 154;MATH 155,False,"[{'days': 'Mo, We, Fr', 'startTime': '8:30', 'endTime': '9:20', 'campus': 'Surrey'}]",Justin Chan,3.0
MATH 251,OP01,fall,2026,"MATH 152 with a minimum grade of C-; or MATH 158 with a grade of at least B. Also, for students in the life sciences, MATH 154 with a minimum grade of C- and MATH 155 with a minimum grade of A-. Recommended: It is recommended that MATH 240 or 232 be taken before or concurrently with MATH 251.",MATH 152;MATH 158;MATH 154;MATH 155,False,[],,3.0
MATH 251,OP02,fall,2026,"MATH 152 with a minimum grade of C-; or MATH 158 with a grade of at least B. Also, for students in the life sciences, MATH 154 with a minimum grade of C- and MATH 155 with a minimum grade of A-. Recommended: It is recommended that MATH 240 or 232 be taken before or concurrently with MATH 251.",MATH 152;MATH 158;MATH 154;MATH 155,False,[],,3.0
MATH 260,D100,fall,2026,"MATH 152 with a minimum grade of C-; or MATH 155 or 158, with a grade of at least B; MATH 232 or 240, with a minimum grade of C-.",MATH 152;MATH 155;MATH 232,False,"[{'days': 'Mo, We, Fr', 'startTime': '10:30', 'endTime': '11:20', 'campus': 'Burnaby'}]",Ralf Wittenberg,3.0
MATH 260,D101,fall,2026,"MATH 152 with a minimum grade of C-; or MATH 155 or 158, with a grade of at least B; MATH 232 or 240, with a minimum grade of C-.",MATH 152;MATH 155;MATH 232,False,"[{'days': 'Mo', 'startTime': '16:30', 'endTime': '17:20', 'campus': 'Burnaby'}]",,3.0
MATH 260,D102,fall,2026,"MATH 152 with a minimum grade of C-; or MATH 155 or 158, with a grade of at least B; MATH 232 or 240, with a minimum grade of C-.",MATH 152;MATH 155;MATH 232,False,"[{'days': 'Mo', 'startTime': '17:30', 'endTime': '18:20', 'campus': 'Burnaby'}]",,3.0
MATH 260,D104,fall,2026,"MATH 152 with a minimum grade of C-; or MATH 155 or 158, with a grade of at least B; MATH 232 or 240, with a minimum grade of C-.",MATH 152;MATH 155;MATH 232,False,"[{'days': 'Tu', 'startTime': '10:30', 'endTime': '11:20', 'campus': 'Burnaby'}]",,3.0
MATH 260,D105,fall,2026,"MATH 152 with a minimum grade of C-; or MATH 155 or 158, with a grade of at least B; MATH 232 or 240, with a minimum grade of C-.",MATH 152;MATH 155;MATH 232,False,"[{'days': 'Tu', 'startTime': '11:30', 'endTime': '12:20', 'campus': 'Burnaby'}]",,3.0
MATH 303,D100,fall,2026,"MATH 152 or 155 or 158, and MATH 232 or 240, all with a minimum grade of C-. There may be additional prerequisites depending on the specific course topic.",MATH 152;MATH 232,False,"[{'days': 'Mo', 'startTime': '14:30', 'endTime': '15:20', 'campus': 'Burnaby'}, {'days': 'Th', 'startTime': '14:30', 'endTime': '16:20', 'campus': 'Burnaby'}]",,3.0
MATH 303,D101,fall,2026,"MATH 152 or 155 or 158, and MATH 232 or 240, all with a minimum grade of C-. There may be additional prerequisites depending on the specific course topic.",MATH 152;MATH 232,False,"[{'days': 'Th', 'startTime': '12:30', 'endTime': '13:20', 'campus': 'Burnaby'}]",,3.0
MATH 303,D102,fall,2026,"MATH 152 or 155 or 158, and MATH 232 or 240, all with a minimum grade of C-. There may be additional prerequisites depending on the specific course topic.",MATH 152;MATH 232,False,"[{'days': 'Th', 'startTime': '13:30', 'endTime': '14:20', 'campus': 'Burnaby'}]",,3.0
MATH 308,D100,fall,2026,"MATH 150, 151, 154, or 157 and MATH 240 or 232, all with a minimum grade of C-.",MATH 150;MATH 240,False,"[{'days': 'Mo, We, Fr', 'startTime': '14:30', 'endTime': '15:20', 'campus': 'Burnaby'}]",Petr Lisonek,3.0
MATH 308,D101,fall,2026,"MATH 150, 151, 154, or 157 and MATH 240 or 232, all with a minimum grade of C-.",MATH 150;MATH 240,False,"[{'days': 'Tu', 'startTime': '14:30', 'endTime': '15:20', 'campus': 'Burnaby'}]",,3.0
MATH 308,D102,fall,2026,"MATH 150, 151, 154, or 157 and MATH 240 or 232, all with a minimum grade of C-.",MATH 150;MATH 240,False,"[{'days': 'Tu', 'startTime': '15:30', 'endTime': '16:20', 'campus': 'Burnaby'}]",,3.0
MATH 308,D103,fall,2026,"MATH 150, 151, 154, or 157 and MATH 240 or 232, all with a minimum grade of C-.",MATH 150;MATH 240,False,"[{'days': 'Tu', 'startTime': '16:30', 'endTime': '17:20', 'campus': 'Burnaby'}]",,3.0
MATH 309,D100,fall,2026,"MATH 232 or 240, and 251, all with a minimum grade of C-.",MATH 232,False,"[{'days': 'Tu', 'startTime': '10:30', 'endTime': '12:20', 'campus': 'Burnaby'}, {'days': 'Fr', 'startTime': '10:30', 'endTime': '11:20', 'campus': 'Burnaby'}]",,3.0
MATH 309,D102,fall,2026,"MATH 232 or 240, and 251, all with a minimum grade of C-.",MATH 232,False,"[{'days': 'Fr', 'startTime': '14:30', 'endTime': '15:20', 'campus': 'Burnaby'}]",,3.0
MATH 309,D103,fall,2026,"MATH 232 or 240, and 251, all with a minimum grade of C-.",MATH 232,False,"[{'days': 'Fr', 'startTime': '15:30', 'endTime': '16:20', 'campus': 'Burnaby'}]",,3.0
MATH 322,D100,fall,2026,MATH 251 with a minimum grade of C-.,MATH 251,False,"[{'days': 'Mo, We, Fr', 'startTime': '13:30', 'endTime': '14:20', 'campus': 'Burnaby'}]",Katrina Honigs,3.0
MATH 322,D101,fall,2026,MATH 251 with a minimum grade of C-.,MATH 251,False,"[{'days': 'We', 'startTime': '14:30', 'endTime': '15:20', 'campus': 'Burnaby'}]",,3.0
MATH 322,D102,fall,2026,MATH 251 with a minimum grade of C-.,MATH 251,False,"[{'days': 'We', 'startTime': '15:30', 'endTime': '16:20', 'campus': 'Burnaby'}]",,3.0
MATH 322,D103,fall,2026,MATH 251 with a minimum grade of C-.,MATH 251,False,"[{'days': 'We', 'startTime': '16:30', 'endTime': '17:20', 'campus': 'Burnaby'}]",,3.0
MATH 336,D100,fall,2026,"Students must apply to and receive permission from the co-op co-ordinator at least one, preferably two, terms in advance. They will normally be required to have completed 45 units with a GPA of 2.5. This course will be graded on a pass/withdraw basis. A course fee is required.",,True,[],Hadar Hamid;Natalia Bussard,3.0
MATH 336,D200,fall,2026,"Students must apply to and receive permission from the co-op co-ordinator at least one, preferably two, terms in advance. They will normally be required to have completed 45 units with a GPA of 2.5. This course will be graded on a pass/withdraw basis. A course fee is required.",,True,[],Hadar Hamid;Natalia Bussard,3.0
MATH 336,I100,fall,2026,"Students must apply to and receive permission from the co-op co-ordinator at least one, preferably two, terms in advance. They will normally be required to have completed 45 units with a GPA of 2.5. This course will be graded on a pass/withdraw basis. A course fee is required.",,True,[],Hadar Hamid;Natalia Bussard,3.0
MATH 337,D100,fall,2026,MATH 336 and permission of the co-op co-ordinator; students must apply at least one term in advance.,MATH 336,False,[],Hadar Hamid;Natalia Bussard,3.0
MATH 337,D200,fall,2026,MATH 336 and permission of the co-op co-ordinator; students must apply at least one term in advance.,MATH 336,False,[],Hadar Hamid;Natalia Bussard,3.0
MATH 337,I100,fall,2026,MATH 336 and permission of the co-op co-ordinator; students must apply at least one term in advance.,MATH 336,False,[],Hadar Hamid;Natalia Bussard,3.0
MATH 340,D100,fall,2026,MATH 240 with a minimum grade of C- or MATH 232 with a grade of at least B.,MATH 240;MATH 232,False,"[{'days': 'Mo, We, Fr', 'startTime': '11:30', 'endTime': '12:20', 'campus': 'Burnaby'}]",Amarpreet Rattan,3.0
MATH 340,D102,fall,2026,MATH 240 with a minimum grade of C- or MATH 232 with a grade of at least B.,MATH 240;MATH 232,False,"[{'days': 'We', 'startTime': '15:30', 'endTime': '16:20', 'campus': 'Burnaby'}]",,3.0
MATH 340,D103,fall,2026,MATH 240 with a minimum grade of C- or MATH 232 with a grade of at least B.,MATH 240;MATH 232,False,"[{'days': 'We', 'startTime': '16:30', 'endTime': '17:20', 'campus': 'Burnaby'}]",,3.0
MATH 340,D104,fall,2026,MATH 240 with a minimum grade of C- or MATH 232 with a grade of at least B.,MATH 240;MATH 232,False,"[{'days': 'We', 'startTime': '17:30', 'endTime': '18:20', 'campus': 'Burnaby'}]",,3.0
MATH 345,D100,fall,2026,MACM 201 with a minimum grade of C-.,MACM 201,False,"[{'days': 'Mo, We, Fr', 'startTime': '15:30', 'endTime': '16:20', 'campus': 'Burnaby'}]",Matthew DeVos,3.0
MATH 345,D101,fall,2026,MACM 201 with a minimum grade of C-.,MACM 201,False,"[{'days': 'Th', 'startTime': '14:30', 'endTime': '15:20', 'campus': 'Burnaby'}]",,3.0
MATH 360,D100,fall,2026,"MATH 155 with a minimum grade of B-; or one of MATH 152 or MATH 158, and one of MATH 232 or MATH 240, all with a minimum grade of C-.",MATH 155;MATH 152;MATH 158;MATH 232;MATH 240,False,"[{'days': 'Mo, We, Fr', 'startTime': '14:30', 'endTime': '15:20', 'campus': 'Burnaby'}]",Ben Ashby,3.0
MATH 408,D100,fall,2026,MATH 308 with a minimum grade of C-.,MATH 308,False,"[{'days': 'Mo', 'startTime': '14:30', 'endTime': '16:20', 'campus': 'Burnaby'}, {'days': 'We', 'startTime': '14:30', 'endTime': '15:20', 'campus': 'Burnaby'}]",Tamon Stephen,3.0
MATH 418,D100,fall,2026,"(MATH 260 or MATH 310) and one of MATH 314, MATH 320, MATH 322, PHYS 384, all with a minimum grade of C-. An alternative to the above prerequisite is both of (MATH 252 or MATH 254) and (MATH 260 or MATH 310), both with grades of at least A-.",MATH 260;MATH 310;MATH 314;MATH 320;MATH 322;PHYS 384;MATH 252;MATH 254,False,"[{'days': 'Mo, We, Fr', 'startTime': '12:30', 'endTime': '13:20', 'campus': 'Burnaby'}]",Ralf Wittenberg,3.0
MATH 436,D100,fall,2026,MATH 337 and permission of the co-op co-ordinator; students must apply at least one term in advance.,MATH 337,False,[],Hadar Hamid;Natalia Bussard,3.0
MATH 436,D200,fall,2026,MATH 337 and permission of the co-op co-ordinator; students must apply at least one term in advance.,MATH 337,False,[],Hadar Hamid;Natalia Bussard,3.0
MATH 436,I100,fall,2026,MATH 337 and permission of the co-op co-ordinator; students must apply at least one term in advance.,MATH 337,False,[],Hadar Hamid;Natalia Bussard,3.0
MATH 437,D100,fall,2026,MATH 436 and permission of the co-op co-ordinator; students must apply at least one term in advance.,MATH 436,False,[],Hadar Hamid;Natalia Bussard,3.0
MATH 437,D200,fall,2026,MATH 436 and permission of the co-op co-ordinator; students must apply at least one term in advance.,MATH 436,False,[],Hadar Hamid;Natalia Bussard,3.0
MATH 437,I100,fall,2026,MATH 436 and permission of the co-op co-ordinator; students must apply at least one term in advance.,MATH 436,False,[],Hadar Hamid;Natalia Bussard,3.0
MATH 447,D100,fall,2026,"MATH 340 or 332, with a minimum grade of C-.",MATH 340,False,"[{'days': 'Mo, We, Fr', 'startTime': '11:30', 'endTime': '12:20', 'campus': 'Burnaby'}]",Petr Lisonek,3.0
MATH 450,D100,fall,2026,"MATH 242 and MATH 340, with a minimum grade of C-.",MATH 242;MATH 340,False,"[{'days': 'Mo, We, Fr', 'startTime': '13:30', 'endTime': '14:20', 'campus': 'Burnaby'}]",Imin Chen,3.0
MATH 486,D100,fall,2026,MATH 437 and permission of the co-op co-ordinator. Students must apply at least one term in advance.,MATH 437,False,[],Hadar Hamid;Natalia Bussard,3.0
MATH 486,D200,fall,2026,MATH 437 and permission of the co-op co-ordinator. Students must apply at least one term in advance.,MATH 437,False,[],Hadar Hamid;Natalia Bussard,3.0
MATH 486,I100,fall,2026,MATH 437 and permission of the co-op co-ordinator. Students must apply at least one term in advance.,MATH 437,False,[],Hadar Hamid;Natalia Bussard,3.0
MATH 498,D100,fall,2026,,,False,"[{'days': 'Th', 'startTime': '12:30', 'endTime': '14:20', 'campus': 'Burnaby'}]",Ben Ashby,1.0
MATH 499W,D100,fall,2026,18 units of upper division MATH or MACM courses. Must be in an honours program with a GPA of at least 3.0. Corequisite: MATH 498. Students must have an approved project prior to enrollment.,MATH 498,False,[],Ben Ashby,5.0
MATH 708,G100,fall,2026,,,False,"[{'days': 'Mo', 'startTime': '14:30', 'endTime': '16:20', 'campus': 'Burnaby'}, {'days': 'We', 'startTime': '14:30', 'endTime': '15:20', 'campus': 'Burnaby'}]",Tamon Stephen,3.0
MATH 716,G100,fall,2026,,,False,"[{'days': 'Mo, We, Fr', 'startTime': '10:30', 'endTime': '11:20', 'campus': 'Burnaby'}]",,3.0
MATH 718,G100,fall,2026,,,False,"[{'days': 'Mo, We, Fr', 'startTime': '12:30', 'endTime': '13:20', 'campus': 'Burnaby'}]",Ralf Wittenberg,3.0
MATH 747,G100,fall,2026,,,False,"[{'days': 'Mo, We, Fr', 'startTime': '11:30', 'endTime': '12:20', 'campus': 'Burnaby'}]",Petr Lisonek,3.0
MATH 750,G100,fall,2026,,,False,"[{'days': 'Mo, We, Fr', 'startTime': '13:30', 'endTime': '14:20', 'campus': 'Burnaby'}]",Imin Chen,3.0
MATH 818,G100,fall,2026,,,False,"[{'days': 'We, Fr', 'startTime': '14:30', 'endTime': '16:20', 'campus': 'Burnaby'}]",Nathan Ilten,4.0
MATH 821,G100,fall,2026,,,False,"[{'days': 'Tu, Th', 'startTime': '10:30', 'endTime': '12:20', 'campus': 'Burnaby'}]",Amarpreet Rattan,4.0
MATH 875,G100,fall,2026,Only available to students in Mathematics PhD program. Corequisite: MATH 876.,MATH 876,False,[],,
MATH 876,G100,fall,2026,Only available to students in Mathematics PhD program. Corequisite: MATH 875.,MATH 875,False,[],,
MATH 877,G100,fall,2026,,,False,[],,1.0
MATH 879,G100,fall,2026,,,False,[],,
MATH 879,G200,fall,2026,,,False,[],,
MATH 880,G100,fall,2026,,,False,[],,6.0
MATH 880,G200,fall,2026,,,False,[],,6.0
MATH 890,G100,fall,2026,,,False,[],Hadar Hamid;Natalia Bussard,
MATH 890,G200,fall,2026,,,False,[],Hadar Hamid;Natalia Bussard,
MATH 890,I100,fall,2026,,,False,[],Hadar Hamid;Natalia Bussard,
MATH 891,G100,fall,2026,,,False,[],Hadar Hamid;Natalia Bussard,
MATH 891,G200,fall,2026,,,False,[],Hadar Hamid;Natalia Bussard,
MATH 891,I100,fall,2026,,,False,[],Hadar Hamid;Natalia Bussard,
MATH 894,G100,fall,2026,,,False,[],,2.0
MATH 894,G200,fall,2026,,,False,[],,2.0
MATH 895,G100,fall,2026,,,False,[],Nilima Nigam,4.0
MATH 895,G200,fall,2026,,,False,[],,4.0
MATH 898,G100,fall,2026,,,False,[],,18.0
MATH 898,G200,fall,2026,,,False,[],,18.0
MATH 898,G300,fall,2026,,,False,[],,18.0
MATH 899,G100,fall,2026,,,False,[],,18.0
MATH 899,G200,fall,2026,,,False,[],,18.0
MATH 899,G300,fall,2026,,,False,[],,18.0
MBB 110,D100,fall,2026,BISC 101; MATH 12 or equivalent is recommended.,BISC 101,False,"[{'days': 'Tu', 'startTime': '8:30', 'endTime': '10:20', 'campus': 'Burnaby'}]",Sophie Sneddon,3.0
MBB 110,D101,fall,2026,BISC 101; MATH 12 or equivalent is recommended.,BISC 101,False,"[{'days': 'We', 'startTime': '8:30', 'endTime': '10:20', 'campus': 'Burnaby'}]",Sophie Sneddon,3.0
MBB 110,D102,fall,2026,BISC 101; MATH 12 or equivalent is recommended.,BISC 101,False,"[{'days': 'We', 'startTime': '10:30', 'endTime': '12:20', 'campus': 'Burnaby'}]",Sophie Sneddon,3.0
MBB 151,D100,fall,2026,Acceptance in the Science Co-operative Education Program.,,True,[],Susan Wiggins,3.0
MBB 151,D200,fall,2026,Acceptance in the Science Co-operative Education Program.,,True,[],Susan Wiggins,3.0
MBB 151,I100,fall,2026,Acceptance in the Science Co-operative Education Program.,,True,[],Susan Wiggins,3.0
MBB 201,D100,fall,2026,BISC 101; CHEM 281 as prerequisite or corequisite.,BISC 101;CHEM 281,False,"[{'days': 'We, Fr', 'startTime': '14:30', 'endTime': '16:20', 'campus': 'Burnaby'}]",Ingrid Northwood,3.0
MBB 201,D101,fall,2026,BISC 101; CHEM 281 as prerequisite or corequisite.,BISC 101;CHEM 281,False,"[{'days': 'Mo', 'startTime': '14:30', 'endTime': '15:20', 'campus': 'Burnaby'}]",,3.0
MBB 201,D102,fall,2026,BISC 101; CHEM 281 as prerequisite or corequisite.,BISC 101;CHEM 281,False,"[{'days': 'Mo', 'startTime': '15:30', 'endTime': '16:20', 'campus': 'Burnaby'}]",,3.0
MBB 201,D103,fall,2026,BISC 101; CHEM 281 as prerequisite or corequisite.,BISC 101;CHEM 281,False,"[{'days': 'Mo', 'startTime': '16:30', 'endTime': '17:20', 'campus': 'Burnaby'}]",,3.0
MBB 201,D104,fall,2026,BISC 101; CHEM 281 as prerequisite or corequisite.,BISC 101;CHEM 281,False,"[{'days': 'Tu', 'startTime': '12:30', 'endTime': '13:20', 'campus': 'Burnaby'}]",,3.0
MBB 222,D100,fall,2026,or Corequisite CHEM 281.,CHEM 281,False,"[{'days': 'Mo, We, Fr', 'startTime': '11:30', 'endTime': '12:20', 'campus': 'Burnaby'}]",Edgar Young,3.0
MBB 222,D101,fall,2026,or Corequisite CHEM 281.,CHEM 281,False,"[{'days': 'Mo', 'startTime': '8:30', 'endTime': '9:20', 'campus': 'Burnaby'}]",,3.0
MBB 222,D102,fall,2026,or Corequisite CHEM 281.,CHEM 281,False,"[{'days': 'Mo', 'startTime': '9:30', 'endTime': '10:20', 'campus': 'Burnaby'}]",,3.0
MBB 222,D103,fall,2026,or Corequisite CHEM 281.,CHEM 281,False,"[{'days': 'Mo', 'startTime': '10:30', 'endTime': '11:20', 'campus': 'Burnaby'}]",,3.0
MBB 222,D104,fall,2026,or Corequisite CHEM 281.,CHEM 281,False,"[{'days': 'Mo', 'startTime': '12:30', 'endTime': '13:20', 'campus': 'Burnaby'}]",,3.0
MBB 222,D105,fall,2026,or Corequisite CHEM 281.,CHEM 281,False,"[{'days': 'Mo', 'startTime': '13:30', 'endTime': '14:20', 'campus': 'Burnaby'}]",,3.0
MBB 222,D106,fall,2026,or Corequisite CHEM 281.,CHEM 281,False,"[{'days': 'Mo', 'startTime': '14:30', 'endTime': '15:20', 'campus': 'Burnaby'}]",,3.0
MBB 222,D107,fall,2026,or Corequisite CHEM 281.,CHEM 281,False,"[{'days': 'Mo', 'startTime': '15:30', 'endTime': '16:20', 'campus': 'Burnaby'}]",,3.0
MBB 222,D108,fall,2026,or Corequisite CHEM 281.,CHEM 281,False,"[{'days': 'Tu', 'startTime': '11:30', 'endTime': '12:20', 'campus': 'Burnaby'}]",,3.0
MBB 222,D109,fall,2026,or Corequisite CHEM 281.,CHEM 281,False,"[{'days': 'We', 'startTime': '9:30', 'endTime': '10:20', 'campus': 'Burnaby'}]",,3.0
MBB 222,D110,fall,2026,or Corequisite CHEM 281.,CHEM 281,False,"[{'days': 'We', 'startTime': '12:30', 'endTime': '13:20', 'campus': 'Burnaby'}]",,3.0
MBB 222,D111,fall,2026,or Corequisite CHEM 281.,CHEM 281,False,"[{'days': 'Mo', 'startTime': '9:30', 'endTime': '10:20', 'campus': 'Burnaby'}]",,3.0
MBB 229,LA01,fall,2026,or Corequisite: MBB 222 with a minimum grade of C- or better.,MBB 222,False,"[{'days': 'Tu', 'startTime': '13:30', 'endTime': '17:20', 'campus': 'Burnaby'}]",Sophie Sneddon,3.0
MBB 229,LA02,fall,2026,or Corequisite: MBB 222 with a minimum grade of C- or better.,MBB 222,False,"[{'days': 'We', 'startTime': '13:30', 'endTime': '17:20', 'campus': 'Burnaby'}]",Sophie Sneddon,3.0
MBB 229,LA03,fall,2026,or Corequisite: MBB 222 with a minimum grade of C- or better.,MBB 222,False,"[{'days': 'Th', 'startTime': '13:30', 'endTime': '17:20', 'campus': 'Burnaby'}]",Sophie Sneddon,3.0
MBB 229,LA05,fall,2026,or Corequisite: MBB 222 with a minimum grade of C- or better.,MBB 222,False,"[{'days': 'Mo', 'startTime': '13:30', 'endTime': '17:20', 'campus': 'Burnaby'}]",Sophie Sneddon,3.0
MBB 229,LA07,fall,2026,or Corequisite: MBB 222 with a minimum grade of C- or better.,MBB 222,False,"[{'days': 'Fr', 'startTime': '13:30', 'endTime': '17:20', 'campus': 'Burnaby'}]",Sophie Sneddon,3.0
MBB 231,D100,fall,2026,"MBB 222, BISC 101, CHEM 281, all with a minimum grade of C- or better.",MBB 222;BISC 101;CHEM 281,False,"[{'days': 'Mo, We, Fr', 'startTime': '11:30', 'endTime': '12:20', 'campus': 'Burnaby'}]",Valentin Jaumouillé,3.0
MBB 231,D101,fall,2026,"MBB 222, BISC 101, CHEM 281, all with a minimum grade of C- or better.",MBB 222;BISC 101;CHEM 281,False,"[{'days': 'We', 'startTime': '8:30', 'endTime': '9:20', 'campus': 'Burnaby'}]",,3.0
MBB 231,D102,fall,2026,"MBB 222, BISC 101, CHEM 281, all with a minimum grade of C- or better.",MBB 222;BISC 101;CHEM 281,False,"[{'days': 'We', 'startTime': '9:30', 'endTime': '10:20', 'campus': 'Burnaby'}]",,3.0
MBB 231,D103,fall,2026,"MBB 222, BISC 101, CHEM 281, all with a minimum grade of C- or better.",MBB 222;BISC 101;CHEM 281,False,"[{'days': 'We', 'startTime': '10:30', 'endTime': '11:20', 'campus': 'Burnaby'}]",,3.0
MBB 231,D104,fall,2026,"MBB 222, BISC 101, CHEM 281, all with a minimum grade of C- or better.",MBB 222;BISC 101;CHEM 281,False,"[{'days': 'We', 'startTime': '12:30', 'endTime': '13:20', 'campus': 'Burnaby'}]",,3.0
MBB 231,D105,fall,2026,"MBB 222, BISC 101, CHEM 281, all with a minimum grade of C- or better.",MBB 222;BISC 101;CHEM 281,False,"[{'days': 'We', 'startTime': '13:30', 'endTime': '14:20', 'campus': 'Burnaby'}]",,3.0
MBB 231,D106,fall,2026,"MBB 222, BISC 101, CHEM 281, all with a minimum grade of C- or better.",MBB 222;BISC 101;CHEM 281,False,"[{'days': 'Th', 'startTime': '8:30', 'endTime': '9:20', 'campus': 'Burnaby'}]",,3.0
MBB 231,D107,fall,2026,"MBB 222, BISC 101, CHEM 281, all with a minimum grade of C- or better.",MBB 222;BISC 101;CHEM 281,False,"[{'days': 'Th', 'startTime': '9:30', 'endTime': '10:20', 'campus': 'Burnaby'}]",,3.0
MBB 231,D108,fall,2026,"MBB 222, BISC 101, CHEM 281, all with a minimum grade of C- or better.",MBB 222;BISC 101;CHEM 281,False,"[{'days': 'Th', 'startTime': '14:30', 'endTime': '15:20', 'campus': 'Burnaby'}]",,3.0
MBB 251,D100,fall,2026,Acceptance in the Science Co-operative Education Program.,,True,[],Susan Wiggins,3.0
MBB 251,D200,fall,2026,Acceptance in the Science Co-operative Education Program.,,True,[],Susan Wiggins,3.0
MBB 251,I100,fall,2026,Acceptance in the Science Co-operative Education Program.,,True,[],Susan Wiggins,3.0
MBB 304,D100,fall,2026,MBB 231 with a minimum grade of C.,MBB 231,False,"[{'days': 'Tu, Th', 'startTime': '10:30', 'endTime': '12:20', 'campus': 'Burnaby'}]",Timothy Audas,3.0
MBB 308,D100,fall,2026,MBB 229 with a minimum grade of C. Corequisite: MBB 331.,MBB 229;MBB 331,False,"[{'days': 'Mo', 'startTime': '14:30', 'endTime': '16:20', 'campus': 'Burnaby'}]",Stephanie Vlachos,4.0
MBB 308,D101,fall,2026,MBB 229 with a minimum grade of C. Corequisite: MBB 331.,MBB 229;MBB 331,False,"[{'days': 'Tu', 'startTime': '13:30', 'endTime': '17:20', 'campus': 'Burnaby'}]",Stephanie Vlachos,4.0
MBB 308,D102,fall,2026,MBB 229 with a minimum grade of C. Corequisite: MBB 331.,MBB 229;MBB 331,False,"[{'days': 'We', 'startTime': '13:30', 'endTime': '17:20', 'campus': 'Burnaby'}]",Stephanie Vlachos,4.0
MBB 308,D103,fall,2026,MBB 229 with a minimum grade of C. Corequisite: MBB 331.,MBB 229;MBB 331,False,"[{'days': 'Th', 'startTime': '13:30', 'endTime': '17:20', 'campus': 'Burnaby'}]",Stephanie Vlachos,4.0
MBB 321,D100,fall,2026,"MBB 231, with a minimum grade of C.",MBB 231,False,"[{'days': 'Mo, We, Fr', 'startTime': '12:30', 'endTime': '13:20', 'campus': 'Burnaby'}]",- TBA,3.0
MBB 321,D101,fall,2026,"MBB 231, with a minimum grade of C.",MBB 231,False,"[{'days': 'Tu', 'startTime': '9:30', 'endTime': '10:20', 'campus': 'Burnaby'}]",,3.0
MBB 321,D102,fall,2026,"MBB 231, with a minimum grade of C.",MBB 231,False,"[{'days': 'We', 'startTime': '10:30', 'endTime': '11:20', 'campus': 'Burnaby'}]",,3.0
MBB 321,D103,fall,2026,"MBB 231, with a minimum grade of C.",MBB 231,False,"[{'days': 'We', 'startTime': '11:30', 'endTime': '12:20', 'campus': 'Burnaby'}]",,3.0
MBB 321,D104,fall,2026,"MBB 231, with a minimum grade of C.",MBB 231,False,"[{'days': 'Fr', 'startTime': '11:30', 'endTime': '12:20', 'campus': 'Burnaby'}]",,3.0
MBB 321,D105,fall,2026,"MBB 231, with a minimum grade of C.",MBB 231,False,"[{'days': 'Fr', 'startTime': '13:30', 'endTime': '14:20', 'campus': 'Burnaby'}]",,3.0
MBB 322,D100,fall,2026,"MBB 231, with a minimum grade of C.",MBB 231,False,"[{'days': 'Mo, We, Fr', 'startTime': '9:30', 'endTime': '10:20', 'campus': 'Burnaby'}]",Nancy Hawkins,3.0
MBB 322,D101,fall,2026,"MBB 231, with a minimum grade of C.",MBB 231,False,"[{'days': 'Tu', 'startTime': '12:30', 'endTime': '13:20', 'campus': 'Burnaby'}]",,3.0
MBB 322,D102,fall,2026,"MBB 231, with a minimum grade of C.",MBB 231,False,"[{'days': 'We', 'startTime': '10:30', 'endTime': '11:20', 'campus': 'Burnaby'}]",,3.0
MBB 322,D103,fall,2026,"MBB 231, with a minimum grade of C.",MBB 231,False,"[{'days': 'We', 'startTime': '13:30', 'endTime': '14:20', 'campus': 'Burnaby'}]",,3.0
MBB 322,D104,fall,2026,"MBB 231, with a minimum grade of C.",MBB 231,False,"[{'days': 'Fr', 'startTime': '12:30', 'endTime': '13:20', 'campus': 'Burnaby'}]",,3.0
MBB 326,D100,fall,2026,MBB 231 with a minimum grade of C.,MBB 231,False,"[{'days': 'Tu, Th', 'startTime': '14:30', 'endTime': '16:20', 'campus': 'Burnaby'}]",Jonathan Choy,3.0
MBB 326,D102,fall,2026,MBB 231 with a minimum grade of C.,MBB 231,False,"[{'days': 'We', 'startTime': '11:30', 'endTime': '12:20', 'campus': 'Burnaby'}]",,3.0
MBB 326,D103,fall,2026,MBB 231 with a minimum grade of C.,MBB 231,False,"[{'days': 'We', 'startTime': '16:30', 'endTime': '17:20', 'campus': 'Burnaby'}]",,3.0
MBB 326,D104,fall,2026,MBB 231 with a minimum grade of C.,MBB 231,False,"[{'days': 'Fr', 'startTime': '11:30', 'endTime': '12:20', 'campus': 'Burnaby'}]",,3.0
MBB 326,D105,fall,2026,MBB 231 with a minimum grade of C.,MBB 231,False,"[{'days': 'Fr', 'startTime': '12:30', 'endTime': '13:20', 'campus': 'Burnaby'}]",,3.0
MBB 331,D100,fall,2026,"MBB 231, and BISC 202, with a minimum grade of C.",MBB 231;BISC 202,False,"[{'days': 'Tu, Th', 'startTime': '8:30', 'endTime': '10:20', 'campus': 'Burnaby'}]",Stephanie Vlachos,4.0
MBB 331,D101,fall,2026,"MBB 231, and BISC 202, with a minimum grade of C.",MBB 231;BISC 202,False,"[{'days': 'Mo', 'startTime': '13:30', 'endTime': '14:20', 'campus': 'Burnaby'}]",,4.0
MBB 331,D102,fall,2026,"MBB 231, and BISC 202, with a minimum grade of C.",MBB 231;BISC 202,False,"[{'days': 'Tu', 'startTime': '10:30', 'endTime': '11:20', 'campus': 'Burnaby'}]",,4.0
MBB 331,D103,fall,2026,"MBB 231, and BISC 202, with a minimum grade of C.",MBB 231;BISC 202,False,"[{'days': 'Th', 'startTime': '12:30', 'endTime': '13:20', 'campus': 'Burnaby'}]",,4.0
MBB 331,D104,fall,2026,"MBB 231, and BISC 202, with a minimum grade of C.",MBB 231;BISC 202,False,"[{'days': 'Fr', 'startTime': '10:30', 'endTime': '11:20', 'campus': 'Burnaby'}]",,4.0
MBB 342,D100,fall,2026,"MBB 231, BISC 202 and either MBB 110 or three units of CMPT or equivalent, all with a minimum grade of C. Recommended: STAT 201 (or an equivalent statistics course) or STAT 270.",MBB 231;BISC 202;MBB 110,False,"[{'days': 'Tu', 'startTime': '12:30', 'endTime': '14:20', 'campus': 'Burnaby'}]",Fiona Brinkman,3.0
MBB 342,D101,fall,2026,"MBB 231, BISC 202 and either MBB 110 or three units of CMPT or equivalent, all with a minimum grade of C. Recommended: STAT 201 (or an equivalent statistics course) or STAT 270.",MBB 231;BISC 202;MBB 110,False,"[{'days': 'Th', 'startTime': '12:30', 'endTime': '14:20', 'campus': 'Burnaby'}]",Fiona Brinkman,3.0
MBB 342,D102,fall,2026,"MBB 231, BISC 202 and either MBB 110 or three units of CMPT or equivalent, all with a minimum grade of C. Recommended: STAT 201 (or an equivalent statistics course) or STAT 270.",MBB 231;BISC 202;MBB 110,False,"[{'days': 'Th', 'startTime': '14:30', 'endTime': '16:20', 'campus': 'Burnaby'}]",Fiona Brinkman,3.0
MBB 342,D103,fall,2026,"MBB 231, BISC 202 and either MBB 110 or three units of CMPT or equivalent, all with a minimum grade of C. Recommended: STAT 201 (or an equivalent statistics course) or STAT 270.",MBB 231;BISC 202;MBB 110,False,"[{'days': 'Th', 'startTime': '8:30', 'endTime': '10:20', 'campus': 'Burnaby'}]",,3.0
MBB 351,D100,fall,2026,Acceptance in the Science Co-operative Education Program.,,True,[],Susan Wiggins,3.0
MBB 351,D200,fall,2026,Acceptance in the Science Co-operative Education Program.,,True,[],Susan Wiggins,3.0
MBB 351,I100,fall,2026,Acceptance in the Science Co-operative Education Program.,,True,[],Susan Wiggins,3.0
MBB 421,D100,fall,2026,MBB 331 with a minimum grade of C.,MBB 331,False,"[{'days': 'We, Fr', 'startTime': '10:30', 'endTime': '12:20', 'campus': 'Burnaby'}]",Dheva Setiaputra,3.0
MBB 423,D100,fall,2026,MBB 331 with a minimum grade of C.,MBB 331,False,"[{'days': 'Mo, We, Fr', 'startTime': '12:30', 'endTime': '13:20', 'campus': 'Burnaby'}]",Mark Paetzel,3.0
MBB 438,D100,fall,2026,"MBB 331, with a minimum grade of C.",MBB 331,False,"[{'days': 'Tu, Th', 'startTime': '10:30', 'endTime': '12:20', 'campus': 'Burnaby'}]",Esther Verheyen,3.0
MBB 451,D100,fall,2026,Acceptance in the Science Co-operative Education Program.,,True,[],Susan Wiggins,3.0
MBB 451,D200,fall,2026,Acceptance in the Science Co-operative Education Program.,,True,[],Susan Wiggins,3.0
MBB 451,I100,fall,2026,Acceptance in the Science Co-operative Education Program.,,True,[],Susan Wiggins,3.0
MBB 452,D100,fall,2026,Acceptance in the Science Co-operative Education Program.,,True,[],Susan Wiggins,3.0
MBB 452,D200,fall,2026,Acceptance in the Science Co-operative Education Program.,,True,[],Susan Wiggins,3.0
MBB 452,I100,fall,2026,Acceptance in the Science Co-operative Education Program.,,True,[],Susan Wiggins,3.0
MBB 465,D100,fall,2026,MBB 331 and MBB 342 with a minimum grade of C or permission of the instructor.,MBB 331;MBB 342,False,"[{'days': 'Tu, Th', 'startTime': '14:30', 'endTime': '16:20', 'campus': 'Burnaby'}]",Ryan Morin,3.0
MBB 478,D100,fall,2026,"HSCI 326 or MBB 326 or MBB 331, with a minimum grade of C, or HSCI 338 with a minimum grade of C-.",HSCI 326;MBB 326;MBB 331;HSCI 338,False,"[{'days': 'Mo', 'startTime': '14:30', 'endTime': '17:20', 'campus': 'Burnaby'}]",William Hsiao,3.0
MBB 481,D001,fall,2026,"MBB 308, MBB 309W and MBB 331, enrollment in the MBB or Biological Physics Honours Program, a minimum 3.0 CGPA and 3.0 UDGPA and permission of the MBB department. Corequisite: MBB 482 and MBB 483.",MBB 308;MBB 309W;MBB 331;MBB 482;MBB 483,False,[],,5.0
MBB 481,D002,fall,2026,"MBB 308, MBB 309W and MBB 331, enrollment in the MBB or Biological Physics Honours Program, a minimum 3.0 CGPA and 3.0 UDGPA and permission of the MBB department. Corequisite: MBB 482 and MBB 483.",MBB 308;MBB 309W;MBB 331;MBB 482;MBB 483,False,[],,5.0
MBB 481,D003,fall,2026,"MBB 308, MBB 309W and MBB 331, enrollment in the MBB or Biological Physics Honours Program, a minimum 3.0 CGPA and 3.0 UDGPA and permission of the MBB department. Corequisite: MBB 482 and MBB 483.",MBB 308;MBB 309W;MBB 331;MBB 482;MBB 483,False,[],,5.0
MBB 481,D004,fall,2026,"MBB 308, MBB 309W and MBB 331, enrollment in the MBB or Biological Physics Honours Program, a minimum 3.0 CGPA and 3.0 UDGPA and permission of the MBB department. Corequisite: MBB 482 and MBB 483.",MBB 308;MBB 309W;MBB 331;MBB 482;MBB 483,False,[],,5.0
MBB 481,D005,fall,2026,"MBB 308, MBB 309W and MBB 331, enrollment in the MBB or Biological Physics Honours Program, a minimum 3.0 CGPA and 3.0 UDGPA and permission of the MBB department. Corequisite: MBB 482 and MBB 483.",MBB 308;MBB 309W;MBB 331;MBB 482;MBB 483,False,[],,5.0
MBB 481,D006,fall,2026,"MBB 308, MBB 309W and MBB 331, enrollment in the MBB or Biological Physics Honours Program, a minimum 3.0 CGPA and 3.0 UDGPA and permission of the MBB department. Corequisite: MBB 482 and MBB 483.",MBB 308;MBB 309W;MBB 331;MBB 482;MBB 483,False,[],,5.0
MBB 482,D001,fall,2026,"MBB 308, MBB 309W and MBB 331, enrollment in the MBB or Biological Physics Honours Program, a minimum 3.0 CGPA and 3.0 UDGPA and permission of the MBB department. Corequisite: MBB 481 and MBB 483.",MBB 308;MBB 309W;MBB 331;MBB 481;MBB 483,False,[],,5.0
MBB 482,D002,fall,2026,"MBB 308, MBB 309W and MBB 331, enrollment in the MBB or Biological Physics Honours Program, a minimum 3.0 CGPA and 3.0 UDGPA and permission of the MBB department. Corequisite: MBB 481 and MBB 483.",MBB 308;MBB 309W;MBB 331;MBB 481;MBB 483,False,[],,5.0
MBB 482,D003,fall,2026,"MBB 308, MBB 309W and MBB 331, enrollment in the MBB or Biological Physics Honours Program, a minimum 3.0 CGPA and 3.0 UDGPA and permission of the MBB department. Corequisite: MBB 481 and MBB 483.",MBB 308;MBB 309W;MBB 331;MBB 481;MBB 483,False,[],,5.0
MBB 482,D004,fall,2026,"MBB 308, MBB 309W and MBB 331, enrollment in the MBB or Biological Physics Honours Program, a minimum 3.0 CGPA and 3.0 UDGPA and permission of the MBB department. Corequisite: MBB 481 and MBB 483.",MBB 308;MBB 309W;MBB 331;MBB 481;MBB 483,False,[],,5.0
MBB 482,D005,fall,2026,"MBB 308, MBB 309W and MBB 331, enrollment in the MBB or Biological Physics Honours Program, a minimum 3.0 CGPA and 3.0 UDGPA and permission of the MBB department. Corequisite: MBB 481 and MBB 483.",MBB 308;MBB 309W;MBB 331;MBB 481;MBB 483,False,[],,5.0
MBB 482,D006,fall,2026,"MBB 308, MBB 309W and MBB 331, enrollment in the MBB or Biological Physics Honours Program, a minimum 3.0 CGPA and 3.0 UDGPA and permission of the MBB department. Corequisite: MBB 481 and MBB 483.",MBB 308;MBB 309W;MBB 331;MBB 481;MBB 483,False,[],,5.0
MBB 483,D001,fall,2026,"MBB 308, MBB 309W and MBB 331, enrollment in the MBB or Biological Physics Honours Program, a minimum 3.0 CGPA and 3.0 UDGPA and permission of the MBB department. Corequisite: MBB 481 and MBB 482.",MBB 308;MBB 309W;MBB 331;MBB 481;MBB 482,False,[],,5.0
MBB 483,D002,fall,2026,"MBB 308, MBB 309W and MBB 331, enrollment in the MBB or Biological Physics Honours Program, a minimum 3.0 CGPA and 3.0 UDGPA and permission of the MBB department. Corequisite: MBB 481 and MBB 482.",MBB 308;MBB 309W;MBB 331;MBB 481;MBB 482,False,[],,5.0
MBB 483,D003,fall,2026,"MBB 308, MBB 309W and MBB 331, enrollment in the MBB or Biological Physics Honours Program, a minimum 3.0 CGPA and 3.0 UDGPA and permission of the MBB department. Corequisite: MBB 481 and MBB 482.",MBB 308;MBB 309W;MBB 331;MBB 481;MBB 482,False,[],,5.0
MBB 483,D004,fall,2026,"MBB 308, MBB 309W and MBB 331, enrollment in the MBB or Biological Physics Honours Program, a minimum 3.0 CGPA and 3.0 UDGPA and permission of the MBB department. Corequisite: MBB 481 and MBB 482.",MBB 308;MBB 309W;MBB 331;MBB 481;MBB 482,False,[],,5.0
MBB 483,D005,fall,2026,"MBB 308, MBB 309W and MBB 331, enrollment in the MBB or Biological Physics Honours Program, a minimum 3.0 CGPA and 3.0 UDGPA and permission of the MBB department. Corequisite: MBB 481 and MBB 482.",MBB 308;MBB 309W;MBB 331;MBB 481;MBB 482,False,[],,5.0
MBB 483,D006,fall,2026,"MBB 308, MBB 309W and MBB 331, enrollment in the MBB or Biological Physics Honours Program, a minimum 3.0 CGPA and 3.0 UDGPA and permission of the MBB department. Corequisite: MBB 481 and MBB 482.",MBB 308;MBB 309W;MBB 331;MBB 481;MBB 482,False,[],,5.0
MBB 490,D001,fall,2026,"MBB 231, with a minimum grade of C, and permission of the molecular biology and biochemistry department. Usually, upper level standing with at least 60 units in a Biochemistry major, minor or honours program will be required.",MBB 231,False,[],,2.0
MBB 490,D002,fall,2026,"MBB 231, with a minimum grade of C, and permission of the molecular biology and biochemistry department. Usually, upper level standing with at least 60 units in a Biochemistry major, minor or honours program will be required.",MBB 231,False,[],,2.0
MBB 490,D003,fall,2026,"MBB 231, with a minimum grade of C, and permission of the molecular biology and biochemistry department. Usually, upper level standing with at least 60 units in a Biochemistry major, minor or honours program will be required.",MBB 231,False,[],,2.0
MBB 490,D004,fall,2026,"MBB 231, with a minimum grade of C, and permission of the molecular biology and biochemistry department. Usually, upper level standing with at least 60 units in a Biochemistry major, minor or honours program will be required.",MBB 231,False,[],,2.0
MBB 490,D005,fall,2026,"MBB 231, with a minimum grade of C, and permission of the molecular biology and biochemistry department. Usually, upper level standing with at least 60 units in a Biochemistry major, minor or honours program will be required.",MBB 231,False,[],,2.0
MBB 491,D001,fall,2026,"MBB 308 or MBB 309W and permission of the MBB department. Upper level standing in an MBB major, minor or honours program is required.",MBB 308;MBB 309W,False,[],,5.0
MBB 491,D002,fall,2026,"MBB 308 or MBB 309W and permission of the MBB department. Upper level standing in an MBB major, minor or honours program is required.",MBB 308;MBB 309W,False,[],,5.0
MBB 491,D003,fall,2026,"MBB 308 or MBB 309W and permission of the MBB department. Upper level standing in an MBB major, minor or honours program is required.",MBB 308;MBB 309W,False,[],,5.0
MBB 491,D004,fall,2026,"MBB 308 or MBB 309W and permission of the MBB department. Upper level standing in an MBB major, minor or honours program is required.",MBB 308;MBB 309W,False,[],,5.0
MBB 491,D005,fall,2026,"MBB 308 or MBB 309W and permission of the MBB department. Upper level standing in an MBB major, minor or honours program is required.",MBB 308;MBB 309W,False,[],,5.0
MBB 491,D006,fall,2026,"MBB 308 or MBB 309W and permission of the MBB department. Upper level standing in an MBB major, minor or honours program is required.",MBB 308;MBB 309W,False,[],,5.0
MBB 491,D007,fall,2026,"MBB 308 or MBB 309W and permission of the MBB department. Upper level standing in an MBB major, minor or honours program is required.",MBB 308;MBB 309W,False,[],,5.0
MBB 491,D008,fall,2026,"MBB 308 or MBB 309W and permission of the MBB department. Upper level standing in an MBB major, minor or honours program is required.",MBB 308;MBB 309W,False,[],,5.0
MBB 491,D009,fall,2026,"MBB 308 or MBB 309W and permission of the MBB department. Upper level standing in an MBB major, minor or honours program is required.",MBB 308;MBB 309W,False,[],,5.0
MBB 491,D010,fall,2026,"MBB 308 or MBB 309W and permission of the MBB department. Upper level standing in an MBB major, minor or honours program is required.",MBB 308;MBB 309W,False,[],,5.0
MBB 492,D001,fall,2026,"MBB 491, MBB 308, MBB 309W and MBB 331, enrollment in the MBB honours program, a minimum 3.0 CGPA and 3.0 UDGPA and permission of the department.",MBB 491;MBB 308;MBB 309W;MBB 331,False,[],,10.0
MBB 492,D002,fall,2026,"MBB 491, MBB 308, MBB 309W and MBB 331, enrollment in the MBB honours program, a minimum 3.0 CGPA and 3.0 UDGPA and permission of the department.",MBB 491;MBB 308;MBB 309W;MBB 331,False,[],,10.0
MBB 492,D003,fall,2026,"MBB 491, MBB 308, MBB 309W and MBB 331, enrollment in the MBB honours program, a minimum 3.0 CGPA and 3.0 UDGPA and permission of the department.",MBB 491;MBB 308;MBB 309W;MBB 331,False,[],,10.0
MBB 492,D004,fall,2026,"MBB 491, MBB 308, MBB 309W and MBB 331, enrollment in the MBB honours program, a minimum 3.0 CGPA and 3.0 UDGPA and permission of the department.",MBB 491;MBB 308;MBB 309W;MBB 331,False,[],,10.0
MBB 492,D005,fall,2026,"MBB 491, MBB 308, MBB 309W and MBB 331, enrollment in the MBB honours program, a minimum 3.0 CGPA and 3.0 UDGPA and permission of the department.",MBB 491;MBB 308;MBB 309W;MBB 331,False,[],,10.0
MBB 496,D001,fall,2026,"75 units and upper division standing in MBB-BUS or MBB-CS Joint Honours program, and MBB 308 or 309W with a minimum grade of C.",MBB 308,False,[],,6.0
MBB 496,D002,fall,2026,"75 units and upper division standing in MBB-BUS or MBB-CS Joint Honours program, and MBB 308 or 309W with a minimum grade of C.",MBB 308,False,[],,6.0
MBB 496,D003,fall,2026,"75 units and upper division standing in MBB-BUS or MBB-CS Joint Honours program, and MBB 308 or 309W with a minimum grade of C.",MBB 308,False,[],,6.0
MBB 496,D004,fall,2026,"75 units and upper division standing in MBB-BUS or MBB-CS Joint Honours program, and MBB 308 or 309W with a minimum grade of C.",MBB 308,False,[],,6.0
MBB 496,D005,fall,2026,"75 units and upper division standing in MBB-BUS or MBB-CS Joint Honours program, and MBB 308 or 309W with a minimum grade of C.",MBB 308,False,[],,6.0
MBB 498,D001,fall,2026,"MBB 308 or 309W; Students may not take MBB 498 concurrently with MBB 481, 482, 483, 491 or 492 or BISC 490, 491, 492W, 498 or 499.",MBB 308;MBB 498;MBB 481;BISC 490,False,[],,3.0
MBB 498,D002,fall,2026,"MBB 308 or 309W; Students may not take MBB 498 concurrently with MBB 481, 482, 483, 491 or 492 or BISC 490, 491, 492W, 498 or 499.",MBB 308;MBB 498;MBB 481;BISC 490,False,[],,3.0
MBB 498,D003,fall,2026,"MBB 308 or 309W; Students may not take MBB 498 concurrently with MBB 481, 482, 483, 491 or 492 or BISC 490, 491, 492W, 498 or 499.",MBB 308;MBB 498;MBB 481;BISC 490,False,[],,3.0
MBB 498,D004,fall,2026,"MBB 308 or 309W; Students may not take MBB 498 concurrently with MBB 481, 482, 483, 491 or 492 or BISC 490, 491, 492W, 498 or 499.",MBB 308;MBB 498;MBB 481;BISC 490,False,[],,3.0
MBB 498,D005,fall,2026,"MBB 308 or 309W; Students may not take MBB 498 concurrently with MBB 481, 482, 483, 491 or 492 or BISC 490, 491, 492W, 498 or 499.",MBB 308;MBB 498;MBB 481;BISC 490,False,[],,3.0
MBB 659,G100,fall,2026,MBB 441 or 741; or CMPT 341 or 881.,MBB 441;CMPT 341,False,"[{'days': 'Th', 'startTime': '15:00', 'endTime': '17:00', 'campus': None}]",,3.0
MBB 721,G100,fall,2026,,,False,"[{'days': 'We, Fr', 'startTime': '10:30', 'endTime': '12:20', 'campus': 'Burnaby'}]",Dheva Setiaputra,3.0
MBB 723,G100,fall,2026,,,False,"[{'days': 'Mo, We, Fr', 'startTime': '12:30', 'endTime': '13:20', 'campus': 'Burnaby'}]",Mark Paetzel,3.0
MBB 738,G100,fall,2026,MBB 331 (or BISC 331) or equivalent.,MBB 331;BISC 331,False,"[{'days': 'Tu, Th', 'startTime': '10:30', 'endTime': '12:20', 'campus': 'Burnaby'}]",Esther Verheyen,3.0
MBB 765,G100,fall,2026,Permission of the department. Recommended: MBB 331 and MBB 342 or equivalent.,,True,"[{'days': 'Tu, Th', 'startTime': '14:30', 'endTime': '16:20', 'campus': 'Burnaby'}]",Ryan Morin,3.0
MBB 778,G100,fall,2026,,,False,"[{'days': 'Mo', 'startTime': '14:30', 'endTime': '17:20', 'campus': 'Burnaby'}]",William Hsiao,3.0
MBB 801,G100,fall,2026,,,False,"[{'days': 'Mo', 'startTime': '9:30', 'endTime': '12:20', 'campus': 'Burnaby'}]",Peter Unrau,3.0
MBB 803,G100,fall,2026,,,False,"[{'days': 'Th', 'startTime': '16:30', 'endTime': '17:20', 'campus': 'Burnaby'}]",Edgar Young,1.0
MBB 806,G100,fall,2026,Permission of the student's supervisory committee.,,True,[],Lisa Craig;Mani Larijani,3.0
MBB 821,G100,fall,2026,BISC 331/MBB 331 or equivalent.,BISC 331;MBB 331,False,[],,1.0
MBB 871,G100,fall,2026,,,False,[],,1.0
MBB 872,G100,fall,2026,,,False,[],,2.0
MBB 873,G100,fall,2026,,,False,[],,3.0
MBB 898,G100,fall,2026,,,False,[],,18.0
MBB 898,G200,fall,2026,,,False,[],,18.0
MBB 899,G100,fall,2026,,,False,[],,18.0
MBB 899,G200,fall,2026,,,False,[],,18.0
MEDS 410,D100,fall,2026,,,False,[],,58.0
MSE 103,D100,fall,2026,,,False,"[{'days': 'Tu', 'startTime': '10:30', 'endTime': '11:20', 'campus': 'Surrey'}, {'days': 'Th', 'startTime': '9:30', 'endTime': '11:20', 'campus': 'Surrey'}]",Krishna Vijayaraghavan,3.0
MSE 103,LAB1,fall,2026,,,False,"[{'days': 'We', 'startTime': '13:30', 'endTime': '16:20', 'campus': 'Surrey'}]",Krishna Vijayaraghavan,3.0
MSE 103,LAB2,fall,2026,,,False,"[{'days': 'Th', 'startTime': '11:30', 'endTime': '14:20', 'campus': 'Surrey'}]",Krishna Vijayaraghavan,3.0
MSE 103,LAB3,fall,2026,,,False,"[{'days': 'Th', 'startTime': '14:30', 'endTime': '17:20', 'campus': 'Surrey'}]",Krishna Vijayaraghavan,3.0
MSE 112,D100,fall,2026,CMPT 130.,CMPT 130,False,"[{'days': 'Tu', 'startTime': '8:30', 'endTime': '10:20', 'campus': 'Surrey'}, {'days': 'Th', 'startTime': '8:30', 'endTime': '9:20', 'campus': 'Surrey'}]",Amr Marzouk,3.0
MSE 112,LAB1,fall,2026,CMPT 130.,CMPT 130,False,"[{'days': 'Mo', 'startTime': '14:30', 'endTime': '17:20', 'campus': 'Surrey'}]",Amr Marzouk,3.0
MSE 210,D100,fall,2026,PHYS 141 or equivalent. MATH 150 or MATH 151.,PHYS 141;MATH 150;MATH 151,False,"[{'days': 'Tu', 'startTime': '13:30', 'endTime': '14:20', 'campus': 'Surrey'}, {'days': 'Th', 'startTime': '12:30', 'endTime': '14:20', 'campus': 'Surrey'}]",Krishna Vijayaraghavan,3.0
MSE 210,LAB1,fall,2026,PHYS 141 or equivalent. MATH 150 or MATH 151.,PHYS 141;MATH 150;MATH 151,False,"[{'days': 'Mo', 'startTime': '16:30', 'endTime': '19:20', 'campus': 'Surrey'}]",Krishna Vijayaraghavan,3.0
MSE 210,LAB2,fall,2026,PHYS 141 or equivalent. MATH 150 or MATH 151.,PHYS 141;MATH 150;MATH 151,False,"[{'days': 'Tu', 'startTime': '8:30', 'endTime': '11:20', 'campus': 'Surrey'}]",Krishna Vijayaraghavan,3.0
MSE 220,D100,fall,2026,CHEM 120 or 121.,CHEM 120,False,"[{'days': 'Tu', 'startTime': '11:30', 'endTime': '13:20', 'campus': 'Surrey'}, {'days': 'Th', 'startTime': '11:30', 'endTime': '12:20', 'campus': 'Surrey'}]",Ahad Armin,3.0
MSE 220,LAB1,fall,2026,CHEM 120 or 121.,CHEM 120,False,"[{'days': 'Mo', 'startTime': '16:30', 'endTime': '19:20', 'campus': 'Surrey'}]",Ahad Armin,3.0
MSE 220,LAB2,fall,2026,CHEM 120 or 121.,CHEM 120,False,"[{'days': 'Th', 'startTime': '8:30', 'endTime': '11:20', 'campus': 'Surrey'}]",Ahad Armin,3.0
MSE 220,LAB3,fall,2026,CHEM 120 or 121.,CHEM 120,False,"[{'days': 'Fr', 'startTime': '12:30', 'endTime': '15:20', 'campus': 'Surrey'}]",Ahad Armin,3.0
MSE 224,D100,fall,2026,MATH 152 and MSE 103.,MATH 152;MSE 103,False,"[{'days': 'Mo', 'startTime': '8:30', 'endTime': '10:20', 'campus': 'Surrey'}, {'days': 'We', 'startTime': '8:30', 'endTime': '9:20', 'campus': 'Surrey'}]",Helen Bailey,3.0
MSE 224,LAB1,fall,2026,MATH 152 and MSE 103.,MATH 152;MSE 103,False,"[{'days': 'We', 'startTime': '9:30', 'endTime': '12:20', 'campus': 'Surrey'}]",Helen Bailey,3.0
MSE 224,LAB2,fall,2026,MATH 152 and MSE 103.,MATH 152;MSE 103,False,"[{'days': 'We', 'startTime': '16:30', 'endTime': '19:20', 'campus': 'Surrey'}]",Helen Bailey,3.0
MSE 224,LAB3,fall,2026,MATH 152 and MSE 103.,MATH 152;MSE 103,False,"[{'days': 'Fr', 'startTime': '16:30', 'endTime': '19:20', 'campus': 'Surrey'}]",Helen Bailey,3.0
MSE 250,D100,fall,2026,"PHYS 141 or (PHYS 121 and 131), MSE 281 (or MATH 260), and MATH 232. MSE 281 (or MATH 260) may be taken concurrently.",PHYS 141;PHYS 121;MSE 281;MATH 260;MATH 232,False,"[{'days': 'Mo', 'startTime': '12:30', 'endTime': '14:20', 'campus': 'Surrey'}, {'days': 'We', 'startTime': '12:30', 'endTime': '13:20', 'campus': 'Surrey'}]",Ahmad Rad,4.0
MSE 250,D101,fall,2026,"PHYS 141 or (PHYS 121 and 131), MSE 281 (or MATH 260), and MATH 232. MSE 281 (or MATH 260) may be taken concurrently.",PHYS 141;PHYS 121;MSE 281;MATH 260;MATH 232,False,"[{'days': 'We', 'startTime': '13:30', 'endTime': '14:20', 'campus': 'Surrey'}]",Ahmad Rad,4.0
MSE 250,LAB1,fall,2026,"PHYS 141 or (PHYS 121 and 131), MSE 281 (or MATH 260), and MATH 232. MSE 281 (or MATH 260) may be taken concurrently.",PHYS 141;PHYS 121;MSE 281;MATH 260;MATH 232,False,"[{'days': 'Tu', 'startTime': '16:30', 'endTime': '19:20', 'campus': 'Surrey'}]",Ahmad Rad,4.0
MSE 250,LAB2,fall,2026,"PHYS 141 or (PHYS 121 and 131), MSE 281 (or MATH 260), and MATH 232. MSE 281 (or MATH 260) may be taken concurrently.",PHYS 141;PHYS 121;MSE 281;MATH 260;MATH 232,False,"[{'days': 'We', 'startTime': '16:30', 'endTime': '19:20', 'campus': 'Surrey'}]",Ahmad Rad,4.0
MSE 250,LAB3,fall,2026,"PHYS 141 or (PHYS 121 and 131), MSE 281 (or MATH 260), and MATH 232. MSE 281 (or MATH 260) may be taken concurrently.",PHYS 141;PHYS 121;MSE 281;MATH 260;MATH 232,False,"[{'days': 'Fr', 'startTime': '9:30', 'endTime': '12:20', 'campus': 'Surrey'}]",Ahmad Rad,4.0
MSE 281,D100,fall,2026,"MATH 251, MSE 103, MSE 250. MSE 250 may be taken concurrently.",MATH 251;MSE 103;MSE 250,False,"[{'days': 'Tu', 'startTime': '14:30', 'endTime': '16:20', 'campus': 'Surrey'}, {'days': 'Th', 'startTime': '14:30', 'endTime': '15:20', 'campus': 'Surrey'}]",Farid Golnaraghi,3.0
MSE 281,LAB1,fall,2026,"MATH 251, MSE 103, MSE 250. MSE 250 may be taken concurrently.",MATH 251;MSE 103;MSE 250,False,"[{'days': 'Tu', 'startTime': '16:30', 'endTime': '19:20', 'campus': 'Surrey'}]",Farid Golnaraghi,3.0
MSE 281,LAB2,fall,2026,"MATH 251, MSE 103, MSE 250. MSE 250 may be taken concurrently.",MATH 251;MSE 103;MSE 250,False,"[{'days': 'Th', 'startTime': '16:30', 'endTime': '19:20', 'campus': 'Surrey'}]",Farid Golnaraghi,3.0
MSE 281,LAB3,fall,2026,"MATH 251, MSE 103, MSE 250. MSE 250 may be taken concurrently.",MATH 251;MSE 103;MSE 250,False,"[{'days': 'Fr', 'startTime': '16:30', 'endTime': '19:20', 'campus': 'Surrey'}]",Farid Golnaraghi,3.0
MSE 293,D100,fall,2026,,,False,"[{'days': 'Mo, Tu, We, Th, Fr', 'startTime': '8:30', 'endTime': '16:20', 'campus': None}]",Stephanie DeRapp,3.0
MSE 293,D200,fall,2026,,,False,"[{'days': 'Mo, Tu, We, Th, Fr', 'startTime': '8:30', 'endTime': '16:20', 'campus': None}]",Stephanie DeRapp,3.0
MSE 293,I100,fall,2026,,,False,"[{'days': 'Mo, Tu, We, Th, Fr', 'startTime': '8:30', 'endTime': '16:20', 'campus': None}]",Stephanie DeRapp,3.0
MSE 294,D100,fall,2026,,,False,"[{'days': 'Mo, Tu, We, Th, Fr', 'startTime': '8:30', 'endTime': '16:20', 'campus': None}]",Stephanie DeRapp,3.0
MSE 294,D200,fall,2026,,,False,"[{'days': 'Mo, Tu, We, Th, Fr', 'startTime': '8:30', 'endTime': '16:20', 'campus': None}]",Stephanie DeRapp,3.0
MSE 294,I100,fall,2026,,,False,"[{'days': 'Mo, Tu, We, Th, Fr', 'startTime': '8:30', 'endTime': '16:20', 'campus': None}]",Stephanie DeRapp,3.0
MSE 310,D100,fall,2026,"MSE 224, MSE 251, MSE 280.",MSE 224;MSE 251;MSE 280,False,"[{'days': 'We', 'startTime': '13:30', 'endTime': '14:20', 'campus': 'Surrey'}, {'days': 'Fr', 'startTime': '12:30', 'endTime': '14:20', 'campus': 'Surrey'}]",Edward Park,3.0
MSE 310,LAB1,fall,2026,"MSE 224, MSE 251, MSE 280.",MSE 224;MSE 251;MSE 280,False,"[{'days': 'Tu', 'startTime': '10:30', 'endTime': '13:20', 'campus': 'Surrey'}]",Edward Park,3.0
MSE 310,LAB2,fall,2026,"MSE 224, MSE 251, MSE 280.",MSE 224;MSE 251;MSE 280,False,"[{'days': 'Tu', 'startTime': '13:30', 'endTime': '16:20', 'campus': 'Surrey'}]",Edward Park,3.0
MSE 310,LAB3,fall,2026,"MSE 224, MSE 251, MSE 280.",MSE 224;MSE 251;MSE 280,False,"[{'days': 'Tu', 'startTime': '16:30', 'endTime': '19:20', 'campus': 'Surrey'}]",Edward Park,3.0
MSE 320,D100,fall,2026,"MSE 212, (MSE 220 or SEE 222), MSE 224. MSE 212 may be taken concurrently.",MSE 212;MSE 220;SEE 222;MSE 224,False,"[{'days': 'Mo', 'startTime': '10:30', 'endTime': '12:20', 'campus': 'Surrey'}, {'days': 'We', 'startTime': '10:30', 'endTime': '11:20', 'campus': 'Surrey'}]",Ahad Armin,4.0
MSE 320,D101,fall,2026,"MSE 212, (MSE 220 or SEE 222), MSE 224. MSE 212 may be taken concurrently.",MSE 212;MSE 220;SEE 222;MSE 224,False,"[{'days': 'We', 'startTime': '11:30', 'endTime': '12:20', 'campus': 'Surrey'}]",Ahad Armin,4.0
MSE 320,LAB1,fall,2026,"MSE 212, (MSE 220 or SEE 222), MSE 224. MSE 212 may be taken concurrently.",MSE 212;MSE 220;SEE 222;MSE 224,False,"[{'days': 'Tu', 'startTime': '16:30', 'endTime': '19:20', 'campus': 'Surrey'}]",Ahad Armin,4.0
MSE 320,LAB2,fall,2026,"MSE 212, (MSE 220 or SEE 222), MSE 224. MSE 212 may be taken concurrently.",MSE 212;MSE 220;SEE 222;MSE 224,False,"[{'days': 'Th', 'startTime': '16:30', 'endTime': '19:20', 'campus': 'Surrey'}]",Ahad Armin,4.0
MSE 321,D100,fall,2026,MATH 251 and MSE 223.,MATH 251;MSE 223,False,"[{'days': 'Tu', 'startTime': '8:30', 'endTime': '10:20', 'campus': 'Surrey'}, {'days': 'Th', 'startTime': '8:30', 'endTime': '9:20', 'campus': 'Surrey'}]",Mohammad Shojayian,4.0
MSE 321,D101,fall,2026,MATH 251 and MSE 223.,MATH 251;MSE 223,False,"[{'days': 'Th', 'startTime': '9:30', 'endTime': '10:20', 'campus': 'Surrey'}]",Mohammad Shojayian,4.0
MSE 321,LAB1,fall,2026,MATH 251 and MSE 223.,MATH 251;MSE 223,False,"[{'days': 'Mo', 'startTime': '16:30', 'endTime': '19:20', 'campus': 'Surrey'}]",Mohammad Shojayian,4.0
MSE 321,LAB2,fall,2026,MATH 251 and MSE 223.,MATH 251;MSE 223,False,"[{'days': 'Th', 'startTime': '11:30', 'endTime': '14:20', 'campus': 'Surrey'}]",Mohammad Shojayian,4.0
MSE 323,D100,fall,2026,MATH 251 and (MSE 103 or SEE 221).,MATH 251;MSE 103;SEE 221,False,"[{'days': 'Mo', 'startTime': '14:30', 'endTime': '16:20', 'campus': 'Surrey'}, {'days': 'We', 'startTime': '14:30', 'endTime': '15:20', 'campus': 'Surrey'}]",Helen Bailey,4.0
MSE 323,D101,fall,2026,MATH 251 and (MSE 103 or SEE 221).,MATH 251;MSE 103;SEE 221,False,"[{'days': 'We', 'startTime': '15:30', 'endTime': '16:20', 'campus': 'Surrey'}]",Helen Bailey,4.0
MSE 323,LAB1,fall,2026,MATH 251 and (MSE 103 or SEE 221).,MATH 251;MSE 103;SEE 221,False,"[{'days': 'We', 'startTime': '16:30', 'endTime': '19:20', 'campus': 'Surrey'}]",Helen Bailey,4.0
MSE 323,LAB2,fall,2026,MATH 251 and (MSE 103 or SEE 221).,MATH 251;MSE 103;SEE 221,False,"[{'days': 'Th', 'startTime': '16:30', 'endTime': '19:20', 'campus': 'Surrey'}]",Helen Bailey,4.0
MSE 323,LAB3,fall,2026,MATH 251 and (MSE 103 or SEE 221).,MATH 251;MSE 103;SEE 221,False,"[{'days': 'Fr', 'startTime': '16:30', 'endTime': '19:20', 'campus': 'Surrey'}]",Helen Bailey,4.0
MSE 352,D100,fall,2026,"CMPT 130, MSE 252 and (MSE 251 or ENSC 226 or SEE 231).",CMPT 130;MSE 252;MSE 251;ENSC 226;SEE 231,False,"[{'days': 'Mo', 'startTime': '12:30', 'endTime': '14:20', 'campus': 'Surrey'}, {'days': 'We', 'startTime': '12:30', 'endTime': '13:20', 'campus': 'Surrey'}]",Mohammad Narimani,3.0
MSE 352,LAB1,fall,2026,"CMPT 130, MSE 252 and (MSE 251 or ENSC 226 or SEE 231).",CMPT 130;MSE 252;MSE 251;ENSC 226;SEE 231,False,"[{'days': 'Mo', 'startTime': '16:30', 'endTime': '19:20', 'campus': 'Surrey'}]",Mohammad Narimani,3.0
MSE 352,LAB2,fall,2026,"CMPT 130, MSE 252 and (MSE 251 or ENSC 226 or SEE 231).",CMPT 130;MSE 252;MSE 251;ENSC 226;SEE 231,False,"[{'days': 'Tu', 'startTime': '13:30', 'endTime': '16:20', 'campus': 'Surrey'}]",,3.0
MSE 380,D100,fall,2026,"MSE 221 (or ENSC 281 or SEE 221), MSE 222 (or ENSC 282), MSE 280 (or ENSC 380 or SEE 341).",MSE 221;ENSC 281;SEE 221;MSE 222;ENSC 282;MSE 280;ENSC 380;SEE 341,False,"[{'days': 'Mo', 'startTime': '8:30', 'endTime': '10:20', 'campus': 'Surrey'}, {'days': 'We', 'startTime': '8:30', 'endTime': '9:20', 'campus': 'Surrey'}]",Ahmad Rad,3.0
MSE 380,LAB1,fall,2026,"MSE 221 (or ENSC 281 or SEE 221), MSE 222 (or ENSC 282), MSE 280 (or ENSC 380 or SEE 341).",MSE 221;ENSC 281;SEE 221;MSE 222;ENSC 282;MSE 280;ENSC 380;SEE 341,False,"[{'days': 'Tu', 'startTime': '10:30', 'endTime': '13:20', 'campus': 'Surrey'}]",Ahmad Rad,3.0
MSE 380,LAB2,fall,2026,"MSE 221 (or ENSC 281 or SEE 221), MSE 222 (or ENSC 282), MSE 280 (or ENSC 380 or SEE 341).",MSE 221;ENSC 281;SEE 221;MSE 222;ENSC 282;MSE 280;ENSC 380;SEE 341,False,"[{'days': 'Fr', 'startTime': '9:30', 'endTime': '12:20', 'campus': 'Surrey'}]",Ahmad Rad,3.0
MSE 393,D100,fall,2026,MSE 293 or 294.,MSE 293,False,"[{'days': 'Mo, Tu, We, Th, Fr', 'startTime': '8:30', 'endTime': '16:20', 'campus': None}]",Stephanie DeRapp,3.0
MSE 393,D200,fall,2026,MSE 293 or 294.,MSE 293,False,"[{'days': 'Mo, Tu, We, Th, Fr', 'startTime': '8:30', 'endTime': '16:20', 'campus': None}]",Stephanie DeRapp,3.0
MSE 393,I100,fall,2026,MSE 293 or 294.,MSE 293,False,"[{'days': 'Mo, Tu, We, Th, Fr', 'startTime': '8:30', 'endTime': '16:20', 'campus': None}]",Stephanie DeRapp,3.0
MSE 394,D100,fall,2026,MSE 293 or 294 and approval of internship co-ordinator required.,MSE 293,False,"[{'days': 'Mo, Tu, We, Th, Fr', 'startTime': '8:30', 'endTime': '16:20', 'campus': None}]",Stephanie DeRapp,3.0
MSE 394,D200,fall,2026,MSE 293 or 294 and approval of internship co-ordinator required.,MSE 293,False,"[{'days': 'Mo, Tu, We, Th, Fr', 'startTime': '8:30', 'endTime': '16:20', 'campus': None}]",Stephanie DeRapp,3.0
MSE 394,I100,fall,2026,MSE 293 or 294 and approval of internship co-ordinator required.,MSE 293,False,"[{'days': 'Mo, Tu, We, Th, Fr', 'startTime': '8:30', 'endTime': '16:20', 'campus': None}]",Stephanie DeRapp,3.0
MSE 412,D100,fall,2026,MSE 280 and a minimum of 80 units.,MSE 280,False,"[{'days': 'We', 'startTime': '15:30', 'endTime': '16:20', 'campus': 'Surrey'}, {'days': 'Fr', 'startTime': '14:30', 'endTime': '16:20', 'campus': 'Surrey'}]",Faranak Farzan,3.0
MSE 412,LAB1,fall,2026,MSE 280 and a minimum of 80 units.,MSE 280,False,"[{'days': 'Fr', 'startTime': '16:30', 'endTime': '19:20', 'campus': 'Surrey'}]",Faranak Farzan,3.0
MSE 420,D100,fall,2026,"MSE 220 (or ENSC 231), MSE 222 (or ENSC 282) and a minimum of 80 credits.",MSE 220;ENSC 231;MSE 222;ENSC 282,False,"[{'days': 'Mo', 'startTime': '14:30', 'endTime': '16:20', 'campus': 'Surrey'}, {'days': 'We', 'startTime': '14:30', 'endTime': '15:20', 'campus': 'Surrey'}]",Carolyn Sparrey,3.0
MSE 422,D100,fall,2026,"MSE 223 (or ENSC 283), MSE 321 (or ENSC 388) and a minimum of 80 credits.",MSE 223;ENSC 283;MSE 321;ENSC 388,False,"[{'days': 'We', 'startTime': '13:30', 'endTime': '14:20', 'campus': 'Surrey'}, {'days': 'Fr', 'startTime': '12:30', 'endTime': '14:20', 'campus': 'Surrey'}]",Erik Kjeang,3.0
MSE 422,LAB1,fall,2026,"MSE 223 (or ENSC 283), MSE 321 (or ENSC 388) and a minimum of 80 credits.",MSE 223;ENSC 283;MSE 321;ENSC 388,False,"[{'days': 'We', 'startTime': '9:30', 'endTime': '12:20', 'campus': 'Surrey'}]",Erik Kjeang,3.0
MSE 426,D100,fall,2026,"Math 232, MATH 251, MSE 320 or ENSC 382 and a minimum of 80 credits.",MATH 251;MSE 320;ENSC 382,False,"[{'days': 'Tu', 'startTime': '14:30', 'endTime': '16:20', 'campus': 'Surrey'}, {'days': 'Th', 'startTime': '14:30', 'endTime': '15:20', 'campus': 'Surrey'}]",Gary Wang,3.0
MSE 426,LAB1,fall,2026,"Math 232, MATH 251, MSE 320 or ENSC 382 and a minimum of 80 credits.",MATH 251;MSE 320;ENSC 382,False,"[{'days': 'We', 'startTime': '16:30', 'endTime': '19:20', 'campus': 'Surrey'}]",Gary Wang,3.0
MSE 486,D100,fall,2026,A minimum of 100 units and permission of the chair of the undergraduate curriculum committee.,,True,[],,4.0
MSE 486,D200,fall,2026,A minimum of 100 units and permission of the chair of the undergraduate curriculum committee.,,True,[],,4.0
MSE 486,D300,fall,2026,A minimum of 100 units and permission of the chair of the undergraduate curriculum committee.,,True,[],,4.0
MSE 487,D100,fall,2026,A minimum of 100 units and permission of the chair of the undergraduate curriculum committee.,,True,[],,4.0
MSE 487,D200,fall,2026,A minimum of 100 units and permission of the chair of the undergraduate curriculum committee.,,True,[],,4.0
MSE 487,D300,fall,2026,A minimum of 100 units and permission of the chair of the undergraduate curriculum committee.,,True,[],,4.0
MSE 489,D100,fall,2026,A minimum of 100 units and permission of the chair of the undergraduate curriculum committee.,,True,[],,3.0
MSE 489,D200,fall,2026,A minimum of 100 units and permission of the chair of the undergraduate curriculum committee.,,True,[],,3.0
MSE 489,D300,fall,2026,A minimum of 100 units and permission of the chair of the undergraduate curriculum committee.,,True,[],,3.0
MSE 490,D100,fall,2026,To be determined by the instructor subject to approval by the department chair.,,True,"[{'days': 'Tu', 'startTime': '16:30', 'endTime': '19:20', 'campus': 'Surrey'}]",Amr Marzouk;John Zheng Shen,3.0
MSE 493,D100,fall,2026,MSE 393 or 394 and a minimum of 75 units.,MSE 393,False,"[{'days': 'Mo, Tu, We, Th, Fr', 'startTime': '8:30', 'endTime': '16:20', 'campus': None}]",Stephanie DeRapp,3.0
MSE 493,D200,fall,2026,MSE 393 or 394 and a minimum of 75 units.,MSE 393,False,"[{'days': 'Mo, Tu, We, Th, Fr', 'startTime': '8:30', 'endTime': '16:20', 'campus': None}]",Stephanie DeRapp,3.0
MSE 493,I100,fall,2026,MSE 393 or 394 and a minimum of 75 units.,MSE 393,False,"[{'days': 'Mo, Tu, We, Th, Fr', 'startTime': '8:30', 'endTime': '16:20', 'campus': None}]",Stephanie DeRapp,3.0
MSE 494,D100,fall,2026,"MSE 393 or 394, a minimum of 75 units and approval of internship co-ordinator required.",MSE 393,False,"[{'days': 'Mo, Tu, We, Th, Fr', 'startTime': '8:30', 'endTime': '16:20', 'campus': None}]",Stephanie DeRapp,3.0
MSE 494,D200,fall,2026,"MSE 393 or 394, a minimum of 75 units and approval of internship co-ordinator required.",MSE 393,False,"[{'days': 'Mo, Tu, We, Th, Fr', 'startTime': '8:30', 'endTime': '16:20', 'campus': None}]",Stephanie DeRapp,3.0
MSE 494,I100,fall,2026,"MSE 393 or 394, a minimum of 75 units and approval of internship co-ordinator required.",MSE 393,False,"[{'days': 'Mo, Tu, We, Th, Fr', 'startTime': '8:30', 'endTime': '16:20', 'campus': None}]",Stephanie DeRapp,3.0
MSE 720,G100,fall,2026,,,False,"[{'days': 'Mo', 'startTime': '14:30', 'endTime': '16:20', 'campus': 'Surrey'}, {'days': 'We', 'startTime': '14:30', 'endTime': '15:20', 'campus': 'Surrey'}]",Carolyn Sparrey,3.0
MSE 722,G100,fall,2026,,,False,"[{'days': 'We', 'startTime': '13:30', 'endTime': '14:20', 'campus': 'Surrey'}, {'days': 'Fr', 'startTime': '12:30', 'endTime': '14:20', 'campus': 'Surrey'}]",Erik Kjeang,3.0
MSE 722,LAB1,fall,2026,,,False,"[{'days': 'We', 'startTime': '9:30', 'endTime': '12:20', 'campus': 'Surrey'}]",Erik Kjeang,3.0
MSE 795,G100,fall,2026,12 units of MSE course work at the 700-level or higher with a minimum SFU CGPA of 3.0. Approval of supervisor and a GPC representative is required prior to applying for and accepting an internship.,,False,"[{'days': 'Mo, Tu, We, Th, Fr', 'startTime': '8:30', 'endTime': '16:20', 'campus': None}]",John Zheng Shen,3.0
MSE 795,G200,fall,2026,12 units of MSE course work at the 700-level or higher with a minimum SFU CGPA of 3.0. Approval of supervisor and a GPC representative is required prior to applying for and accepting an internship.,,False,"[{'days': 'Mo, Tu, We, Th', 'startTime': '8:30', 'endTime': '16:20', 'campus': None}]",John Zheng Shen,3.0
MSE 804,G100,fall,2026,,,False,"[{'days': 'We', 'startTime': '12:30', 'endTime': '13:20', 'campus': 'Surrey'}]",Faranak Farzan,
MSE 890,G100,fall,2026,PhD Students in the School of Mechatronic Systems Engineering (MSE).,,False,[],,
MSE 890,G200,fall,2026,PhD Students in the School of Mechatronic Systems Engineering (MSE).,,False,[],,
MSE 891,G100,fall,2026,,,False,[],Faranak Farzan,3.0
MSE 891,G200,fall,2026,,,False,[],Woo Soo Kim,3.0
MSE 891,G300,fall,2026,,,False,[],Erik Kjeang,3.0
MSE 891,G400,fall,2026,,,False,[],Ahmad Rad,3.0
MSE 891,G500,fall,2026,,,False,[],Jason Jiacheng Wang,3.0
MSE 891,G600,fall,2026,,,False,[],,3.0
MSE 891,G700,fall,2026,,,False,[],,3.0
MSE 892,G100,fall,2026,,,False,[],,3.0
MSE 892,G200,fall,2026,,,False,[],,3.0
MSE 892,G300,fall,2026,,,False,[],,3.0
MSE 892,G400,fall,2026,,,False,[],,3.0
MSE 892,G500,fall,2026,,,False,[],,3.0
MSE 892,G600,fall,2026,,,False,[],,3.0
MSE 892,G700,fall,2026,,,False,[],,3.0
MSE 895,G100,fall,2026,,,False,"[{'days': 'We', 'startTime': '15:30', 'endTime': '16:20', 'campus': 'Surrey'}, {'days': 'Fr', 'startTime': '14:30', 'endTime': '16:20', 'campus': 'Surrey'}]",Faranak Farzan,3.0
MSE 895,LAB1,fall,2026,,,False,"[{'days': 'Fr', 'startTime': '16:30', 'endTime': '19:20', 'campus': 'Surrey'}]",Faranak Farzan,3.0
MSE 898,G100,fall,2026,,,False,[],Gary Wang,18.0
MSE 898,G200,fall,2026,,,False,[],Gary Wang,18.0
MSE 899,G100,fall,2026,MSE 890.,MSE 890,False,[],,18.0
MSE 899,G200,fall,2026,MSE 890.,MSE 890,False,[],,18.0
MSE 910,G100,fall,2026,Recommended Prerequisite: MSE 310 or equivalent.,MSE 310,False,"[{'days': 'Tu', 'startTime': '10:30', 'endTime': '11:20', 'campus': 'Surrey'}, {'days': 'Th', 'startTime': '9:30', 'endTime': '11:20', 'campus': 'Surrey'}]",Farshid Najafi,3.0
MSE 910,LAB1,fall,2026,Recommended Prerequisite: MSE 310 or equivalent.,MSE 310,False,"[{'days': 'Th', 'startTime': '13:30', 'endTime': '16:20', 'campus': 'Surrey'}]",Farshid Najafi,3.0
MSE 980,G100,fall,2026,Recommended Prerequisite: MSE 380 or equivalent.,MSE 380,False,"[{'days': 'Tu', 'startTime': '11:30', 'endTime': '13:20', 'campus': 'Surrey'}, {'days': 'Th', 'startTime': '11:30', 'endTime': '12:20', 'campus': 'Surrey'}]",Farshid Najafi,3.0
MSE 981,G100,fall,2026,,,False,"[{'days': 'Tu', 'startTime': '16:30', 'endTime': '19:20', 'campus': 'Surrey'}]",Behnaz Bahmei,3.0
MSE 981,G200,fall,2026,,,False,[],Behnaz Bahmei,3.0
NEUR 801,G100,fall,2026,,,False,"[{'days': 'Mo', 'startTime': '13:30', 'endTime': '16:20', 'campus': 'Burnaby'}]",Dylan Cooke;Daniel Marigold,3.0
NUSC 341,D100,fall,2026,"Completion of 45 units including one course of calculus (MATH 150, MATH 151, MATH 154, or MATH 157), plus one course of chemistry (CHEM 120 or CHEM 121) OR physics (PHYS 101, PHYS 120, PHYS 125, or PHYS 140).",MATH 150;MATH 151;MATH 154;MATH 157;CHEM 120;CHEM 121;PHYS 101;PHYS 120;PHYS 125;PHYS 140,False,"[{'days': 'Mo, We, Fr', 'startTime': '9:30', 'endTime': '10:20', 'campus': 'Burnaby'}]",Caterina Ramogida,3.0
NUSC 341,D101,fall,2026,"Completion of 45 units including one course of calculus (MATH 150, MATH 151, MATH 154, or MATH 157), plus one course of chemistry (CHEM 120 or CHEM 121) OR physics (PHYS 101, PHYS 120, PHYS 125, or PHYS 140).",MATH 150;MATH 151;MATH 154;MATH 157;CHEM 120;CHEM 121;PHYS 101;PHYS 120;PHYS 125;PHYS 140,False,"[{'days': 'We', 'startTime': '8:30', 'endTime': '9:20', 'campus': 'Burnaby'}]",,3.0
NUSC 344,D100,fall,2026,"Completion of 45 units including one course of calculus (MATH 150, MATH 151, MATH 154, or MATH 157), plus one course of chemistry (CHEM 120 or CHEM 121) OR physics (PHYS 101, PHYS 120, PHYS 125, or PHYS 140).",MATH 150;MATH 151;MATH 154;MATH 157;CHEM 120;CHEM 121;PHYS 101;PHYS 120;PHYS 125;PHYS 140,False,"[{'days': 'We, Fr', 'startTime': '14:30', 'endTime': '16:20', 'campus': 'Burnaby'}]",Krzysztof Starosta,3.0
NUSC 481,D001,fall,2026,Permission of the department; knowledge of nuclear science at an advanced level. Normally taken after completion of 300-level course requirements.,,True,[],,5.0
NUSC 481,D002,fall,2026,Permission of the department; knowledge of nuclear science at an advanced level. Normally taken after completion of 300-level course requirements.,,True,[],,5.0
NUSC 481,D003,fall,2026,Permission of the department; knowledge of nuclear science at an advanced level. Normally taken after completion of 300-level course requirements.,,True,[],,5.0
NUSC 482,D001,fall,2026,Permission of the Department.,,True,[],,3.0
NUSC 482,D002,fall,2026,Permission of the Department.,,True,[],,3.0
NUSC 482,D003,fall,2026,Permission of the Department.,,True,[],,3.0
NUSC 484,D001,fall,2026,Permission of the department; knowledge of nuclear science at an advanced level. Normally taken after completion of 300-level course requirements.,,True,[],,10.0
NUSC 484,D002,fall,2026,Permission of the department; knowledge of nuclear science at an advanced level. Normally taken after completion of 300-level course requirements.,,True,[],,10.0
NUSC 484,D003,fall,2026,Permission of the department; knowledge of nuclear science at an advanced level. Normally taken after completion of 300-level course requirements.,,True,[],,10.0
ONC 502,G100,fall,2026,Enrollment in a participating graduate program. No specific courses are prerequisites.,,False,"[{'days': 'Mo, We', 'startTime': '16:00', 'endTime': '17:30', 'campus': 'Burnaby'}]",Sharon Gorski,3.0
ONC 510,G100,fall,2026,Enrollment in a participating graduate program. No specific courses are prerequisites.,,False,"[{'days': 'Th', 'startTime': '9:00', 'endTime': '9:50', 'campus': None}]",Sharon Gorski,3.0
PHIL 100W,D100,fall,2026,,,False,"[{'days': 'Tu', 'startTime': '14:30', 'endTime': '16:20', 'campus': 'Burnaby'}]",Thomas Donaldson,3.0
PHIL 100W,D101,fall,2026,,,False,"[{'days': 'Mo', 'startTime': '9:30', 'endTime': '10:20', 'campus': 'Burnaby'}]",,3.0
PHIL 100W,D102,fall,2026,,,False,"[{'days': 'Mo', 'startTime': '14:30', 'endTime': '15:20', 'campus': 'Burnaby'}]",,3.0
PHIL 100W,D103,fall,2026,,,False,"[{'days': 'Mo', 'startTime': '15:30', 'endTime': '16:20', 'campus': 'Burnaby'}]",,3.0
PHIL 100W,D104,fall,2026,,,False,"[{'days': 'Tu', 'startTime': '9:30', 'endTime': '10:20', 'campus': 'Burnaby'}]",,3.0
PHIL 100W,D105,fall,2026,,,False,"[{'days': 'Tu', 'startTime': '9:30', 'endTime': '10:20', 'campus': 'Burnaby'}]",,3.0
PHIL 100W,D106,fall,2026,,,False,"[{'days': 'Tu', 'startTime': '9:30', 'endTime': '10:20', 'campus': 'Burnaby'}]",,3.0
PHIL 100W,D107,fall,2026,,,False,"[{'days': 'Tu', 'startTime': '12:30', 'endTime': '13:20', 'campus': 'Burnaby'}]",,3.0
PHIL 100W,D108,fall,2026,,,False,"[{'days': 'Tu', 'startTime': '12:30', 'endTime': '13:20', 'campus': 'Burnaby'}]",,3.0
PHIL 100W,D109,fall,2026,,,False,"[{'days': 'Tu', 'startTime': '13:30', 'endTime': '14:20', 'campus': 'Burnaby'}]",,3.0
PHIL 100W,D110,fall,2026,,,False,"[{'days': 'Tu', 'startTime': '13:30', 'endTime': '14:20', 'campus': 'Burnaby'}]",,3.0
PHIL 100W,D111,fall,2026,,,False,"[{'days': 'Tu', 'startTime': '13:30', 'endTime': '14:20', 'campus': 'Burnaby'}]",,3.0
PHIL 100W,D112,fall,2026,,,False,"[{'days': 'Tu', 'startTime': '13:30', 'endTime': '14:20', 'campus': 'Burnaby'}]",,3.0
PHIL 100W,D113,fall,2026,,,False,"[{'days': 'Tu', 'startTime': '16:30', 'endTime': '17:20', 'campus': 'Burnaby'}]",,3.0
PHIL 100W,D114,fall,2026,,,False,"[{'days': 'Tu', 'startTime': '16:30', 'endTime': '17:20', 'campus': 'Burnaby'}]",,3.0
PHIL 100W,D115,fall,2026,,,False,"[{'days': 'Tu', 'startTime': '16:30', 'endTime': '17:20', 'campus': 'Burnaby'}]",,3.0
PHIL 100W,D116,fall,2026,,,False,"[{'days': 'Tu', 'startTime': '16:30', 'endTime': '17:20', 'campus': 'Burnaby'}]",,3.0
PHIL 100W,D117,fall,2026,,,False,"[{'days': 'Tu', 'startTime': '17:30', 'endTime': '18:20', 'campus': 'Burnaby'}]",,3.0
PHIL 100W,D118,fall,2026,,,False,"[{'days': 'Tu', 'startTime': '17:30', 'endTime': '18:20', 'campus': 'Burnaby'}]",,3.0
PHIL 105,D100,fall,2026,,,False,"[{'days': 'Mo', 'startTime': '12:30', 'endTime': '14:20', 'campus': 'Burnaby'}]",Kino Zhao,3.0
PHIL 105,D101,fall,2026,,,False,"[{'days': 'Mo', 'startTime': '9:30', 'endTime': '10:20', 'campus': 'Burnaby'}]",,3.0
PHIL 105,D102,fall,2026,,,False,"[{'days': 'Mo', 'startTime': '9:30', 'endTime': '10:20', 'campus': 'Burnaby'}]",,3.0
PHIL 105,D103,fall,2026,,,False,"[{'days': 'Mo', 'startTime': '9:30', 'endTime': '10:20', 'campus': 'Burnaby'}]",,3.0
PHIL 105,D104,fall,2026,,,False,"[{'days': 'Mo', 'startTime': '10:30', 'endTime': '11:20', 'campus': 'Burnaby'}]",,3.0
PHIL 105,D105,fall,2026,,,False,"[{'days': 'Mo', 'startTime': '10:30', 'endTime': '11:20', 'campus': 'Burnaby'}]",,3.0
PHIL 105,D106,fall,2026,,,False,"[{'days': 'Mo', 'startTime': '11:30', 'endTime': '12:20', 'campus': 'Burnaby'}]",,3.0
PHIL 105,D107,fall,2026,,,False,"[{'days': 'Mo', 'startTime': '11:30', 'endTime': '12:20', 'campus': 'Burnaby'}]",,3.0
PHIL 105,D108,fall,2026,,,False,"[{'days': 'Mo', 'startTime': '11:30', 'endTime': '12:20', 'campus': 'Burnaby'}]",,3.0
PHIL 105,D109,fall,2026,,,False,"[{'days': 'Mo', 'startTime': '14:30', 'endTime': '15:20', 'campus': 'Burnaby'}]",,3.0
PHIL 105,D110,fall,2026,,,False,"[{'days': 'Mo', 'startTime': '14:30', 'endTime': '15:20', 'campus': 'Burnaby'}]",,3.0
PHIL 105,D111,fall,2026,,,False,"[{'days': 'Mo', 'startTime': '14:30', 'endTime': '15:20', 'campus': 'Burnaby'}]",,3.0
PHIL 105,D112,fall,2026,,,False,"[{'days': 'Mo', 'startTime': '15:30', 'endTime': '16:20', 'campus': 'Burnaby'}]",,3.0
PHIL 105,D113,fall,2026,,,False,"[{'days': 'Mo', 'startTime': '15:30', 'endTime': '16:20', 'campus': 'Burnaby'}]",,3.0
PHIL 105,D114,fall,2026,,,False,"[{'days': 'Tu', 'startTime': '9:30', 'endTime': '10:20', 'campus': 'Burnaby'}]",,3.0
PHIL 105,D115,fall,2026,,,False,"[{'days': 'Tu', 'startTime': '9:30', 'endTime': '10:20', 'campus': 'Burnaby'}]",,3.0
PHIL 105,D116,fall,2026,,,False,"[{'days': 'Tu', 'startTime': '13:30', 'endTime': '14:20', 'campus': 'Burnaby'}]",,3.0
PHIL 105,D117,fall,2026,,,False,"[{'days': 'Tu', 'startTime': '14:30', 'endTime': '15:20', 'campus': 'Burnaby'}]",,3.0
PHIL 110,D100,fall,2026,,,False,"[{'days': 'Mo', 'startTime': '10:30', 'endTime': '12:20', 'campus': 'Burnaby'}]",Bruno Guindon,3.0
PHIL 110,D101,fall,2026,,,False,"[{'days': 'Mo', 'startTime': '9:30', 'endTime': '10:20', 'campus': 'Burnaby'}]",,3.0
PHIL 110,D102,fall,2026,,,False,"[{'days': 'Mo', 'startTime': '9:30', 'endTime': '10:20', 'campus': 'Burnaby'}]",,3.0
PHIL 110,D103,fall,2026,,,False,"[{'days': 'Mo', 'startTime': '12:30', 'endTime': '13:20', 'campus': 'Burnaby'}]",,3.0
PHIL 110,D104,fall,2026,,,False,"[{'days': 'Mo', 'startTime': '12:30', 'endTime': '13:20', 'campus': 'Burnaby'}]",,3.0
PHIL 110,D105,fall,2026,,,False,"[{'days': 'Mo', 'startTime': '13:30', 'endTime': '14:20', 'campus': 'Burnaby'}]",,3.0
PHIL 110,D106,fall,2026,,,False,"[{'days': 'Mo', 'startTime': '13:30', 'endTime': '14:20', 'campus': 'Burnaby'}]",,3.0
PHIL 110,D107,fall,2026,,,False,"[{'days': 'Mo', 'startTime': '14:30', 'endTime': '15:20', 'campus': 'Burnaby'}]",,3.0
PHIL 110,D108,fall,2026,,,False,"[{'days': 'Mo', 'startTime': '14:30', 'endTime': '15:20', 'campus': 'Burnaby'}]",,3.0
PHIL 110,D109,fall,2026,,,False,"[{'days': 'Tu', 'startTime': '9:30', 'endTime': '10:20', 'campus': 'Burnaby'}]",,3.0
PHIL 110,D110,fall,2026,,,False,"[{'days': 'Tu', 'startTime': '10:30', 'endTime': '11:20', 'campus': 'Burnaby'}]",,3.0
PHIL 120W,D100,fall,2026,,,False,"[{'days': 'Th', 'startTime': '14:30', 'endTime': '16:20', 'campus': 'Burnaby'}]",Stephen Bero,3.0
PHIL 120W,D101,fall,2026,,,False,"[{'days': 'Tu', 'startTime': '9:30', 'endTime': '10:20', 'campus': 'Burnaby'}]",,3.0
PHIL 120W,D102,fall,2026,,,False,"[{'days': 'Th', 'startTime': '9:30', 'endTime': '10:20', 'campus': 'Burnaby'}]",,3.0
PHIL 120W,D103,fall,2026,,,False,"[{'days': 'Th', 'startTime': '9:30', 'endTime': '10:20', 'campus': 'Burnaby'}]",,3.0
PHIL 120W,D104,fall,2026,,,False,"[{'days': 'Th', 'startTime': '9:30', 'endTime': '10:20', 'campus': 'Burnaby'}]",,3.0
PHIL 120W,D105,fall,2026,,,False,"[{'days': 'Th', 'startTime': '9:30', 'endTime': '10:20', 'campus': 'Burnaby'}]",,3.0
PHIL 120W,D106,fall,2026,,,False,"[{'days': 'Th', 'startTime': '10:30', 'endTime': '11:20', 'campus': 'Burnaby'}]",,3.0
PHIL 120W,D107,fall,2026,,,False,"[{'days': 'Th', 'startTime': '11:30', 'endTime': '12:20', 'campus': 'Burnaby'}]",,3.0
PHIL 120W,D108,fall,2026,,,False,"[{'days': 'Th', 'startTime': '12:30', 'endTime': '13:20', 'campus': 'Burnaby'}]",,3.0
PHIL 120W,D109,fall,2026,,,False,"[{'days': 'Th', 'startTime': '12:30', 'endTime': '13:20', 'campus': 'Burnaby'}]",,3.0
PHIL 120W,D110,fall,2026,,,False,"[{'days': 'Th', 'startTime': '13:30', 'endTime': '14:20', 'campus': 'Burnaby'}]",,3.0
PHIL 120W,D111,fall,2026,,,False,"[{'days': 'Th', 'startTime': '13:30', 'endTime': '14:20', 'campus': 'Burnaby'}]",,3.0
PHIL 120W,D112,fall,2026,,,False,"[{'days': 'Th', 'startTime': '13:30', 'endTime': '14:20', 'campus': 'Burnaby'}]",,3.0
PHIL 120W,D113,fall,2026,,,False,"[{'days': 'Th', 'startTime': '13:30', 'endTime': '14:20', 'campus': 'Burnaby'}]",,3.0
PHIL 120W,D114,fall,2026,,,False,"[{'days': 'Th', 'startTime': '16:30', 'endTime': '17:20', 'campus': 'Burnaby'}]",,3.0
PHIL 120W,D115,fall,2026,,,False,"[{'days': 'Th', 'startTime': '16:30', 'endTime': '17:20', 'campus': 'Burnaby'}]",,3.0
PHIL 120W,D116,fall,2026,,,False,"[{'days': 'Th', 'startTime': '16:30', 'endTime': '17:20', 'campus': 'Burnaby'}]",,3.0
PHIL 120W,D117,fall,2026,,,False,"[{'days': 'Th', 'startTime': '16:30', 'endTime': '17:20', 'campus': 'Burnaby'}]",,3.0
PHIL 120W,D118,fall,2026,,,False,"[{'days': 'Th', 'startTime': '17:30', 'endTime': '18:20', 'campus': 'Burnaby'}]",,3.0
PHIL 120W,D119,fall,2026,,,False,"[{'days': 'Th', 'startTime': '17:30', 'endTime': '18:20', 'campus': 'Burnaby'}]",,3.0
PHIL 144,B100,fall,2026,,,False,"[{'days': 'Mo, We', 'startTime': '9:30', 'endTime': '10:20', 'campus': 'Burnaby'}]",Holly Andersen,3.0
PHIL 203,B100,fall,2026,"One of PHIL 100, 100W, 120, 120W, 121, 144, 150, 151, 300, or COGS 100.",PHIL 100;COGS 100,False,"[{'days': 'Fr', 'startTime': '10:30', 'endTime': '12:20', 'campus': 'Burnaby'}]",Jennifer Wang,3.0
PHIL 221,D100,fall,2026,"One of PHIL 100, 100W, 120, 120W, 121, 144, 150, 151, or 300.",PHIL 100,False,"[{'days': 'Mo', 'startTime': '14:30', 'endTime': '15:20', 'campus': 'Burnaby'}, {'days': 'Th', 'startTime': '14:30', 'endTime': '16:20', 'campus': 'Burnaby'}]",Bruno Guindon,3.0
PHIL 270,D100,fall,2026,,,False,"[{'days': 'Tu', 'startTime': '10:30', 'endTime': '12:20', 'campus': 'Burnaby'}, {'days': 'Fr', 'startTime': '10:30', 'endTime': '11:20', 'campus': 'Burnaby'}]",Kino Zhao,3.0
PHIL 314,D100,fall,2026,"One of PHIL 110, 210, 310, 315, or MACM 101, or with the approval of the instructor or department.",PHIL 110;MACM 101,False,"[{'days': 'Mo', 'startTime': '10:30', 'endTime': '11:20', 'campus': 'Burnaby'}, {'days': 'Th', 'startTime': '10:30', 'endTime': '12:20', 'campus': 'Burnaby'}]",Jennifer Wang,3.0
PHIL 320,D100,fall,2026,"One of PHIL 120, 120W, 121, 220, 221, 270, SDA 270, ENV 320W, or REM 320W.",PHIL 120;SDA 270;ENV 320W;REM 320W,False,"[{'days': 'Mo', 'startTime': '12:30', 'endTime': '13:20', 'campus': 'Burnaby'}, {'days': 'Th', 'startTime': '12:30', 'endTime': '14:20', 'campus': 'Burnaby'}]",Endre Begby,3.0
PHIL 321,D100,fall,2026,"One of PHIL 120, 120W, 121, 220, 221, 270, SDA 270, ENV 320W, or REM 320W.",PHIL 120;SDA 270;ENV 320W;REM 320W,False,"[{'days': 'Tu', 'startTime': '10:30', 'endTime': '12:20', 'campus': 'Burnaby'}, {'days': 'Fr', 'startTime': '10:30', 'endTime': '11:20', 'campus': 'Burnaby'}]",Alexandra King,3.0
PHIL 321,D200,fall,2026,"One of PHIL 120, 120W, 121, 220, 221, 270, SDA 270, ENV 320W, or REM 320W.",PHIL 120;SDA 270;ENV 320W;REM 320W,False,"[{'days': 'We', 'startTime': '9:30', 'endTime': '12:20', 'campus': 'Burnaby'}]",Bruno Guindon,3.0
PHIL 322,D100,fall,2026,"One of PHIL 120, 120W, 121, 150, 151, 220, 221, 270, SDA 270, ENV 320W, or REM 320W.",PHIL 120;SDA 270;ENV 320W;REM 320W,False,"[{'days': 'We', 'startTime': '14:30', 'endTime': '17:20', 'campus': 'Burnaby'}]",Sam Black,3.0
PHIL 326,E100,fall,2026,"One of PHIL 120, 120W, 121, 220, 221, 270, SDA 270, ENV 320W, or REM 320W.",PHIL 120;SDA 270;ENV 320W;REM 320W,False,"[{'days': 'Mo', 'startTime': '16:30', 'endTime': '19:20', 'campus': 'Burnaby'}]",Chelsea Rosenthal,3.0
PHIL 329,D100,fall,2026,"One of PHIL 120, 120W, 121, 220, 221, 270, SDA 270, ENV 320W, or REM 320W.",PHIL 120;SDA 270;ENV 320W;REM 320W,False,"[{'days': 'Tu', 'startTime': '14:30', 'endTime': '17:20', 'campus': 'Burnaby'}]",Stephen Bero,3.0
PHIL 332,D100,fall,2026,As stated by department at time of offering.,,False,"[{'days': 'Mo', 'startTime': '10:30', 'endTime': '12:20', 'campus': 'Burnaby'}, {'days': 'We', 'startTime': '10:30', 'endTime': '11:20', 'campus': 'Burnaby'}]",Kathleen Akins,3.0
PHIL 356,B100,fall,2026,"One prior philosophy course (not including PHIL 105, PHIL 110, PHIL 310, PHIL 314, or PHIL 315).",PHIL 105;PHIL 110;PHIL 310;PHIL 314;PHIL 315,False,"[{'days': 'Mo', 'startTime': '14:30', 'endTime': '16:20', 'campus': 'Burnaby'}]",Qiu Lin,3.0
PHIL 421,D100,fall,2026,"Nine upper division PHIL units. It is strongly recommended that students in PHIL 421 have taken prior courses in moral theory (e.g., PHIL 120W, PHIL 221, PHIL 270, PHIL 320, PHIL 321, PHIL 322, PHIL 326, or PHIL 329).",PHIL 421;PHIL 120W;PHIL 221;PHIL 270;PHIL 320;PHIL 321;PHIL 322;PHIL 326;PHIL 329,False,"[{'days': 'Mo', 'startTime': '9:30', 'endTime': '12:20', 'campus': 'Burnaby'}]",Evan Tiffany,4.0
PHIL 467W,E100,fall,2026,"15 upper division PHIL units or permission from the instructor. Students not in a philosophy major, philosophy honours, or joint major program can take PHIL 467W only with special permission from the instructor.",PHIL 467W,False,"[{'days': 'Tu', 'startTime': '16:30', 'endTime': '19:20', 'campus': 'Burnaby'}]",Endre Begby,4.0
PHIL 479,D100,fall,2026,Enrolled in the philosophy honours program.,,False,[],,3.0
PHIL 803,G100,fall,2026,,,False,"[{'days': 'We', 'startTime': '9:30', 'endTime': '12:20', 'campus': 'Burnaby'}]",Thomas Donaldson,4.0
PHIL 822,G100,fall,2026,,,False,"[{'days': 'We', 'startTime': '16:30', 'endTime': '19:20', 'campus': 'Burnaby'}]",Chelsea Rosenthal,4.0
PHIL 880,G100,fall,2026,,,False,"[{'days': 'Fr', 'startTime': '9:30', 'endTime': '12:20', 'campus': 'Burnaby'}]",Holly Andersen,4.0
PHIL 898,G100,fall,2026,,,False,[],Jennifer Wang,18.0
PHIL 899,G100,fall,2026,,,False,[],Jennifer Wang,6.0
PHYS 100,D100,fall,2026,"BC Pre-Calculus 12 (or equivalent) or MATH 100 or MATH 110, with a minimum grade of C-. BC Physics 11 (or equivalent) is recommended.",MATH 100;MATH 110,False,"[{'days': 'Mo, We, Fr', 'startTime': '12:30', 'endTime': '13:20', 'campus': 'Burnaby'}]",Erol Girt,3.0
PHYS 100,D101,fall,2026,"BC Pre-Calculus 12 (or equivalent) or MATH 100 or MATH 110, with a minimum grade of C-. BC Physics 11 (or equivalent) is recommended.",MATH 100;MATH 110,False,"[{'days': 'Mo', 'startTime': '11:30', 'endTime': '12:20', 'campus': 'Burnaby'}]",,3.0
PHYS 100,D102,fall,2026,"BC Pre-Calculus 12 (or equivalent) or MATH 100 or MATH 110, with a minimum grade of C-. BC Physics 11 (or equivalent) is recommended.",MATH 100;MATH 110,False,"[{'days': 'Mo', 'startTime': '14:30', 'endTime': '15:20', 'campus': 'Burnaby'}]",,3.0
PHYS 100,D103,fall,2026,"BC Pre-Calculus 12 (or equivalent) or MATH 100 or MATH 110, with a minimum grade of C-. BC Physics 11 (or equivalent) is recommended.",MATH 100;MATH 110,False,"[{'days': 'Tu', 'startTime': '12:30', 'endTime': '13:20', 'campus': 'Burnaby'}]",,3.0
PHYS 100,D104,fall,2026,"BC Pre-Calculus 12 (or equivalent) or MATH 100 or MATH 110, with a minimum grade of C-. BC Physics 11 (or equivalent) is recommended.",MATH 100;MATH 110,False,"[{'days': 'Tu', 'startTime': '13:30', 'endTime': '14:20', 'campus': 'Burnaby'}]",,3.0
PHYS 100,D105,fall,2026,"BC Pre-Calculus 12 (or equivalent) or MATH 100 or MATH 110, with a minimum grade of C-. BC Physics 11 (or equivalent) is recommended.",MATH 100;MATH 110,False,"[{'days': 'Tu', 'startTime': '14:30', 'endTime': '15:20', 'campus': 'Burnaby'}]",,3.0
PHYS 100,D107,fall,2026,"BC Pre-Calculus 12 (or equivalent) or MATH 100 or MATH 110, with a minimum grade of C-. BC Physics 11 (or equivalent) is recommended.",MATH 100;MATH 110,False,"[{'days': 'We', 'startTime': '11:30', 'endTime': '12:20', 'campus': 'Burnaby'}]",,3.0
PHYS 100,D108,fall,2026,"BC Pre-Calculus 12 (or equivalent) or MATH 100 or MATH 110, with a minimum grade of C-. BC Physics 11 (or equivalent) is recommended.",MATH 100;MATH 110,False,"[{'days': 'We', 'startTime': '14:30', 'endTime': '15:20', 'campus': 'Burnaby'}]",,3.0
PHYS 100,D109,fall,2026,"BC Pre-Calculus 12 (or equivalent) or MATH 100 or MATH 110, with a minimum grade of C-. BC Physics 11 (or equivalent) is recommended.",MATH 100;MATH 110,False,"[{'days': 'Th', 'startTime': '12:30', 'endTime': '13:20', 'campus': 'Burnaby'}]",,3.0
PHYS 100,D110,fall,2026,"BC Pre-Calculus 12 (or equivalent) or MATH 100 or MATH 110, with a minimum grade of C-. BC Physics 11 (or equivalent) is recommended.",MATH 100;MATH 110,False,"[{'days': 'Th', 'startTime': '13:30', 'endTime': '14:20', 'campus': 'Burnaby'}]",,3.0
PHYS 100,D111,fall,2026,"BC Pre-Calculus 12 (or equivalent) or MATH 100 or MATH 110, with a minimum grade of C-. BC Physics 11 (or equivalent) is recommended.",MATH 100;MATH 110,False,"[{'days': 'Th', 'startTime': '14:30', 'endTime': '15:20', 'campus': 'Burnaby'}]",,3.0
PHYS 100,D112,fall,2026,"BC Pre-Calculus 12 (or equivalent) or MATH 100 or MATH 110, with a minimum grade of C-. BC Physics 11 (or equivalent) is recommended.",MATH 100;MATH 110,False,"[{'days': 'Th', 'startTime': '15:30', 'endTime': '16:20', 'campus': 'Burnaby'}]",,3.0
PHYS 100,D113,fall,2026,"BC Pre-Calculus 12 (or equivalent) or MATH 100 or MATH 110, with a minimum grade of C-. BC Physics 11 (or equivalent) is recommended.",MATH 100;MATH 110,False,"[{'days': 'Fr', 'startTime': '11:30', 'endTime': '12:20', 'campus': 'Burnaby'}]",,3.0
PHYS 100,D114,fall,2026,"BC Pre-Calculus 12 (or equivalent) or MATH 100 or MATH 110, with a minimum grade of C-. BC Physics 11 (or equivalent) is recommended.",MATH 100;MATH 110,False,"[{'days': 'Fr', 'startTime': '14:30', 'endTime': '15:20', 'campus': 'Burnaby'}]",,3.0
PHYS 100,D115,fall,2026,"BC Pre-Calculus 12 (or equivalent) or MATH 100 or MATH 110, with a minimum grade of C-. BC Physics 11 (or equivalent) is recommended.",MATH 100;MATH 110,False,"[{'days': 'Mo', 'startTime': '15:30', 'endTime': '16:20', 'campus': 'Burnaby'}]",,3.0
PHYS 100,D116,fall,2026,"BC Pre-Calculus 12 (or equivalent) or MATH 100 or MATH 110, with a minimum grade of C-. BC Physics 11 (or equivalent) is recommended.",MATH 100;MATH 110,False,"[{'days': 'We', 'startTime': '15:30', 'endTime': '16:20', 'campus': 'Burnaby'}]",,3.0
PHYS 100,D200,fall,2026,"BC Pre-Calculus 12 (or equivalent) or MATH 100 or MATH 110, with a minimum grade of C-. BC Physics 11 (or equivalent) is recommended.",MATH 100;MATH 110,False,"[{'days': 'Mo, We, Fr', 'startTime': '13:30', 'endTime': '14:20', 'campus': 'Surrey'}]",Eldon Emberly,3.0
PHYS 100,D201,fall,2026,"BC Pre-Calculus 12 (or equivalent) or MATH 100 or MATH 110, with a minimum grade of C-. BC Physics 11 (or equivalent) is recommended.",MATH 100;MATH 110,False,"[{'days': 'Mo', 'startTime': '14:30', 'endTime': '15:20', 'campus': 'Surrey'}]",,3.0
PHYS 100,D202,fall,2026,"BC Pre-Calculus 12 (or equivalent) or MATH 100 or MATH 110, with a minimum grade of C-. BC Physics 11 (or equivalent) is recommended.",MATH 100;MATH 110,False,"[{'days': 'We', 'startTime': '14:30', 'endTime': '15:20', 'campus': 'Surrey'}]",,3.0
PHYS 100,D203,fall,2026,"BC Pre-Calculus 12 (or equivalent) or MATH 100 or MATH 110, with a minimum grade of C-. BC Physics 11 (or equivalent) is recommended.",MATH 100;MATH 110,False,"[{'days': 'Fr', 'startTime': '14:30', 'endTime': '15:20', 'campus': 'Surrey'}]",,3.0
PHYS 101,D100,fall,2026,"BC Principles of Physics 12 or PHYS 100 or equivalent, with a minimum grade of C-. This prerequisite may be waived, at the discretion of the department, as determined by the student's performance on a regularly scheduled PHYS 100 final exam. Please consult the physics advisor for further details. Corequisite: MATH 150 or 151 or 154 or 157; BISC 100 or 101 or 102 or 113. Recommended Corequisite: PHYS 132.",PHYS 100;MATH 150;BISC 100;PHYS 132,False,"[{'days': 'Mo, We, Fr', 'startTime': '9:30', 'endTime': '10:20', 'campus': 'Burnaby'}]",Sarah Johnson,3.0
PHYS 101,D101,fall,2026,"BC Principles of Physics 12 or PHYS 100 or equivalent, with a minimum grade of C-. This prerequisite may be waived, at the discretion of the department, as determined by the student's performance on a regularly scheduled PHYS 100 final exam. Please consult the physics advisor for further details. Corequisite: MATH 150 or 151 or 154 or 157; BISC 100 or 101 or 102 or 113. Recommended Corequisite: PHYS 132.",PHYS 100;MATH 150;BISC 100;PHYS 132,False,"[{'days': 'Mo', 'startTime': '10:30', 'endTime': '11:20', 'campus': 'Burnaby'}]",,3.0
PHYS 101,D102,fall,2026,"BC Principles of Physics 12 or PHYS 100 or equivalent, with a minimum grade of C-. This prerequisite may be waived, at the discretion of the department, as determined by the student's performance on a regularly scheduled PHYS 100 final exam. Please consult the physics advisor for further details. Corequisite: MATH 150 or 151 or 154 or 157; BISC 100 or 101 or 102 or 113. Recommended Corequisite: PHYS 132.",PHYS 100;MATH 150;BISC 100;PHYS 132,False,"[{'days': 'Mo', 'startTime': '11:30', 'endTime': '12:20', 'campus': 'Burnaby'}]",,3.0
PHYS 101,D103,fall,2026,"BC Principles of Physics 12 or PHYS 100 or equivalent, with a minimum grade of C-. This prerequisite may be waived, at the discretion of the department, as determined by the student's performance on a regularly scheduled PHYS 100 final exam. Please consult the physics advisor for further details. Corequisite: MATH 150 or 151 or 154 or 157; BISC 100 or 101 or 102 or 113. Recommended Corequisite: PHYS 132.",PHYS 100;MATH 150;BISC 100;PHYS 132,False,"[{'days': 'Tu', 'startTime': '13:30', 'endTime': '14:20', 'campus': 'Burnaby'}]",,3.0
PHYS 101,D104,fall,2026,"BC Principles of Physics 12 or PHYS 100 or equivalent, with a minimum grade of C-. This prerequisite may be waived, at the discretion of the department, as determined by the student's performance on a regularly scheduled PHYS 100 final exam. Please consult the physics advisor for further details. Corequisite: MATH 150 or 151 or 154 or 157; BISC 100 or 101 or 102 or 113. Recommended Corequisite: PHYS 132.",PHYS 100;MATH 150;BISC 100;PHYS 132,False,"[{'days': 'Tu', 'startTime': '14:30', 'endTime': '15:20', 'campus': 'Burnaby'}]",,3.0
PHYS 101,D107,fall,2026,"BC Principles of Physics 12 or PHYS 100 or equivalent, with a minimum grade of C-. This prerequisite may be waived, at the discretion of the department, as determined by the student's performance on a regularly scheduled PHYS 100 final exam. Please consult the physics advisor for further details. Corequisite: MATH 150 or 151 or 154 or 157; BISC 100 or 101 or 102 or 113. Recommended Corequisite: PHYS 132.",PHYS 100;MATH 150;BISC 100;PHYS 132,False,"[{'days': 'We', 'startTime': '10:30', 'endTime': '11:20', 'campus': 'Burnaby'}]",,3.0
PHYS 101,D110,fall,2026,"BC Principles of Physics 12 or PHYS 100 or equivalent, with a minimum grade of C-. This prerequisite may be waived, at the discretion of the department, as determined by the student's performance on a regularly scheduled PHYS 100 final exam. Please consult the physics advisor for further details. Corequisite: MATH 150 or 151 or 154 or 157; BISC 100 or 101 or 102 or 113. Recommended Corequisite: PHYS 132.",PHYS 100;MATH 150;BISC 100;PHYS 132,False,"[{'days': 'Th', 'startTime': '14:30', 'endTime': '15:20', 'campus': 'Burnaby'}]",,3.0
PHYS 101,D111,fall,2026,"BC Principles of Physics 12 or PHYS 100 or equivalent, with a minimum grade of C-. This prerequisite may be waived, at the discretion of the department, as determined by the student's performance on a regularly scheduled PHYS 100 final exam. Please consult the physics advisor for further details. Corequisite: MATH 150 or 151 or 154 or 157; BISC 100 or 101 or 102 or 113. Recommended Corequisite: PHYS 132.",PHYS 100;MATH 150;BISC 100;PHYS 132,False,"[{'days': 'Th', 'startTime': '15:30', 'endTime': '16:20', 'campus': 'Burnaby'}]",,3.0
PHYS 101,D113,fall,2026,"BC Principles of Physics 12 or PHYS 100 or equivalent, with a minimum grade of C-. This prerequisite may be waived, at the discretion of the department, as determined by the student's performance on a regularly scheduled PHYS 100 final exam. Please consult the physics advisor for further details. Corequisite: MATH 150 or 151 or 154 or 157; BISC 100 or 101 or 102 or 113. Recommended Corequisite: PHYS 132.",PHYS 100;MATH 150;BISC 100;PHYS 132,False,"[{'days': 'Tu', 'startTime': '10:30', 'endTime': '11:20', 'campus': 'Burnaby'}]",,3.0
PHYS 101,D114,fall,2026,"BC Principles of Physics 12 or PHYS 100 or equivalent, with a minimum grade of C-. This prerequisite may be waived, at the discretion of the department, as determined by the student's performance on a regularly scheduled PHYS 100 final exam. Please consult the physics advisor for further details. Corequisite: MATH 150 or 151 or 154 or 157; BISC 100 or 101 or 102 or 113. Recommended Corequisite: PHYS 132.",PHYS 100;MATH 150;BISC 100;PHYS 132,False,"[{'days': 'Th', 'startTime': '11:30', 'endTime': '12:20', 'campus': 'Burnaby'}]",,3.0
PHYS 101,D116,fall,2026,"BC Principles of Physics 12 or PHYS 100 or equivalent, with a minimum grade of C-. This prerequisite may be waived, at the discretion of the department, as determined by the student's performance on a regularly scheduled PHYS 100 final exam. Please consult the physics advisor for further details. Corequisite: MATH 150 or 151 or 154 or 157; BISC 100 or 101 or 102 or 113. Recommended Corequisite: PHYS 132.",PHYS 100;MATH 150;BISC 100;PHYS 132,False,"[{'days': 'We', 'startTime': '13:30', 'endTime': '14:20', 'campus': 'Burnaby'}]",,3.0
PHYS 102,D100,fall,2026,"PHYS 101 or 120 or 125 or 140; MATH 150 or 151 or 154 or 157; both with a minimum grade of C-. Corequisite: BISC 100 or 101 or 102 or 113. Recommended Corequisites: MATH 152, 155 or 158; PHYS 133.",PHYS 101;MATH 150;BISC 100;MATH 152;PHYS 133,False,"[{'days': 'Mo, We, Fr', 'startTime': '9:30', 'endTime': '10:20', 'campus': 'Burnaby'}]",Sabine Betts,3.0
PHYS 102,D101,fall,2026,"PHYS 101 or 120 or 125 or 140; MATH 150 or 151 or 154 or 157; both with a minimum grade of C-. Corequisite: BISC 100 or 101 or 102 or 113. Recommended Corequisites: MATH 152, 155 or 158; PHYS 133.",PHYS 101;MATH 150;BISC 100;MATH 152;PHYS 133,False,"[{'days': 'Mo', 'startTime': '10:30', 'endTime': '11:20', 'campus': 'Burnaby'}]",,3.0
PHYS 102,D102,fall,2026,"PHYS 101 or 120 or 125 or 140; MATH 150 or 151 or 154 or 157; both with a minimum grade of C-. Corequisite: BISC 100 or 101 or 102 or 113. Recommended Corequisites: MATH 152, 155 or 158; PHYS 133.",PHYS 101;MATH 150;BISC 100;MATH 152;PHYS 133,False,"[{'days': 'Tu', 'startTime': '13:30', 'endTime': '14:20', 'campus': 'Burnaby'}]",,3.0
PHYS 102,D104,fall,2026,"PHYS 101 or 120 or 125 or 140; MATH 150 or 151 or 154 or 157; both with a minimum grade of C-. Corequisite: BISC 100 or 101 or 102 or 113. Recommended Corequisites: MATH 152, 155 or 158; PHYS 133.",PHYS 101;MATH 150;BISC 100;MATH 152;PHYS 133,False,"[{'days': 'Tu', 'startTime': '15:30', 'endTime': '16:20', 'campus': 'Burnaby'}]",,3.0
PHYS 102,D105,fall,2026,"PHYS 101 or 120 or 125 or 140; MATH 150 or 151 or 154 or 157; both with a minimum grade of C-. Corequisite: BISC 100 or 101 or 102 or 113. Recommended Corequisites: MATH 152, 155 or 158; PHYS 133.",PHYS 101;MATH 150;BISC 100;MATH 152;PHYS 133,False,"[{'days': 'Tu', 'startTime': '16:30', 'endTime': '17:20', 'campus': 'Burnaby'}]",,3.0
PHYS 102,D106,fall,2026,"PHYS 101 or 120 or 125 or 140; MATH 150 or 151 or 154 or 157; both with a minimum grade of C-. Corequisite: BISC 100 or 101 or 102 or 113. Recommended Corequisites: MATH 152, 155 or 158; PHYS 133.",PHYS 101;MATH 150;BISC 100;MATH 152;PHYS 133,False,"[{'days': 'We', 'startTime': '10:30', 'endTime': '11:20', 'campus': 'Burnaby'}]",,3.0
PHYS 102,D107,fall,2026,"PHYS 101 or 120 or 125 or 140; MATH 150 or 151 or 154 or 157; both with a minimum grade of C-. Corequisite: BISC 100 or 101 or 102 or 113. Recommended Corequisites: MATH 152, 155 or 158; PHYS 133.",PHYS 101;MATH 150;BISC 100;MATH 152;PHYS 133,False,"[{'days': 'Th', 'startTime': '13:30', 'endTime': '14:20', 'campus': 'Burnaby'}]",,3.0
PHYS 102,D108,fall,2026,"PHYS 101 or 120 or 125 or 140; MATH 150 or 151 or 154 or 157; both with a minimum grade of C-. Corequisite: BISC 100 or 101 or 102 or 113. Recommended Corequisites: MATH 152, 155 or 158; PHYS 133.",PHYS 101;MATH 150;BISC 100;MATH 152;PHYS 133,False,"[{'days': 'Th', 'startTime': '14:30', 'endTime': '15:20', 'campus': 'Burnaby'}]",,3.0
PHYS 102,D111,fall,2026,"PHYS 101 or 120 or 125 or 140; MATH 150 or 151 or 154 or 157; both with a minimum grade of C-. Corequisite: BISC 100 or 101 or 102 or 113. Recommended Corequisites: MATH 152, 155 or 158; PHYS 133.",PHYS 101;MATH 150;BISC 100;MATH 152;PHYS 133,False,"[{'days': 'We', 'startTime': '11:30', 'endTime': '12:20', 'campus': 'Burnaby'}]",,3.0
PHYS 102,D112,fall,2026,"PHYS 101 or 120 or 125 or 140; MATH 150 or 151 or 154 or 157; both with a minimum grade of C-. Corequisite: BISC 100 or 101 or 102 or 113. Recommended Corequisites: MATH 152, 155 or 158; PHYS 133.",PHYS 101;MATH 150;BISC 100;MATH 152;PHYS 133,False,"[{'days': 'We', 'startTime': '12:30', 'endTime': '13:20', 'campus': 'Burnaby'}]",,3.0
PHYS 102,D113,fall,2026,"PHYS 101 or 120 or 125 or 140; MATH 150 or 151 or 154 or 157; both with a minimum grade of C-. Corequisite: BISC 100 or 101 or 102 or 113. Recommended Corequisites: MATH 152, 155 or 158; PHYS 133.",PHYS 101;MATH 150;BISC 100;MATH 152;PHYS 133,False,"[{'days': 'Fr', 'startTime': '10:30', 'endTime': '11:20', 'campus': 'Burnaby'}]",,3.0
PHYS 120,D100,fall,2026,"BC Principles of Physics 12 or PHYS 100 or equivalent, with a minimum grade of C-. This prerequisite may be waived, at the discretion of the department, as determined by the student's performance on a regularly scheduled PHYS 100 final exam. Please consult the physics advisor for further details. Corequisite: MATH 150 or 151 or 154. Recommended Corequisite: PHYS 132.",PHYS 100;MATH 150;PHYS 132,False,"[{'days': 'Mo, We, Fr', 'startTime': '9:30', 'endTime': '10:20', 'campus': 'Burnaby'}]",Jeff Sonier,3.0
PHYS 120,D101,fall,2026,"BC Principles of Physics 12 or PHYS 100 or equivalent, with a minimum grade of C-. This prerequisite may be waived, at the discretion of the department, as determined by the student's performance on a regularly scheduled PHYS 100 final exam. Please consult the physics advisor for further details. Corequisite: MATH 150 or 151 or 154. Recommended Corequisite: PHYS 132.",PHYS 100;MATH 150;PHYS 132,False,"[{'days': 'Mo', 'startTime': '14:30', 'endTime': '15:20', 'campus': 'Burnaby'}]",,3.0
PHYS 120,D102,fall,2026,"BC Principles of Physics 12 or PHYS 100 or equivalent, with a minimum grade of C-. This prerequisite may be waived, at the discretion of the department, as determined by the student's performance on a regularly scheduled PHYS 100 final exam. Please consult the physics advisor for further details. Corequisite: MATH 150 or 151 or 154. Recommended Corequisite: PHYS 132.",PHYS 100;MATH 150;PHYS 132,False,"[{'days': 'Mo', 'startTime': '15:30', 'endTime': '16:20', 'campus': 'Burnaby'}]",,3.0
PHYS 120,D103,fall,2026,"BC Principles of Physics 12 or PHYS 100 or equivalent, with a minimum grade of C-. This prerequisite may be waived, at the discretion of the department, as determined by the student's performance on a regularly scheduled PHYS 100 final exam. Please consult the physics advisor for further details. Corequisite: MATH 150 or 151 or 154. Recommended Corequisite: PHYS 132.",PHYS 100;MATH 150;PHYS 132,False,"[{'days': 'Tu', 'startTime': '13:30', 'endTime': '14:20', 'campus': 'Burnaby'}]",,3.0
PHYS 120,D104,fall,2026,"BC Principles of Physics 12 or PHYS 100 or equivalent, with a minimum grade of C-. This prerequisite may be waived, at the discretion of the department, as determined by the student's performance on a regularly scheduled PHYS 100 final exam. Please consult the physics advisor for further details. Corequisite: MATH 150 or 151 or 154. Recommended Corequisite: PHYS 132.",PHYS 100;MATH 150;PHYS 132,False,"[{'days': 'Tu', 'startTime': '14:30', 'endTime': '15:20', 'campus': 'Burnaby'}]",,3.0
PHYS 120,D106,fall,2026,"BC Principles of Physics 12 or PHYS 100 or equivalent, with a minimum grade of C-. This prerequisite may be waived, at the discretion of the department, as determined by the student's performance on a regularly scheduled PHYS 100 final exam. Please consult the physics advisor for further details. Corequisite: MATH 150 or 151 or 154. Recommended Corequisite: PHYS 132.",PHYS 100;MATH 150;PHYS 132,False,"[{'days': 'Tu', 'startTime': '16:30', 'endTime': '17:20', 'campus': 'Burnaby'}]",,3.0
PHYS 120,D107,fall,2026,"BC Principles of Physics 12 or PHYS 100 or equivalent, with a minimum grade of C-. This prerequisite may be waived, at the discretion of the department, as determined by the student's performance on a regularly scheduled PHYS 100 final exam. Please consult the physics advisor for further details. Corequisite: MATH 150 or 151 or 154. Recommended Corequisite: PHYS 132.",PHYS 100;MATH 150;PHYS 132,False,"[{'days': 'We', 'startTime': '13:30', 'endTime': '14:20', 'campus': 'Burnaby'}]",,3.0
PHYS 120,D108,fall,2026,"BC Principles of Physics 12 or PHYS 100 or equivalent, with a minimum grade of C-. This prerequisite may be waived, at the discretion of the department, as determined by the student's performance on a regularly scheduled PHYS 100 final exam. Please consult the physics advisor for further details. Corequisite: MATH 150 or 151 or 154. Recommended Corequisite: PHYS 132.",PHYS 100;MATH 150;PHYS 132,False,"[{'days': 'We', 'startTime': '14:30', 'endTime': '15:20', 'campus': 'Burnaby'}]",,3.0
PHYS 120,D109,fall,2026,"BC Principles of Physics 12 or PHYS 100 or equivalent, with a minimum grade of C-. This prerequisite may be waived, at the discretion of the department, as determined by the student's performance on a regularly scheduled PHYS 100 final exam. Please consult the physics advisor for further details. Corequisite: MATH 150 or 151 or 154. Recommended Corequisite: PHYS 132.",PHYS 100;MATH 150;PHYS 132,False,"[{'days': 'We', 'startTime': '15:30', 'endTime': '16:20', 'campus': 'Burnaby'}]",,3.0
PHYS 120,D110,fall,2026,"BC Principles of Physics 12 or PHYS 100 or equivalent, with a minimum grade of C-. This prerequisite may be waived, at the discretion of the department, as determined by the student's performance on a regularly scheduled PHYS 100 final exam. Please consult the physics advisor for further details. Corequisite: MATH 150 or 151 or 154. Recommended Corequisite: PHYS 132.",PHYS 100;MATH 150;PHYS 132,False,"[{'days': 'Th', 'startTime': '13:30', 'endTime': '14:20', 'campus': 'Burnaby'}]",,3.0
PHYS 120,D112,fall,2026,"BC Principles of Physics 12 or PHYS 100 or equivalent, with a minimum grade of C-. This prerequisite may be waived, at the discretion of the department, as determined by the student's performance on a regularly scheduled PHYS 100 final exam. Please consult the physics advisor for further details. Corequisite: MATH 150 or 151 or 154. Recommended Corequisite: PHYS 132.",PHYS 100;MATH 150;PHYS 132,False,"[{'days': 'Th', 'startTime': '15:30', 'endTime': '16:20', 'campus': 'Burnaby'}]",,3.0
PHYS 120,D114,fall,2026,"BC Principles of Physics 12 or PHYS 100 or equivalent, with a minimum grade of C-. This prerequisite may be waived, at the discretion of the department, as determined by the student's performance on a regularly scheduled PHYS 100 final exam. Please consult the physics advisor for further details. Corequisite: MATH 150 or 151 or 154. Recommended Corequisite: PHYS 132.",PHYS 100;MATH 150;PHYS 132,False,"[{'days': 'Fr', 'startTime': '14:30', 'endTime': '15:20', 'campus': 'Burnaby'}]",,3.0
PHYS 120,D115,fall,2026,"BC Principles of Physics 12 or PHYS 100 or equivalent, with a minimum grade of C-. This prerequisite may be waived, at the discretion of the department, as determined by the student's performance on a regularly scheduled PHYS 100 final exam. Please consult the physics advisor for further details. Corequisite: MATH 150 or 151 or 154. Recommended Corequisite: PHYS 132.",PHYS 100;MATH 150;PHYS 132,False,"[{'days': 'Fr', 'startTime': '15:30', 'endTime': '16:20', 'campus': 'Burnaby'}]",,3.0
PHYS 125,D100,fall,2026,Permission of the department. Corequisite: MATH 151. Recommended Corequisite: PHYS 132.,MATH 151;PHYS 132,False,"[{'days': 'Mo, We, Fr', 'startTime': '9:30', 'endTime': '10:20', 'campus': 'Burnaby'}]",Matthias Danninger,3.0
PHYS 125,D101,fall,2026,Permission of the department. Corequisite: MATH 151. Recommended Corequisite: PHYS 132.,MATH 151;PHYS 132,False,"[{'days': 'We', 'startTime': '10:30', 'endTime': '11:20', 'campus': 'Burnaby'}]",,3.0
PHYS 132,LA01,fall,2026,,,False,"[{'days': 'Th', 'startTime': '13:30', 'endTime': '17:20', 'campus': 'Burnaby'}]",Steve Dodge,1.0
PHYS 140,D100,fall,2026,"BC Principles of Physics 12, or PHYS 100 or equivalent, with a minimum grade of C-. Corequisite: MATH 150 or 151 or 154.",PHYS 100;MATH 150,False,"[{'days': 'Mo', 'startTime': '15:30', 'endTime': '16:20', 'campus': 'Surrey'}, {'days': 'We', 'startTime': '15:30', 'endTime': '16:20', 'campus': 'Surrey'}, {'days': 'Fr', 'startTime': '15:30', 'endTime': '16:20', 'campus': 'Surrey'}]",Daria Ahrensmeier,4.0
PHYS 140,D101,fall,2026,"BC Principles of Physics 12, or PHYS 100 or equivalent, with a minimum grade of C-. Corequisite: MATH 150 or 151 or 154.",PHYS 100;MATH 150,False,"[{'days': 'Mo', 'startTime': '16:30', 'endTime': '17:20', 'campus': 'Surrey'}]",,4.0
PHYS 140,LA01,fall,2026,"BC Principles of Physics 12, or PHYS 100 or equivalent, with a minimum grade of C-. Corequisite: MATH 150 or 151 or 154.",PHYS 100;MATH 150,False,"[{'days': 'We', 'startTime': '16:30', 'endTime': '17:20', 'campus': 'Surrey'}, {'days': 'Fr', 'startTime': '16:30', 'endTime': '17:20', 'campus': 'Surrey'}]",,4.0
PHYS 190,D100,fall,2026,,,False,"[{'days': 'Tu, Th', 'startTime': '14:30', 'endTime': '16:20', 'campus': 'Burnaby'}]",Ryley Hill,3.0
PHYS 190,D101,fall,2026,,,False,"[{'days': 'Mo', 'startTime': '9:30', 'endTime': '10:50', 'campus': 'Burnaby'}]",,3.0
PHYS 190,D102,fall,2026,,,False,"[{'days': 'Mo', 'startTime': '11:00', 'endTime': '12:20', 'campus': 'Burnaby'}]",,3.0
PHYS 190,D103,fall,2026,,,False,"[{'days': 'Mo', 'startTime': '12:30', 'endTime': '13:50', 'campus': 'Burnaby'}]",,3.0
PHYS 190,D104,fall,2026,,,False,"[{'days': 'Tu', 'startTime': '9:30', 'endTime': '10:50', 'campus': 'Burnaby'}]",,3.0
PHYS 190,D105,fall,2026,,,False,"[{'days': 'Tu', 'startTime': '11:00', 'endTime': '12:20', 'campus': 'Burnaby'}]",,3.0
PHYS 190,D107,fall,2026,,,False,"[{'days': 'We', 'startTime': '11:00', 'endTime': '12:20', 'campus': 'Burnaby'}]",,3.0
PHYS 190,D108,fall,2026,,,False,"[{'days': 'We', 'startTime': '12:30', 'endTime': '13:50', 'campus': 'Burnaby'}]",,3.0
PHYS 190,D109,fall,2026,,,False,"[{'days': 'Th', 'startTime': '9:30', 'endTime': '10:50', 'campus': 'Burnaby'}]",,3.0
PHYS 190,D110,fall,2026,,,False,"[{'days': 'Th', 'startTime': '11:00', 'endTime': '12:20', 'campus': 'Burnaby'}]",,3.0
PHYS 190,D112,fall,2026,,,False,"[{'days': 'Fr', 'startTime': '11:00', 'endTime': '12:20', 'campus': 'Burnaby'}]",,3.0
PHYS 190,D113,fall,2026,,,False,"[{'days': 'Fr', 'startTime': '12:30', 'endTime': '13:50', 'campus': 'Burnaby'}]",,3.0
PHYS 201,D100,fall,2026,"PHYS 121 or PHYS 126 or PHYS 141, with a minimum grade of C-, or PHYS 102 with a minimum grade of B.",PHYS 121;PHYS 126;PHYS 141;PHYS 102,False,"[{'days': 'Th', 'startTime': '9:30', 'endTime': '10:20', 'campus': 'Burnaby'}]",Paul Haljan,1.0
PHYS 233,D100,fall,2026,"PHYS 133 or PHYS 141 or ENSC 120, with a minimum grade of C-. Recommended Prerequisite: CMPT 120.",PHYS 133;PHYS 141;ENSC 120;CMPT 120,False,"[{'days': 'Mo', 'startTime': '13:30', 'endTime': '14:20', 'campus': 'Burnaby'}]",,3.0
PHYS 233,LA01,fall,2026,"PHYS 133 or PHYS 141 or ENSC 120, with a minimum grade of C-. Recommended Prerequisite: CMPT 120.",PHYS 133;PHYS 141;ENSC 120;CMPT 120,False,"[{'days': 'Tu', 'startTime': '13:30', 'endTime': '17:20', 'campus': 'Burnaby'}]",Jeff Sonier,3.0
PHYS 255,D100,fall,2026,"PHYS 126 or PHYS 121 or PHYS 141, with a minimum grade of C-, or PHYS 102 with a minimum grade of B. Corequisite: MATH 251; MATH 232 or MATH 240. Recommended Corequisite: MATH 260.",PHYS 126;PHYS 121;PHYS 141;PHYS 102;MATH 251;MATH 232;MATH 240;MATH 260,False,"[{'days': 'Mo, We, Fr', 'startTime': '9:30', 'endTime': '10:20', 'campus': 'Burnaby'}]",Eundeok Mun,3.0
PHYS 255,D101,fall,2026,"PHYS 126 or PHYS 121 or PHYS 141, with a minimum grade of C-, or PHYS 102 with a minimum grade of B. Corequisite: MATH 251; MATH 232 or MATH 240. Recommended Corequisite: MATH 260.",PHYS 126;PHYS 121;PHYS 141;PHYS 102;MATH 251;MATH 232;MATH 240;MATH 260,False,"[{'days': 'Mo', 'startTime': '12:30', 'endTime': '13:20', 'campus': 'Burnaby'}]",,3.0
PHYS 326,D100,fall,2026,PHYS 234 with a minimum grade of C-.,PHYS 234,False,"[{'days': 'Tu, Th', 'startTime': '16:30', 'endTime': '17:20', 'campus': 'Burnaby'}]",Erol Girt,4.0
PHYS 326,D101,fall,2026,PHYS 234 with a minimum grade of C-.,PHYS 234,False,"[{'days': 'Tu', 'startTime': '17:30', 'endTime': '18:20', 'campus': 'Burnaby'}]",,4.0
PHYS 326,LA01,fall,2026,PHYS 234 with a minimum grade of C-.,PHYS 234,False,"[{'days': 'Tu, Th', 'startTime': '14:30', 'endTime': '16:20', 'campus': 'Burnaby'}]",Erol Girt,4.0
PHYS 335,D100,fall,2026,"Completion of 30 units, with a minimum GPA of 2.75 in the physics program. Students should apply to the department at least one term in advance.",,False,[],Natalie Erickson,3.0
PHYS 335,D200,fall,2026,"Completion of 30 units, with a minimum GPA of 2.75 in the physics program. Students should apply to the department at least one term in advance.",,False,[],Natalie Erickson,3.0
PHYS 335,D300,fall,2026,"Completion of 30 units, with a minimum GPA of 2.75 in the physics program. Students should apply to the department at least one term in advance.",,False,[],Natalie Erickson,3.0
PHYS 336,D100,fall,2026,PHYS 335 followed by 12 units. A minimum cumulative GPA of 2.75. Students should apply to the department at least one term in advance.,PHYS 335,False,[],Natalie Erickson,3.0
PHYS 336,D200,fall,2026,PHYS 335 followed by 12 units. A minimum cumulative GPA of 2.75. Students should apply to the department at least one term in advance.,PHYS 335,False,[],Natalie Erickson,3.0
PHYS 336,D300,fall,2026,PHYS 335 followed by 12 units. A minimum cumulative GPA of 2.75. Students should apply to the department at least one term in advance.,PHYS 335,False,[],Natalie Erickson,3.0
PHYS 344,D100,fall,2026,PHYS 121 or PHYS 126 or PHYS 141 (or PHYS 102 with a minimum grade of B); MATH 251; both with a minimum grade of C-.,PHYS 121;PHYS 126;PHYS 141;PHYS 102;MATH 251,False,"[{'days': 'Mo, We, Fr', 'startTime': '9:30', 'endTime': '10:20', 'campus': 'Burnaby'}]",Simon Watkins,3.0
PHYS 344,D101,fall,2026,PHYS 121 or PHYS 126 or PHYS 141 (or PHYS 102 with a minimum grade of B); MATH 251; both with a minimum grade of C-.,PHYS 121;PHYS 126;PHYS 141;PHYS 102;MATH 251,False,"[{'days': 'Mo', 'startTime': '15:30', 'endTime': '16:20', 'campus': 'Burnaby'}]",Simon Watkins,3.0
PHYS 384,D100,fall,2026,MATH 252 or 254; MATH 260; PHYS 211; PHYS 255 or ENSC 320. All prerequisite courses require a minimum grade of C-.,MATH 252;MATH 260;PHYS 211;PHYS 255;ENSC 320,False,"[{'days': 'Mo, We, Fr', 'startTime': '12:30', 'endTime': '13:20', 'campus': 'Burnaby'}]",Malcolm Kennett,3.0
PHYS 384,D101,fall,2026,MATH 252 or 254; MATH 260; PHYS 211; PHYS 255 or ENSC 320. All prerequisite courses require a minimum grade of C-.,MATH 252;MATH 260;PHYS 211;PHYS 255;ENSC 320,False,"[{'days': 'Mo', 'startTime': '14:30', 'endTime': '15:20', 'campus': 'Burnaby'}]",,3.0
PHYS 385,D100,fall,2026,MATH 251; MATH 260; PHYS 255 or ENSC 380; PHYS 285 or CHEM 260. All prerequisite courses require a minimum grade of C-. Recommended Prerequisite: PHYS 211.,MATH 251;MATH 260;PHYS 255;ENSC 380;PHYS 285;CHEM 260;PHYS 211,False,"[{'days': 'Mo, We, Fr', 'startTime': '11:30', 'endTime': '12:20', 'campus': 'Burnaby'}]",Daria Ahrensmeier,3.0
PHYS 385,D101,fall,2026,MATH 251; MATH 260; PHYS 255 or ENSC 380; PHYS 285 or CHEM 260. All prerequisite courses require a minimum grade of C-. Recommended Prerequisite: PHYS 211.,MATH 251;MATH 260;PHYS 255;ENSC 380;PHYS 285;CHEM 260;PHYS 211,False,"[{'days': 'Tu', 'startTime': '10:30', 'endTime': '11:20', 'campus': 'Burnaby'}]",,3.0
PHYS 385,D102,fall,2026,MATH 251; MATH 260; PHYS 255 or ENSC 380; PHYS 285 or CHEM 260. All prerequisite courses require a minimum grade of C-. Recommended Prerequisite: PHYS 211.,MATH 251;MATH 260;PHYS 255;ENSC 380;PHYS 285;CHEM 260;PHYS 211,False,"[{'days': 'Tu', 'startTime': '11:30', 'endTime': '12:20', 'campus': 'Burnaby'}]",,3.0
PHYS 391,D100,fall,2026,"PHYS 233 or equivalent, with a minimum grade of C-. Recommended Prerequisite: CMPT 120 or equivalent.",PHYS 233;CMPT 120,False,"[{'days': 'Tu, Th', 'startTime': '10:30', 'endTime': '12:20', 'campus': 'Burnaby'}]",Joanna Woo,3.0
PHYS 413,D100,fall,2026,PHYS 384 or permission of the department. Non-physics majors may enter with MATH 252; MATH 260; PHYS 211. All prerequisite courses require a minimum grade of C-.,PHYS 384;MATH 252;MATH 260;PHYS 211,False,"[{'days': 'Mo, We, Fr', 'startTime': '10:30', 'endTime': '11:20', 'campus': 'Burnaby'}]",Igor Herbut,3.0
PHYS 413,D101,fall,2026,PHYS 384 or permission of the department. Non-physics majors may enter with MATH 252; MATH 260; PHYS 211. All prerequisite courses require a minimum grade of C-.,PHYS 384;MATH 252;MATH 260;PHYS 211,False,"[{'days': 'Tu', 'startTime': '12:30', 'endTime': '13:20', 'campus': 'Burnaby'}]",,3.0
PHYS 421,D100,fall,2026,PHYS 321 (no substitution); PHYS 255 or ENSC 380; both with a minimum grade of C-.,PHYS 321;PHYS 255;ENSC 380,False,"[{'days': 'Mo, We, Fr', 'startTime': '14:30', 'endTime': '15:20', 'campus': 'Burnaby'}]",Eundeok Mun,3.0
PHYS 421,D101,fall,2026,PHYS 321 (no substitution); PHYS 255 or ENSC 380; both with a minimum grade of C-.,PHYS 321;PHYS 255;ENSC 380,False,"[{'days': 'Mo', 'startTime': '15:30', 'endTime': '16:20', 'campus': 'Burnaby'}]",,3.0
PHYS 432,D100,fall,2026,All students interested in taking this course must consult with their faculty supervisor regarding prerequisites.,,False,"[{'days': 'Th', 'startTime': '9:30', 'endTime': '10:20', 'campus': 'Burnaby'}]",Paul Haljan,6.0
PHYS 435,D100,fall,2026,PHYS 336 and 60 units with a minimum cumulative GPA of 2.75.,PHYS 336,False,[],Natalie Erickson,3.0
PHYS 435,D200,fall,2026,PHYS 336 and 60 units with a minimum cumulative GPA of 2.75.,PHYS 336,False,[],Natalie Erickson,3.0
PHYS 435,D300,fall,2026,PHYS 336 and 60 units with a minimum cumulative GPA of 2.75.,PHYS 336,False,[],Natalie Erickson,3.0
PHYS 436,D100,fall,2026,PHYS 435 followed by 12 units. A minimum cumulative GPA of 2.75.,PHYS 435,False,[],Natalie Erickson,3.0
PHYS 436,D200,fall,2026,PHYS 435 followed by 12 units. A minimum cumulative GPA of 2.75.,PHYS 435,False,[],Natalie Erickson,3.0
PHYS 436,D300,fall,2026,PHYS 435 followed by 12 units. A minimum cumulative GPA of 2.75.,PHYS 435,False,[],Natalie Erickson,3.0
PHYS 437,D100,fall,2026,PHYS 436 and a minimum cumulative GPA of 2.75. Students should apply to the department at least one term in advance.,PHYS 436,False,[],Natalie Erickson,3.0
PHYS 437,D200,fall,2026,PHYS 436 and a minimum cumulative GPA of 2.75. Students should apply to the department at least one term in advance.,PHYS 436,False,[],Natalie Erickson,3.0
PHYS 437,D300,fall,2026,PHYS 436 and a minimum cumulative GPA of 2.75. Students should apply to the department at least one term in advance.,PHYS 436,False,[],Natalie Erickson,3.0
PHYS 490,D100,fall,2026,PHYS 384 with a minimum grade of C-.,PHYS 384,False,"[{'days': 'Mo, We, Fr', 'startTime': '16:30', 'endTime': '17:20', 'campus': 'Burnaby'}]",Andrei Frolov,3.0
PHYS 490,D101,fall,2026,PHYS 384 with a minimum grade of C-.,PHYS 384,False,"[{'days': 'Tu', 'startTime': '13:30', 'endTime': '14:20', 'campus': 'Burnaby'}]",,3.0
PHYS 801,G100,fall,2026,,,False,"[{'days': 'Fr', 'startTime': '13:30', 'endTime': '16:20', 'campus': 'Burnaby'}]",Gopolang Mohlabeng,1.0
PHYS 802,G100,fall,2026,,,False,"[{'days': 'We', 'startTime': '13:30', 'endTime': '15:20', 'campus': 'Burnaby'}]",David Sivak,2.0
PHYS 810,G100,fall,2026,"PHYS 415, or equivalent.",PHYS 415,False,"[{'days': 'Mo, We, Fr', 'startTime': '9:30', 'endTime': '10:20', 'campus': 'Burnaby'}]",Paul Haljan,3.0
PHYS 813,G100,fall,2026,PHYS 384 or permission of the department.,PHYS 384,False,"[{'days': 'Mo, We, Fr', 'startTime': '10:30', 'endTime': '11:20', 'campus': 'Burnaby'}]",Igor Herbut,3.0
PHYS 821,G100,fall,2026,PHYS 421 or equivalent.,PHYS 421,False,"[{'days': 'Mo, We, Fr', 'startTime': '11:30', 'endTime': '12:20', 'campus': 'Burnaby'}]",Andrei Frolov,3.0
PHYS 862,G100,fall,2026,PHYS 861.,PHYS 861,False,"[{'days': 'Mo, We, Fr', 'startTime': '12:30', 'endTime': '13:20', 'campus': 'Burnaby'}]",Igor Herbut,3.0
PHYS 890,G100,fall,2026,,,False,"[{'days': 'Mo, We, Fr', 'startTime': '16:30', 'endTime': '17:20', 'campus': 'Burnaby'}]",Andrei Frolov,3.0
PHYS 898,G100,fall,2026,,,False,[],,18.0
PHYS 898,G200,fall,2026,,,False,[],,18.0
PHYS 899,G100,fall,2026,,,False,[],,18.0
PHYS 899,G200,fall,2026,,,False,[],,18.0
PLAN 100,OL01,fall,2026,,,False,[],Laura Tate,3.0
PLAN 302,D100,fall,2026,"PLAN 100 or PLAN 200; one of PLAN 300 or PLAN 319, or REM 319; and permission of department. Student must be enrolled in the bachelor of environment in resource and environmental management planning stream.",PLAN 100;PLAN 200;PLAN 300;PLAN 319;REM 319,False,[],,1.0
PLAN 400,D100,fall,2026,PLAN 100 or PLAN 200; and 60 units.,PLAN 100;PLAN 200,False,"[{'days': 'We, Fr', 'startTime': '10:30', 'endTime': '12:20', 'campus': 'Burnaby'}]",Sessional,4.0
PLAN 402,D100,fall,2026,PLAN 302 and permission of department. Student must be enrolled in the bachelor of environment in resource and environmental management planning stream.,PLAN 302,False,[],,1.0
PLAN 404,D100,fall,2026,PLAN 100 or PLAN 200; REM 207 or any INDG course; and 75 units. Recommended: REM 319 or PLAN 319.,PLAN 100;PLAN 200;REM 207,False,"[{'days': 'Tu, Th', 'startTime': '14:30', 'endTime': '16:20', 'campus': 'Burnaby'}]",Jonathan Boron,4.0
PLAN 408,D100,fall,2026,PLAN 100 or PLAN 200; and 60 units.,PLAN 100;PLAN 200,False,"[{'days': 'We, Fr', 'startTime': '14:30', 'endTime': '16:20', 'campus': 'Burnaby'}]",Sessional,4.0
PLAN 443,D100,fall,2026,PLAN 100 or PLAN 200; and 60 units.,PLAN 100;PLAN 200,False,"[{'days': 'Mo', 'startTime': '14:30', 'endTime': '18:20', 'campus': 'Burnaby'}]",Tom Gunton,4.0
PLCY 100,D100,fall,2026,,,False,"[{'days': 'Th', 'startTime': '10:30', 'endTime': '12:20', 'campus': 'Burnaby'}]",Kora DeBeck,3.0
PLCY 100,D101,fall,2026,,,False,"[{'days': 'Th', 'startTime': '12:30', 'endTime': '13:20', 'campus': 'Burnaby'}]",,3.0
PLCY 200,D100,fall,2026,,,False,"[{'days': 'Mo', 'startTime': '14:30', 'endTime': '17:20', 'campus': 'Burnaby'}]",Leah Shipton,3.0
PLCY 300,D100,fall,2026,45 units.,,False,"[{'days': 'Tu', 'startTime': '14:30', 'endTime': '17:20', 'campus': 'Burnaby'}]",,4.0
PLCY 400,D100,fall,2026,PLCY 300 and 60 units.,PLCY 300,False,"[{'days': 'Tu', 'startTime': '11:30', 'endTime': '14:20', 'campus': 'Burnaby'}]",Kennedy Stewart,4.0
PLCY 800,G100,fall,2026,,,False,"[{'days': 'Mo', 'startTime': '9:00', 'endTime': '11:50', 'campus': 'VANCOUVER'}]",Kennedy Stewart,5.0
PLCY 801,G100,fall,2026,,,False,"[{'days': 'Th', 'startTime': '9:00', 'endTime': '11:50', 'campus': 'VANCOUVER'}]",Boyuan Wang,5.0
PLCY 803,G100,fall,2026,,,False,"[{'days': 'Fr', 'startTime': '9:00', 'endTime': '11:50', 'campus': 'VANCOUVER'}]",Olena Hankivsky,5.0
PLCY 805,G100,fall,2026,,,False,"[{'days': 'Tu', 'startTime': '9:00', 'endTime': '11:50', 'campus': 'VANCOUVER'}]",Yushu Zhu,5.0
PLCY 806,G100,fall,2026,,,False,"[{'days': 'Tu', 'startTime': '14:00', 'endTime': '16:50', 'campus': 'VANCOUVER'}]",Mohsen Javdani,5.0
PLCY 812,G100,fall,2026,,,False,"[{'days': 'Th', 'startTime': '17:00', 'endTime': '19:50', 'campus': 'VANCOUVER'}]",Mohsen Javdani,5.0
PLCY 817,G100,fall,2026,Students approved for conducting MPP capstone research by the Graduate Program Committee.,,False,"[{'days': 'Th', 'startTime': '14:00', 'endTime': '16:50', 'campus': 'VANCOUVER'}]",Leah Shipton,5.0
PLCY 821,G100,fall,2026,,,False,"[{'days': 'Mo', 'startTime': '13:30', 'endTime': '16:20', 'campus': 'VANCOUVER'}]",,5.0
PLCY 850,G100,fall,2026,,,False,[],Liesl Jurock,
PLCY 850,G200,fall,2026,,,False,[],Liesl Jurock,
PLCY 850,I100,fall,2026,,,False,[],Liesl Jurock,
POL 100,D100,fall,2026,,,False,"[{'days': 'Fr', 'startTime': '12:30', 'endTime': '14:20', 'campus': 'Burnaby'}]",Sanjay Jeram,3.0
POL 100,D101,fall,2026,,,False,"[{'days': 'Fr', 'startTime': '14:30', 'endTime': '15:20', 'campus': 'Burnaby'}]",,3.0
POL 100,D102,fall,2026,,,False,"[{'days': 'Fr', 'startTime': '15:30', 'endTime': '16:20', 'campus': 'Burnaby'}]",,3.0
POL 100,D103,fall,2026,,,False,"[{'days': 'Fr', 'startTime': '16:30', 'endTime': '17:20', 'campus': 'Burnaby'}]",,3.0
POL 100,D104,fall,2026,,,False,"[{'days': 'Fr', 'startTime': '14:30', 'endTime': '15:20', 'campus': 'Burnaby'}]",,3.0
POL 100,D105,fall,2026,,,False,"[{'days': 'Fr', 'startTime': '15:30', 'endTime': '16:20', 'campus': 'Burnaby'}]",,3.0
POL 100,D106,fall,2026,,,False,"[{'days': 'Fr', 'startTime': '16:30', 'endTime': '17:20', 'campus': 'Burnaby'}]",,3.0
POL 100,D107,fall,2026,,,False,"[{'days': 'Fr', 'startTime': '14:30', 'endTime': '15:20', 'campus': 'Burnaby'}]",,3.0
POL 100,D108,fall,2026,,,False,"[{'days': 'Fr', 'startTime': '15:30', 'endTime': '16:20', 'campus': 'Burnaby'}]",,3.0
POL 100,D109,fall,2026,,,False,"[{'days': 'Fr', 'startTime': '16:30', 'endTime': '17:20', 'campus': 'Burnaby'}]",,3.0
POL 100,D110,fall,2026,,,False,"[{'days': 'Fr', 'startTime': '14:30', 'endTime': '15:20', 'campus': 'Burnaby'}]",,3.0
POL 100,D111,fall,2026,,,False,"[{'days': 'Fr', 'startTime': '15:30', 'endTime': '16:20', 'campus': 'Burnaby'}]",,3.0
POL 100,D900,fall,2026,,,False,"[{'days': 'Tu', 'startTime': '8:30', 'endTime': '10:20', 'campus': 'Surrey'}]",Sahar Zaman,3.0
POL 100,D901,fall,2026,,,False,"[{'days': 'Tu', 'startTime': '10:30', 'endTime': '11:20', 'campus': 'Surrey'}]",,3.0
POL 100,D902,fall,2026,,,False,"[{'days': 'Tu', 'startTime': '10:30', 'endTime': '11:20', 'campus': 'Surrey'}]",,3.0
POL 100,D903,fall,2026,,,False,"[{'days': 'Tu', 'startTime': '11:30', 'endTime': '12:20', 'campus': 'Surrey'}]",,3.0
POL 100,D904,fall,2026,,,False,"[{'days': 'Tu', 'startTime': '13:30', 'endTime': '14:20', 'campus': 'Surrey'}]",,3.0
POL 100,D905,fall,2026,,,False,"[{'days': 'Tu', 'startTime': '11:30', 'endTime': '12:20', 'campus': 'Surrey'}]",,3.0
POL 100,F100,fall,2026,,,False,"[{'days': 'Mo', 'startTime': '10:30', 'endTime': '12:20', 'campus': 'Burnaby'}]",Jeremie Cornut,3.0
POL 100,F101,fall,2026,,,False,"[{'days': 'Mo', 'startTime': '12:30', 'endTime': '13:20', 'campus': 'Burnaby'}]",Jeremie Cornut,3.0
POL 141,D100,fall,2026,,,False,"[{'days': 'Mo', 'startTime': '8:30', 'endTime': '10:20', 'campus': 'Burnaby'}]",Radoslav Dimitrov,3.0
POL 141,D101,fall,2026,,,False,"[{'days': 'We', 'startTime': '10:30', 'endTime': '11:20', 'campus': 'Burnaby'}]",,3.0
POL 141,D102,fall,2026,,,False,"[{'days': 'We', 'startTime': '11:30', 'endTime': '12:20', 'campus': 'Burnaby'}]",,3.0
POL 141,D103,fall,2026,,,False,"[{'days': 'We', 'startTime': '12:30', 'endTime': '13:20', 'campus': 'Burnaby'}]",,3.0
POL 141,D104,fall,2026,,,False,"[{'days': 'We', 'startTime': '10:30', 'endTime': '11:20', 'campus': 'Burnaby'}]",,3.0
POL 141,D105,fall,2026,,,False,"[{'days': 'We', 'startTime': '11:30', 'endTime': '12:20', 'campus': 'Burnaby'}]",,3.0
POL 141,D106,fall,2026,,,False,"[{'days': 'We', 'startTime': '12:30', 'endTime': '13:20', 'campus': 'Burnaby'}]",,3.0
POL 151,D100,fall,2026,,,False,"[{'days': 'Mo', 'startTime': '12:30', 'endTime': '14:20', 'campus': 'Burnaby'}]",Clare McGovern,3.0
POL 151,D101,fall,2026,,,False,"[{'days': 'Mo', 'startTime': '14:30', 'endTime': '15:20', 'campus': 'Burnaby'}]",,3.0
POL 151,D102,fall,2026,,,False,"[{'days': 'Mo', 'startTime': '15:30', 'endTime': '16:20', 'campus': 'Burnaby'}]",,3.0
POL 151,D103,fall,2026,,,False,"[{'days': 'Mo', 'startTime': '16:30', 'endTime': '17:20', 'campus': 'Burnaby'}]",,3.0
POL 151,D104,fall,2026,,,False,"[{'days': 'Mo', 'startTime': '14:30', 'endTime': '15:20', 'campus': 'Burnaby'}]",,3.0
POL 151,D105,fall,2026,,,False,"[{'days': 'Mo', 'startTime': '15:30', 'endTime': '16:20', 'campus': 'Burnaby'}]",,3.0
POL 151,D106,fall,2026,,,False,"[{'days': 'Mo', 'startTime': '16:30', 'endTime': '17:20', 'campus': 'Burnaby'}]",,3.0
POL 151,D107,fall,2026,,,False,"[{'days': 'Mo', 'startTime': '14:30', 'endTime': '15:20', 'campus': 'Burnaby'}]",,3.0
POL 151,D108,fall,2026,,,False,"[{'days': 'Mo', 'startTime': '15:30', 'endTime': '16:20', 'campus': 'Burnaby'}]",,3.0
POL 151,D109,fall,2026,,,False,"[{'days': 'Mo', 'startTime': '16:30', 'endTime': '17:20', 'campus': 'Burnaby'}]",,3.0
POL 151,D110,fall,2026,,,False,"[{'days': 'Mo', 'startTime': '14:30', 'endTime': '15:20', 'campus': 'Burnaby'}]",,3.0
POL 151,D111,fall,2026,,,False,"[{'days': 'Mo', 'startTime': '15:30', 'endTime': '16:20', 'campus': 'Burnaby'}]",,3.0
POL 200W,D100,fall,2026,,,False,"[{'days': 'Tu', 'startTime': '12:30', 'endTime': '14:20', 'campus': 'Burnaby'}]",Sanjay Jeram,4.0
POL 200W,D101,fall,2026,,,False,"[{'days': 'Tu', 'startTime': '10:30', 'endTime': '12:20', 'campus': 'Burnaby'}]",,4.0
POL 200W,D102,fall,2026,,,False,"[{'days': 'Tu', 'startTime': '8:30', 'endTime': '10:20', 'campus': 'Burnaby'}]",,4.0
POL 200W,D103,fall,2026,,,False,"[{'days': 'Tu', 'startTime': '10:30', 'endTime': '12:20', 'campus': 'Burnaby'}]",,4.0
POL 200W,D104,fall,2026,,,False,"[{'days': 'Tu', 'startTime': '8:30', 'endTime': '10:20', 'campus': 'Burnaby'}]",,4.0
POL 200W,D105,fall,2026,,,False,"[{'days': 'Tu', 'startTime': '10:30', 'endTime': '12:20', 'campus': 'Burnaby'}]",,4.0
POL 201,B100,fall,2026,"For students in the SDA minor, SDA 100 or Corequisite: For non-SDA minor students, POL 200W or permission of department.",SDA 100;POL 200W,False,"[{'days': 'Th', 'startTime': '12:30', 'endTime': '13:20', 'campus': 'Burnaby'}]",Mark Pickup,4.0
POL 201,B101,fall,2026,"For students in the SDA minor, SDA 100 or Corequisite: For non-SDA minor students, POL 200W or permission of department.",SDA 100;POL 200W,False,"[{'days': 'Fr', 'startTime': '10:30', 'endTime': '12:20', 'campus': 'Burnaby'}]",,4.0
POL 201,B102,fall,2026,"For students in the SDA minor, SDA 100 or Corequisite: For non-SDA minor students, POL 200W or permission of department.",SDA 100;POL 200W,False,"[{'days': 'Fr', 'startTime': '8:30', 'endTime': '10:20', 'campus': 'Burnaby'}]",,4.0
POL 201,B103,fall,2026,"For students in the SDA minor, SDA 100 or Corequisite: For non-SDA minor students, POL 200W or permission of department.",SDA 100;POL 200W,False,"[{'days': 'Fr', 'startTime': '10:30', 'endTime': '12:20', 'campus': 'Burnaby'}]",,4.0
POL 210,D100,fall,2026,POL 100 or permission of department.,POL 100,False,"[{'days': 'Mo', 'startTime': '14:30', 'endTime': '16:20', 'campus': 'Burnaby'}]",Logan Masilamani,3.0
POL 210,D101,fall,2026,POL 100 or permission of department.,POL 100,False,"[{'days': 'Mo', 'startTime': '16:30', 'endTime': '17:20', 'campus': 'Burnaby'}]",,3.0
POL 210,D102,fall,2026,POL 100 or permission of department.,POL 100,False,"[{'days': 'Mo', 'startTime': '16:30', 'endTime': '17:20', 'campus': 'Burnaby'}]",,3.0
POL 210,D103,fall,2026,POL 100 or permission of department.,POL 100,False,"[{'days': 'Mo', 'startTime': '17:30', 'endTime': '18:20', 'campus': 'Burnaby'}]",,3.0
POL 253,D100,fall,2026,,,False,"[{'days': 'Mo', 'startTime': '8:30', 'endTime': '10:20', 'campus': 'Burnaby'}]",Logan Masilamani,3.0
POL 253,D101,fall,2026,,,False,"[{'days': 'Mo', 'startTime': '10:30', 'endTime': '11:20', 'campus': 'Burnaby'}]",,3.0
POL 253,D102,fall,2026,,,False,"[{'days': 'Mo', 'startTime': '10:30', 'endTime': '11:20', 'campus': 'Burnaby'}]",,3.0
POL 253,D103,fall,2026,,,False,"[{'days': 'Mo', 'startTime': '11:30', 'endTime': '12:20', 'campus': 'Burnaby'}]",,3.0
POL 304,D100,fall,2026,Six lower division units in political science or permission of the department.,,True,"[{'days': 'Mo', 'startTime': '14:30', 'endTime': '17:20', 'campus': 'Burnaby'}]",Shivaji Mukherjee,4.0
POL 316,B100,fall,2026,POL 210 or permission of the department.,POL 210,False,"[{'days': 'Fr', 'startTime': '12:30', 'endTime': '14:20', 'campus': 'Burnaby'}]",Genevieve Fuji Johnson,4.0
POL 316,B200,fall,2026,POL 210 or permission of the department.,POL 210,False,"[{'days': 'Fr', 'startTime': '14:30', 'endTime': '16:20', 'campus': 'Burnaby'}]",Genevieve Fuji Johnson,4.0
POL 325,F100,fall,2026,Six lower division units in political science or permission of the department.,,True,"[{'days': 'Tu', 'startTime': '11:30', 'endTime': '14:20', 'campus': 'Burnaby'}]",Remi Leger,4.0
POL 330W,D100,fall,2026,Six lower division units in political science or permission of the department.,,True,"[{'days': 'Th', 'startTime': '14:30', 'endTime': '17:20', 'campus': 'Burnaby'}]",Clare McGovern,4.0
POL 339,D100,fall,2026,Six lower division units in political science or permission of the department.,,True,"[{'days': 'We', 'startTime': '9:30', 'endTime': '12:20', 'campus': 'Burnaby'}]",Logan Masilamani,4.0
POL 416W,B100,fall,2026,Eight upper division units in political science or permission of the department.,,True,"[{'days': 'Th', 'startTime': '16:30', 'endTime': '19:20', 'campus': 'VANCOUVER'}]",Genevieve Fuji Johnson,4.0
POL 418,D100,fall,2026,Eight upper division units in political science or permission of the department.,,True,"[{'days': 'Tu', 'startTime': '14:30', 'endTime': '17:20', 'campus': 'Burnaby'}]",Sessional,4.0
POL 445W,D100,fall,2026,Eight upper division units in political science or permission of the department.,,True,"[{'days': 'We', 'startTime': '14:30', 'endTime': '17:20', 'campus': 'Burnaby'}]",Aaron Hoffman,4.0
POL 463,F100,fall,2026,Eight upper division units in political science or permission of the department.,,True,"[{'days': 'Th', 'startTime': '11:30', 'endTime': '14:20', 'campus': 'Burnaby'}]",Aude-Claire Fourot,4.0
POL 472,B100,fall,2026,Eight upper division units in political science or permission of the department.,,True,"[{'days': 'Th', 'startTime': '8:30', 'endTime': '11:20', 'campus': 'Burnaby'}]",Radoslav Dimitrov,4.0
POL 490,D100,fall,2026,Permission of the department.,,True,"[{'days': 'Fr', 'startTime': '14:30', 'endTime': '17:20', 'campus': 'Burnaby'}]",Eline de Rooij,5.0
POL 496,D100,fall,2026,90 units. By application to the undergraduate chair.,,False,[],,1.0
POL 496,D200,fall,2026,90 units. By application to the undergraduate chair.,,False,[],,1.0
POL 498,D100,fall,2026,Permission of the department. Students may count only one readings course as credit towards their upper division political science requirements.,,True,[],Shivaji Mukherjee,4.0
POL 498,D200,fall,2026,Permission of the department. Students may count only one readings course as credit towards their upper division political science requirements.,,True,[],,4.0
POL 498,D300,fall,2026,Permission of the department. Students may count only one readings course as credit towards their upper division political science requirements.,,True,[],,4.0
POL 800,G100,fall,2026,,,False,"[{'days': 'We', 'startTime': '13:30', 'endTime': '16:20', 'campus': 'Burnaby'}]",Jeremie Cornut,5.0
POL 816,G100,fall,2026,,,False,"[{'days': 'Th', 'startTime': '16:30', 'endTime': '19:20', 'campus': 'VANCOUVER'}]",Genevieve Fuji Johnson,5.0
POL 837,G100,fall,2026,,,False,"[{'days': 'Th', 'startTime': '12:30', 'endTime': '15:20', 'campus': 'VANCOUVER'}]",Eline de Rooij,5.0
POL 841,G100,fall,2026,,,False,"[{'days': 'Tu', 'startTime': '14:30', 'endTime': '17:20', 'campus': 'Burnaby'}]",Aaron Hoffman,5.0
POL 890,G100,fall,2026,,,False,[],,
POL 890,G200,fall,2026,,,False,[],,
POL 891,G100,fall,2026,,,False,[],,
POL 891,G200,fall,2026,,,False,[],,
POL 892,G100,fall,2026,,,False,[],,10.0
POL 892,G200,fall,2026,,,False,[],,10.0
POL 893,G100,fall,2026,,,False,[],,5.0
POL 893,G200,fall,2026,,,False,[],,5.0
POL 894,G100,fall,2026,,,False,[],,5.0
POL 894,G200,fall,2026,,,False,[],,5.0
POL 896,G100,fall,2026,,,False,[],,6.0
POL 896,G200,fall,2026,,,False,[],,6.0
POL 897,G100,fall,2026,,,False,[],,2.0
POL 897,G200,fall,2026,,,False,[],,2.0
POL 898,G100,fall,2026,"To enroll in POL 898, students must have completed a minimum of four courses while in the MA program, one of which must be POL 800, and must have a minimum CGPA of 3.67.",POL 898;POL 800,False,[],,18.0
POL 898,G200,fall,2026,"To enroll in POL 898, students must have completed a minimum of four courses while in the MA program, one of which must be POL 800, and must have a minimum CGPA of 3.67.",POL 898;POL 800,False,[],,18.0
POL 899,G100,fall,2026,,,False,[],,18.0
POL 899,G200,fall,2026,,,False,[],,18.0
PSYC 100,D100,fall,2026,,,False,"[{'days': 'Mo', 'startTime': '14:30', 'endTime': '17:20', 'campus': 'Burnaby'}]",Peter Leavitt,3.0
PSYC 100,D200,fall,2026,,,False,"[{'days': 'Th', 'startTime': '14:30', 'endTime': '17:20', 'campus': 'Burnaby'}]",Peter Leavitt,3.0
PSYC 100,D900,fall,2026,,,False,"[{'days': 'We', 'startTime': '14:30', 'endTime': '17:20', 'campus': 'Surrey'}]",Diana Lim,3.0
PSYC 102,D100,fall,2026,Recommended: PSYC 100.,,False,"[{'days': 'Tu', 'startTime': '14:30', 'endTime': '17:20', 'campus': 'Burnaby'}]",Alyssa Croft,3.0
PSYC 102,D900,fall,2026,Recommended: PSYC 100.,,False,"[{'days': 'Th', 'startTime': '14:30', 'endTime': '17:20', 'campus': 'Surrey'}]",Alyssa Croft,3.0
PSYC 201W,D100,fall,2026,PSYC 100 or 102.,PSYC 100,False,"[{'days': 'Mo', 'startTime': '10:30', 'endTime': '12:20', 'campus': 'Burnaby'}]",Diana Lim,4.0
PSYC 201W,D101,fall,2026,PSYC 100 or 102.,PSYC 100,False,"[{'days': 'Tu', 'startTime': '8:30', 'endTime': '10:20', 'campus': 'Burnaby'}]",,4.0
PSYC 201W,D102,fall,2026,PSYC 100 or 102.,PSYC 100,False,"[{'days': 'Tu', 'startTime': '12:30', 'endTime': '14:20', 'campus': 'Burnaby'}]",,4.0
PSYC 201W,D103,fall,2026,PSYC 100 or 102.,PSYC 100,False,"[{'days': 'Tu', 'startTime': '14:30', 'endTime': '16:20', 'campus': 'Burnaby'}]",,4.0
PSYC 201W,D104,fall,2026,PSYC 100 or 102.,PSYC 100,False,"[{'days': 'Tu', 'startTime': '16:30', 'endTime': '18:20', 'campus': 'Burnaby'}]",,4.0
PSYC 201W,D105,fall,2026,PSYC 100 or 102.,PSYC 100,False,"[{'days': 'Tu', 'startTime': '10:30', 'endTime': '12:20', 'campus': 'Burnaby'}]",,4.0
PSYC 201W,D106,fall,2026,PSYC 100 or 102.,PSYC 100,False,"[{'days': 'Fr', 'startTime': '10:30', 'endTime': '12:20', 'campus': 'Burnaby'}]",,4.0
PSYC 201W,D107,fall,2026,PSYC 100 or 102.,PSYC 100,False,"[{'days': 'Fr', 'startTime': '12:30', 'endTime': '14:20', 'campus': 'Burnaby'}]",,4.0
PSYC 201W,D108,fall,2026,PSYC 100 or 102.,PSYC 100,False,"[{'days': 'Fr', 'startTime': '14:30', 'endTime': '16:30', 'campus': 'Burnaby'}]",,4.0
PSYC 201W,D109,fall,2026,PSYC 100 or 102.,PSYC 100,False,"[{'days': 'Th', 'startTime': '10:30', 'endTime': '12:20', 'campus': 'Burnaby'}]",,4.0
PSYC 201W,D110,fall,2026,PSYC 100 or 102.,PSYC 100,False,"[{'days': 'Th', 'startTime': '12:30', 'endTime': '14:20', 'campus': 'Burnaby'}]",,4.0
PSYC 201W,D111,fall,2026,PSYC 100 or 102.,PSYC 100,False,"[{'days': 'Th', 'startTime': '14:30', 'endTime': '16:20', 'campus': 'Burnaby'}]",,4.0
PSYC 201W,D112,fall,2026,PSYC 100 or 102.,PSYC 100,False,"[{'days': 'Th', 'startTime': '16:30', 'endTime': '18:20', 'campus': 'Burnaby'}]",,4.0
PSYC 201W,D113,fall,2026,PSYC 100 or 102.,PSYC 100,False,"[{'days': 'Fr', 'startTime': '8:30', 'endTime': '10:20', 'campus': 'Burnaby'}]",,4.0
PSYC 201W,D114,fall,2026,PSYC 100 or 102.,PSYC 100,False,"[{'days': 'Fr', 'startTime': '16:30', 'endTime': '18:20', 'campus': 'Burnaby'}]",,4.0
PSYC 210,D100,fall,2026,"BC high school Math 12 with a minimum grade of C (2.0) or BC high school Math 11 with a minimum grade of B- (2.67) or any level MATH or STAT course with a C- (1.67) or FAN X99 taken at SFU with a minimum grade of C (2.00) or achieving a satisfactory grade on the Simon Fraser University Quantitative Placement Test. Corequisite: PSYC 201W, but prior completion recommended.",PSYC 201W,False,"[{'days': 'Mo', 'startTime': '12:30', 'endTime': '14:20', 'campus': 'Burnaby'}]",Matthew Sigal,4.0
PSYC 210,D101,fall,2026,"BC high school Math 12 with a minimum grade of C (2.0) or BC high school Math 11 with a minimum grade of B- (2.67) or any level MATH or STAT course with a C- (1.67) or FAN X99 taken at SFU with a minimum grade of C (2.00) or achieving a satisfactory grade on the Simon Fraser University Quantitative Placement Test. Corequisite: PSYC 201W, but prior completion recommended.",PSYC 201W,False,"[{'days': 'Tu', 'startTime': '10:30', 'endTime': '12:20', 'campus': 'Burnaby'}]",,4.0
PSYC 210,D102,fall,2026,"BC high school Math 12 with a minimum grade of C (2.0) or BC high school Math 11 with a minimum grade of B- (2.67) or any level MATH or STAT course with a C- (1.67) or FAN X99 taken at SFU with a minimum grade of C (2.00) or achieving a satisfactory grade on the Simon Fraser University Quantitative Placement Test. Corequisite: PSYC 201W, but prior completion recommended.",PSYC 201W,False,"[{'days': 'Tu', 'startTime': '12:30', 'endTime': '14:20', 'campus': 'Burnaby'}]",,4.0
PSYC 210,D103,fall,2026,"BC high school Math 12 with a minimum grade of C (2.0) or BC high school Math 11 with a minimum grade of B- (2.67) or any level MATH or STAT course with a C- (1.67) or FAN X99 taken at SFU with a minimum grade of C (2.00) or achieving a satisfactory grade on the Simon Fraser University Quantitative Placement Test. Corequisite: PSYC 201W, but prior completion recommended.",PSYC 201W,False,"[{'days': 'Tu', 'startTime': '14:30', 'endTime': '16:20', 'campus': 'Burnaby'}]",,4.0
PSYC 210,D104,fall,2026,"BC high school Math 12 with a minimum grade of C (2.0) or BC high school Math 11 with a minimum grade of B- (2.67) or any level MATH or STAT course with a C- (1.67) or FAN X99 taken at SFU with a minimum grade of C (2.00) or achieving a satisfactory grade on the Simon Fraser University Quantitative Placement Test. Corequisite: PSYC 201W, but prior completion recommended.",PSYC 201W,False,"[{'days': 'Tu', 'startTime': '16:30', 'endTime': '18:20', 'campus': 'Burnaby'}]",,4.0
PSYC 210,D105,fall,2026,"BC high school Math 12 with a minimum grade of C (2.0) or BC high school Math 11 with a minimum grade of B- (2.67) or any level MATH or STAT course with a C- (1.67) or FAN X99 taken at SFU with a minimum grade of C (2.00) or achieving a satisfactory grade on the Simon Fraser University Quantitative Placement Test. Corequisite: PSYC 201W, but prior completion recommended.",PSYC 201W,False,"[{'days': 'We', 'startTime': '10:30', 'endTime': '12:20', 'campus': 'Burnaby'}]",,4.0
PSYC 210,D106,fall,2026,"BC high school Math 12 with a minimum grade of C (2.0) or BC high school Math 11 with a minimum grade of B- (2.67) or any level MATH or STAT course with a C- (1.67) or FAN X99 taken at SFU with a minimum grade of C (2.00) or achieving a satisfactory grade on the Simon Fraser University Quantitative Placement Test. Corequisite: PSYC 201W, but prior completion recommended.",PSYC 201W,False,"[{'days': 'We', 'startTime': '12:30', 'endTime': '14:20', 'campus': 'Burnaby'}]",,4.0
PSYC 210,D107,fall,2026,"BC high school Math 12 with a minimum grade of C (2.0) or BC high school Math 11 with a minimum grade of B- (2.67) or any level MATH or STAT course with a C- (1.67) or FAN X99 taken at SFU with a minimum grade of C (2.00) or achieving a satisfactory grade on the Simon Fraser University Quantitative Placement Test. Corequisite: PSYC 201W, but prior completion recommended.",PSYC 201W,False,"[{'days': 'Th', 'startTime': '8:30', 'endTime': '10:20', 'campus': 'Burnaby'}]",,4.0
PSYC 210,D108,fall,2026,"BC high school Math 12 with a minimum grade of C (2.0) or BC high school Math 11 with a minimum grade of B- (2.67) or any level MATH or STAT course with a C- (1.67) or FAN X99 taken at SFU with a minimum grade of C (2.00) or achieving a satisfactory grade on the Simon Fraser University Quantitative Placement Test. Corequisite: PSYC 201W, but prior completion recommended.",PSYC 201W,False,"[{'days': 'We', 'startTime': '16:30', 'endTime': '18:20', 'campus': 'Burnaby'}]",,4.0
PSYC 210,D109,fall,2026,"BC high school Math 12 with a minimum grade of C (2.0) or BC high school Math 11 with a minimum grade of B- (2.67) or any level MATH or STAT course with a C- (1.67) or FAN X99 taken at SFU with a minimum grade of C (2.00) or achieving a satisfactory grade on the Simon Fraser University Quantitative Placement Test. Corequisite: PSYC 201W, but prior completion recommended.",PSYC 201W,False,"[{'days': 'Th', 'startTime': '10:30', 'endTime': '12:20', 'campus': 'Burnaby'}]",,4.0
PSYC 210,D110,fall,2026,"BC high school Math 12 with a minimum grade of C (2.0) or BC high school Math 11 with a minimum grade of B- (2.67) or any level MATH or STAT course with a C- (1.67) or FAN X99 taken at SFU with a minimum grade of C (2.00) or achieving a satisfactory grade on the Simon Fraser University Quantitative Placement Test. Corequisite: PSYC 201W, but prior completion recommended.",PSYC 201W,False,"[{'days': 'Th', 'startTime': '12:30', 'endTime': '14:20', 'campus': 'Burnaby'}]",,4.0
PSYC 210,D111,fall,2026,"BC high school Math 12 with a minimum grade of C (2.0) or BC high school Math 11 with a minimum grade of B- (2.67) or any level MATH or STAT course with a C- (1.67) or FAN X99 taken at SFU with a minimum grade of C (2.00) or achieving a satisfactory grade on the Simon Fraser University Quantitative Placement Test. Corequisite: PSYC 201W, but prior completion recommended.",PSYC 201W,False,"[{'days': 'Th', 'startTime': '14:30', 'endTime': '16:20', 'campus': 'Burnaby'}]",,4.0
PSYC 210,D112,fall,2026,"BC high school Math 12 with a minimum grade of C (2.0) or BC high school Math 11 with a minimum grade of B- (2.67) or any level MATH or STAT course with a C- (1.67) or FAN X99 taken at SFU with a minimum grade of C (2.00) or achieving a satisfactory grade on the Simon Fraser University Quantitative Placement Test. Corequisite: PSYC 201W, but prior completion recommended.",PSYC 201W,False,"[{'days': 'Th', 'startTime': '16:30', 'endTime': '18:20', 'campus': 'Burnaby'}]",,4.0
PSYC 221,D100,fall,2026,PSYC 100.,PSYC 100,False,"[{'days': 'We', 'startTime': '14:30', 'endTime': '17:20', 'campus': 'Burnaby'}]",Tom Spalek,3.0
PSYC 241,B100,fall,2026,PSYC 102.,PSYC 102,False,"[{'days': 'Mo', 'startTime': '10:30', 'endTime': '12:20', 'campus': 'Burnaby'}]",Shannon Zaitsoff,3.0
PSYC 250,D100,fall,2026,PSYC 102.,PSYC 102,False,"[{'days': 'Tu', 'startTime': '10:30', 'endTime': '12:20', 'campus': 'Burnaby'}]",Hali Kil,3.0
PSYC 250,D101,fall,2026,PSYC 102.,PSYC 102,False,"[{'days': 'Tu', 'startTime': '12:30', 'endTime': '13:20', 'campus': 'Burnaby'}]",,3.0
PSYC 250,D102,fall,2026,PSYC 102.,PSYC 102,False,"[{'days': 'Tu', 'startTime': '13:30', 'endTime': '14:20', 'campus': 'Burnaby'}]",,3.0
PSYC 250,D103,fall,2026,PSYC 102.,PSYC 102,False,"[{'days': 'We', 'startTime': '13:30', 'endTime': '14:20', 'campus': 'Burnaby'}]",,3.0
PSYC 250,D104,fall,2026,PSYC 102.,PSYC 102,False,"[{'days': 'We', 'startTime': '15:30', 'endTime': '16:20', 'campus': 'Burnaby'}]",,3.0
PSYC 250,D105,fall,2026,PSYC 102.,PSYC 102,False,"[{'days': 'We', 'startTime': '16:30', 'endTime': '17:20', 'campus': 'Burnaby'}]",,3.0
PSYC 250,D106,fall,2026,PSYC 102.,PSYC 102,False,"[{'days': 'We', 'startTime': '17:30', 'endTime': '18:20', 'campus': 'Burnaby'}]",,3.0
PSYC 250,D107,fall,2026,PSYC 102.,PSYC 102,False,"[{'days': 'We', 'startTime': '12:30', 'endTime': '13:20', 'campus': 'Burnaby'}]",,3.0
PSYC 250,D108,fall,2026,PSYC 102.,PSYC 102,False,"[{'days': 'We', 'startTime': '11:30', 'endTime': '12:20', 'campus': 'Burnaby'}]",,3.0
PSYC 260,OL01,fall,2026,PSYC 102.,PSYC 102,False,[],Alyssa Croft,3.0
PSYC 268,D100,fall,2026,PSYC 102.,PSYC 102,False,"[{'days': 'Mo', 'startTime': '14:30', 'endTime': '16:20', 'campus': 'Burnaby'}, {'days': 'We', 'startTime': '14:30', 'endTime': '15:20', 'campus': 'Burnaby'}]",Adele Quigley-McBride,3.0
PSYC 280,D100,fall,2026,PSYC 100. Recommended: BISC 101.,PSYC 100,False,"[{'days': 'Tu', 'startTime': '10:30', 'endTime': '11:20', 'campus': 'Burnaby'}, {'days': 'Th', 'startTime': '9:30', 'endTime': '11:20', 'campus': 'Burnaby'}]",Diana Lim,3.0
PSYC 300W,D100,fall,2026,PSYC 201W.,PSYC 201W,False,"[{'days': 'Tu', 'startTime': '12:30', 'endTime': '14:20', 'campus': 'Burnaby'}]",Peter Leavitt,4.0
PSYC 300W,D101,fall,2026,PSYC 201W.,PSYC 201W,False,"[{'days': 'Tu', 'startTime': '14:30', 'endTime': '16:20', 'campus': 'Burnaby'}]",,4.0
PSYC 300W,D102,fall,2026,PSYC 201W.,PSYC 201W,False,"[{'days': 'Tu', 'startTime': '16:30', 'endTime': '18:20', 'campus': 'Burnaby'}]",,4.0
PSYC 300W,D103,fall,2026,PSYC 201W.,PSYC 201W,False,"[{'days': 'We', 'startTime': '10:30', 'endTime': '12:20', 'campus': 'Burnaby'}]",,4.0
PSYC 300W,D104,fall,2026,PSYC 201W.,PSYC 201W,False,"[{'days': 'We', 'startTime': '12:30', 'endTime': '14:20', 'campus': 'Burnaby'}]",,4.0
PSYC 300W,D105,fall,2026,PSYC 201W.,PSYC 201W,False,"[{'days': 'We', 'startTime': '14:30', 'endTime': '16:20', 'campus': 'Burnaby'}]",,4.0
PSYC 300W,D106,fall,2026,PSYC 201W.,PSYC 201W,False,"[{'days': 'We', 'startTime': '16:30', 'endTime': '18:20', 'campus': 'Burnaby'}]",,4.0
PSYC 300W,D107,fall,2026,PSYC 201W.,PSYC 201W,False,"[{'days': 'Th', 'startTime': '12:30', 'endTime': '14:20', 'campus': 'Burnaby'}]",,4.0
PSYC 300W,D108,fall,2026,PSYC 201W.,PSYC 201W,False,"[{'days': 'Th', 'startTime': '14:30', 'endTime': '16:20', 'campus': 'Burnaby'}]",,4.0
PSYC 300W,D109,fall,2026,PSYC 201W.,PSYC 201W,False,"[{'days': 'Th', 'startTime': '16:30', 'endTime': '18:20', 'campus': 'Burnaby'}]",,4.0
PSYC 300W,D110,fall,2026,PSYC 201W.,PSYC 201W,False,"[{'days': 'Fr', 'startTime': '12:30', 'endTime': '14:20', 'campus': 'Burnaby'}]",,4.0
PSYC 300W,D111,fall,2026,PSYC 201W.,PSYC 201W,False,"[{'days': 'Fr', 'startTime': '14:30', 'endTime': '16:20', 'campus': 'Burnaby'}]",,4.0
PSYC 300W,D112,fall,2026,PSYC 201W.,PSYC 201W,False,"[{'days': 'Fr', 'startTime': '16:30', 'endTime': '18:20', 'campus': 'Burnaby'}]",,4.0
PSYC 301,D100,fall,2026,PSYC 201 and 210 and a minimum CGPA of 2.67.,PSYC 201,False,"[{'days': 'Tu', 'startTime': '10:30', 'endTime': '12:20', 'campus': 'Burnaby'}]",Matthew Sigal,4.0
PSYC 301,D101,fall,2026,PSYC 201 and 210 and a minimum CGPA of 2.67.,PSYC 201,False,"[{'days': 'We', 'startTime': '10:30', 'endTime': '12:20', 'campus': 'Burnaby'}]",,4.0
PSYC 301,D102,fall,2026,PSYC 201 and 210 and a minimum CGPA of 2.67.,PSYC 201,False,"[{'days': 'We', 'startTime': '14:30', 'endTime': '16:20', 'campus': 'Burnaby'}]",,4.0
PSYC 308,E100,fall,2026,PSYC 201.,PSYC 201,False,"[{'days': 'We', 'startTime': '17:30', 'endTime': '20:20', 'campus': 'Burnaby'}]",Bertrand Sager,3.0
PSYC 352,OL01,fall,2026,PSYC 201 and PSYC 250.,PSYC 201;PSYC 250,False,[],Tanya MacGillivray,3.0
PSYC 356,D100,fall,2026,"PSYC 201, 241 and 250.",PSYC 201,False,"[{'days': 'Fr', 'startTime': '14:30', 'endTime': '17:20', 'campus': 'Burnaby'}]",Nathan Johnson,3.0
PSYC 361,D100,fall,2026,"PSYC 201, 260.",PSYC 201,False,"[{'days': 'Mo', 'startTime': '9:30', 'endTime': '12:20', 'campus': 'Burnaby'}]",Yuthika Girme,3.0
PSYC 362,E100,fall,2026,PSYC 201 and 260.,PSYC 201,False,"[{'days': 'Tu', 'startTime': '16:30', 'endTime': '19:20', 'campus': 'Burnaby'}]",Hannah Dupuis,3.0
PSYC 371,D100,fall,2026,PSYC 201 and 241.,PSYC 201,False,"[{'days': 'Th', 'startTime': '11:30', 'endTime': '14:20', 'campus': 'Burnaby'}]",Bridget Disini,3.0
PSYC 376,E100,fall,2026,PSYC 201W and PSYC 268. Recommended: PSYC 210.,PSYC 201W;PSYC 268,False,"[{'days': 'Mo', 'startTime': '17:30', 'endTime': '20:20', 'campus': 'Burnaby'}]",Adele Quigley-McBride,3.0
PSYC 376,OL01,fall,2026,PSYC 201W and PSYC 268. Recommended: PSYC 210.,PSYC 201W;PSYC 268,False,[],Deb Connolly,3.0
PSYC 379,D100,fall,2026,PSYC 201W and 268. Recommended: PSYC 210.,PSYC 201W,False,"[{'days': 'Mo', 'startTime': '14:30', 'endTime': '17:20', 'campus': 'Burnaby'}]",Stephen Hart,3.0
PSYC 383,D100,fall,2026,PSYC 201 and 280.,PSYC 201,False,"[{'days': 'Tu', 'startTime': '13:30', 'endTime': '14:20', 'campus': 'Burnaby'}, {'days': 'Th', 'startTime': '12:30', 'endTime': '14:20', 'campus': 'Burnaby'}]",Tristan Hynes,3.0
PSYC 386,D100,fall,2026,PSYC 201 and 280.,PSYC 201,False,"[{'days': 'Tu', 'startTime': '14:30', 'endTime': '16:20', 'campus': 'Burnaby'}]",John Joseph McDonald,4.0
PSYC 386,D101,fall,2026,PSYC 201 and 280.,PSYC 201,False,"[{'days': 'Th', 'startTime': '10:30', 'endTime': '12:20', 'campus': 'Burnaby'}]",,4.0
PSYC 386,D102,fall,2026,PSYC 201 and 280.,PSYC 201,False,"[{'days': 'Th', 'startTime': '14:30', 'endTime': '16:20', 'campus': 'Burnaby'}]",,4.0
PSYC 387,D100,fall,2026,"PSYC 201, 221, and 280.",PSYC 201,False,"[{'days': 'Tu', 'startTime': '8:30', 'endTime': '11:20', 'campus': 'Burnaby'}]",Angelina Polsinelli,3.0
PSYC 391,D100,fall,2026,PSYC 201. Other prerequisites vary by topic offering.,PSYC 201,False,"[{'days': 'Th', 'startTime': '8:30', 'endTime': '10:20', 'campus': 'Burnaby'}]",Joanna Peplak,3.0
PSYC 391,D101,fall,2026,PSYC 201. Other prerequisites vary by topic offering.,PSYC 201,False,"[{'days': 'Th', 'startTime': '12:30', 'endTime': '13:20', 'campus': 'Burnaby'}]",Joanna Peplak,3.0
PSYC 391,D102,fall,2026,PSYC 201. Other prerequisites vary by topic offering.,PSYC 201,False,"[{'days': 'Th', 'startTime': '13:30', 'endTime': '14:20', 'campus': 'Burnaby'}]",Joanna Peplak,3.0
PSYC 391,D103,fall,2026,PSYC 201. Other prerequisites vary by topic offering.,PSYC 201,False,"[{'days': 'Th', 'startTime': '11:30', 'endTime': '12:20', 'campus': 'Burnaby'}]",Joanna Peplak,3.0
PSYC 391,D104,fall,2026,PSYC 201. Other prerequisites vary by topic offering.,PSYC 201,False,"[{'days': 'Th', 'startTime': '15:30', 'endTime': '16:20', 'campus': 'Burnaby'}]",Joanna Peplak,3.0
PSYC 391,D105,fall,2026,PSYC 201. Other prerequisites vary by topic offering.,PSYC 201,False,"[{'days': 'Th', 'startTime': '12:30', 'endTime': '13:20', 'campus': 'Burnaby'}]",Joanna Peplak,3.0
PSYC 391,D106,fall,2026,PSYC 201. Other prerequisites vary by topic offering.,PSYC 201,False,"[{'days': 'Th', 'startTime': '13:30', 'endTime': '14:20', 'campus': 'Burnaby'}]",Joanna Peplak,3.0
PSYC 391,D200,fall,2026,PSYC 201. Other prerequisites vary by topic offering.,PSYC 201,False,"[{'days': 'We', 'startTime': '14:30', 'endTime': '17:20', 'campus': 'Burnaby'}]",Sally Xie,3.0
PSYC 391,D300,fall,2026,PSYC 201. Other prerequisites vary by topic offering.,PSYC 201,False,"[{'days': 'Fr', 'startTime': '14:30', 'endTime': '17:20', 'campus': 'Burnaby'}]",Will Fox,3.0
PSYC 393,D100,fall,2026,"PSYC 201, 60 units, a UDGPA of at least 2.5, and permission of the department. Tri-council ethics certificate.",PSYC 201,False,[],,
PSYC 393,D200,fall,2026,"PSYC 201, 60 units, a UDGPA of at least 2.5, and permission of the department. Tri-council ethics certificate.",PSYC 201,False,[],,
PSYC 393,D300,fall,2026,"PSYC 201, 60 units, a UDGPA of at least 2.5, and permission of the department. Tri-council ethics certificate.",PSYC 201,False,[],,
PSYC 402,D100,fall,2026,"PSYC 201, 210, 60 units, and a CGPA of 3.0. Other prerequisites vary by topic offering.",PSYC 201,False,"[{'days': 'Fr', 'startTime': '9:30', 'endTime': '12:20', 'campus': 'Burnaby'}]",Timothy Racine,4.0
PSYC 410,D100,fall,2026,"PSYC 201, 210, 301, 60 units, and a CGPA of 3.0.",PSYC 201,False,"[{'days': 'Mo', 'startTime': '12:30', 'endTime': '14:20', 'campus': 'Burnaby'}, {'days': 'We', 'startTime': '12:30', 'endTime': '13:20', 'campus': 'Burnaby'}]",Michael Maraun,4.0
PSYC 450,D100,fall,2026,"PSYC 201, 210, 250 and 60 units, and a CGPA of 3.0. Other prerequisites vary by topic offering.",PSYC 201,False,"[{'days': 'Mo', 'startTime': '14:30', 'endTime': '17:20', 'campus': 'Burnaby'}]",Hali Kil,4.0
PSYC 457,D100,fall,2026,"75 units, including PSYC 301 with a minimum grade of B and permission of a Co-Chair of the Behavioural Neuroscience Program Committee.",PSYC 301,False,"[{'days': 'Mo, We', 'startTime': '14:30', 'endTime': '16:20', 'campus': 'Burnaby'}]",Yuthika Girme,3.0
PSYC 457,D200,fall,2026,"75 units, including PSYC 301 with a minimum grade of B and permission of a Co-Chair of the Behavioural Neuroscience Program Committee.",PSYC 301,False,"[{'days': 'Mo, We', 'startTime': '14:30', 'endTime': '16:20', 'campus': 'Burnaby'}]",Rebecca Cobb,3.0
PSYC 476,D100,fall,2026,"PSYC 201, 210, 268, 60 units, and a CGPA of 3.0. Other prerequisites vary by topic offering.",PSYC 201,False,"[{'days': 'Mo', 'startTime': '9:30', 'endTime': '12:20', 'campus': 'Burnaby'}]",Deb Connolly,4.0
PSYC 490,D100,fall,2026,"75 units, PSYC 300 and 301, both with a minimum grade of 3.0, CGPA 3.33, and permission of the department.",PSYC 300,False,"[{'days': 'Mo, We', 'startTime': '14:30', 'endTime': '16:20', 'campus': 'Burnaby'}]",Yuthika Girme,4.0
PSYC 490,D200,fall,2026,"75 units, PSYC 300 and 301, both with a minimum grade of 3.0, CGPA 3.33, and permission of the department.",PSYC 300,False,"[{'days': 'Mo, We', 'startTime': '14:30', 'endTime': '16:20', 'campus': 'Burnaby'}]",Rebecca Cobb,4.0
PSYC 491,D100,fall,2026,"PSYC 201, 210, 60 units, a CGPA of 3.0. Other prerequisites vary by topic offering.",PSYC 201,False,"[{'days': 'Th', 'startTime': '14:30', 'endTime': '17:20', 'campus': 'Burnaby'}]",David Cox,4.0
PSYC 493,D100,fall,2026,"PSYC 201, 210, 60 units, a UDGPA of at least 3.0, and permission of the department.",PSYC 201,False,[],,3.0
PSYC 494,D100,fall,2026,"PSYC 201, 210, 60 units, a UDGPA of at least 3.0, and permission of the department.",PSYC 201,False,[],,3.0
PSYC 495,D100,fall,2026,"PSYC 201, 210, 60 units, a UDGPA of at least 3.0, and permission of the department.",PSYC 201,False,[],,3.0
PSYC 705,G100,fall,2026,,,False,"[{'days': 'Fr', 'startTime': '9:30', 'endTime': '12:20', 'campus': 'Burnaby'}]",Timothy Racine,3.0
PSYC 744,G100,fall,2026,,,False,"[{'days': 'Tu', 'startTime': '9:30', 'endTime': '12:20', 'campus': 'Burnaby'}]",Shannon Zaitsoff,3.0
PSYC 791,G100,fall,2026,,,False,"[{'days': 'Th', 'startTime': '9:30', 'endTime': '12:20', 'campus': 'Burnaby'}]",Kevin Douglas,3.0
PSYC 807A,G100,fall,2026,"PSYC 820B, 821B, 822, 823, and 824; or permission of the instructor.",PSYC 820B,False,"[{'days': 'We', 'startTime': '9:30', 'endTime': '12:20', 'campus': 'Burnaby'}]",Grace Iarocci,3.0
PSYC 807D,G100,fall,2026,"PSYC 822, 823, and admission to the Clinical Psychology Graduate Program; or permission of the instructor.",PSYC 822,False,"[{'days': 'Tu', 'startTime': '14:30', 'endTime': '17:20', 'campus': 'Burnaby'}]",Rebecca Cobb,3.0
PSYC 820A,G100,fall,2026,Admission to the Clinical Psychology Graduate Program.,,False,"[{'days': 'Th', 'startTime': '9:30', 'endTime': '12:20', 'campus': 'Burnaby'}]",Angelina Polsinelli,3.0
PSYC 821A,G100,fall,2026,Admission to the Clinical Psychology Graduate Program. Corequisite: Enrollment in PSYC 820A. Students must successfully complete a Criminal Record Check.,PSYC 820A,False,"[{'days': 'Th', 'startTime': '9:30', 'endTime': '12:20', 'campus': 'Burnaby'}]",Angelina Polsinelli,2.0
PSYC 822,G100,fall,2026,Admission to the Clinical Psychology Graduate Program.,,False,"[{'days': 'Tu', 'startTime': '9:30', 'endTime': '12:20', 'campus': 'Burnaby'}]",Sessional,3.0
PSYC 825,G100,fall,2026,Admission to Clinical Psychology Graduate Program. Students must successfully complete a Criminal Record Check.,,False,[],Megan McLarnon,2.0
PSYC 830,G100,fall,2026,"PSYC 820, or PSYC 820A and PSYC 820B.",PSYC 820;PSYC 820A;PSYC 820B,False,"[{'days': 'We', 'startTime': '14:30', 'endTime': '17:20', 'campus': 'Burnaby'}]",Molly Cairncross,3.0
PSYC 831,G100,fall,2026,"PSYC 820, or PSYC 820A and PSYC 820B. Corequisite: PSYC 830. Students must successfully complete a Criminal Record Check.",PSYC 820;PSYC 820A;PSYC 820B;PSYC 830,False,"[{'days': 'We', 'startTime': '14:30', 'endTime': '17:20', 'campus': 'Burnaby'}]",Molly Cairncross,2.0
PSYC 880,G100,fall,2026,"PSYC 744, 820B, 821B, 910, 911. Students must successfully complete a Criminal Record Check.",PSYC 744,False,[],Grace Iarocci,3.0
PSYC 880,G200,fall,2026,"PSYC 744, 820B, 821B, 910, 911. Students must successfully complete a Criminal Record Check.",PSYC 744,False,[],Grace Iarocci,3.0
PSYC 880,G300,fall,2026,"PSYC 744, 820B, 821B, 910, 911. Students must successfully complete a Criminal Record Check.",PSYC 744,False,[],Grace Iarocci,3.0
PSYC 881,G100,fall,2026,Admission to the doctoral clinical program. Students must successfully complete a Criminal Record Check.,,False,[],Grace Iarocci,3.0
PSYC 881,G200,fall,2026,Admission to the doctoral clinical program. Students must successfully complete a Criminal Record Check.,,False,[],Grace Iarocci,3.0
PSYC 881,G300,fall,2026,Admission to the doctoral clinical program. Students must successfully complete a Criminal Record Check.,,False,[],Grace Iarocci,3.0
PSYC 881,G400,fall,2026,Admission to the doctoral clinical program. Students must successfully complete a Criminal Record Check.,,False,[],Grace Iarocci,3.0
PSYC 882,G100,fall,2026,Admission to the clinical program with a specialization in neuropsychology. Students must successfully complete a Criminal Record Check.,,False,[],Grace Iarocci,3.0
PSYC 882,G200,fall,2026,Admission to the clinical program with a specialization in neuropsychology. Students must successfully complete a Criminal Record Check.,,False,[],Grace Iarocci,3.0
PSYC 886,G100,fall,2026,"Equivalent of the MA clinical program, three PhD level courses, successful completion of the PhD comprehensive examinations, and successful defense of the PhD research proposal. Students must successfully complete a Criminal Record Check.",,False,[],Grace Iarocci,9.0
PSYC 886,G200,fall,2026,"Equivalent of the MA clinical program, three PhD level courses, successful completion of the PhD comprehensive examinations, and successful defense of the PhD research proposal. Students must successfully complete a Criminal Record Check.",,False,[],Grace Iarocci,9.0
PSYC 890,G100,fall,2026,"PSYC 790 or PSYC 791, and PSYC 836. Students must successfully complete a Criminal Record Check.",PSYC 790;PSYC 791;PSYC 836,False,[],Grace Iarocci,3.0
PSYC 890,G200,fall,2026,"PSYC 790 or PSYC 791, and PSYC 836. Students must successfully complete a Criminal Record Check.",PSYC 790;PSYC 791;PSYC 836,False,[],Grace Iarocci,3.0
PSYC 890,G300,fall,2026,"PSYC 790 or PSYC 791, and PSYC 836. Students must successfully complete a Criminal Record Check.",PSYC 790;PSYC 791;PSYC 836,False,[],Grace Iarocci,3.0
PSYC 892,G200,fall,2026,PSYC 790 or PSYC 791. Students must successfully complete a Criminal Record Check.,PSYC 790;PSYC 791,False,[],,3.0
PSYC 895,G100,fall,2026,,,False,[],,3.0
PSYC 895,G200,fall,2026,,,False,[],,3.0
PSYC 896,G100,fall,2026,,,False,[],,3.0
PSYC 896,G200,fall,2026,,,False,[],,3.0
PSYC 897,G100,fall,2026,PSYC 790 or PSYC 791.,PSYC 790;PSYC 791,False,[],,3.0
PSYC 898,G100,fall,2026,,,False,[],Michael Schmitt,18.0
PSYC 898,G200,fall,2026,,,False,[],Michael Schmitt,18.0
PSYC 899,G100,fall,2026,,,False,[],Michael Schmitt,18.0
PSYC 899,G200,fall,2026,,,False,[],Michael Schmitt,18.0
PSYC 910,G100,fall,2026,,,False,"[{'days': 'Mo', 'startTime': '12:30', 'endTime': '14:20', 'campus': 'Burnaby'}, {'days': 'We', 'startTime': '12:30', 'endTime': '13:20', 'campus': 'Burnaby'}]",Michael Maraun,3.0
PSYC 912,G100,fall,2026,,,False,"[{'days': 'Fr', 'startTime': '14:30', 'endTime': '17:20', 'campus': 'Burnaby'}]",Rebecca Cobb,1.5
PSYC 912,G200,fall,2026,,,False,"[{'days': 'Fr', 'startTime': '14:30', 'endTime': '17:20', 'campus': None}]",Rebecca Cobb,1.5
PSYC 913,G100,fall,2026,,,False,"[{'days': 'Fr', 'startTime': '14:30', 'endTime': '17:20', 'campus': 'Burnaby'}]",Brianne Kent,1.5
PSYC 914,G100,fall,2026,,,False,"[{'days': 'Fr', 'startTime': '14:30', 'endTime': '17:20', 'campus': 'Burnaby'}]",Joanna Peplak,1.5
PSYC 916,G100,fall,2026,,,False,"[{'days': 'Fr', 'startTime': '14:30', 'endTime': '17:20', 'campus': 'Burnaby'}]",Deb Connolly,1.5
PSYC 916,G200,fall,2026,,,False,"[{'days': 'Fr', 'startTime': '14:30', 'endTime': '17:20', 'campus': None}]",Deb Connolly,1.5
PSYC 917,G100,fall,2026,,,False,"[{'days': 'Fr', 'startTime': '14:30', 'endTime': '17:20', 'campus': 'Burnaby'}]",Yuthika Girme,1.5
PSYC 918,G100,fall,2026,,,False,"[{'days': 'Fr', 'startTime': '14:30', 'endTime': '17:20', 'campus': 'Burnaby'}]",Timothy Racine,1.5
PSYC 918,G200,fall,2026,,,False,"[{'days': 'Fr', 'startTime': '14:30', 'endTime': '17:20', 'campus': None}]",Timothy Racine,1.5
PSYC 925,G100,fall,2026,,,False,"[{'days': 'Tu', 'startTime': '14:30', 'endTime': '16:20', 'campus': 'Burnaby'}]",John Joseph McDonald,3.0
PSYC 925,G101,fall,2026,,,False,"[{'days': 'Th', 'startTime': '10:30', 'endTime': '12:20', 'campus': 'Burnaby'}]",,3.0
PSYC 925,G102,fall,2026,,,False,"[{'days': 'Th', 'startTime': '14:30', 'endTime': '16:20', 'campus': 'Burnaby'}]",,3.0
PSYC 950,G100,fall,2026,,,False,"[{'days': 'Mo', 'startTime': '14:30', 'endTime': '17:20', 'campus': 'Burnaby'}]",Hali Kil,3.0
PSYC 960,G100,fall,2026,,,False,"[{'days': 'We', 'startTime': '9:30', 'endTime': '12:20', 'campus': 'Burnaby'}]",Yuan Jun Sally Xie,3.0
PSYC 990,G100,fall,2026,PSYC 790 or PSYC 791.,PSYC 790;PSYC 791,False,"[{'days': 'Mo', 'startTime': '9:30', 'endTime': '12:20', 'campus': 'Burnaby'}]",Deb Connolly,3.0
PSYC 991,G100,fall,2026,,,False,[],,3.0
PSYC 992,G100,fall,2026,,,False,[],,3.0
PSYC 992,G200,fall,2026,,,False,[],,3.0
PSYC 993,G100,fall,2026,,,False,[],,3.0
PSYC 993,G200,fall,2026,,,False,[],,3.0
PSYC 997,G100,fall,2026,,,False,[],,3.0
PSYC 998,G100,fall,2026,Admission to the masters or doctoral program.,,False,[],,3.0
PSYC 999,G100,fall,2026,Admission to Clinical Psychology Graduate Program.,,False,[],,6.0
PUB 101,D100,fall,2026,,,False,"[{'days': 'Tu', 'startTime': '10:30', 'endTime': '12:20', 'campus': 'VANCOUVER'}]",Suzanne Norman,3.0
PUB 101,D101,fall,2026,,,False,"[{'days': 'Tu', 'startTime': '12:30', 'endTime': '13:20', 'campus': 'Vancouver'}]",,3.0
PUB 101,D102,fall,2026,,,False,"[{'days': 'Tu', 'startTime': '13:30', 'endTime': '14:20', 'campus': 'Vancouver'}]",,3.0
PUB 131,B100,fall,2026,,,False,[],Natalie Gagnon,3.0
PUB 131,B101,fall,2026,,,False,"[{'days': 'Fr', 'startTime': '10:30', 'endTime': '12:20', 'campus': 'Vancouver'}]",Natalie Gagnon,3.0
PUB 131,B102,fall,2026,,,False,"[{'days': 'Fr', 'startTime': '12:30', 'endTime': '14:20', 'campus': 'Vancouver'}]",Natalie Gagnon,3.0
PUB 331,B100,fall,2026,PUB 231.,PUB 231,False,[],Marieve Page,4.0
PUB 331,B101,fall,2026,PUB 231.,PUB 231,False,"[{'days': 'Tu', 'startTime': '9:30', 'endTime': '11:20', 'campus': 'Vancouver'}]",Marieve Page,4.0
PUB 331,B102,fall,2026,PUB 231.,PUB 231,False,"[{'days': 'Tu', 'startTime': '11:30', 'endTime': '13:20', 'campus': 'Vancouver'}]",Marieve Page,4.0
PUB 372,B100,fall,2026,60 units.,,False,[],Suzanne Norman,4.0
PUB 372,B101,fall,2026,60 units.,,False,"[{'days': 'Th', 'startTime': '10:30', 'endTime': '11:20', 'campus': 'VANCOUVER'}]",Suzanne Norman,4.0
PUB 372,B102,fall,2026,60 units.,,False,"[{'days': 'Th', 'startTime': '11:30', 'endTime': '12:20', 'campus': 'VANCOUVER'}]",Suzanne Norman,4.0
PUB 448,D100,fall,2026,60 units.,,False,"[{'days': 'Th', 'startTime': '14:30', 'endTime': '17:20', 'campus': 'VANCOUVER'}]",Amanda Lastoria,4.0
PUB 450,D100,fall,2026,75 units.,,False,"[{'days': 'Mo', 'startTime': '14:30', 'endTime': '17:20', 'campus': 'VANCOUVER'}]",Scott Steedman,4.0
PUB 456,D100,fall,2026,75 units.,,False,"[{'days': 'Tu', 'startTime': '14:30', 'endTime': '17:20', 'campus': 'VANCOUVER'}]",Trevor Battye,4.0
PUB 600,G100,fall,2026,Admittance to the program.,,False,"[{'days': 'We', 'startTime': '9:30', 'endTime': '12:20', 'campus': 'VANCOUVER'}]",Marieve Page,4.0
PUB 601,G100,fall,2026,Admittance to the program.,,False,"[{'days': 'We', 'startTime': '13:30', 'endTime': '16:20', 'campus': 'VANCOUVER'}]",Scott Steedman,4.0
PUB 648,G100,fall,2026,,,False,"[{'days': 'Th', 'startTime': '14:30', 'endTime': '17:20', 'campus': 'VANCOUVER'}]",Amanda Lastoria,4.0
PUB 656,G100,fall,2026,,,False,"[{'days': 'Tu', 'startTime': '14:30', 'endTime': '17:20', 'campus': 'VANCOUVER'}]",Trevor Battye,4.0
PUB 800,G100,fall,2026,Admittance to the program.,,False,"[{'days': 'Mo', 'startTime': '9:30', 'endTime': '12:20', 'campus': 'VANCOUVER'}]",John Maxwell,4.0
PUB 890,G100,fall,2026,,,False,"[{'days': 'Fr', 'startTime': '9:30', 'endTime': '12:20', 'campus': 'VANCOUVER'}]",Suzanne Norman,
PUB 899,G100,fall,2026,"PUB 600, PUB 800, PUB 801, PUB 802, PUB 890, and PUB 891.",PUB 600;PUB 800;PUB 801;PUB 802;PUB 890;PUB 891,False,[],,6.0
PUB 899,G200,fall,2026,"PUB 600, PUB 800, PUB 801, PUB 802, PUB 890, and PUB 891.",PUB 600;PUB 800;PUB 801;PUB 802;PUB 890;PUB 891,False,[],,6.0
PUB 900,G100,fall,2026,"PUB 600, PUB 800, PUB 801, PUB 802, PUB 890, and PUB 891.",PUB 600;PUB 800;PUB 801;PUB 802;PUB 890;PUB 891,False,[],,6.0
PUB 900,G200,fall,2026,"PUB 600, PUB 800, PUB 801, PUB 802, PUB 890, and PUB 891.",PUB 600;PUB 800;PUB 801;PUB 802;PUB 890;PUB 891,False,[],,6.0
PUB 900,G300,fall,2026,"PUB 600, PUB 800, PUB 801, PUB 802, PUB 890, and PUB 891.",PUB 600;PUB 800;PUB 801;PUB 802;PUB 890;PUB 891,False,[],,6.0
PUB 900,G400,fall,2026,"PUB 600, PUB 800, PUB 801, PUB 802, PUB 890, and PUB 891.",PUB 600;PUB 800;PUB 801;PUB 802;PUB 890;PUB 891,False,[],,6.0
PUB 901,G100,fall,2026,"PUB 600, PUB 800, PUB 801, PUB 802, PUB 890, and PUB 891.",PUB 600;PUB 800;PUB 801;PUB 802;PUB 890;PUB 891,False,[],,6.0
PUB 901,G200,fall,2026,"PUB 600, PUB 800, PUB 801, PUB 802, PUB 890, and PUB 891.",PUB 600;PUB 800;PUB 801;PUB 802;PUB 890;PUB 891,False,[],,6.0
PUNJ 110,D900,fall,2026,PUNJ 100 or equivalent.,PUNJ 100,False,"[{'days': 'Tu, Th', 'startTime': '16:30', 'endTime': '18:20', 'campus': 'Surrey'}]",Sessional,3.0
REM 100,D100,fall,2026,,,False,"[{'days': 'Mo, We', 'startTime': '9:30', 'endTime': '10:20', 'campus': 'Burnaby'}]",Kyle Wilson,3.0
REM 100,D101,fall,2026,,,False,"[{'days': 'Mo', 'startTime': '10:30', 'endTime': '11:20', 'campus': 'Burnaby'}]",,3.0
REM 100,D102,fall,2026,,,False,"[{'days': 'Mo', 'startTime': '11:30', 'endTime': '12:20', 'campus': 'Burnaby'}]",,3.0
REM 100,D103,fall,2026,,,False,"[{'days': 'We', 'startTime': '10:30', 'endTime': '11:20', 'campus': 'Burnaby'}]",,3.0
REM 100,D104,fall,2026,,,False,"[{'days': 'Th', 'startTime': '9:30', 'endTime': '10:20', 'campus': 'Burnaby'}]",,3.0
REM 100,D105,fall,2026,,,False,"[{'days': 'We', 'startTime': '14:30', 'endTime': '15:20', 'campus': 'Burnaby'}]",,3.0
REM 100,D106,fall,2026,,,False,"[{'days': 'We', 'startTime': '15:30', 'endTime': '16:20', 'campus': 'Burnaby'}]",,3.0
REM 202W,D100,fall,2026,"One of REM 100, GEOG 100, GEOG 111, or EVSC 100.",REM 100;GEOG 100;GEOG 111;EVSC 100,False,"[{'days': 'Mo', 'startTime': '10:30', 'endTime': '12:20', 'campus': 'Burnaby'}]",Scott Harrison,3.0
REM 202W,D101,fall,2026,"One of REM 100, GEOG 100, GEOG 111, or EVSC 100.",REM 100;GEOG 100;GEOG 111;EVSC 100,False,"[{'days': 'Mo', 'startTime': '9:30', 'endTime': '10:20', 'campus': 'Burnaby'}]",,3.0
REM 202W,D102,fall,2026,"One of REM 100, GEOG 100, GEOG 111, or EVSC 100.",REM 100;GEOG 100;GEOG 111;EVSC 100,False,"[{'days': 'Mo', 'startTime': '12:30', 'endTime': '13:20', 'campus': 'Burnaby'}]",,3.0
REM 202W,D103,fall,2026,"One of REM 100, GEOG 100, GEOG 111, or EVSC 100.",REM 100;GEOG 100;GEOG 111;EVSC 100,False,"[{'days': 'Mo', 'startTime': '13:30', 'endTime': '14:20', 'campus': 'Burnaby'}]",,3.0
REM 211,D100,fall,2026,,,False,"[{'days': 'Th', 'startTime': '10:30', 'endTime': '12:20', 'campus': 'Burnaby'}]",Sessional,3.0
REM 211,D101,fall,2026,,,False,"[{'days': 'Th', 'startTime': '15:30', 'endTime': '16:20', 'campus': 'Burnaby'}]",,3.0
REM 211,D102,fall,2026,,,False,"[{'days': 'Th', 'startTime': '13:30', 'endTime': '14:20', 'campus': 'Burnaby'}]",,3.0
REM 211,D103,fall,2026,,,False,"[{'days': 'Th', 'startTime': '14:30', 'endTime': '15:20', 'campus': 'Burnaby'}]",,3.0
REM 221,D100,fall,2026,"One of REM 100, GEOG 100, GEOG 111, or EVSC 100.",REM 100;GEOG 100;GEOG 111;EVSC 100,False,"[{'days': 'Tu', 'startTime': '12:30', 'endTime': '14:20', 'campus': 'Burnaby'}]",Sessional,3.0
REM 221,D101,fall,2026,"One of REM 100, GEOG 100, GEOG 111, or EVSC 100.",REM 100;GEOG 100;GEOG 111;EVSC 100,False,"[{'days': 'Tu', 'startTime': '14:30', 'endTime': '15:20', 'campus': 'Burnaby'}]",,3.0
REM 221,D102,fall,2026,"One of REM 100, GEOG 100, GEOG 111, or EVSC 100.",REM 100;GEOG 100;GEOG 111;EVSC 100,False,"[{'days': 'Tu', 'startTime': '15:30', 'endTime': '16:20', 'campus': 'Burnaby'}]",,3.0
REM 221,D103,fall,2026,"One of REM 100, GEOG 100, GEOG 111, or EVSC 100.",REM 100;GEOG 100;GEOG 111;EVSC 100,False,"[{'days': 'Tu', 'startTime': '16:30', 'endTime': '17:20', 'campus': 'Burnaby'}]",,3.0
REM 311,D100,fall,2026,REM 100 or EVSC 100; BISC 204 or GEOG 215 or REM 211; STAT 201 or STAT 203 or STAT 205 or GEOG 251 or equivalent. Recommended: REM 225.,REM 100;EVSC 100;BISC 204;GEOG 215;REM 211;STAT 201;STAT 203;STAT 205;GEOG 251,False,"[{'days': 'Tu', 'startTime': '10:30', 'endTime': '12:20', 'campus': 'Burnaby'}]",Scott Harrison,3.0
REM 311,D101,fall,2026,REM 100 or EVSC 100; BISC 204 or GEOG 215 or REM 211; STAT 201 or STAT 203 or STAT 205 or GEOG 251 or equivalent. Recommended: REM 225.,REM 100;EVSC 100;BISC 204;GEOG 215;REM 211;STAT 201;STAT 203;STAT 205;GEOG 251,False,"[{'days': 'Tu', 'startTime': '12:30', 'endTime': '13:20', 'campus': 'Burnaby'}]",,3.0
REM 311,D102,fall,2026,REM 100 or EVSC 100; BISC 204 or GEOG 215 or REM 211; STAT 201 or STAT 203 or STAT 205 or GEOG 251 or equivalent. Recommended: REM 225.,REM 100;EVSC 100;BISC 204;GEOG 215;REM 211;STAT 201;STAT 203;STAT 205;GEOG 251,False,"[{'days': 'Tu', 'startTime': '13:30', 'endTime': '14:20', 'campus': 'Burnaby'}]",,3.0
REM 311,D103,fall,2026,REM 100 or EVSC 100; BISC 204 or GEOG 215 or REM 211; STAT 201 or STAT 203 or STAT 205 or GEOG 251 or equivalent. Recommended: REM 225.,REM 100;EVSC 100;BISC 204;GEOG 215;REM 211;STAT 201;STAT 203;STAT 205;GEOG 251,False,"[{'days': 'Tu', 'startTime': '9:30', 'endTime': '10:20', 'campus': 'Burnaby'}]",,3.0
REM 321,D100,fall,2026,45 units.,,False,"[{'days': 'Tu', 'startTime': '13:30', 'endTime': '14:20', 'campus': 'Burnaby'}, {'days': 'Th', 'startTime': '12:30', 'endTime': '14:20', 'campus': 'Burnaby'}]",Andres Cisneros-Montemayor,4.0
REM 321,D101,fall,2026,45 units.,,False,"[{'days': 'Tu', 'startTime': '14:30', 'endTime': '15:20', 'campus': 'Burnaby'}]",,4.0
REM 321,D102,fall,2026,45 units.,,False,"[{'days': 'Th', 'startTime': '15:30', 'endTime': '16:20', 'campus': 'Burnaby'}]",,4.0
REM 321,D103,fall,2026,45 units.,,False,"[{'days': 'Th', 'startTime': '16:30', 'endTime': '17:20', 'campus': 'Burnaby'}]",,4.0
REM 321,D104,fall,2026,45 units.,,False,"[{'days': 'Th', 'startTime': '9:30', 'endTime': '10:20', 'campus': 'Burnaby'}]",,4.0
REM 321,D105,fall,2026,45 units.,,False,"[{'days': 'Th', 'startTime': '10:30', 'endTime': '11:20', 'campus': 'Burnaby'}]",,4.0
REM 334,D100,fall,2026,"REM 100 or EVSC 100; GEOG 111 or EASC 101 or EASC 106; and 45 units. Recommended: EASC 210, GEOG 214 or GEOG 215.",REM 100;EVSC 100;GEOG 111;EASC 101;EASC 106,False,"[{'days': 'We, Fr', 'startTime': '12:30', 'endTime': '14:20', 'campus': 'Burnaby'}]",Karen Kohfeld,4.0
REM 350,D100,fall,2026,42 units.,,False,"[{'days': 'We', 'startTime': '17:30', 'endTime': '20:20', 'campus': 'Surrey'}]",Andrew Sudmant,4.0
REM 350,D101,fall,2026,42 units.,,False,"[{'days': 'We', 'startTime': '13:30', 'endTime': '14:20', 'campus': 'Surrey'}]",,4.0
REM 350,D102,fall,2026,42 units.,,False,"[{'days': 'We', 'startTime': '14:30', 'endTime': '15:20', 'campus': 'Surrey'}]",,4.0
REM 350,D103,fall,2026,42 units.,,False,"[{'days': 'We', 'startTime': '15:30', 'endTime': '16:20', 'campus': 'Surrey'}]",,4.0
REM 350,D104,fall,2026,42 units.,,False,"[{'days': 'We', 'startTime': '16:30', 'endTime': '17:20', 'campus': 'Surrey'}]",,4.0
REM 356W,D100,fall,2026,"One of REM 100, GEOG 100, GEOG 111, or EVSC 100; and 45 units.",REM 100;GEOG 100;GEOG 111;EVSC 100,False,"[{'days': 'Mo', 'startTime': '12:30', 'endTime': '14:20', 'campus': 'Burnaby'}]",Will Niver,3.0
REM 356W,D101,fall,2026,"One of REM 100, GEOG 100, GEOG 111, or EVSC 100; and 45 units.",REM 100;GEOG 100;GEOG 111;EVSC 100,False,"[{'days': 'Mo', 'startTime': '14:30', 'endTime': '15:20', 'campus': 'Burnaby'}]",,3.0
REM 356W,D102,fall,2026,"One of REM 100, GEOG 100, GEOG 111, or EVSC 100; and 45 units.",REM 100;GEOG 100;GEOG 111;EVSC 100,False,"[{'days': 'Mo', 'startTime': '15:30', 'endTime': '16:20', 'campus': 'Burnaby'}]",,3.0
REM 356W,D103,fall,2026,"One of REM 100, GEOG 100, GEOG 111, or EVSC 100; and 45 units.",REM 100;GEOG 100;GEOG 111;EVSC 100,False,"[{'days': 'Mo', 'startTime': '16:30', 'endTime': '17:20', 'campus': 'Burnaby'}]",,3.0
REM 356W,D104,fall,2026,"One of REM 100, GEOG 100, GEOG 111, or EVSC 100; and 45 units.",REM 100;GEOG 100;GEOG 111;EVSC 100,False,"[{'days': 'Mo', 'startTime': '11:30', 'endTime': '12:20', 'campus': 'Burnaby'}]",,3.0
REM 357,D100,fall,2026,45 units.,,False,"[{'days': 'Tu', 'startTime': '16:30', 'endTime': '18:20', 'campus': 'Burnaby'}]",Sessional,3.0
REM 357,D101,fall,2026,45 units.,,False,"[{'days': 'Tu', 'startTime': '14:30', 'endTime': '15:20', 'campus': 'Burnaby'}]",,3.0
REM 357,D102,fall,2026,45 units.,,False,"[{'days': 'Tu', 'startTime': '15:30', 'endTime': '16:20', 'campus': 'Burnaby'}]",,3.0
REM 357,D103,fall,2026,45 units.,,False,"[{'days': 'Tu', 'startTime': '12:30', 'endTime': '13:20', 'campus': 'Burnaby'}]",,3.0
REM 388,D100,fall,2026,45 units.,,False,"[{'days': 'Mo', 'startTime': '14:30', 'endTime': '16:20', 'campus': 'Burnaby'}]",Scott Harrison,3.0
REM 388,D101,fall,2026,45 units.,,False,"[{'days': 'Mo', 'startTime': '16:30', 'endTime': '17:20', 'campus': 'Burnaby'}]",,3.0
REM 388,D102,fall,2026,45 units.,,False,"[{'days': 'Mo', 'startTime': '17:30', 'endTime': '18:20', 'campus': 'Burnaby'}]",,3.0
REM 388,D103,fall,2026,45 units.,,False,"[{'days': 'Tu', 'startTime': '9:30', 'endTime': '10:20', 'campus': 'Burnaby'}]",,3.0
REM 388,D104,fall,2026,45 units.,,False,"[{'days': 'Tu', 'startTime': '10:30', 'endTime': '11:20', 'campus': 'Burnaby'}]",,3.0
REM 412,D100,fall,2026,REM 100 or EVSC 100; BISC 204 or GEOG 215 or REM 211; STAT 201 or STAT 203 or STAT 205 or GEOG 251 or equivalent; and 60 units. Recommended: REM 225.,REM 100;EVSC 100;BISC 204;GEOG 215;REM 211;STAT 201;STAT 203;STAT 205;GEOG 251,False,"[{'days': 'We', 'startTime': '15:30', 'endTime': '16:20', 'campus': 'Burnaby'}, {'days': 'Fr', 'startTime': '14:30', 'endTime': '16:20', 'campus': 'Burnaby'}]",Brett Van Poorten,4.0
REM 412,D101,fall,2026,REM 100 or EVSC 100; BISC 204 or GEOG 215 or REM 211; STAT 201 or STAT 203 or STAT 205 or GEOG 251 or equivalent; and 60 units. Recommended: REM 225.,REM 100;EVSC 100;BISC 204;GEOG 215;REM 211;STAT 201;STAT 203;STAT 205;GEOG 251,False,"[{'days': 'We', 'startTime': '14:30', 'endTime': '15:20', 'campus': 'Burnaby'}]",,4.0
REM 431,D100,fall,2026,REM 100 or EVSC 100 or GEOG 111; EVSC 201W or REM 221; 60 units; or permission from instructor.,REM 100;EVSC 100;GEOG 111;EVSC 201W;REM 221,False,"[{'days': 'Tu, Th', 'startTime': '14:30', 'endTime': '16:20', 'campus': 'Burnaby'}]",Sian Kou-Giesbrecht,4.0
REM 471,D100,fall,2026,"One of REM 100, or GEOG 100 or 111, or EVSC 100 or BISC 102; and 45 units.",REM 100;GEOG 100;EVSC 100;BISC 102,False,"[{'days': 'We, Fr', 'startTime': '10:30', 'endTime': '12:20', 'campus': 'Burnaby'}]",Sessional,4.0
REM 602,G100,fall,2026,Enrollment in REM MRM (Planning).,,False,"[{'days': 'We, Th', 'startTime': '14:30', 'endTime': '16:20', 'campus': 'Burnaby'}]",Laura Tate,5.0
REM 611,G100,fall,2026,,,False,"[{'days': 'Tu', 'startTime': '11:30', 'endTime': '13:20', 'campus': 'Burnaby'}, {'days': 'Th', 'startTime': '11:30', 'endTime': '13:20', 'campus': 'Burnaby'}]",Sophie Wilkinson,5.0
REM 612,G100,fall,2026,,,False,"[{'days': 'We', 'startTime': '15:30', 'endTime': '16:20', 'campus': 'Burnaby'}, {'days': 'Fr', 'startTime': '14:30', 'endTime': '16:20', 'campus': 'Burnaby'}]",Brett Van Poorten,5.0
REM 612,G101,fall,2026,,,False,"[{'days': 'We', 'startTime': '14:30', 'endTime': '15:20', 'campus': 'Burnaby'}]",,5.0
REM 621,G100,fall,2026,,,False,"[{'days': 'Tu', 'startTime': '9:30', 'endTime': '11:20', 'campus': 'Burnaby'}, {'days': 'Th', 'startTime': '9:30', 'endTime': '11:20', 'campus': 'Burnaby'}]",Andres Cisneros-Montemayor,5.0
REM 643,G100,fall,2026,,,False,"[{'days': 'Mo', 'startTime': '14:30', 'endTime': '18:20', 'campus': 'Burnaby'}]",Tom Gunton,5.0
REM 662,G100,fall,2026,,,False,"[{'days': 'Tu, Th', 'startTime': '14:30', 'endTime': '16:20', 'campus': 'Burnaby'}]",Jonathan Boron,5.0
REM 664,G100,fall,2026,,,False,[],,5.0
REM 664,G200,fall,2026,,,False,[],,5.0
REM 665,G100,fall,2026,,,False,[],,5.0
REM 665,G200,fall,2026,,,False,[],,5.0
REM 667,G100,fall,2026,,,False,[],,3.0
REM 669,G100,fall,2026,Admission to REM graduate program (MRM or PhD).,,False,[],,3.0
REM 669,G200,fall,2026,Admission to REM graduate program (MRM or PhD).,,False,[],,3.0
REM 697,G100,fall,2026,,,False,[],,18.0
REM 697,G200,fall,2026,,,False,[],,18.0
REM 698,G100,fall,2026,,,False,[],,3.0
REM 699,G100,fall,2026,,,False,[],,10.0
REM 699,G200,fall,2026,,,False,[],,10.0
REM 801,G100,fall,2026,,,False,"[{'days': 'Mo', 'startTime': '9:30', 'endTime': '11:20', 'campus': 'Burnaby'}, {'days': 'Tu', 'startTime': '14:30', 'endTime': '16:20', 'campus': 'Burnaby'}]",Jonn Axsen,5.0
REM 898,G100,fall,2026,,,False,[],,
REM 898,G200,fall,2026,,,False,[],,
REM 899,G100,fall,2026,,,False,[],,18.0
REM 899,G200,fall,2026,,,False,[],,18.0
RISK 101,D100,fall,2026,,,False,"[{'days': 'Mo, We, Fr', 'startTime': '13:30', 'endTime': '14:20', 'campus': 'Burnaby'}]",Wei Lin,3.0
RISK 101,D101,fall,2026,,,False,"[{'days': 'Fr', 'startTime': '11:30', 'endTime': '12:20', 'campus': 'Burnaby'}]",Wei Lin,3.0
RISK 101,D102,fall,2026,,,False,"[{'days': 'Fr', 'startTime': '12:30', 'endTime': '13:20', 'campus': 'Burnaby'}]",Wei Lin,3.0
RISK 231,D100,fall,2026,BC Mathematics 12 (or equivalent) or any 100-level MATH course with a minimum grade of C.,,False,"[{'days': 'Tu', 'startTime': '14:30', 'endTime': '16:20', 'campus': 'Burnaby'}, {'days': 'Fr', 'startTime': '12:30', 'endTime': '13:20', 'campus': 'Burnaby'}]",David Stenning,3.0
RISK 231,D101,fall,2026,BC Mathematics 12 (or equivalent) or any 100-level MATH course with a minimum grade of C.,,False,"[{'days': 'Fr', 'startTime': '14:30', 'endTime': '15:20', 'campus': 'Burnaby'}]",David Stenning,3.0
RISK 311,D200,fall,2026,"One of RISK (or ACMA) 101 or RISK 102, and all of RISK (or ACMA) 201, RISK (or ACMA) 231 and STAT 270, all with a minimum grade of C.",RISK 102;STAT 270,False,"[{'days': 'Mo', 'startTime': '15:30', 'endTime': '16:20', 'campus': 'Burnaby'}, {'days': 'We', 'startTime': '16:30', 'endTime': '18:20', 'campus': 'Burnaby'}]",Tee-Jay Horne,3.0
RISK 311,D201,fall,2026,"One of RISK (or ACMA) 101 or RISK 102, and all of RISK (or ACMA) 201, RISK (or ACMA) 231 and STAT 270, all with a minimum grade of C.",RISK 102;STAT 270,False,"[{'days': 'Fr', 'startTime': '11:30', 'endTime': '12:20', 'campus': 'Burnaby'}]",Tee-Jay Horne,3.0
RISK 321,D100,fall,2026,"RISK (or ACMA) 101 or RISK 102, with a minimum grade of C. Corequisite: STAT 330, RISK 231.",RISK 102;STAT 330;RISK 231,False,"[{'days': 'Mo', 'startTime': '14:30', 'endTime': '15:20', 'campus': 'Burnaby'}, {'days': 'Th', 'startTime': '14:30', 'endTime': '16:20', 'campus': 'Burnaby'}]",Chi-Liang Tsai,3.0
RISK 321,D101,fall,2026,"RISK (or ACMA) 101 or RISK 102, with a minimum grade of C. Corequisite: STAT 330, RISK 231.",RISK 102;STAT 330;RISK 231,False,"[{'days': 'Fr', 'startTime': '15:30', 'endTime': '16:20', 'campus': 'Burnaby'}]",Chi-Liang Tsai,3.0
RISK 336,D100,fall,2026,Students must apply and receive permission from the co-op coordinator at least one but preferably two terms in advance. They will normally be required to have completed 45 units with a GPA of 2.50 before they may take this practicum course.,,True,[],Natalie Erickson,3.0
RISK 336,D200,fall,2026,Students must apply and receive permission from the co-op coordinator at least one but preferably two terms in advance. They will normally be required to have completed 45 units with a GPA of 2.50 before they may take this practicum course.,,True,[],Natalie Erickson,3.0
RISK 336,I100,fall,2026,Students must apply and receive permission from the co-op coordinator at least one but preferably two terms in advance. They will normally be required to have completed 45 units with a GPA of 2.50 before they may take this practicum course.,,True,[],Natalie Erickson,3.0
RISK 337,D100,fall,2026,RISK (or ACMA) 336 or Job Practicum I from another department. Students must apply and receive permission from the co-op coordinator at least one term in advance.,,True,[],Natalie Erickson,3.0
RISK 337,D200,fall,2026,RISK (or ACMA) 336 or Job Practicum I from another department. Students must apply and receive permission from the co-op coordinator at least one term in advance.,,True,[],Natalie Erickson,3.0
RISK 337,I100,fall,2026,RISK (or ACMA) 336 or Job Practicum I from another department. Students must apply and receive permission from the co-op coordinator at least one term in advance.,,True,[],Natalie Erickson,3.0
RISK 412,D100,fall,2026,"RISK 311 or ACMA 301, with a minimum grade of C. Corequisite: RISK 441 or ACMA 340, with a minimum grade of C.",RISK 311;ACMA 301;RISK 441;ACMA 340,False,"[{'days': 'Mo', 'startTime': '10:30', 'endTime': '11:20', 'campus': 'Burnaby'}, {'days': 'Th', 'startTime': '10:30', 'endTime': '12:20', 'campus': 'Burnaby'}]",Chi-Liang Tsai,3.0
RISK 412,D101,fall,2026,"RISK 311 or ACMA 301, with a minimum grade of C. Corequisite: RISK 441 or ACMA 340, with a minimum grade of C.",RISK 311;ACMA 301;RISK 441;ACMA 340,False,"[{'days': 'Mo', 'startTime': '11:30', 'endTime': '12:20', 'campus': 'Burnaby'}]",Chi-Liang Tsai,3.0
RISK 436,D100,fall,2026,RISK (or ACMA) 337 or Job Practicum II from another department. Students must apply and receive permission from the co-op coordinator at least one term in advance.,,True,[],Natalie Erickson,3.0
RISK 436,D200,fall,2026,RISK (or ACMA) 337 or Job Practicum II from another department. Students must apply and receive permission from the co-op coordinator at least one term in advance.,,True,[],Natalie Erickson,3.0
RISK 436,I100,fall,2026,RISK (or ACMA) 337 or Job Practicum II from another department. Students must apply and receive permission from the co-op coordinator at least one term in advance.,,True,[],Natalie Erickson,3.0
RISK 437,D100,fall,2026,RISK (or ACMA) 436 or Job Practicum III from another department. Students must apply and receive permission from the co-op coordinator at least one term in advance.,,True,[],Natalie Erickson,3.0
RISK 437,D200,fall,2026,RISK (or ACMA) 436 or Job Practicum III from another department. Students must apply and receive permission from the co-op coordinator at least one term in advance.,,True,[],Natalie Erickson,3.0
RISK 437,I100,fall,2026,RISK (or ACMA) 436 or Job Practicum III from another department. Students must apply and receive permission from the co-op coordinator at least one term in advance.,,True,[],Natalie Erickson,3.0
RISK 438,D100,fall,2026,RISK (or ACMA) 437 or Job Practicum IV from another department. Students must apply and receive permission from the co-op coordinator at least one term in advance.,,True,[],Natalie Erickson,3.0
RISK 438,D200,fall,2026,RISK (or ACMA) 437 or Job Practicum IV from another department. Students must apply and receive permission from the co-op coordinator at least one term in advance.,,True,[],Natalie Erickson,3.0
RISK 438,I100,fall,2026,RISK (or ACMA) 437 or Job Practicum IV from another department. Students must apply and receive permission from the co-op coordinator at least one term in advance.,,True,[],Natalie Erickson,3.0
RISK 441,D100,fall,2026,"BUS 315 and one of RISK (or ACMA) 231 or BUS 232, both with a minimum grade of C.",BUS 315;BUS 232,False,"[{'days': 'Tu', 'startTime': '10:30', 'endTime': '12:20', 'campus': 'Burnaby'}, {'days': 'Fr', 'startTime': '10:30', 'endTime': '11:20', 'campus': 'Burnaby'}]",Barbara Sanders,3.0
RISK 441,D101,fall,2026,"BUS 315 and one of RISK (or ACMA) 231 or BUS 232, both with a minimum grade of C.",BUS 315;BUS 232,False,"[{'days': 'Fr', 'startTime': '12:30', 'endTime': '13:20', 'campus': 'Burnaby'}]",Barbara Sanders,3.0
RISK 801,G100,fall,2026,,,False,"[{'days': 'Tu', 'startTime': '10:30', 'endTime': '12:20', 'campus': 'Burnaby'}, {'days': 'Fr', 'startTime': '10:30', 'endTime': '11:20', 'campus': 'Burnaby'}]",Barbara Sanders,3.0
RISK 802,G100,fall,2026,,,False,"[{'days': 'Mo', 'startTime': '10:30', 'endTime': '11:20', 'campus': 'Burnaby'}, {'days': 'Th', 'startTime': '10:30', 'endTime': '12:20', 'campus': 'Burnaby'}]",Chi-Liang Tsai,3.0
SA 101,D100,fall,2026,,,False,"[{'days': 'Tu', 'startTime': '10:30', 'endTime': '12:20', 'campus': 'Burnaby'}]",Michael Hathaway,4.0
SA 101,D101,fall,2026,,,False,"[{'days': 'Tu', 'startTime': '12:30', 'endTime': '13:20', 'campus': 'Burnaby'}]",,4.0
SA 101,D102,fall,2026,,,False,"[{'days': 'Tu', 'startTime': '12:30', 'endTime': '13:20', 'campus': 'Burnaby'}]",,4.0
SA 101,D103,fall,2026,,,False,"[{'days': 'We', 'startTime': '14:30', 'endTime': '15:20', 'campus': 'Burnaby'}]",,4.0
SA 101,D104,fall,2026,,,False,"[{'days': 'We', 'startTime': '14:30', 'endTime': '15:20', 'campus': 'Burnaby'}]",,4.0
SA 101,D105,fall,2026,,,False,"[{'days': 'We', 'startTime': '15:30', 'endTime': '16:20', 'campus': 'Burnaby'}]",,4.0
SA 101,D106,fall,2026,,,False,"[{'days': 'We', 'startTime': '15:30', 'endTime': '16:20', 'campus': 'Burnaby'}]",,4.0
SA 101,D900,fall,2026,,,False,"[{'days': 'Mo', 'startTime': '14:30', 'endTime': '17:20', 'campus': 'Surrey'}]",Bascom Guffin,4.0
SA 150,D900,fall,2026,,,False,"[{'days': 'Th', 'startTime': '8:30', 'endTime': '10:20', 'campus': 'Surrey'}]",Nerida Bullock,4.0
SA 150,D901,fall,2026,,,False,"[{'days': 'Th', 'startTime': '10:30', 'endTime': '11:20', 'campus': 'Surrey'}]",,4.0
SA 150,D902,fall,2026,,,False,"[{'days': 'Th', 'startTime': '10:30', 'endTime': '11:20', 'campus': 'Surrey'}]",,4.0
SA 150,D903,fall,2026,,,False,"[{'days': 'Th', 'startTime': '10:30', 'endTime': '11:20', 'campus': 'Surrey'}]",,4.0
SA 150,D904,fall,2026,,,False,"[{'days': 'Th', 'startTime': '11:30', 'endTime': '12:20', 'campus': 'Surrey'}]",,4.0
SA 150,D905,fall,2026,,,False,"[{'days': 'Th', 'startTime': '11:30', 'endTime': '12:20', 'campus': 'Surrey'}]",,4.0
SA 150,E100,fall,2026,,,False,"[{'days': 'Mo', 'startTime': '16:30', 'endTime': '18:20', 'campus': 'Burnaby'}]",Prof-Collins Ifeonu,4.0
SA 150,E101,fall,2026,,,False,"[{'days': 'We', 'startTime': '8:30', 'endTime': '9:20', 'campus': 'Burnaby'}]",,4.0
SA 150,E102,fall,2026,,,False,"[{'days': 'We', 'startTime': '8:30', 'endTime': '9:20', 'campus': 'Burnaby'}]",,4.0
SA 150,E103,fall,2026,,,False,"[{'days': 'We', 'startTime': '8:30', 'endTime': '9:20', 'campus': 'Burnaby'}]",,4.0
SA 150,E104,fall,2026,,,False,"[{'days': 'We', 'startTime': '8:30', 'endTime': '9:20', 'campus': 'Burnaby'}]",,4.0
SA 150,E106,fall,2026,,,False,"[{'days': 'We', 'startTime': '14:30', 'endTime': '15:20', 'campus': 'Burnaby'}]",,4.0
SA 150,E107,fall,2026,,,False,"[{'days': 'We', 'startTime': '14:30', 'endTime': '15:20', 'campus': 'Burnaby'}]",,4.0
SA 150,E108,fall,2026,,,False,"[{'days': 'We', 'startTime': '14:30', 'endTime': '15:20', 'campus': 'Burnaby'}]",,4.0
SA 150,E109,fall,2026,,,False,"[{'days': 'We', 'startTime': '14:30', 'endTime': '15:20', 'campus': 'Burnaby'}]",,4.0
SA 150,E111,fall,2026,,,False,"[{'days': 'Tu', 'startTime': '16:30', 'endTime': '17:20', 'campus': 'Burnaby'}]",,4.0
SA 150,E112,fall,2026,,,False,"[{'days': 'Tu', 'startTime': '16:30', 'endTime': '17:20', 'campus': 'Burnaby'}]",,4.0
SA 150,E113,fall,2026,,,False,"[{'days': 'Tu', 'startTime': '16:30', 'endTime': '17:20', 'campus': 'Burnaby'}]",,4.0
SA 150,E114,fall,2026,,,False,"[{'days': 'Tu', 'startTime': '16:30', 'endTime': '17:20', 'campus': 'Burnaby'}]",,4.0
SA 200W,D100,fall,2026,,,False,"[{'days': 'Mo', 'startTime': '8:30', 'endTime': '10:20', 'campus': 'Burnaby'}]",Madelyn Prevost,4.0
SA 200W,D101,fall,2026,,,False,"[{'days': 'Mo', 'startTime': '10:30', 'endTime': '11:20', 'campus': 'Burnaby'}]",Sessional,4.0
SA 201W,D100,fall,2026,Recommended: SA 101.,,False,"[{'days': 'Mo', 'startTime': '14:30', 'endTime': '17:20', 'campus': 'Burnaby'}]",Pamela Stern,4.0
SA 219,D100,fall,2026,,,False,"[{'days': 'Tu', 'startTime': '14:30', 'endTime': '17:20', 'campus': 'Burnaby'}]",Jie Yang,4.0
SA 231,D100,fall,2026,,,False,"[{'days': 'We', 'startTime': '14:30', 'endTime': '17:20', 'campus': 'Burnaby'}]",Barbara Mitchell,4.0
SA 250,D100,fall,2026,SA 150.,SA 150,False,"[{'days': 'Th', 'startTime': '14:30', 'endTime': '17:20', 'campus': 'Burnaby'}]",Dany Lacombe,4.0
SA 255,OL01,fall,2026,SA 101 or 150.,SA 101,False,[],Nicholas Scott,4.0
SA 257,D100,fall,2026,SA 101 or 150.,SA 101,False,"[{'days': 'Mo', 'startTime': '12:30', 'endTime': '14:20', 'campus': 'Burnaby'}]",Suzanna Crage,4.0
SA 257,D101,fall,2026,SA 101 or 150.,SA 101,False,"[{'days': 'Mo', 'startTime': '14:30', 'endTime': '16:20', 'campus': 'Burnaby'}]",Suzanna Crage,4.0
SA 260,D100,fall,2026,,,False,"[{'days': 'Tu', 'startTime': '14:30', 'endTime': '17:20', 'campus': 'Burnaby'}]",Prof-Collins Ifeonu,4.0
SA 301W,D100,fall,2026,SA 101.,SA 101,False,"[{'days': 'Mo', 'startTime': '9:30', 'endTime': '12:20', 'campus': 'Burnaby'}]",Alisha Cherian,4.0
SA 304,D100,fall,2026,SA 101 or 150 or 201W.,SA 101,False,"[{'days': 'Tu', 'startTime': '14:30', 'endTime': '17:20', 'campus': 'Burnaby'}]",Dany Lacombe,4.0
SA 325,D100,fall,2026,SA 101 or 150 or 201W.,SA 101,False,"[{'days': 'Mo', 'startTime': '14:30', 'endTime': '17:20', 'campus': 'Burnaby'}]",Kyle Willmott,4.0
SA 326,D100,fall,2026,SA 101 or 150 or 201W.,SA 101,False,"[{'days': 'Mo', 'startTime': '14:30', 'endTime': '17:20', 'campus': 'Burnaby'}]",Yildiz Atasoy,4.0
SA 335,D100,fall,2026,SA 101 or 150 or 201W.,SA 101,False,"[{'days': 'We', 'startTime': '9:30', 'endTime': '12:20', 'campus': 'Burnaby'}]",Maureen Kihika,4.0
SA 345,OL01,fall,2026,SA 101 or 150 or 201W.,SA 101,False,[],Wendy Chan,4.0
SA 350,D100,fall,2026,SA 250.,SA 250,False,"[{'days': 'Th', 'startTime': '11:30', 'endTime': '14:20', 'campus': 'Burnaby'}]",Lindsey Freeman,4.0
SA 355,D100,fall,2026,SA 255.,SA 255,False,"[{'days': 'Th', 'startTime': '14:30', 'endTime': '17:20', 'campus': 'Burnaby'}]",Suzanna Crage,4.0
SA 356,D100,fall,2026,SA 101.,SA 101,False,"[{'days': 'We', 'startTime': '14:30', 'endTime': '17:20', 'campus': 'Burnaby'}]",Cristina Moretti,4.0
SA 363,D100,fall,2026,SA 101 or 150 or 201W.,SA 101,False,"[{'days': 'Fr', 'startTime': '12:30', 'endTime': '16:20', 'campus': 'Burnaby'}]",Yildiz Atasoy,4.0
SA 364,OL01,fall,2026,SA 101 or 150 or 201W.,SA 101,False,[],Cristina Moretti,4.0
SA 366,D100,fall,2026,SA 101 or 150 or 201W.,SA 101,False,"[{'days': 'Tu', 'startTime': '11:30', 'endTime': '14:20', 'campus': 'Burnaby'}]",Baran Fakhri,4.0
SA 388,D100,fall,2026,SA 101 or 150 or 201W.,SA 101,False,"[{'days': 'Tu', 'startTime': '14:30', 'endTime': '17:20', 'campus': 'Burnaby'}]",Michael Hathaway,4.0
SA 442,D100,fall,2026,Minimum of 72 units including either SA 101 or SA 150.,SA 101;SA 150,False,"[{'days': 'We', 'startTime': '9:30', 'endTime': '12:20', 'campus': 'Burnaby'}]",Lindsey Freeman,4.0
SA 442,E100,fall,2026,Minimum of 72 units including either SA 101 or SA 150.,SA 101;SA 150,False,"[{'days': 'Tu', 'startTime': '17:30', 'endTime': '21:20', 'campus': 'Burnaby'}]",Kyle Willmott,4.0
SA 443,E100,fall,2026,Minimum of 72 units including either SA 101 or SA 150.,SA 101;SA 150,False,"[{'days': 'We', 'startTime': '16:30', 'endTime': '20:20', 'campus': 'Burnaby'}]",Jie Yang,4.0
SA 451,D100,fall,2026,"Minimum of 72 units including SA 301, and consent of the instructor.",SA 301,False,"[{'days': 'Th', 'startTime': '16:30', 'endTime': '20:20', 'campus': 'Burnaby'}]",Pamela Stern,4.0
SA 840,G100,fall,2026,,,False,"[{'days': 'Tu', 'startTime': '14:30', 'endTime': '16:20', 'campus': 'Burnaby'}]",Amanda Watson,2.0
SA 853,G100,fall,2026,,,False,[],,5.0
SA 853,G200,fall,2026,,,False,[],,5.0
SA 853,G300,fall,2026,,,False,[],,5.0
SA 853,G400,fall,2026,,,False,[],,5.0
SA 854,G100,fall,2026,,,False,[],,5.0
SA 870,G100,fall,2026,,,False,"[{'days': 'Th', 'startTime': '16:30', 'endTime': '20:20', 'campus': 'Burnaby'}]",Pamela Stern,5.0
SA 871,G100,fall,2026,,,False,[],,5.0
SA 871,G200,fall,2026,,,False,[],,5.0
SA 871,G300,fall,2026,,,False,[],,5.0
SA 872,G100,fall,2026,,,False,[],,5.0
SA 887,G200,fall,2026,,,False,"[{'days': 'We', 'startTime': '9:30', 'endTime': '12:20', 'campus': 'Burnaby'}]",Lindsey Freeman,5.0
SA 887,G300,fall,2026,,,False,"[{'days': 'Tu', 'startTime': '17:30', 'endTime': '21:20', 'campus': 'Burnaby'}]",Kyle Willmott,5.0
SA 887,G400,fall,2026,,,False,"[{'days': 'We', 'startTime': '16:30', 'endTime': '20:20', 'campus': 'Burnaby'}]",Jie Yang,5.0
SA 897,G100,fall,2026,"All PhD course requirements, with the exception of SA 857 must be completed before student may enroll in SA 897.",SA 857;SA 897,False,[],,6.0
SA 898,G100,fall,2026,,,False,[],,18.0
SA 898,G200,fall,2026,,,False,[],,18.0
SA 899,G100,fall,2026,,,False,[],,18.0
SA 899,G200,fall,2026,,,False,[],,18.0
SCI 100,D100,fall,2026,Only Faculty of Science students may take this course.,,False,"[{'days': 'Mo', 'startTime': '13:30', 'endTime': '14:20', 'campus': 'Burnaby'}]",Sarah Johnson,1.0
SCI 100,D200,fall,2026,Only Faculty of Science students may take this course.,,False,"[{'days': 'Mo', 'startTime': '13:30', 'endTime': '14:20', 'campus': 'Burnaby'}]",Megan Barker,1.0
SCI 130,D100,fall,2026,,,False,"[{'days': 'Th', 'startTime': '14:30', 'endTime': '17:20', 'campus': 'Burnaby'}]",Leanne Ramer,3.0
SCI 300,B100,fall,2026,60 units.,,False,"[{'days': 'Mo', 'startTime': '17:30', 'endTime': '18:50', 'campus': 'Burnaby'}]",Uwe Kreis,3.0
SCI 300,B101,fall,2026,60 units.,,False,"[{'days': 'Mo', 'startTime': '13:30', 'endTime': '14:20', 'campus': 'Burnaby'}]",,3.0
SCI 300,B102,fall,2026,60 units.,,False,"[{'days': 'Mo', 'startTime': '15:30', 'endTime': '16:20', 'campus': 'Burnaby'}]",,3.0
SCI 300,B103,fall,2026,60 units.,,False,"[{'days': 'Mo', 'startTime': '16:30', 'endTime': '17:20', 'campus': 'Burnaby'}]",,3.0
SD 100,OL01,fall,2026,,,False,[],Andreanne Doyon,3.0
SD 281,OL01,fall,2026,,,False,[],Tammara Soma,3.0
SD 381,OL01,fall,2026,SD 281.,SD 281,False,[],Laura Tate,4.0
SDA 100,D100,fall,2026,,,False,"[{'days': 'Mo', 'startTime': '12:30', 'endTime': '14:20', 'campus': 'Burnaby'}, {'days': 'We', 'startTime': '12:30', 'endTime': '13:20', 'campus': 'Burnaby'}]",Steven Weldon,3.0
SDA 250,D100,fall,2026,,,False,"[{'days': 'Tu, Th', 'startTime': '14:30', 'endTime': '16:20', 'campus': 'Burnaby'}]",Sara Ng,4.0
SDA 270,D100,fall,2026,,,False,"[{'days': 'Tu', 'startTime': '10:30', 'endTime': '12:20', 'campus': 'Burnaby'}, {'days': 'Fr', 'startTime': '10:30', 'endTime': '11:20', 'campus': 'Burnaby'}]",Kino Zhao,3.0
SEE 100,D100,fall,2026,,,False,"[{'days': 'Tu', 'startTime': '13:30', 'endTime': '14:20', 'campus': 'Surrey'}, {'days': 'Th', 'startTime': '12:30', 'endTime': '14:20', 'campus': 'Surrey'}]",Kambiz Haji Hajikolaei,3.0
SEE 100,LA01,fall,2026,,,False,"[{'days': 'Th', 'startTime': '9:30', 'endTime': '12:20', 'campus': 'Surrey'}]",,3.0
SEE 100,LA02,fall,2026,,,False,"[{'days': 'Tu', 'startTime': '14:30', 'endTime': '17:20', 'campus': 'Surrey'}]",,3.0
SEE 101W,D100,fall,2026,,,False,"[{'days': 'Mo', 'startTime': '12:30', 'endTime': '14:20', 'campus': 'Surrey'}, {'days': 'We', 'startTime': '12:30', 'endTime': '13:20', 'campus': 'Surrey'}]",Vivian Neal,3.0
SEE 101W,D101,fall,2026,,,False,"[{'days': 'Fr', 'startTime': '11:30', 'endTime': '12:20', 'campus': 'Surrey'}]",Vivian Neal,3.0
SEE 101W,D102,fall,2026,,,False,"[{'days': 'Fr', 'startTime': '12:30', 'endTime': '13:20', 'campus': 'Surrey'}]",Vivian Neal,3.0
SEE 101W,D103,fall,2026,,,False,"[{'days': 'Fr', 'startTime': '13:30', 'endTime': '14:20', 'campus': 'Surrey'}]",Vivian Neal,3.0
SEE 101W,D104,fall,2026,,,False,"[{'days': 'Fr', 'startTime': '14:30', 'endTime': '15:20', 'campus': 'Surrey'}]",Vivian Neal,3.0
SEE 110,D100,fall,2026,,,False,"[{'days': 'Mo', 'startTime': '14:30', 'endTime': '15:20', 'campus': 'Surrey'}, {'days': 'Th', 'startTime': '14:30', 'endTime': '16:20', 'campus': 'Surrey'}]",Kevin Oldknow,3.0
SEE 290,D100,fall,2026,,,False,"[{'days': 'Mo, Tu, We, Th, Fr', 'startTime': '8:30', 'endTime': '20:20', 'campus': None}]",Stephanie DeRapp;Stephanie Greaves;Tyler Schwartz,3.0
SEE 290,D200,fall,2026,,,False,"[{'days': 'Mo, Tu, We, Th, Fr', 'startTime': '8:30', 'endTime': '20:20', 'campus': None}]",Stephanie DeRapp;Stephanie Greaves;Tyler Schwartz,3.0
SEE 290,I100,fall,2026,,,False,"[{'days': 'Mo, Tu, We, Th, Fr', 'startTime': '8:30', 'endTime': '20:20', 'campus': None}]",Stephanie DeRapp;Stephanie Greaves;Tyler Schwartz,3.0
SEE 294,D100,fall,2026,,,False,"[{'days': 'Mo, Tu, We, Th, Fr', 'startTime': '8:30', 'endTime': '20:20', 'campus': None}]",Stephanie DeRapp;Stephanie Greaves;Tyler Schwartz,3.0
SEE 294,D200,fall,2026,,,False,"[{'days': 'Mo, Tu, We, Th, Fr', 'startTime': '8:30', 'endTime': '20:20', 'campus': None}]",Stephanie DeRapp;Stephanie Greaves;Tyler Schwartz,3.0
SEE 294,I100,fall,2026,,,False,"[{'days': 'Mo, Tu, We, Th, Fr', 'startTime': '8:30', 'endTime': '20:20', 'campus': None}]",Stephanie DeRapp;Stephanie Greaves;Tyler Schwartz,3.0
SEE 325,D100,fall,2026,"SEE 100, SEE 221, and SEE 324.",SEE 100;SEE 221;SEE 324,False,"[{'days': 'Tu', 'startTime': '14:30', 'endTime': '16:20', 'campus': 'Surrey'}, {'days': 'Th', 'startTime': '14:30', 'endTime': '15:20', 'campus': 'Surrey'}]",Vahid Hosseini,3.0
SEE 325,LA01,fall,2026,"SEE 100, SEE 221, and SEE 324.",SEE 100;SEE 221;SEE 324,False,"[{'days': 'Mo', 'startTime': '14:30', 'endTime': '17:20', 'campus': 'Surrey'}]",Vahid Hosseini,3.0
SEE 325,LA02,fall,2026,"SEE 100, SEE 221, and SEE 324.",SEE 100;SEE 221;SEE 324,False,"[{'days': 'We', 'startTime': '9:30', 'endTime': '12:20', 'campus': 'Surrey'}]",Vahid Hosseini,3.0
SEE 333,D100,fall,2026,SEE 341.,SEE 341,False,"[{'days': 'Tu', 'startTime': '14:30', 'endTime': '16:20', 'campus': 'Surrey'}, {'days': 'Th', 'startTime': '14:30', 'endTime': '15:20', 'campus': 'Surrey'}]",,3.0
SEE 333,LA01,fall,2026,SEE 341.,SEE 341,False,"[{'days': 'Mo', 'startTime': '13:30', 'endTime': '16:20', 'campus': 'Surrey'}]",,3.0
SEE 333,LA02,fall,2026,SEE 341.,SEE 341,False,"[{'days': 'We', 'startTime': '9:30', 'endTime': '12:20', 'campus': 'Surrey'}]",,3.0
SEE 390,D100,fall,2026,SEE 290 or SEE 294.,SEE 290;SEE 294,False,"[{'days': 'Mo, Tu, We, Th, Fr', 'startTime': '8:30', 'endTime': '20:20', 'campus': None}]",Stephanie DeRapp;Stephanie Greaves;Tyler Schwartz,3.0
SEE 390,D200,fall,2026,SEE 290 or SEE 294.,SEE 290;SEE 294,False,"[{'days': 'Mo, Tu, We, Th, Fr', 'startTime': '8:30', 'endTime': '20:20', 'campus': None}]",Stephanie DeRapp;Stephanie Greaves;Tyler Schwartz,3.0
SEE 390,I100,fall,2026,SEE 290 or SEE 294.,SEE 290;SEE 294,False,"[{'days': 'Mo, Tu, We, Th, Fr', 'startTime': '8:30', 'endTime': '20:20', 'campus': None}]",Stephanie DeRapp;Stephanie Greaves;Tyler Schwartz,3.0
SEE 394,D100,fall,2026,SEE 290 or SEE 294.,SEE 290;SEE 294,False,"[{'days': 'Mo, Tu, We, Th, Fr', 'startTime': '8:30', 'endTime': '20:20', 'campus': None}]",Stephanie DeRapp;Stephanie Greaves;Tyler Schwartz,3.0
SEE 394,D200,fall,2026,SEE 290 or SEE 294.,SEE 290;SEE 294,False,"[{'days': 'Mo, Tu, We, Th, Fr', 'startTime': '8:30', 'endTime': '20:20', 'campus': None}]",Stephanie DeRapp;Stephanie Greaves;Tyler Schwartz,3.0
SEE 394,I100,fall,2026,SEE 290 or SEE 294.,SEE 290;SEE 294,False,"[{'days': 'Mo, Tu, We, Th, Fr', 'startTime': '8:30', 'endTime': '20:20', 'campus': None}]",Stephanie DeRapp;Stephanie Greaves;Tyler Schwartz,3.0
SEE 402W,D100,fall,2026,SEE 110; Minimum of 100 units OR 80 units plus two-term co-op work.,SEE 110,False,"[{'days': 'Tu', 'startTime': '16:30', 'endTime': '17:20', 'campus': 'Surrey'}, {'days': 'Th', 'startTime': '15:30', 'endTime': '17:20', 'campus': 'Surrey'}]",Vivian Neal,3.0
SEE 410,D100,fall,2026,Completion of at least 24 units from the upper division list of SEE courses and completion of two co-op terms.,,True,"[{'days': 'Fr', 'startTime': '9:30', 'endTime': '12:20', 'campus': 'Surrey'}]",Manpreet Kaur;Min Xu,3.0
SEE 410,LA01,fall,2026,Completion of at least 24 units from the upper division list of SEE courses and completion of two co-op terms.,,True,"[{'days': 'Fr', 'startTime': '12:30', 'endTime': '15:20', 'campus': 'Surrey'}]",Manpreet Kaur;Min Xu,3.0
SEE 465,D100,fall,2026,SEE 310 or MSE 312.,SEE 310;MSE 312,False,"[{'days': 'Tu', 'startTime': '10:30', 'endTime': '11:20', 'campus': 'Surrey'}, {'days': 'Th', 'startTime': '9:30', 'endTime': '11:20', 'campus': 'Surrey'}]",Manpreet Kaur,3.0
SEE 465,D101,fall,2026,SEE 310 or MSE 312.,SEE 310;MSE 312,False,"[{'days': 'Tu', 'startTime': '9:30', 'endTime': '10:20', 'campus': 'Surrey'}]",Manpreet Kaur,3.0
SEE 465,LA01,fall,2026,SEE 310 or MSE 312.,SEE 310;MSE 312,False,"[{'days': 'Tu', 'startTime': '13:30', 'endTime': '14:20', 'campus': 'Surrey'}]",Manpreet Kaur,3.0
SEE 475,D100,fall,2026,As set by the course instructor when the course is offered.,,True,"[{'days': 'Mo', 'startTime': '12:30', 'endTime': '14:20', 'campus': 'Surrey'}, {'days': 'We', 'startTime': '12:30', 'endTime': '13:20', 'campus': 'Surrey'}]",Min Xu,3.0
SEE 475,LA01,fall,2026,As set by the course instructor when the course is offered.,,True,"[{'days': 'Mo', 'startTime': '9:30', 'endTime': '12:20', 'campus': 'Surrey'}]",Min Xu,3.0
SEE 476,D100,fall,2026,As set by the course instructor when the course is offered.,,True,"[{'days': 'Tu', 'startTime': '11:30', 'endTime': '13:20', 'campus': 'Surrey'}, {'days': 'Th', 'startTime': '11:30', 'endTime': '12:20', 'campus': 'Surrey'}]",Ignacio Galiano Zurbriggen,3.0
SEE 476,LA01,fall,2026,As set by the course instructor when the course is offered.,,True,"[{'days': 'We', 'startTime': '13:30', 'endTime': '16:20', 'campus': 'Surrey'}]",Ignacio Galiano Zurbriggen,3.0
SEE 476,LA02,fall,2026,As set by the course instructor when the course is offered.,,True,"[{'days': 'Fr', 'startTime': '15:30', 'endTime': '18:20', 'campus': 'Surrey'}]",Ignacio Galiano Zurbriggen,3.0
SEE 477,D100,fall,2026,As set by the course instructor when the course is offered.,,True,"[{'days': 'Mo', 'startTime': '14:30', 'endTime': '17:20', 'campus': 'Surrey'}]",Gordon McTaggart-Cowan,3.0
SEE 477,LA01,fall,2026,As set by the course instructor when the course is offered.,,True,"[{'days': 'Th', 'startTime': '12:30', 'endTime': '14:20', 'campus': 'Surrey'}]",Gordon McTaggart-Cowan,3.0
SEE 486,D100,fall,2026,A minimum of 100 units and permission of the chair of the undergraduate curriculum committee. The specific prerequisite courses will be identified by the course supervisor.,,True,[],,3.0
SEE 486,D200,fall,2026,A minimum of 100 units and permission of the chair of the undergraduate curriculum committee. The specific prerequisite courses will be identified by the course supervisor.,,True,[],,3.0
SEE 486,D300,fall,2026,A minimum of 100 units and permission of the chair of the undergraduate curriculum committee. The specific prerequisite courses will be identified by the course supervisor.,,True,[],,3.0
SEE 486,D400,fall,2026,A minimum of 100 units and permission of the chair of the undergraduate curriculum committee. The specific prerequisite courses will be identified by the course supervisor.,,True,[],,3.0
SEE 490,D100,fall,2026,SEE 390 or SEE 394.,SEE 390;SEE 394,False,"[{'days': 'Mo, Tu, We, Th, Fr', 'startTime': '8:30', 'endTime': '20:20', 'campus': None}]",Stephanie DeRapp;Stephanie Greaves;Tyler Schwartz,3.0
SEE 490,D200,fall,2026,SEE 390 or SEE 394.,SEE 390;SEE 394,False,"[{'days': 'Mo, Tu, We, Th, Fr', 'startTime': '8:30', 'endTime': '20:20', 'campus': None}]",Stephanie DeRapp;Stephanie Greaves;Tyler Schwartz,3.0
SEE 490,I100,fall,2026,SEE 390 or SEE 394.,SEE 390;SEE 394,False,"[{'days': 'Mo, Tu, We, Th, Fr', 'startTime': '8:30', 'endTime': '20:20', 'campus': None}]",Stephanie DeRapp;Stephanie Greaves;Tyler Schwartz,3.0
SEE 494,D100,fall,2026,SEE 390 or SEE 394.,SEE 390;SEE 394,False,"[{'days': 'Mo, Tu, We, Th, Fr', 'startTime': '8:30', 'endTime': '20:20', 'campus': None}]",Stephanie DeRapp;Stephanie Greaves;Tyler Schwartz,3.0
SEE 494,D200,fall,2026,SEE 390 or SEE 394.,SEE 390;SEE 394,False,"[{'days': 'Mo, Tu, We, Th, Fr', 'startTime': '8:30', 'endTime': '20:20', 'campus': None}]",Stephanie DeRapp;Stephanie Greaves;Tyler Schwartz,3.0
SEE 494,I100,fall,2026,SEE 390 or SEE 394.,SEE 390;SEE 394,False,"[{'days': 'Mo, Tu, We, Th, Fr', 'startTime': '8:30', 'endTime': '20:20', 'campus': None}]",Stephanie DeRapp;Stephanie Greaves;Tyler Schwartz,3.0
SEE 498,D100,fall,2026,"At least 115 units with a minimum 3.0 CGPA and approval of the department, or permission of the academic supervisor.",,True,[],,3.0
SEE 499,D100,fall,2026,SEE 498.,SEE 498,False,[],,9.0
SEE 770,G100,fall,2026,,,False,"[{'days': 'Mo', 'startTime': '9:30', 'endTime': '12:20', 'campus': 'Surrey'}]",Taco Niet,3.0
SEE 771,G100,fall,2026,,,False,"[{'days': 'Tu', 'startTime': '12:30', 'endTime': '14:20', 'campus': 'Surrey'}, {'days': 'Fr', 'startTime': '12:30', 'endTime': '13:20', 'campus': 'Surrey'}]",Colin Copeland,4.0
SEE 771,G101,fall,2026,,,False,"[{'days': 'Fr', 'startTime': '13:30', 'endTime': '14:20', 'campus': 'Surrey'}]",Colin Copeland,4.0
SEE 777,G100,fall,2026,,,False,"[{'days': 'Th', 'startTime': '9:30', 'endTime': '12:20', 'campus': 'Surrey'}]",Mehran Ahmadi,4.0
SEE 795,G100,fall,2026,Completion of all required coursework towards the students’ degree and satisfactory academic standing. Approval of supervisor and a GPC representative is required prior to accepting an internship.,,False,[],,3.0
SEE 795,G200,fall,2026,Completion of all required coursework towards the students’ degree and satisfactory academic standing. Approval of supervisor and a GPC representative is required prior to accepting an internship.,,False,[],,3.0
SEE 795,G300,fall,2026,Completion of all required coursework towards the students’ degree and satisfactory academic standing. Approval of supervisor and a GPC representative is required prior to accepting an internship.,,False,[],,3.0
SEE 799,G100,fall,2026,SEE 772.,SEE 772,False,"[{'days': 'Th', 'startTime': '13:30', 'endTime': '15:20', 'campus': 'Surrey'}]",Ignacio Galiano Zurbriggen,6.0
SEE 810,G100,fall,2026,Open to SEE MASc students or permission of the Graduate Program Chair. Corequisite: SEE 896 (MASc) or SEE 897 (PhD).,SEE 896;SEE 897,False,"[{'days': 'We', 'startTime': '14:30', 'endTime': '17:20', 'campus': 'Surrey'}]",Min Xu,3.0
SEE 870,G100,fall,2026,,,False,"[{'days': 'Mo', 'startTime': '14:30', 'endTime': '17:20', 'campus': 'Surrey'}]",Gordon McTaggart-Cowan,3.0
SEE 890,G100,fall,2026,,,False,[],,
SEE 891,G100,fall,2026,,,False,[],,3.0
SEE 891,G200,fall,2026,,,False,[],,3.0
SEE 891,G300,fall,2026,,,False,[],,3.0
SEE 891,G400,fall,2026,,,False,[],,3.0
SEE 891,G500,fall,2026,,,False,[],,3.0
SEE 891,G600,fall,2026,,,False,[],,3.0
SEE 891,G700,fall,2026,,,False,[],,3.0
SEE 891,G800,fall,2026,,,False,[],,3.0
SEE 891,G900,fall,2026,,,False,[],,3.0
SEE 895,G100,fall,2026,,,False,"[{'days': 'Tu', 'startTime': '9:30', 'endTime': '12:20', 'campus': 'Surrey'}]",Kambiz Haji Hajikolaei,3.0
SEE 896,G100,fall,2026,,,False,"[{'days': 'We', 'startTime': '11:30', 'endTime': '13:20', 'campus': 'Surrey'}]",Vahid Hosseini,
SEE 897,G100,fall,2026,,,False,"[{'days': 'We', 'startTime': '11:30', 'endTime': '13:20', 'campus': 'Surrey'}]",Vahid Hosseini,
SEE 898,G100,fall,2026,,,False,[],,18.0
SEE 899,G100,fall,2026,SEE 890. Corequisite: SEE 897.,SEE 890;SEE 897,False,[],,18.0
SEE 899,G200,fall,2026,SEE 890. Corequisite: SEE 897.,SEE 890;SEE 897,False,[],,18.0
SPAN 100,B100,fall,2026,,,False,[],Isabel Mayo-Harp,3.0
SPAN 100,B101,fall,2026,,,False,"[{'days': 'Tu', 'startTime': '10:30', 'endTime': '12:20', 'campus': 'Burnaby'}]",Isabel Mayo-Harp,3.0
SPAN 100,B102,fall,2026,,,False,"[{'days': 'We', 'startTime': '12:30', 'endTime': '14:20', 'campus': 'Burnaby'}]",Isabel Mayo-Harp,3.0
SPAN 100,B103,fall,2026,,,False,"[{'days': 'Th', 'startTime': '14:30', 'endTime': '16:20', 'campus': 'Burnaby'}]",Isabel Mayo-Harp,3.0
SPAN 110,B100,fall,2026,"SPAN 100 (or SPAN 102), grade 12 Spanish, or equivalent.",SPAN 100;SPAN 102,False,[],Isabel Mayo-Harp,3.0
SPAN 110,B101,fall,2026,"SPAN 100 (or SPAN 102), grade 12 Spanish, or equivalent.",SPAN 100;SPAN 102,False,"[{'days': 'Th', 'startTime': '10:30', 'endTime': '12:20', 'campus': 'Burnaby'}]",,3.0
SPAN 200,B100,fall,2026,SPAN 110 (or SPAN 103) or equivalent.,SPAN 110;SPAN 103,False,[],Sessional,3.0
SPAN 200,B101,fall,2026,SPAN 110 (or SPAN 103) or equivalent.,SPAN 110;SPAN 103,False,"[{'days': 'We', 'startTime': '14:30', 'endTime': '16:20', 'campus': 'Burnaby'}]",Sessional,3.0
SPAN 200,L100,fall,2026,SPAN 110 (or SPAN 103) or equivalent.,SPAN 110;SPAN 103,False,[],Isabel Mayo-Harp,3.0
SPAN 210,L100,fall,2026,SPAN 200 (or SPAN 201) or equivalent.,SPAN 200;SPAN 201,False,[],Isabel Mayo-Harp,3.0
SPAN 300,B100,fall,2026,SPAN 210 (or SPAN 202) or equivalent proficiency.,SPAN 210;SPAN 202,False,[],Isabel Mayo-Harp,3.0
SPAN 300,B101,fall,2026,SPAN 210 (or SPAN 202) or equivalent proficiency.,SPAN 210;SPAN 202,False,"[{'days': 'Tu', 'startTime': '16:30', 'endTime': '19:20', 'campus': 'Burnaby'}]",Isabel Mayo-Harp,3.0
STAT 100,D100,fall,2026,,,False,"[{'days': 'Mo', 'startTime': '14:30', 'endTime': '16:20', 'campus': 'Burnaby'}]",Sonja Isberg,3.0
STAT 100,D101,fall,2026,,,False,"[{'days': 'We', 'startTime': '13:30', 'endTime': '14:20', 'campus': 'Burnaby'}]",Sonja Isberg,3.0
STAT 100,D102,fall,2026,,,False,"[{'days': 'We', 'startTime': '14:30', 'endTime': '15:20', 'campus': 'Burnaby'}]",Sonja Isberg,3.0
STAT 100,D103,fall,2026,,,False,"[{'days': 'We', 'startTime': '15:30', 'endTime': '16:20', 'campus': 'Burnaby'}]",Sonja Isberg,3.0
STAT 100,D104,fall,2026,,,False,"[{'days': 'Fr', 'startTime': '10:30', 'endTime': '11:20', 'campus': 'Burnaby'}]",Sonja Isberg,3.0
STAT 100,D105,fall,2026,,,False,"[{'days': 'Fr', 'startTime': '11:30', 'endTime': '12:20', 'campus': 'Burnaby'}]",Sonja Isberg,3.0
STAT 100,D106,fall,2026,,,False,"[{'days': 'Fr', 'startTime': '12:30', 'endTime': '13:20', 'campus': 'Burnaby'}]",Sonja Isberg,3.0
STAT 100,D900,fall,2026,,,False,"[{'days': 'Tu', 'startTime': '11:30', 'endTime': '13:20', 'campus': 'Surrey'}, {'days': 'Th', 'startTime': '11:30', 'endTime': '12:20', 'campus': 'Surrey'}]",Gamage Perera,3.0
STAT 100,OP01,fall,2026,,,False,[],,3.0
STAT 100,OP09,fall,2026,,,False,[],,3.0
STAT 180,E100,fall,2026,"Enrollment in the Statistics or Actuarial Science major or honours program, or STAT 270 with a minimum grade of C-.",STAT 270,False,"[{'days': 'Tu', 'startTime': '18:30', 'endTime': '20:20', 'campus': 'Burnaby'}]",Jiguo Cao,1.0
STAT 201,D100,fall,2026,Recommended: 30 units.,,False,"[{'days': 'Tu', 'startTime': '13:30', 'endTime': '14:20', 'campus': 'Burnaby'}, {'days': 'Th', 'startTime': '12:30', 'endTime': '14:20', 'campus': 'Burnaby'}]",Jinko Graham,3.0
STAT 201,OL01,fall,2026,Recommended: 30 units.,,False,[],Tim Swartz,3.0
STAT 201,OP01,fall,2026,Recommended: 30 units.,,False,[],,3.0
STAT 203,D900,fall,2026,"Recommended: 30 units including a research methods course such as SA 255, CRIM 220, POL 200W, or equivalent.",,False,"[{'days': 'Tu', 'startTime': '14:30', 'endTime': '16:20', 'campus': 'Surrey'}, {'days': 'Th', 'startTime': '14:30', 'endTime': '15:20', 'campus': 'Surrey'}]",Gamage Perera,3.0
STAT 203,OL01,fall,2026,"Recommended: 30 units including a research methods course such as SA 255, CRIM 220, POL 200W, or equivalent.",,False,[],Tim Swartz,3.0
STAT 203,OP09,fall,2026,"Recommended: 30 units including a research methods course such as SA 255, CRIM 220, POL 200W, or equivalent.",,False,[],,3.0
STAT 270,D100,fall,2026,"or Corequisite: MATH 152 or 155 or 158, with a minimum grade of C-. Students wishing an intuitive appreciation of a broad range of statistical strategies may wish to take STAT 100 first.",MATH 152;STAT 100,False,"[{'days': 'Mo, We, Fr', 'startTime': '9:30', 'endTime': '10:20', 'campus': 'Burnaby'}]",Lloyd Elliott,3.0
STAT 270,OP01,fall,2026,"or Corequisite: MATH 152 or 155 or 158, with a minimum grade of C-. Students wishing an intuitive appreciation of a broad range of statistical strategies may wish to take STAT 100 first.",MATH 152;STAT 100,False,[],,3.0
STAT 271,D100,fall,2026,CMPT 210 with a minimum grade of C-.,CMPT 210,False,"[{'days': 'We', 'startTime': '11:30', 'endTime': '12:20', 'campus': 'Burnaby'}, {'days': 'Fr', 'startTime': '10:30', 'endTime': '12:20', 'campus': 'Burnaby'}]",Wei Lin,3.0
STAT 271,D101,fall,2026,CMPT 210 with a minimum grade of C-.,CMPT 210,False,"[{'days': 'Mo', 'startTime': '8:30', 'endTime': '9:20', 'campus': 'Burnaby'}]",Wei Lin,3.0
STAT 271,D102,fall,2026,CMPT 210 with a minimum grade of C-.,CMPT 210,False,"[{'days': 'Mo', 'startTime': '9:30', 'endTime': '10:20', 'campus': 'Burnaby'}]",Wei Lin,3.0
STAT 271,D103,fall,2026,CMPT 210 with a minimum grade of C-.,CMPT 210,False,"[{'days': 'Mo', 'startTime': '10:30', 'endTime': '11:20', 'campus': 'Burnaby'}]",Wei Lin,3.0
STAT 271,D104,fall,2026,CMPT 210 with a minimum grade of C-.,CMPT 210,False,"[{'days': 'Mo', 'startTime': '11:30', 'endTime': '12:20', 'campus': 'Burnaby'}]",Wei Lin,3.0
STAT 285,D100,fall,2026,"STAT 270 and one of MATH 152, MATH 155, or MATH 158, all with a minimum grade of C-.",STAT 270;MATH 152;MATH 155;MATH 158,False,"[{'days': 'Mo', 'startTime': '10:30', 'endTime': '12:20', 'campus': 'Burnaby'}, {'days': 'We', 'startTime': '10:30', 'endTime': '11:20', 'campus': 'Burnaby'}]",X. Joan Hu,3.0
STAT 285,D101,fall,2026,"STAT 270 and one of MATH 152, MATH 155, or MATH 158, all with a minimum grade of C-.",STAT 270;MATH 152;MATH 155;MATH 158,False,"[{'days': 'Th', 'startTime': '15:30', 'endTime': '16:20', 'campus': 'Burnaby'}]",Joan Hu,3.0
STAT 285,D102,fall,2026,"STAT 270 and one of MATH 152, MATH 155, or MATH 158, all with a minimum grade of C-.",STAT 270;MATH 152;MATH 155;MATH 158,False,"[{'days': 'Th', 'startTime': '16:30', 'endTime': '17:20', 'campus': 'Burnaby'}]",Joan Hu,3.0
STAT 305,D100,fall,2026,"One of STAT 201, STAT 203, STAT 205, STAT 270, STAT 271, BUS 232, or ECON 233, with a minimum grade of C-.",STAT 201;STAT 203;STAT 205;STAT 270;STAT 271;BUS 232;ECON 233,False,"[{'days': 'Mo', 'startTime': '14:30', 'endTime': '15:20', 'campus': 'Burnaby'}, {'days': 'Th', 'startTime': '14:30', 'endTime': '16:20', 'campus': 'Burnaby'}]",X. Joan Hu,3.0
STAT 305,OP01,fall,2026,"One of STAT 201, STAT 203, STAT 205, STAT 270, STAT 271, BUS 232, or ECON 233, with a minimum grade of C-.",STAT 201;STAT 203;STAT 205;STAT 270;STAT 271;BUS 232;ECON 233,False,[],,3.0
STAT 330,D100,fall,2026,"STAT 285, MATH 251, and one of MATH 232 or MATH 240, all with a minimum grade of C-.",STAT 285;MATH 251;MATH 232;MATH 240,False,"[{'days': 'Mo', 'startTime': '12:30', 'endTime': '14:20', 'campus': 'Burnaby'}, {'days': 'We', 'startTime': '12:30', 'endTime': '13:20', 'campus': 'Burnaby'}]",Liangliang Wang,3.0
STAT 330,D101,fall,2026,"STAT 285, MATH 251, and one of MATH 232 or MATH 240, all with a minimum grade of C-.",STAT 285;MATH 251;MATH 232;MATH 240,False,"[{'days': 'Mo', 'startTime': '9:30', 'endTime': '10:20', 'campus': 'Burnaby'}]",Liangliang Wang,3.0
STAT 330,D102,fall,2026,"STAT 285, MATH 251, and one of MATH 232 or MATH 240, all with a minimum grade of C-.",STAT 285;MATH 251;MATH 232;MATH 240,False,"[{'days': 'We', 'startTime': '9:30', 'endTime': '10:20', 'campus': 'Burnaby'}]",Liangliang Wang,3.0
STAT 336,D100,fall,2026,Students must apply and receive permission from the co-op co-ordinator at least one but preferably two terms in advance. They will normally be required to have completed 45 units with a GPA of 2.5 before they may take this practicum course.,,True,[],Natalie Erickson,3.0
STAT 336,D200,fall,2026,Students must apply and receive permission from the co-op co-ordinator at least one but preferably two terms in advance. They will normally be required to have completed 45 units with a GPA of 2.5 before they may take this practicum course.,,True,[],Natalie Erickson,3.0
STAT 336,I100,fall,2026,Students must apply and receive permission from the co-op co-ordinator at least one but preferably two terms in advance. They will normally be required to have completed 45 units with a GPA of 2.5 before they may take this practicum course.,,True,[],Natalie Erickson,3.0
STAT 337,D100,fall,2026,STAT 336 or Job Practicum I from another department. Students must apply and receive permission from the co-op co-ordinator at least one term in advance.,STAT 336,False,[],Natalie Erickson,3.0
STAT 337,D200,fall,2026,STAT 336 or Job Practicum I from another department. Students must apply and receive permission from the co-op co-ordinator at least one term in advance.,STAT 336,False,[],Natalie Erickson,3.0
STAT 337,I100,fall,2026,STAT 336 or Job Practicum I from another department. Students must apply and receive permission from the co-op co-ordinator at least one term in advance.,STAT 336,False,[],Natalie Erickson,3.0
STAT 350,D100,fall,2026,"STAT 260, STAT 285, MATH 251, and one of MATH 232 or MATH 240, all with a minimum grade of C-.",STAT 260;STAT 285;MATH 251;MATH 232;MATH 240,False,"[{'days': 'Tu', 'startTime': '10:30', 'endTime': '12:20', 'campus': 'Burnaby'}, {'days': 'Fr', 'startTime': '10:30', 'endTime': '11:20', 'campus': 'Burnaby'}]",Rachel Altman,3.0
STAT 350,D101,fall,2026,"STAT 260, STAT 285, MATH 251, and one of MATH 232 or MATH 240, all with a minimum grade of C-.",STAT 260;STAT 285;MATH 251;MATH 232;MATH 240,False,"[{'days': 'We', 'startTime': '9:30', 'endTime': '10:20', 'campus': 'Burnaby'}]",Rachel Altman,3.0
STAT 350,D102,fall,2026,"STAT 260, STAT 285, MATH 251, and one of MATH 232 or MATH 240, all with a minimum grade of C-.",STAT 260;STAT 285;MATH 251;MATH 232;MATH 240,False,"[{'days': 'We', 'startTime': '11:30', 'endTime': '12:20', 'campus': 'Burnaby'}]",Rachel Altman,3.0
STAT 403,E100,fall,2026,"STAT 260 and one of STAT 302, 305 or 350 or ECON 333, all with a minimum grade of C-.",STAT 260;STAT 302;ECON 333,False,"[{'days': 'Mo', 'startTime': '16:30', 'endTime': '17:20', 'campus': 'Burnaby'}, {'days': 'We', 'startTime': '16:30', 'endTime': '18:20', 'campus': 'Burnaby'}]",Brad McNeney,3.0
STAT 403,E101,fall,2026,"STAT 260 and one of STAT 302, 305 or 350 or ECON 333, all with a minimum grade of C-.",STAT 260;STAT 302;ECON 333,False,"[{'days': 'Tu', 'startTime': '14:30', 'endTime': '15:20', 'campus': 'Burnaby'}]",Brad McNeney,3.0
STAT 403,E102,fall,2026,"STAT 260 and one of STAT 302, 305 or 350 or ECON 333, all with a minimum grade of C-.",STAT 260;STAT 302;ECON 333,False,"[{'days': 'Tu', 'startTime': '15:30', 'endTime': '16:20', 'campus': 'Burnaby'}]",Brad McNeney,3.0
STAT 410,D100,fall,2026,STAT 350 with a minimum grade of C-.,STAT 350,False,"[{'days': 'Tu', 'startTime': '10:30', 'endTime': '11:20', 'campus': 'Burnaby'}, {'days': 'Th', 'startTime': '9:30', 'endTime': '11:20', 'campus': 'Burnaby'}]",,3.0
STAT 410,D101,fall,2026,STAT 350 with a minimum grade of C-.,STAT 350,False,"[{'days': 'Fr', 'startTime': '11:30', 'endTime': '12:20', 'campus': 'Burnaby'}]",,3.0
STAT 436,D100,fall,2026,STAT 337 or Job Practicum II from another department. Students must apply and receive permission from the co-op co-ordinator at least one term in advance.,STAT 337,False,[],Natalie Erickson,3.0
STAT 436,D200,fall,2026,STAT 337 or Job Practicum II from another department. Students must apply and receive permission from the co-op co-ordinator at least one term in advance.,STAT 337,False,[],Natalie Erickson,3.0
STAT 436,I100,fall,2026,STAT 337 or Job Practicum II from another department. Students must apply and receive permission from the co-op co-ordinator at least one term in advance.,STAT 337,False,[],Natalie Erickson,3.0
STAT 437,D100,fall,2026,STAT 436 or Job Practicum III from another department. Students must apply and receive permission from the co-op co-ordinator at least one term in advance.,STAT 436,False,[],Natalie Erickson,3.0
STAT 437,D200,fall,2026,STAT 436 or Job Practicum III from another department. Students must apply and receive permission from the co-op co-ordinator at least one term in advance.,STAT 436,False,[],Natalie Erickson,3.0
STAT 437,I100,fall,2026,STAT 436 or Job Practicum III from another department. Students must apply and receive permission from the co-op co-ordinator at least one term in advance.,STAT 436,False,[],Natalie Erickson,3.0
STAT 438,D100,fall,2026,STAT 437 or Job Practicum IV from another department. Students must apply and receive permission from the co-op co-ordinator at least one term in advance.,STAT 437,False,[],Natalie Erickson,3.0
STAT 438,D200,fall,2026,STAT 437 or Job Practicum IV from another department. Students must apply and receive permission from the co-op co-ordinator at least one term in advance.,STAT 437,False,[],Natalie Erickson,3.0
STAT 438,I100,fall,2026,STAT 437 or Job Practicum IV from another department. Students must apply and receive permission from the co-op co-ordinator at least one term in advance.,STAT 437,False,[],Natalie Erickson,3.0
STAT 440,D100,fall,2026,"90 units including STAT 350 with a minimum grade of C- and one of STAT 341, STAT 260, or CMPT 225, with a minimum grade of C- (STAT 240 is also recommended); OR data science majors with 90 units including STAT 302 or STAT 305, CMPT 225, STAT 260, and STAT 240, all with a minimum grade of C-.",STAT 350;STAT 341;STAT 260;CMPT 225;STAT 240;STAT 302;STAT 305,False,"[{'days': 'Mo', 'startTime': '14:30', 'endTime': '16:20', 'campus': 'Burnaby'}, {'days': 'We', 'startTime': '14:30', 'endTime': '15:20', 'campus': 'Burnaby'}]",Lloyd Elliott,3.0
STAT 450,D100,fall,2026,STAT 330 with a minimum grade of C-.,STAT 330,False,"[{'days': 'Mo', 'startTime': '10:30', 'endTime': '12:20', 'campus': 'Burnaby'}, {'days': 'We', 'startTime': '10:30', 'endTime': '11:20', 'campus': 'Burnaby'}]",Jinko Graham,3.0
STAT 450,D101,fall,2026,STAT 330 with a minimum grade of C-.,STAT 330,False,"[{'days': 'We', 'startTime': '13:30', 'endTime': '14:20', 'campus': 'Burnaby'}]",Jinko Graham,3.0
STAT 452,D100,fall,2026,"STAT 260 and one of STAT 302 or STAT 305 or STAT 350 or ECON 333 or equivalent, with a minimum grade of C-.",STAT 260;STAT 302;STAT 305;STAT 350;ECON 333,False,"[{'days': 'Tu', 'startTime': '13:30', 'endTime': '14:20', 'campus': 'Burnaby'}, {'days': 'Th', 'startTime': '12:30', 'endTime': '14:20', 'campus': 'Burnaby'}]",Owen Ward,3.0
STAT 452,D101,fall,2026,"STAT 260 and one of STAT 302 or STAT 305 or STAT 350 or ECON 333 or equivalent, with a minimum grade of C-.",STAT 260;STAT 302;STAT 305;STAT 350;ECON 333,False,"[{'days': 'Tu', 'startTime': '15:30', 'endTime': '16:20', 'campus': 'Burnaby'}]",Owen Ward,3.0
STAT 452,D102,fall,2026,"STAT 260 and one of STAT 302 or STAT 305 or STAT 350 or ECON 333 or equivalent, with a minimum grade of C-.",STAT 260;STAT 302;STAT 305;STAT 350;ECON 333,False,"[{'days': 'Tu', 'startTime': '16:30', 'endTime': '17:20', 'campus': 'Burnaby'}]",Owen Ward,3.0
STAT 452,D103,fall,2026,"STAT 260 and one of STAT 302 or STAT 305 or STAT 350 or ECON 333 or equivalent, with a minimum grade of C-.",STAT 260;STAT 302;STAT 305;STAT 350;ECON 333,False,"[{'days': 'Th', 'startTime': '14:30', 'endTime': '15:20', 'campus': 'Burnaby'}]",Owen Ward,3.0
STAT 452,D104,fall,2026,"STAT 260 and one of STAT 302 or STAT 305 or STAT 350 or ECON 333 or equivalent, with a minimum grade of C-.",STAT 260;STAT 302;STAT 305;STAT 350;ECON 333,False,"[{'days': 'Th', 'startTime': '15:30', 'endTime': '16:20', 'campus': 'Burnaby'}]",Owen Ward,3.0
STAT 485,E100,fall,2026,"STAT 260 and one of STAT 285 or STAT 302 or STAT 305 or ECON 333 or equivalent, with a minimum grade of C-.",STAT 260;STAT 285;STAT 302;STAT 305;ECON 333,False,"[{'days': 'Tu', 'startTime': '16:30', 'endTime': '17:50', 'campus': 'Burnaby'}, {'days': 'Th', 'startTime': '16:30', 'endTime': '17:50', 'campus': 'Burnaby'}]",Richard Lockhart,3.0
STAT 485,E101,fall,2026,"STAT 260 and one of STAT 285 or STAT 302 or STAT 305 or ECON 333 or equivalent, with a minimum grade of C-.",STAT 260;STAT 285;STAT 302;STAT 305;ECON 333,False,"[{'days': 'Mo', 'startTime': '18:30', 'endTime': '19:20', 'campus': 'Burnaby'}]",Richard Lockhart,3.0
STAT 485,E102,fall,2026,"STAT 260 and one of STAT 285 or STAT 302 or STAT 305 or ECON 333 or equivalent, with a minimum grade of C-.",STAT 260;STAT 285;STAT 302;STAT 305;ECON 333,False,"[{'days': 'We', 'startTime': '14:30', 'endTime': '15:20', 'campus': 'Burnaby'}]",Richard Lockhart,3.0
STAT 485,E103,fall,2026,"STAT 260 and one of STAT 285 or STAT 302 or STAT 305 or ECON 333 or equivalent, with a minimum grade of C-.",STAT 260;STAT 285;STAT 302;STAT 305;ECON 333,False,"[{'days': 'We', 'startTime': '15:30', 'endTime': '16:20', 'campus': 'Burnaby'}]",Richard Lockhart,3.0
STAT 603,G100,fall,2026,A course in statistics.,,False,"[{'days': 'Mo', 'startTime': '16:30', 'endTime': '17:20', 'campus': 'Burnaby'}, {'days': 'We', 'startTime': '16:30', 'endTime': '18:20', 'campus': 'Burnaby'}]",Brad McNeney,5.0
STAT 603,G101,fall,2026,A course in statistics.,,False,"[{'days': 'Mo', 'startTime': '17:30', 'endTime': '18:20', 'campus': 'Burnaby'}]",Brad McNeney,5.0
STAT 605,G100,fall,2026,Any course in Statistics. Open only to students in departments other than Statistics and Actuarial Science.,,False,"[{'days': 'Mo', 'startTime': '14:30', 'endTime': '15:20', 'campus': 'Burnaby'}, {'days': 'Th', 'startTime': '14:30', 'endTime': '16:20', 'campus': 'Burnaby'}]",X. Joan Hu Hu,3.0
STAT 605,OP01,fall,2026,Any course in Statistics. Open only to students in departments other than Statistics and Actuarial Science.,,False,[],,3.0
STAT 652,G100,fall,2026,STAT 302 or STAT 305 or STAT 350 or STAT 604 or STAT 605 or ECON 333 or equivalent.,STAT 302;STAT 305;STAT 350;STAT 604;STAT 605;ECON 333,False,"[{'days': 'Tu', 'startTime': '13:30', 'endTime': '14:20', 'campus': 'Burnaby'}, {'days': 'Th', 'startTime': '12:30', 'endTime': '14:20', 'campus': 'Burnaby'}]",Owen Ward,3.0
STAT 652,G101,fall,2026,STAT 302 or STAT 305 or STAT 350 or STAT 604 or STAT 605 or ECON 333 or equivalent.,STAT 302;STAT 305;STAT 350;STAT 604;STAT 605;ECON 333,False,"[{'days': 'Tu', 'startTime': '15:30', 'endTime': '16:20', 'campus': 'Burnaby'}]",Owen Ward,3.0
STAT 652,G102,fall,2026,STAT 302 or STAT 305 or STAT 350 or STAT 604 or STAT 605 or ECON 333 or equivalent.,STAT 302;STAT 305;STAT 350;STAT 604;STAT 605;ECON 333,False,"[{'days': 'Tu', 'startTime': '16:30', 'endTime': '17:20', 'campus': 'Burnaby'}]",Owen Ward,3.0
STAT 652,G103,fall,2026,STAT 302 or STAT 305 or STAT 350 or STAT 604 or STAT 605 or ECON 333 or equivalent.,STAT 302;STAT 305;STAT 350;STAT 604;STAT 605;ECON 333,False,"[{'days': 'Th', 'startTime': '14:30', 'endTime': '15:20', 'campus': 'Burnaby'}]",Owen Ward,3.0
STAT 652,G104,fall,2026,STAT 302 or STAT 305 or STAT 350 or STAT 604 or STAT 605 or ECON 333 or equivalent.,STAT 302;STAT 305;STAT 350;STAT 604;STAT 605;ECON 333,False,"[{'days': 'Th', 'startTime': '15:30', 'endTime': '16:20', 'campus': 'Burnaby'}]",Owen Ward,3.0
STAT 685,G100,fall,2026,STAT 302 or STAT 305 or STAT 350 or STAT 604 or STAT 605 or ECON 333 or permission of instructor. Open only to graduate students in departments other than Statistics and Actuarial Science.,STAT 302;STAT 305;STAT 350;STAT 604;STAT 605;ECON 333,False,"[{'days': 'Tu', 'startTime': '16:30', 'endTime': '17:50', 'campus': 'Burnaby'}, {'days': 'Th', 'startTime': '16:30', 'endTime': '17:50', 'campus': 'Burnaby'}]",Richard Lockhart,3.0
STAT 685,G101,fall,2026,STAT 302 or STAT 305 or STAT 350 or STAT 604 or STAT 605 or ECON 333 or permission of instructor. Open only to graduate students in departments other than Statistics and Actuarial Science.,STAT 302;STAT 305;STAT 350;STAT 604;STAT 605;ECON 333,False,"[{'days': 'Mo', 'startTime': '18:30', 'endTime': '19:20', 'campus': 'Burnaby'}]",Richard Lockhart,3.0
STAT 685,G102,fall,2026,STAT 302 or STAT 305 or STAT 350 or STAT 604 or STAT 605 or ECON 333 or permission of instructor. Open only to graduate students in departments other than Statistics and Actuarial Science.,STAT 302;STAT 305;STAT 350;STAT 604;STAT 605;ECON 333,False,"[{'days': 'We', 'startTime': '14:30', 'endTime': '15:20', 'campus': 'Burnaby'}]",Richard Lockhart,3.0
STAT 685,G103,fall,2026,STAT 302 or STAT 305 or STAT 350 or STAT 604 or STAT 605 or ECON 333 or permission of instructor. Open only to graduate students in departments other than Statistics and Actuarial Science.,STAT 302;STAT 305;STAT 350;STAT 604;STAT 605;ECON 333,False,"[{'days': 'We', 'startTime': '15:30', 'endTime': '16:20', 'campus': 'Burnaby'}]",Richard Lockhart,3.0
STAT 811,G100,fall,2026,,,False,"[{'days': 'Fr', 'startTime': '11:30', 'endTime': '12:50', 'campus': 'Burnaby'}]",Ian Bercovitz,2.0
STAT 812,G100,fall,2026,,,False,[],Ian Bercovitz,2.0
STAT 812,G200,fall,2026,,,False,[],Ian Bercovitz,2.0
STAT 830,G100,fall,2026,STAT 450 or permission of the instructor.,STAT 450,False,"[{'days': 'Mo', 'startTime': '12:30', 'endTime': '14:20', 'campus': 'Burnaby'}, {'days': 'We', 'startTime': '10:30', 'endTime': '12:20', 'campus': 'Burnaby'}]",Richard Lockhart,4.0
STAT 850,G100,fall,2026,STAT 350 or equivalent.,STAT 350,False,"[{'days': 'Tu, Th', 'startTime': '14:30', 'endTime': '16:20', 'campus': 'Burnaby'}]",Boxin Tang,4.0
STAT 852,G100,fall,2026,STAT 830 and STAT 853 or permission of instructor.,STAT 830;STAT 853,False,"[{'days': 'We', 'startTime': '14:30', 'endTime': '16:20', 'campus': 'Burnaby'}, {'days': 'Fr', 'startTime': '8:30', 'endTime': '10:20', 'campus': 'Burnaby'}]",Lin Zhang,4.0
STAT 880,G100,fall,2026,,,False,[],Natalie Erickson,
STAT 880,G200,fall,2026,,,False,[],Natalie Erickson,
STAT 880,I100,fall,2026,,,False,[],Natalie Erickson,
STAT 881,G100,fall,2026,,,False,[],Natalie Erickson,
STAT 881,G200,fall,2026,,,False,[],Natalie Erickson,
STAT 881,I100,fall,2026,,,False,[],Natalie Erickson,
STAT 882,G100,fall,2026,,,False,[],Natalie Erickson,
STAT 882,G200,fall,2026,,,False,[],Natalie Erickson,
STAT 882,I100,fall,2026,,,False,[],Natalie Erickson,
STAT 894,G100,fall,2026,,,False,[],,2.0
STAT 895,G100,fall,2026,,,False,[],,4.0
STAT 898,G100,fall,2026,,,False,[],,10.0
STAT 898,G200,fall,2026,,,False,[],,10.0
STAT 899,G100,fall,2026,,,False,[],,18.0
STAT 899,G200,fall,2026,,,False,[],,18.0
TEKX 101,D100,fall,2026,,,False,"[{'days': 'Fr', 'startTime': '12:30', 'endTime': '14:20', 'campus': 'Burnaby'}]",Andrew Rawicz,3.0
TEKX 101,D101,fall,2026,,,False,"[{'days': 'Fr', 'startTime': '14:30', 'endTime': '16:20', 'campus': 'Burnaby'}]",Andrew Rawicz,3.0
TEKX 102,D100,fall,2026,,,False,"[{'days': 'Mo', 'startTime': '14:30', 'endTime': '17:20', 'campus': 'Burnaby'}]",Juan Ferrer,3.0
URB 101,D100,fall,2026,,,False,"[{'days': 'Tu', 'startTime': '12:30', 'endTime': '14:20', 'campus': 'Burnaby'}]",Mei Fang,4.0
URB 101,D101,fall,2026,,,False,"[{'days': 'Tu', 'startTime': '10:30', 'endTime': '11:20', 'campus': 'Burnaby'}]",,4.0
URB 101,D102,fall,2026,,,False,"[{'days': 'Tu', 'startTime': '10:30', 'endTime': '11:20', 'campus': 'Burnaby'}]",,4.0
URB 101,D103,fall,2026,,,False,"[{'days': 'Tu', 'startTime': '11:30', 'endTime': '12:20', 'campus': 'Burnaby'}]",,4.0
URB 101,D104,fall,2026,,,False,"[{'days': 'Tu', 'startTime': '11:30', 'endTime': '12:20', 'campus': 'Burnaby'}]",,4.0
URB 460,E100,fall,2026,30 units.,,False,"[{'days': 'Mo', 'startTime': '17:30', 'endTime': '20:20', 'campus': 'VANCOUVER'}]",Anthony Perl,4.0
URB 660,G100,fall,2026,,,False,"[{'days': 'Mo', 'startTime': '17:30', 'endTime': '20:20', 'campus': 'VANCOUVER'}]",Anthony Perl,4.0
URB 665,G100,fall,2026,,,False,"[{'days': 'We', 'startTime': '17:30', 'endTime': '20:20', 'campus': 'VANCOUVER'}]",Yushu Zhu,4.0
URB 670,G100,fall,2026,,,False,"[{'days': 'Tu', 'startTime': '17:30', 'endTime': '20:20', 'campus': 'VANCOUVER'}]",Tiffany Muller Myrdahl,4.0
URB 693,G100,fall,2026,,,False,[],,2.0
URB 694,G100,fall,2026,,,False,[],,4.0
URB 696,G100,fall,2026,"16 units of course work, including URB 670. If the grade received in URB 670 is lower than A-, supervisor permission is required. This may require completion of remedial work.",URB 670,False,"[{'days': 'Tu', 'startTime': '17:30', 'endTime': '20:20', 'campus': 'VANCOUVER'}]",Karen Ferguson,6.0
URB 697,G100,fall,2026,URB 696 with a grade of A- or higher. Students who receive a B+ in URB 696 may enroll for URB 697 with permission of the Graduate Program Committee.,URB 696;URB 697,False,[],,10.0
URB 697,G200,fall,2026,URB 696 with a grade of A- or higher. Students who receive a B+ in URB 696 may enroll for URB 697 with permission of the Graduate Program Committee.,URB 696;URB 697,False,[],,10.0
URB 697,G300,fall,2026,URB 696 with a grade of A- or higher. Students who receive a B+ in URB 696 may enroll for URB 697 with permission of the Graduate Program Committee.,URB 696;URB 697,False,[],,10.0
URB 697,G400,fall,2026,URB 696 with a grade of A- or higher. Students who receive a B+ in URB 696 may enroll for URB 697 with permission of the Graduate Program Committee.,URB 696;URB 697,False,[],,10.0
URB 701,G100,fall,2026,Enrollment in the M.URB program with a CGPA of at least of 3.0.,,False,[],Liesl Jurock,
URB 701,G200,fall,2026,Enrollment in the M.URB program with a CGPA of at least of 3.0.,,False,[],Liesl Jurock,
URB 701,I100,fall,2026,Enrollment in the M.URB program with a CGPA of at least of 3.0.,,False,[],Liesl Jurock,
URB 702,G100,fall,2026,Cooperative Education Practicum I and a CGPA of at least 3.0.,,True,[],Liesl Jurock,
URB 702,G200,fall,2026,Cooperative Education Practicum I and a CGPA of at least 3.0.,,True,[],Liesl Jurock,
URB 702,I100,fall,2026,Cooperative Education Practicum I and a CGPA of at least 3.0.,,True,[],Liesl Jurock,
WL 100,D100,fall,2026,,,False,"[{'days': 'Th', 'startTime': '14:30', 'endTime': '16:20', 'campus': 'Burnaby'}]",Mark Deggan,3.0
WL 100,D101,fall,2026,,,False,"[{'days': 'Th', 'startTime': '16:30', 'endTime': '17:20', 'campus': 'Burnaby'}]",Mark Deggan,3.0
WL 100,D102,fall,2026,,,False,"[{'days': 'Th', 'startTime': '17:30', 'endTime': '18:20', 'campus': 'Burnaby'}]",Mark Deggan,3.0
WL 100,D103,fall,2026,,,False,"[{'days': 'Th', 'startTime': '17:30', 'endTime': '18:20', 'campus': 'Burnaby'}]",Mark Deggan,3.0
WL 101W,D100,fall,2026,,,False,"[{'days': 'Mo', 'startTime': '14:30', 'endTime': '16:20', 'campus': 'Burnaby'}]",Joel Akinwumi,3.0
WL 101W,D101,fall,2026,,,False,"[{'days': 'Mo', 'startTime': '16:30', 'endTime': '17:20', 'campus': 'Burnaby'}]",Joel Akinwumi,3.0
WL 101W,D102,fall,2026,,,False,"[{'days': 'Mo', 'startTime': '17:30', 'endTime': '18:20', 'campus': 'Burnaby'}]",Joel Akinwumi,3.0
WL 103W,D100,fall,2026,,,False,"[{'days': 'Tu', 'startTime': '10:30', 'endTime': '12:20', 'campus': 'Burnaby'}]",Maria Barraza;Sessional,3.0
WL 103W,D101,fall,2026,,,False,"[{'days': 'Tu', 'startTime': '12:30', 'endTime': '13:20', 'campus': 'Burnaby'}]",Maria Barraza,3.0
WL 103W,D102,fall,2026,,,False,"[{'days': 'Tu', 'startTime': '13:30', 'endTime': '14:20', 'campus': 'Burnaby'}]",Maria Barraza,3.0
WL 201,D100,fall,2026,,,False,"[{'days': 'Tu', 'startTime': '14:30', 'endTime': '17:20', 'campus': 'Burnaby'}]",Maral Aguilera-Moradipour,3.0
WL 304,D100,fall,2026,45 units; or 30 units for students enrolled in the SFU-Exeter accelerated law dual degree program.,,False,"[{'days': 'Th', 'startTime': '14:30', 'endTime': '17:20', 'campus': 'Burnaby'}]",Maral Aguilera-Moradipour,4.0
WL 308,D100,fall,2026,45 units; or 30 units for students enrolled in the SFU-Exeter accelerated law dual degree program.,,False,"[{'days': 'Tu', 'startTime': '14:30', 'endTime': '17:20', 'campus': 'Burnaby'}]",Mark Deggan,4.0
WL 308,D101,fall,2026,45 units; or 30 units for students enrolled in the SFU-Exeter accelerated law dual degree program.,,False,"[{'days': 'Tu', 'startTime': '17:30', 'endTime': '18:20', 'campus': 'Burnaby'}]",Mark Deggan,4.0
WL 401,D100,fall,2026,"45 units including two 300-level courses in world literature, English, and/or humanities.",,False,"[{'days': 'Fr', 'startTime': '12:30', 'endTime': '16:20', 'campus': 'Burnaby'}]",Maria Barraza;Melek Ortabasi;Mark Deggan,4.0
