course,section,term,year,prereq_text,prereq_codes,prereq_unparseable,schedule,instructors,units
BISC 317,D100,fall,2024,"BISC 101 and 102, both with a minimum grade of C-.",BISC 101,False,"[{'days': 'We, Fr', 'startTime': '8:30', 'endTime': '9:20', 'campus': 'Burnaby'}]",Gerhard Gries,3
BISC 328,D100,fall,2024,"BISC 101 and 102, both with a minimum grade of C-. Recommended: BISC 204.",BISC 101,False,"[{'days': 'Mo', 'startTime': '10:30', 'endTime': '12:20', 'campus': 'Burnaby'}, {'days': 'Tu', 'startTime': '10:30', 'endTime': '12:20', 'campus': 'Burnaby'}]",Zamir Punja;Miranda Meents,3
BISC 333,D100,fall,2024,"BISC 202, MBB 222, and MBB 231, all with a minimum grade of C-.",BISC 202;MBB 222;MBB 231,False,"[{'days': 'Mo, We, Fr', 'startTime': '11:30', 'endTime': '12:20', 'campus': 'Burnaby'}, {'days': 'Tu', 'startTime': '11:30', 'endTime': '12:20', 'campus': 'Burnaby'}]",Harald Hutter,3
BISC 341,D100,fall,2024,Acceptance in the Biological Sciences Co-operative Education Program.,,True,[],Natalia Bussard,3
BISC 357,D100,fall,2024,"BISC 202, MBB 222, and MBB 231, all with a minimum grade of C-. Recommended: MBB 331.",BISC 202;MBB 222;MBB 231,False,"[{'days': 'Mo, We, Fr', 'startTime': '10:30', 'endTime': '11:20', 'campus': 'Burnaby'}, {'days': 'Tu', 'startTime': '10:30', 'endTime': '11:20', 'campus': 'Burnaby'}]",Kathleen Fitzpatrick,4
BISC 360W,D100,fall,2024,"BISC 202, (BISC 204 or GEOG 215), and STAT 201, all with a minimum grade of C-.",BISC 202;BISC 204;GEOG 215;STAT 201,False,"[{'days': 'Tu', 'startTime': '14:30', 'endTime': '16:20', 'campus': 'Burnaby'}]",Isabelle Côté;Chelsea Little;Erin Barley,3
BISC 366,D100,fall,2024,"BISC 205 and MBB 231, both with a minimum grade of C-.",BISC 205;MBB 231,False,"[{'days': 'Mo, We, Fr', 'startTime': '9:30', 'endTime': '10:20', 'campus': 'Burnaby'}, {'days': 'Tu', 'startTime': '9:30', 'endTime': '10:20', 'campus': 'Burnaby'}]",Miranda Meents,3
BISC 410,D100,fall,2024,"BISC 102 and (BISC 204 or GEOG 215), both with a minimum grade of C-.",BISC 102;BISC 204;GEOG 215,False,"[{'days': 'Tu', 'startTime': '8:30', 'endTime': '10:20', 'campus': 'Burnaby'}, {'days': 'Th', 'startTime': '8:30', 'endTime': '9:20', 'campus': 'Burnaby'}]",David Green,3
BISC 425,D100,fall,2024,"(BISC 205 or BPK 205) and MBB 231, both with a minimum grade of C-.",BISC 205;BPK 205;MBB 231,False,"[{'days': 'Tu', 'startTime': '14:30', 'endTime': '16:20', 'campus': 'Burnaby'}, {'days': 'Fr', 'startTime': '14:30', 'endTime': '15:20', 'campus': 'Burnaby'}]",Inigo Novales Flamarique,3
BISC 433,D100,fall,2024,"MBB 222, MBB 231, and BISC 303, all with a minimum grade of C-.",MBB 222;MBB 231;BISC 303,False,"[{'days': 'Th', 'startTime': '10:30', 'endTime': '12:20', 'campus': 'Burnaby'}]",Jane Fowler,3
BISC 441,D100,fall,2024,"BISC 202 or 204, both with a minimum grade of C-. Recommended: BISC 300.",BISC 202,False,"[{'days': 'Tu', 'startTime': '11:30', 'endTime': '13:20', 'campus': 'Burnaby'}, {'days': 'Th', 'startTime': '11:30', 'endTime': '12:20', 'campus': 'Burnaby'}]",Bernard Crespi,3
BISC 471,D100,fall,2024,To be announced.,,False,"[{'days': 'Mo', 'startTime': '14:30', 'endTime': '16:20', 'campus': 'Burnaby'}, {'days': 'Tu', 'startTime': '14:30', 'endTime': '16:20', 'campus': 'Burnaby'}, {'days': 'We', 'startTime': '14:30', 'endTime': '15:20', 'campus': 'Burnaby'}]",Sherryl Bisgrove,3
BISC 474,D100,fall,2024,To be announced.,,False,"[{'days': 'Mo', 'startTime': '14:30', 'endTime': '16:20', 'campus': 'Burnaby'}, {'days': 'Tu', 'startTime': '14:30', 'endTime': '16:20', 'campus': 'Burnaby'}, {'days': 'We', 'startTime': '14:30', 'endTime': '15:20', 'campus': 'Burnaby'}]",Leah Bendell,3
BISC 475,D100,fall,2024,To be announced.,,False,"[{'days': 'We', 'startTime': '13:30', 'endTime': '14:20', 'campus': 'Burnaby'}, {'days': 'Fr', 'startTime': '12:30', 'endTime': '14:20', 'campus': 'Burnaby'}]",Tanya Brown,3
BPK 105,OL01,fall,2024,"Recommended: Grade 11 Biology, Chemistry and Physics.",,False,[],Ryan Peter Dill,3
BPK 110,D100,fall,2024,,,False,"[{'days': 'Tu', 'startTime': '14:30', 'endTime': '16:20', 'campus': 'Burnaby'}]",Diana Bedoya,3
BPK 110,OL01,fall,2024,,,False,[],Leanne Ramer,3
BPK 140,D100,fall,2024,,,False,"[{'days': 'Th', 'startTime': '8:30', 'endTime': '10:20', 'campus': 'Burnaby'}]",Amanda Zacharuk,3
BPK 140,OL01,fall,2024,,,False,[],Leanne Ramer,3
BPK 141,OL01,fall,2024,,,False,[],Carmen Bott,3
BPK 142,D100,fall,2024,"One of Grade 12 Anatomy and Physiology, Biology, Chemistry or Physics with a grade of B or better; or one of BPK 105, BPK 110, BPK 143, BISC 100, BISC 113 or HSCI 100 with a grade of C or better.",BPK 105;BPK 110;BPK 143;BISC 100;BISC 113;HSCI 100,False,"[{'days': 'Tu', 'startTime': '8:30', 'endTime': '10:20', 'campus': 'Burnaby'}]",Yuen-Fung Ng,3
BPK 143,D100,fall,2024,Recommended: Medical clearance from a personal physician.,,False,"[{'days': 'Mo, We', 'startTime': '10:30', 'endTime': '11:20', 'campus': 'Burnaby'}, {'days': 'Tu', 'startTime': '10:30', 'endTime': '11:20', 'campus': 'Burnaby'}]",Sessional;Liane Jean,3
BPK 201,D100,fall,2024,"MATH 150, 151 or 154, MATH 152 or 155 (may be taken concurrently), PHYS 101 (or 120 or 125 or 140), BPK 142.",MATH 150;MATH 152;PHYS 101;BPK 142,False,"[{'days': 'Mo, We, Fr', 'startTime': '13:30', 'endTime': '14:20', 'campus': 'Burnaby'}, {'days': 'Tu', 'startTime': '13:30', 'endTime': '14:20', 'campus': 'Burnaby'}]",Maxwell Donelan,3
BPK 205,D100,fall,2024,"BISC 101, CHEM 281, PHYS 101 and 102.",BISC 101;CHEM 281;PHYS 101,False,"[{'days': 'Mo, We, Fr', 'startTime': '9:30', 'endTime': '10:20', 'campus': 'Burnaby'}, {'days': 'Tu', 'startTime': '9:30', 'endTime': '10:20', 'campus': 'Burnaby'}]",Nadine Wicks,3
BPK 207,D100,fall,2024,BPK 142 or permission of instructor.,BPK 142,False,"[{'days': 'Tu', 'startTime': '12:30', 'endTime': '14:20', 'campus': 'Burnaby'}, {'days': 'Fr', 'startTime': '12:30', 'endTime': '13:20', 'campus': 'Burnaby'}]",Sessional;Vinicius Da Silva,3
BPK 241,D100,fall,2024,BPK 142.,BPK 142,False,"[{'days': 'Tu', 'startTime': '8:30', 'endTime': '10:20', 'campus': 'Burnaby'}]",Kevin Lunnie,3
BPK 301,D100,fall,2024,"PHYS 102 (or 121 or 126 or 141), BPK 201.",PHYS 102;BPK 201,False,"[{'days': 'Mo', 'startTime': '12:30', 'endTime': '16:20', 'campus': 'Burnaby'}, {'days': 'Tu', 'startTime': '12:30', 'endTime': '16:20', 'campus': 'Burnaby'}]",James Wakeling,3
BPK 301,D200,fall,2024,"PHYS 102 (or 121 or 126 or 141), BPK 201.",PHYS 102;BPK 201,False,"[{'days': 'Tu', 'startTime': '8:30', 'endTime': '12:20', 'campus': 'Burnaby'}]",James Wakeling,3
BPK 303,D100,fall,2024,"BPK 201, BPK 241 and STAT 201 or an equivalent statistics course.",BPK 201;BPK 241;STAT 201,False,"[{'days': 'Tu', 'startTime': '8:30', 'endTime': '10:20', 'campus': 'Burnaby'}]",Christopher Napier,3
BPK 304W,D100,fall,2024,"BPK 142, STAT 201 and two of BPK 201, 205 and 207.",BPK 142;STAT 201;BPK 201,False,"[{'days': 'Th', 'startTime': '14:30', 'endTime': '17:20', 'campus': 'Burnaby'}]",Sabrina Lee,3
BPK 305,D100,fall,2024,"BPK 205, MBB 231 (or 201), MATH 155 (or 152). Majors from outside BPK require BPK 205 (or BISC 305), MBB 231 (or 201), MATH 155 (or 152) plus permission of the instructor.",BPK 205;MBB 231;MATH 155;BISC 305,False,"[{'days': 'Mo, We, Fr', 'startTime': '9:30', 'endTime': '10:20', 'campus': 'Burnaby'}, {'days': 'Tu', 'startTime': '9:30', 'endTime': '10:20', 'campus': 'Burnaby'}]",Damon Poburko,3
BPK 306,D100,fall,2024,"BPK 207. Corequisite: BPK 305. Majors from outside BPK require BPK 205 (or BISC 305), MBB 231 (or 201), MATH 155 (or 152) plus permission of the instructor.",BPK 207;BPK 305;BPK 205;BISC 305;MBB 231;MATH 155,False,"[{'days': 'Mo, We, Fr', 'startTime': '12:30', 'endTime': '13:20', 'campus': 'Burnaby'}, {'days': 'Tu', 'startTime': '12:30', 'endTime': '13:20', 'campus': 'Burnaby'}]",Charles Krieger;Nadine Wicks,3
BPK 310,D100,fall,2024,"BPK 205, MBB 201 (or 231). Recommended: BPK 201.",BPK 205;MBB 201,False,"[{'days': 'We', 'startTime': '11:30', 'endTime': '12:20', 'campus': 'Burnaby'}, {'days': 'Fr', 'startTime': '10:30', 'endTime': '12:20', 'campus': 'Burnaby'}]",Dave Clarke,3
BPK 311,D100,fall,2024,"BPK 105 or 205, and 110.",BPK 105,False,"[{'days': 'Fr', 'startTime': '14:30', 'endTime': '16:20', 'campus': 'Burnaby'}]",Amandio Vieira,3
BPK 326,D100,fall,2024,"Admission to the major or honours program in Behavioural Neuroscience or Biomedical Physiology or Kinesiology. BPK 142, 201, 205 and at least 60 units. Behavioral Neuroscience Major and Honours students require BPK 142, 205, PSYC 280 and at least 60 units.",BPK 142;PSYC 280,False,"[{'days': 'Mo', 'startTime': '10:30', 'endTime': '12:20', 'campus': 'Burnaby'}, {'days': 'Tu', 'startTime': '10:30', 'endTime': '12:20', 'campus': 'Burnaby'}]",Kevin Lunnie,4
BPK 340,D100,fall,2024,"BPK 142, STAT 201 (or PSYC 201). Recommended: BPK 140.",BPK 142;STAT 201;PSYC 201,False,"[{'days': 'Th', 'startTime': '8:30', 'endTime': '11:20', 'campus': 'Burnaby'}]",Diana Bedoya,3
BPK 343,D100,fall,2024,"BPK 142, 143 and 205; STAT 201 or an equivalent statistics course, BPK 340 (may be taken concurrently). Students must successfully complete a Criminal Record Check prior to enrolling.",BPK 142;STAT 201;BPK 340,False,"[{'days': 'Tu', 'startTime': '10:30', 'endTime': '12:20', 'campus': 'Burnaby'}]",Carmen Bott,3
BPK 375,OL01,fall,2024,"BPK 105 or 205, and 142.",BPK 105,False,[],Leanne Ramer,3
BPK 408W,D100,fall,2024,"STAT 201, (BISC 205 or BPK 305), (MBB 201 or MBB 231), and one of (BISC 302W, BISC 303, BISC 357, or BPK 304W), all with a C- or better. Enrollment of non-BPK and non-BISC majors require permission of the instructor or advisor.",STAT 201;BISC 205;BPK 305;MBB 201;MBB 231;BISC 302W;BISC 303;BISC 357;BPK 304W,False,"[{'days': 'Mo', 'startTime': '8:30', 'endTime': '9:20', 'campus': 'Burnaby'}, {'days': 'Tu', 'startTime': '8:30', 'endTime': '9:20', 'campus': 'Burnaby'}]",Nadine Wicks,4
BPK 409,D100,fall,2024,"BPK 304W, 305 and 306.",BPK 304W,False,"[{'days': 'Th', 'startTime': '12:30', 'endTime': '14:20', 'campus': 'Burnaby'}]",Sabrina Lee,3
BPK 409,D200,fall,2024,"BPK 304W, 305 and 306.",BPK 304W,False,"[{'days': 'Fr', 'startTime': '10:30', 'endTime': '12:20', 'campus': 'Burnaby'}]",Sabrina Lee,3
BPK 422,D100,fall,2024,To be announced in the Undergraduate Schedule of Classes and Examinations found at go.sfu.ca.,,False,"[{'days': 'Mo', 'startTime': '10:30', 'endTime': '12:20', 'campus': 'Burnaby'}, {'days': 'Tu', 'startTime': '10:30', 'endTime': '12:20', 'campus': 'Burnaby'}]",Leanne Ramer,3
BPK 423,D100,fall,2024,To be announced in the Undergraduate Schedule of Classes and Examinations found at go.sfu.ca.,,False,"[{'days': 'Tu', 'startTime': '12:30', 'endTime': '14:20', 'campus': 'Burnaby'}]",Randy McIntosh;Sam Doesburg,3
BPK 432,D100,fall,2024,BPK 305 or BISC 305. Recommended: BPK 407.,BPK 305;BISC 305,False,"[{'days': 'Fr', 'startTime': '13:30', 'endTime': '16:20', 'campus': 'Burnaby'}]",Sam Doesburg;Randy McIntosh,3
BPK 448,D100,fall,2024,"BPK 201 or 207, and BPK 306, or for biomedical engineering students, BPK 201 and 208.",BPK 201;BPK 306,False,"[{'days': 'Mo', 'startTime': '12:30', 'endTime': '14:20', 'campus': 'Burnaby'}, {'days': 'Tu', 'startTime': '12:30', 'endTime': '14:20', 'campus': 'Burnaby'}, {'days': 'We', 'startTime': '12:30', 'endTime': '13:20', 'campus': 'Burnaby'}]",Andy Hoffer,3
BPK 451,D100,fall,2024,BPK 352.,BPK 352,False,[],Natalia Bussard,3
CHEM 110,OL01,fall,2024,"Pre-Calculus 12 (or equivalent), MATH 100 (may be taken concurrently), or permission of the Department. No previous training in chemistry is required for this course.",MATH 100,False,[],Sophie Lavieri,3
CHEM 111,B100,fall,2024,"Pre-Calculus 12 (or equivalent), MATH 100 (may be taken concurrently), or permission of the Department. No previous training in chemistry is required for this course.",MATH 100,False,[],Sophie Lavieri;Rebecca Goyan,4
CHEM 121,D100,fall,2024,"Chemistry 12 with a minimum grade of B, or CHEM 109 or 111 with a minimum grade of C-.",CHEM 109,False,"[{'days': 'Mo, We, Fr', 'startTime': '10:30', 'endTime': '11:20', 'campus': 'Burnaby'}, {'days': 'Tu', 'startTime': '10:30', 'endTime': '11:20', 'campus': 'Burnaby'}]",Daniel Leznoff;Jeffrey Warren,4
CHEM 121,D200,fall,2024,"Chemistry 12 with a minimum grade of B, or CHEM 109 or 111 with a minimum grade of C-.",CHEM 109,False,"[{'days': 'Mo, We, Fr', 'startTime': '12:30', 'endTime': '13:20', 'campus': 'Burnaby'}, {'days': 'Tu', 'startTime': '12:30', 'endTime': '13:20', 'campus': 'Burnaby'}]",Daniel Leznoff;Jeffrey Warren,4
CHEM 121,D300,fall,2024,"Chemistry 12 with a minimum grade of B, or CHEM 109 or 111 with a minimum grade of C-.",CHEM 109,False,"[{'days': 'Mo, We, Fr', 'startTime': '8:30', 'endTime': '9:20', 'campus': 'Surrey'}, {'days': 'Tu', 'startTime': '8:30', 'endTime': '9:20', 'campus': 'Surrey'}]",Rebecca Goyan,4
CHEM 122,D100,fall,2024,CHEM 120 or 121 with a minimum grade of C-.,CHEM 120,False,"[{'days': 'Mo, We, Fr', 'startTime': '12:30', 'endTime': '13:20', 'campus': 'Burnaby'}, {'days': 'Tu', 'startTime': '12:30', 'endTime': '13:20', 'campus': 'Burnaby'}]",Charles Walsby,2
CHEM 126,LA04,fall,2024,CHEM 121 with a minimum grade of C-. Corequisite: CHEM 122.,CHEM 121;CHEM 122,False,"[{'days': 'We', 'startTime': '13:30', 'endTime': '17:20', 'campus': 'Burnaby'}]",John Canal;Garry Mund,2
CHEM 126,LA06,fall,2024,CHEM 121 with a minimum grade of C-. Corequisite: CHEM 122.,CHEM 121;CHEM 122,False,"[{'days': 'Th', 'startTime': '13:30', 'endTime': '17:20', 'campus': 'Burnaby'}]",John Canal;Garry Mund,2
CHEM 210,D100,fall,2024,CHEM 122 with a minimum grade of C-.,CHEM 122,False,"[{'days': 'Mo', 'startTime': '11:30', 'endTime': '12:20', 'campus': 'Burnaby'}, {'days': 'Tu', 'startTime': '11:30', 'endTime': '12:20', 'campus': 'Burnaby'}, {'days': 'We, Fr', 'startTime': '11:30', 'endTime': '12:20', 'campus': 'Burnaby'}]",Dev Sharma,2
CHEM 216,LA01,fall,2024,"CHEM 122 and CHEM 126, both with a minimum grade of C-. Corequisite: CHEM 210.",CHEM 122;CHEM 126;CHEM 210,False,"[{'days': 'Tu', 'startTime': '13:30', 'endTime': '17:20', 'campus': 'Burnaby'}]",Dev Sharma,2
CHEM 230,D100,fall,2024,CHEM 122 with a minimum grade of C-. Students who expect to take further courses in inorganic chemistry should take CHEM 230 concurrently with CHEM 236W.,CHEM 122;CHEM 230;CHEM 236W,False,"[{'days': 'Mo', 'startTime': '12:30', 'endTime': '13:20', 'campus': 'Burnaby'}, {'days': 'Tu', 'startTime': '12:30', 'endTime': '13:20', 'campus': 'Burnaby'}, {'days': 'We, Fr', 'startTime': '12:30', 'endTime': '13:20', 'campus': 'Burnaby'}]",Carla Pretorius,3
CHEM 236W,LA01,fall,2024,CHEM 126 with a minimum grade of C-. Corequisite: CHEM 230.,CHEM 126;CHEM 230,False,"[{'days': 'We', 'startTime': '13:30', 'endTime': '17:20', 'campus': 'Burnaby'}]",Carla Pretorius,3
CHEM 260,D100,fall,2024,"CHEM 122, MATH 152, and PHYS 121, 126 or 141 (or PHYS 102 with a minimum grade of B), all with a minimum grade of C-. Recommended: MATH 232.",CHEM 122;MATH 152;PHYS 121;PHYS 102,False,"[{'days': 'Tu, Th', 'startTime': '10:30', 'endTime': '12:20', 'campus': 'Burnaby'}]",Samira Siahrostami,4
CHEM 281,D100,fall,2024,CHEM 121 with a minimum grade of C-. Corequisite: CHEM 122.,CHEM 121;CHEM 122,False,"[{'days': 'Mo, We, Fr', 'startTime': '10:30', 'endTime': '11:20', 'campus': 'Burnaby'}, {'days': 'Tu', 'startTime': '10:30', 'endTime': '11:20', 'campus': 'Burnaby'}]",David Vocadlo,4
CHEM 282,D100,fall,2024,CHEM 281 with a minimum grade of C-.,CHEM 281,False,"[{'days': 'Mo, We, Fr', 'startTime': '10:30', 'endTime': '11:20', 'campus': 'Burnaby'}, {'days': 'Tu', 'startTime': '10:30', 'endTime': '11:20', 'campus': 'Burnaby'}]",Pete Wilson,2
CHEM 283,D100,fall,2024,CHEM 281 with a minimum grade of C-.,CHEM 281,False,"[{'days': 'Mo, We, Fr', 'startTime': '10:30', 'endTime': '11:20', 'campus': 'Burnaby'}, {'days': 'Tu', 'startTime': '10:30', 'endTime': '11:20', 'campus': 'Burnaby'}]",Pete Wilson,3
CHEM 286,LA06,fall,2024,CHEM 281 with a minimum grade of C-. Corequisite: CHEM 282 or 283.,CHEM 281;CHEM 282,False,"[{'days': 'Th', 'startTime': '13:30', 'endTime': '17:20', 'campus': 'Burnaby'}]",Uwe Kreis,2
CHEM 286,LA07,fall,2024,CHEM 281 with a minimum grade of C-. Corequisite: CHEM 282 or 283.,CHEM 281;CHEM 282,False,"[{'days': 'Fr', 'startTime': '13:30', 'endTime': '17:20', 'campus': 'Burnaby'}]",Uwe Kreis,2
CHEM 316,D100,fall,2024,"CHEM 210, 216, and 260, all with a minimum grade of C-, or permission of the department.",CHEM 210,False,"[{'days': 'Mo, We, Fr', 'startTime': '11:30', 'endTime': '12:20', 'campus': 'Burnaby'}, {'days': 'Tu', 'startTime': '11:30', 'endTime': '12:20', 'campus': 'Burnaby'}]",Bingyun Sun,4
CHEM 340,D100,fall,2024,"Completion of 60 units in a science or applied science program, including first year chemistry, physics and calculus. CHEM 230 is strongly recommended.",CHEM 230,False,"[{'days': 'Tu, Th', 'startTime': '8:30', 'endTime': '10:20', 'campus': 'Burnaby'}]",Zuo-guang Ye,3
CHEM 364,D100,fall,2024,"CHEM 260 or PHYS 285, MATH 232, and MATH 251, all with a minimum grade of C-. Recommended: MATH 260 or MATH 310.",CHEM 260;PHYS 285;MATH 232;MATH 251,False,"[{'days': 'Tu', 'startTime': '10:30', 'endTime': '12:20', 'campus': 'Burnaby'}, {'days': 'Th', 'startTime': '10:30', 'endTime': '12:20', 'campus': 'Burnaby'}]",Gary Leach,3
CHEM 380,D100,fall,2024,"(CHEM 282 or 283 or 284) and CHEM 286, both with a minimum grade of C-, or permission of the department.",CHEM 282;CHEM 286,False,"[{'days': 'Mo', 'startTime': '10:30', 'endTime': '11:20', 'campus': 'Burnaby'}, {'days': 'Tu', 'startTime': '10:30', 'endTime': '11:20', 'campus': 'Burnaby'}, {'days': 'We, Fr', 'startTime': '10:30', 'endTime': '11:20', 'campus': 'Burnaby'}]",Erika Plettner;Patty Somers,4
CHEM 419,E100,fall,2024,CHEM 316 with a minimum grade of C-.,CHEM 316,False,"[{'days': 'Tu, Th', 'startTime': '16:30', 'endTime': '18:20', 'campus': 'Burnaby'}]",Hogan Yu,3
CHEM 439,D100,fall,2024,CHEM 332 with a minimum grade of C-.,CHEM 332,False,"[{'days': 'Tu, Th', 'startTime': '14:30', 'endTime': '16:20', 'campus': 'Burnaby'}]",Tim Storr,3
DATA 180,E100,fall,2024,Major or honours in Data Science or permission of the program director.,,True,"[{'days': 'Tu', 'startTime': '18:30', 'endTime': '20:20', 'campus': 'Burnaby'}]",Jiguo Cao,1
EASC 103,D100,fall,2024,,,False,"[{'days': 'Mo, We, Fr', 'startTime': '9:30', 'endTime': '10:20', 'campus': 'Burnaby'}, {'days': 'Tu', 'startTime': '9:30', 'endTime': '10:20', 'campus': 'Burnaby'}]",Cindy Hansen,3
EASC 207,D100,fall,2024,"MATH 152, and one of: (PHYS 102 and PHYS 133), (PHYS 121 and PHYS 133), (PHYS 126 and PHYS 133) or (PHYS 141). All with a grade of C- or better.",MATH 152;PHYS 102;PHYS 133;PHYS 121;PHYS 126;PHYS 141,False,"[{'days': 'Tu', 'startTime': '8:30', 'endTime': '10:20', 'campus': 'Burnaby'}, {'days': 'Tu', 'startTime': '8:00', 'endTime': '9:50', 'campus': 'Burnaby'}]",Andy Calvert,3
EASC 301,D100,fall,2024,EASC 205 and 208. All with a grade of C- or better.,EASC 205,False,"[{'days': 'Mo, We', 'startTime': '9:30', 'endTime': '10:20', 'campus': 'Burnaby'}, {'days': 'Tu', 'startTime': '9:30', 'endTime': '10:20', 'campus': 'Burnaby'}]",Kevin Cameron,3
EASC 310W,D100,fall,2024,EASC 210. Recommended: BISC 102. All with a grade of C- or better.,EASC 210,False,"[{'days': 'Fr', 'startTime': '10:30', 'endTime': '12:20', 'campus': 'Burnaby'}]",James Maceachern,3
EASC 402,D100,fall,2024,EASC 302 with a grade of C- or better.,EASC 302,False,"[{'days': 'Fr', 'startTime': '8:30', 'endTime': '10:20', 'campus': 'Burnaby'}]",Shahin Dashtgard,3
EASC 408,D100,fall,2024,/Corequsite: EASC 309 with a C- or better.,EASC 309,False,"[{'days': 'Tu', 'startTime': '10:30', 'endTime': '12:20', 'campus': 'Burnaby'}]",Daniel Gibson,3
FAN X99,D100,fall,2024,,,False,"[{'days': 'Tu, Th', 'startTime': '8:30', 'endTime': '10:20', 'campus': 'Burnaby'}]",Petra Menz,4
FAN X99,D200,fall,2024,,,False,"[{'days': 'Tu, Th', 'startTime': '10:30', 'endTime': '12:20', 'campus': 'Burnaby'}]",Petra Menz,4
FAN X99,D400,fall,2024,,,False,"[{'days': 'Tu, Th', 'startTime': '14:30', 'endTime': '16:20', 'campus': 'Surrey'}]",Mahsa Ansari,4
MACM 201,D100,fall,2024,MACM 101 or (ENSC 251 and one of MATH 232 or MATH 240).,MACM 101;ENSC 251;MATH 232;MATH 240,False,"[{'days': 'Mo, We, Fr', 'startTime': '12:30', 'endTime': '13:20', 'campus': 'Burnaby'}, {'days': 'Tu', 'startTime': '12:30', 'endTime': '13:20', 'campus': 'Burnaby'}]",Nils Bruin,3
MACM 204,E100,fall,2024,"One of CMPT 102, 120, 126, 128 or 130 and MATH 251. MATH 251 can be taken as a corequisite. Students in excess of 80 units may not take MACM 204 for further credit.",CMPT 102;MATH 251;MACM 204,False,"[{'days': 'We', 'startTime': '16:30', 'endTime': '17:20', 'campus': 'Burnaby'}]",Michael Monagan,2
MACM 316,D100,fall,2024,"MATH 152 or 155 or 158, and MATH 232 or 240, and computing experience.",MATH 152;MATH 232,False,"[{'days': 'Mo, We, Fr', 'startTime': '13:30', 'endTime': '14:20', 'campus': 'Burnaby'}, {'days': 'Tu', 'startTime': '13:30', 'endTime': '14:20', 'campus': 'Burnaby'}]",Ralf Wittenberg,3
MATH 100,D100,fall,2024,"Pre-Calculus 11 or Foundations of Mathematics 11 (or equivalent)
with a grade of at least B or Pre-Calculus 12 (or equivalent), with a grade of at least C and SFU FAN credit, or SFU FAN X99 course with a grade of at least B-, or achieving a satisfactory grade on the Simon Fraser University Quantitative Placement Test. MATH 100 may not be counted towards the mathematics minor, major or honours degree requirements.",MATH 100,False,"[{'days': 'Mo, We, Fr', 'startTime': '8:30', 'endTime': '9:20', 'campus': 'Burnaby'}, {'days': 'Tu', 'startTime': '8:30', 'endTime': '9:20', 'campus': 'Burnaby'}]",Tom Archibald,3
MATH 130,D400,fall,2024,"Pre-Calculus 12 or Foundations of
Mathematics 12 (or equivalent) with a
grade of at least B, or MATH 100 with a grade of at least C.",MATH 100,False,"[{'days': 'We', 'startTime': '13:30', 'endTime': '14:20', 'campus': 'Surrey'}, {'days': 'Fr', 'startTime': '12:30', 'endTime': '14:20', 'campus': 'Surrey'}]",Alexander Rutherford,3
MATH 150,D100,fall,2024,"Pre-Calculus 12 (or equivalent) with a grade of at least B+, or MATH 100 with a grade of at least B-, or achieving a satisfactory grade on the Simon Fraser University Calculus Readiness Test.",MATH 100,False,"[{'days': 'Mo, We, Fr', 'startTime': '8:30', 'endTime': '9:20', 'campus': 'Burnaby'}, {'days': 'Tu', 'startTime': '8:30', 'endTime': '9:20', 'campus': 'Burnaby'}]",Jamie Mulholland,4
MATH 150,D400,fall,2024,"Pre-Calculus 12 (or equivalent) with a grade of at least B+, or MATH 100 with a grade of at least B-, or achieving a satisfactory grade on the Simon Fraser University Calculus Readiness Test.",MATH 100,False,"[{'days': 'Mo, We, Fr', 'startTime': '9:30', 'endTime': '10:20', 'campus': 'Surrey'}, {'days': 'Tu', 'startTime': '9:30', 'endTime': '10:20', 'campus': 'Surrey'}]",Natalia Kouzniak,4
MATH 151,D100,fall,2024,"Pre-Calculus 12 (or equivalent) with a grade of at least A, or MATH 100 with a grade of at least B, or achieving a satisfactory grade on the Simon Fraser University Calculus Readiness Test.",MATH 100,False,"[{'days': 'Mo, We, Fr', 'startTime': '8:30', 'endTime': '9:20', 'campus': 'Burnaby'}, {'days': 'Tu', 'startTime': '8:30', 'endTime': '9:20', 'campus': 'Burnaby'}]",Jamie Mulholland,3
MATH 151,D200,fall,2024,"Pre-Calculus 12 (or equivalent) with a grade of at least A, or MATH 100 with a grade of at least B, or achieving a satisfactory grade on the Simon Fraser University Calculus Readiness Test.",MATH 100,False,"[{'days': 'Mo, We, Fr', 'startTime': '8:30', 'endTime': '9:20', 'campus': 'Burnaby'}, {'days': 'Tu', 'startTime': '8:30', 'endTime': '9:20', 'campus': 'Burnaby'}]",MacKenzie Carr,3
MATH 151,D400,fall,2024,"Pre-Calculus 12 (or equivalent) with a grade of at least A, or MATH 100 with a grade of at least B, or achieving a satisfactory grade on the Simon Fraser University Calculus Readiness Test.",MATH 100,False,"[{'days': 'Mo, We, Fr', 'startTime': '9:30', 'endTime': '10:20', 'campus': 'Surrey'}, {'days': 'Tu', 'startTime': '9:30', 'endTime': '10:20', 'campus': 'Surrey'}]",Natalia Kouzniak,3
MATH 152,D100,fall,2024,"MATH 150 or 151, with a minimum grade of C-; or MATH 154 or 157 with a grade of at least B.",MATH 150;MATH 154,False,"[{'days': 'Mo, We, Fr', 'startTime': '8:30', 'endTime': '9:20', 'campus': 'Burnaby'}, {'days': 'Tu', 'startTime': '8:30', 'endTime': '9:20', 'campus': 'Burnaby'}]",Lyn Ge,3
MATH 154,D100,fall,2024,"Pre-Calculus 12 (or equivalent) with a grade of at least B, or MATH 100 with a grade of at least C-, or achieving a satisfactory grade on the Simon Fraser University Calculus Readiness Test.",MATH 100,False,"[{'days': 'Mo, We, Fr', 'startTime': '8:30', 'endTime': '9:20', 'campus': 'Burnaby'}, {'days': 'Tu', 'startTime': '8:30', 'endTime': '9:20', 'campus': 'Burnaby'}]",Cedric Chauve,3
MATH 154,D400,fall,2024,"Pre-Calculus 12 (or equivalent) with a grade of at least B, or MATH 100 with a grade of at least C-, or achieving a satisfactory grade on the Simon Fraser University Calculus Readiness Test.",MATH 100,False,"[{'days': 'Mo, We, Fr', 'startTime': '9:30', 'endTime': '10:20', 'campus': 'Surrey'}, {'days': 'Tu', 'startTime': '9:30', 'endTime': '10:20', 'campus': 'Surrey'}]",Ladislav Stacho,3
MATH 157,D100,fall,2024,"Pre-Calculus 12 (or equivalent) with a grade of at least B, or MATH 100 with a grade of at least C, or achieving a
satisfactory grade on the Simon Fraser University Calculus
Readiness Test.",MATH 100,False,"[{'days': 'Mo, We, Fr', 'startTime': '11:30', 'endTime': '12:20', 'campus': 'Burnaby'}, {'days': 'Tu', 'startTime': '11:30', 'endTime': '12:20', 'campus': 'Burnaby'}]",Katrina Honigs,3
MATH 157,D400,fall,2024,"Pre-Calculus 12 (or equivalent) with a grade of at least B, or MATH 100 with a grade of at least C, or achieving a
satisfactory grade on the Simon Fraser University Calculus
Readiness Test.",MATH 100,False,"[{'days': 'Mo, We, Fr', 'startTime': '12:30', 'endTime': '13:20', 'campus': 'Surrey'}, {'days': 'Tu', 'startTime': '12:30', 'endTime': '13:20', 'campus': 'Surrey'}]",Tamon Stephen,3
MATH 190,B100,fall,2024,"Pre-Calculus 11 or Foundations of Mathematics 11 (or equivalent)
with a grade of at least B, or SFU FAN X99 course with a grade of at least C, or achieving a satisfactory grade on the Simon Fraser University Quantitative Placement Test. This course may not be counted toward the Mathematics minor, major or honours degree requirements. Students who have taken, have received transfer credit for, or are currently taking MATH 150, 151, 154 or 157 may not take MATH 190 for credit without permission from the Department of Mathematics. Intended to be particularly accessible to students who are not specializing in mathematics.",MATH 150;MATH 190,False,"[{'days': 'Tu', 'startTime': '10:30', 'endTime': '12:20', 'campus': 'Burnaby'}, {'days': 'Th', 'startTime': '10:30', 'endTime': '12:20', 'campus': 'Burnaby'}]",Sheena Tan,4
MATH 190,OL01,fall,2024,"Pre-Calculus 11 or Foundations of Mathematics 11 (or equivalent)
with a grade of at least B, or SFU FAN X99 course with a grade of at least C, or achieving a satisfactory grade on the Simon Fraser University Quantitative Placement Test. This course may not be counted toward the Mathematics minor, major or honours degree requirements. Students who have taken, have received transfer credit for, or are currently taking MATH 150, 151, 154 or 157 may not take MATH 190 for credit without permission from the Department of Mathematics. Intended to be particularly accessible to students who are not specializing in mathematics.",MATH 150;MATH 190,False,[],Joanna Niezen,4
MATH 232,D100,fall,2024,"MATH 150 or 151 or MACM 101, with a minimum grade of C-; or MATH 154 or 157, both with a grade of at least B.",MATH 150;MACM 101;MATH 154,False,"[{'days': 'Mo, We, Fr', 'startTime': '11:30', 'endTime': '12:20', 'campus': 'Burnaby'}, {'days': 'Tu', 'startTime': '11:30', 'endTime': '12:20', 'campus': 'Burnaby'}]",Saieed Akbari Feyzaabaadi,3
MATH 232,D400,fall,2024,"MATH 150 or 151 or MACM 101, with a minimum grade of C-; or MATH 154 or 157, both with a grade of at least B.",MATH 150;MACM 101;MATH 154,False,"[{'days': 'Mo, We, Fr', 'startTime': '13:30', 'endTime': '14:20', 'campus': 'Surrey'}, {'days': 'Tu', 'startTime': '13:30', 'endTime': '14:20', 'campus': 'Surrey'}]",Vijaykumar Singh,3
MATH 240,D100,fall,2024,"MATH 150 or 151 or MACM 101, with a minimum grade of C-; or MATH 154 or 157, both with a grade of at least B.",MATH 150;MACM 101;MATH 154,False,"[{'days': 'Mo, We, Fr', 'startTime': '11:30', 'endTime': '12:20', 'campus': 'Burnaby'}, {'days': 'Tu', 'startTime': '11:30', 'endTime': '12:20', 'campus': 'Burnaby'}]",Michael Monagan,3
MATH 251,D100,fall,2024,MATH 152 with a minimum grade of C-; or MATH 155 or MATH 158 with a grade of at least B. Recommended: It is recommended that MATH 240 or 232 be taken before or concurrently with MATH 251.,MATH 152;MATH 155;MATH 158,False,"[{'days': 'Mo, We, Fr', 'startTime': '8:30', 'endTime': '9:20', 'campus': 'Burnaby'}, {'days': 'Tu', 'startTime': '8:30', 'endTime': '9:20', 'campus': 'Burnaby'}]",Weiran Sun,3
MATH 251,D400,fall,2024,MATH 152 with a minimum grade of C-; or MATH 155 or MATH 158 with a grade of at least B. Recommended: It is recommended that MATH 240 or 232 be taken before or concurrently with MATH 251.,MATH 152;MATH 155;MATH 158,False,"[{'days': 'Mo, We, Fr', 'startTime': '8:30', 'endTime': '9:20', 'campus': 'Surrey'}, {'days': 'Tu', 'startTime': '8:30', 'endTime': '9:20', 'campus': 'Surrey'}]",Justin Chan,3
MATH 260,D400,fall,2024,"MATH 152 with a minimum grade of C-; or MATH 155 or 158, with a grade of at least B; MATH 232 or 240, with a minimum grade of C-.",MATH 152;MATH 155;MATH 232,False,"[{'days': 'Mo, We', 'startTime': '10:30', 'endTime': '11:20', 'campus': 'Surrey'}, {'days': 'Tu', 'startTime': '10:30', 'endTime': '11:20', 'campus': 'Surrey'}, {'days': 'Fr', 'startTime': '10:30', 'endTime': '11:20', 'campus': 'Surrey'}]",Justin Chan,3
MATH 292,D100,fall,2024,Prerequisites will be specified according to the particular topic or topics offered.,,False,"[{'days': 'Mo, We, Fr', 'startTime': '9:30', 'endTime': '10:20', 'campus': 'Burnaby'}, {'days': 'Tu', 'startTime': '9:30', 'endTime': '10:20', 'campus': 'Burnaby'}]",Joanna Niezen,3
MATH 303,D100,fall,2024,"MATH 152 or 155 or 158, and MATH 232 or 240, all with a minimum grade of C-. There may be additional prerequisites depending on the specific course topic.",MATH 152;MATH 232,False,"[{'days': 'Mo', 'startTime': '14:30', 'endTime': '15:20', 'campus': 'Burnaby'}, {'days': 'Tu', 'startTime': '14:30', 'endTime': '15:20', 'campus': 'Burnaby'}, {'days': 'Th', 'startTime': '14:30', 'endTime': '16:20', 'campus': 'Burnaby'}]",John Stockie,3
MATH 308,D100,fall,2024,"MATH 150, 151, 154, or 157 and MATH 240 or 232, all with a minimum grade of C-.",MATH 150;MATH 240,False,"[{'days': 'Mo, We, Fr', 'startTime': '13:30', 'endTime': '14:20', 'campus': 'Burnaby'}, {'days': 'Tu', 'startTime': '13:30', 'endTime': '14:20', 'campus': 'Burnaby'}]",Luis Goddyn;Cedric Chauve,3
MATH 309,D100,fall,2024,"MATH 232 or 240, and 251, all with a minimum grade of C-.",MATH 232,False,"[{'days': 'Tu', 'startTime': '10:30', 'endTime': '12:20', 'campus': 'Burnaby'}, {'days': 'Fr', 'startTime': '10:30', 'endTime': '11:20', 'campus': 'Burnaby'}]",Benjamin Adcock,3
MATH 322,D100,fall,2024,MATH 251 with a minimum grade of C-.,MATH 251,False,"[{'days': 'Mo, We, Fr', 'startTime': '13:30', 'endTime': '14:20', 'campus': 'Burnaby'}, {'days': 'Tu', 'startTime': '13:30', 'endTime': '14:20', 'campus': 'Burnaby'}]",David Muraki,3
MATH 340,D100,fall,2024,MATH 240 with a minimum grade of C- or MATH 232 with a grade of at least B.,MATH 240;MATH 232,False,"[{'days': 'Mo, We, Fr', 'startTime': '11:30', 'endTime': '12:20', 'campus': 'Burnaby'}, {'days': 'Tu', 'startTime': '11:30', 'endTime': '12:20', 'campus': 'Burnaby'}]",Nathan Ilten,3
MATH 343,D100,fall,2024,MACM 201 with a minimum grade of C-. Recommended: Knowledge of a programming language.,MACM 201,False,"[{'days': 'Mo, We, Fr', 'startTime': '9:30', 'endTime': '10:20', 'campus': 'Burnaby'}, {'days': 'Tu', 'startTime': '9:30', 'endTime': '10:20', 'campus': 'Burnaby'}]",Luis Goddyn;Cedric Chauve,3
MATH 345,D100,fall,2024,MACM 201 with a minimum grade of C-.,MACM 201,False,"[{'days': 'Mo, We, Fr', 'startTime': '15:30', 'endTime': '16:20', 'campus': 'Burnaby'}, {'days': 'Tu', 'startTime': '15:30', 'endTime': '16:20', 'campus': 'Burnaby'}]",Bojan Mohar,3
MATH 360,D100,fall,2024,"MATH 260 with a minimum grade of C- OR MATH 155 with a minimum grade of A-. Strongly Recommended: Experience with a computing platform such as R, MATLAB, or Python.",MATH 260;MATH 155,False,"[{'days': 'Mo, We, Fr', 'startTime': '14:30', 'endTime': '15:20', 'campus': 'Burnaby'}, {'days': 'Tu', 'startTime': '14:30', 'endTime': '15:20', 'campus': 'Burnaby'}]",Ben Ashby,3
MATH 408,D100,fall,2024,MATH 308 with a minimum grade of C-.,MATH 308,False,"[{'days': 'Mo', 'startTime': '14:30', 'endTime': '16:20', 'campus': 'Surrey'}, {'days': 'Tu', 'startTime': '14:30', 'endTime': '16:20', 'campus': 'Surrey'}, {'days': 'We', 'startTime': '14:30', 'endTime': '15:20', 'campus': 'Surrey'}]",Tamon Stephen,3
MATH 418,D100,fall,2024,"(MATH 260 or MATH 310) and one of MATH 314, MATH 320, MATH 322, PHYS 384, all with a minimum grade of C-. An alternative to the above prerequisite is both of (MATH 252 or MATH 254) and (MATH 260 or MATH 310), both with grades of at least A-.",MATH 260;MATH 310;MATH 314;MATH 320;MATH 322;PHYS 384;MATH 252;MATH 254,False,"[{'days': 'Mo, We, Fr', 'startTime': '12:30', 'endTime': '13:20', 'campus': 'Burnaby'}]",Weiran Sun,3
MATH 447,D100,fall,2024,"MATH 340 or 332, with a minimum grade of C-.",MATH 340,False,"[{'days': 'Mo, We, Fr', 'startTime': '11:30', 'endTime': '12:20', 'campus': 'Burnaby'}, {'days': 'Tu', 'startTime': '11:30', 'endTime': '12:20', 'campus': 'Burnaby'}]",Jonathan Jedwab,3
MATH 450,D100,fall,2024,"MATH 242 and MATH 340, with a minimum grade of C-.",MATH 242;MATH 340,False,"[{'days': 'Mo, We, Fr', 'startTime': '13:30', 'endTime': '14:20', 'campus': 'Burnaby'}, {'days': 'Tu', 'startTime': '13:30', 'endTime': '14:20', 'campus': 'Burnaby'}]",Imin Chen,3
MBB 110,D100,fall,2024,MATH 12 or equivalent is recommended.,,False,"[{'days': 'Tu', 'startTime': '14:30', 'endTime': '16:20', 'campus': 'Burnaby'}]",Sophie Sneddon,3
MBB 201,D100,fall,2024,BISC 101; CHEM 281 as prerequisite or corequisite.,BISC 101;CHEM 281,False,"[{'days': 'We, Fr', 'startTime': '14:30', 'endTime': '16:20', 'campus': 'Burnaby'}]",Lorena Braid,3
MBB 222,D100,fall,2024,or Corequisite CHEM 281.,CHEM 281,False,"[{'days': 'Mo, We, Fr', 'startTime': '11:30', 'endTime': '12:20', 'campus': 'Burnaby'}, {'days': 'Tu', 'startTime': '11:30', 'endTime': '12:20', 'campus': 'Burnaby'}]",Dustin King,3
MBB 229,LA01,fall,2024,or Corequisite: MBB 222.,MBB 222,False,"[{'days': 'Th', 'startTime': '13:30', 'endTime': '17:20', 'campus': 'Burnaby'}]",Irina Kovalyova;Sophie Sneddon,2
MBB 229,LA02,fall,2024,or Corequisite: MBB 222.,MBB 222,False,"[{'days': 'Fr', 'startTime': '13:30', 'endTime': '17:20', 'campus': 'Burnaby'}]",Irina Kovalyova;Sophie Sneddon,2
MBB 231,D100,fall,2024,"MBB 222, BISC 101, CHEM 281 with grades of C- or better. Corequisite or Prerequisite: CHEM 282 or CHEM 283.",MBB 222;BISC 101;CHEM 281;CHEM 282;CHEM 283,False,"[{'days': 'Mo, We, Fr', 'startTime': '11:30', 'endTime': '12:20', 'campus': 'Burnaby'}, {'days': 'Tu', 'startTime': '11:30', 'endTime': '12:20', 'campus': 'Burnaby'}]",Ingrid Northwood,3
MBB 308,D100,fall,2024,or corequisite: MBB 331 with a minimum grade of C-.,MBB 331,False,"[{'days': 'Mo', 'startTime': '14:30', 'endTime': '16:20', 'campus': 'Burnaby'}, {'days': 'Tu', 'startTime': '14:30', 'endTime': '16:20', 'campus': 'Burnaby'}]",Stephanie Vlachos,3
MBB 321,D100,fall,2024,"MBB 231, with a minimum grade of C.",MBB 231,False,"[{'days': 'Mo, We, Fr', 'startTime': '8:30', 'endTime': '9:20', 'campus': 'Burnaby'}, {'days': 'Tu', 'startTime': '8:30', 'endTime': '9:20', 'campus': 'Burnaby'}]",Frederic Pio,3
MBB 322,D100,fall,2024,"MBB 231, with a minimum grade of C.",MBB 231,False,"[{'days': 'Mo, We, Fr', 'startTime': '9:30', 'endTime': '10:20', 'campus': 'Burnaby'}, {'days': 'Tu', 'startTime': '9:30', 'endTime': '10:20', 'campus': 'Burnaby'}]",Jonathan Choy,3
MBB 323,D100,fall,2024,"MATH 152 (or 155), PHYS 121 (or 102, or 126, or 141), CHEM 122 (or 102), MBB 222 with a minimum grade of C.",MATH 152;PHYS 121;CHEM 122;MBB 222,False,"[{'days': 'Tu, Th', 'startTime': '8:30', 'endTime': '10:20', 'campus': 'Burnaby'}]",Frederic Pio,3
MBB 326,D100,fall,2024,MBB 231 with a minimum grade of C.,MBB 231,False,"[{'days': 'Mo, We, Fr', 'startTime': '13:30', 'endTime': '14:20', 'campus': 'Burnaby'}, {'days': 'Tu', 'startTime': '13:30', 'endTime': '14:20', 'campus': 'Burnaby'}]",Ingrid Northwood,3
MBB 328,D100,fall,2024,MBB 231 with a minimum grade of C.,MBB 231,False,"[{'days': 'Tu', 'startTime': '14:30', 'endTime': '16:20', 'campus': 'Burnaby'}, {'days': 'Th', 'startTime': '14:30', 'endTime': '16:20', 'campus': 'Burnaby'}]",Amy Lee,3
MBB 331,D100,fall,2024,"MBB 231, and BISC 202, with a minimum grade of C.",MBB 231;BISC 202,False,"[{'days': 'Tu', 'startTime': '10:30', 'endTime': '12:20', 'campus': 'Burnaby'}, {'days': 'Th', 'startTime': '10:30', 'endTime': '12:20', 'campus': 'Burnaby'}]",Irina Kovalyova,4
MBB 342,D100,fall,2024,"MBB 231, BISC 202 and either MBB 243 or 3 units of CMPT or equivalent, all with a minimum grade of C. Recommended: STAT 201 (or an equivalent statistics course) or STAT 270.",MBB 231;BISC 202;MBB 243,False,"[{'days': 'Tu', 'startTime': '12:30', 'endTime': '14:20', 'campus': 'Burnaby'}]",Fiona Brinkman,3
MBB 402,D100,fall,2024,"MBB 322 or BISC 302W or BISC 333, with a minimum grade of C.",MBB 322;BISC 302W;BISC 333,False,"[{'days': 'Tu', 'startTime': '10:30', 'endTime': '12:20', 'campus': 'Burnaby'}, {'days': 'Th', 'startTime': '10:30', 'endTime': '12:20', 'campus': 'Burnaby'}]",Esther Verheyen,3
MBB 478,D100,fall,2024,"HSCI 326 or MBB 326 or MBB 331, with a minimum grade of C, or HSCI 338 with a minimum grade of C-.",HSCI 326;MBB 326;MBB 331;HSCI 338,False,"[{'days': 'Mo', 'startTime': '14:30', 'endTime': '17:20', 'campus': 'Burnaby'}, {'days': 'Tu', 'startTime': '14:30', 'endTime': '17:20', 'campus': 'Burnaby'}]",William Hsiao,3
NUSC 341,D100,fall,2024,"Completion of 60 units in a science program, including first year calculus, chemistry and physics.",,False,"[{'days': 'Mo, We, Fr', 'startTime': '9:30', 'endTime': '10:20', 'campus': 'Burnaby'}, {'days': 'Tu', 'startTime': '9:30', 'endTime': '10:20', 'campus': 'Burnaby'}]",Corina Andreoiu,3
NUSC 344,D100,fall,2024,"Completion of 60 units in a science program, including first year calculus, chemistry and physics.",,False,"[{'days': 'Tu, Th', 'startTime': '8:30', 'endTime': '10:20', 'campus': 'Burnaby'}]",Krzysztof Starosta,3
NUSC 444,D100,fall,2024,"NUSC 342 or 442, with a minimum grade of C- or permission of the Department.",NUSC 342,False,"[{'days': 'Tu, Th', 'startTime': '12:30', 'endTime': '14:20', 'campus': 'Burnaby'}]",Caterina Ramogida,3
PHYS 100,D100,fall,2024,"BC Pre-Calculus 12 (or equivalent) or MATH 100, with a minimum grade of C-. BC Physics 11 (or equivalent) is recommended.",MATH 100,False,"[{'days': 'Mo, We, Fr', 'startTime': '12:30', 'endTime': '13:20', 'campus': 'Burnaby'}, {'days': 'Tu', 'startTime': '12:30', 'endTime': '13:20', 'campus': 'Burnaby'}]",Jean-Francois Caron,3
PHYS 100,D200,fall,2024,,,False,[],Eldon Emberly,3
PHYS 101,D100,fall,2024,"BC Principles of Physics 12 or PHYS 100 or equivalent, with a minimum grade of C-. This prerequisite may be waived, at the discretion of the department, as determined by the student's performance on a regularly scheduled PHYS 100 final exam. Please consult the physics advisor for further details. Corequisite: MATH 150 or 151 or 154 or 157; BISC 100 or 101 or 102. Recommended Corequisite: PHYS 132.",PHYS 100;MATH 150;BISC 100;PHYS 132,False,"[{'days': 'Mo, We, Fr', 'startTime': '9:30', 'endTime': '10:20', 'campus': 'Burnaby'}, {'days': 'Tu', 'startTime': '9:30', 'endTime': '10:20', 'campus': 'Burnaby'}]",Michael Chen,3
PHYS 102,D300,fall,2024,"PHYS 101 or 120 or 125 or 140; MATH 150 or 151 or 154 or 157; both with a minimum grade of C-. Corequisite: BISC 100 or 101 or 102. Recommended Corequisites: MATH 152, 155 or 158; PHYS 133.",PHYS 101;MATH 150;BISC 100;MATH 152;PHYS 133,False,"[{'days': 'Mo, We, Fr', 'startTime': '9:30', 'endTime': '10:20', 'campus': 'Burnaby'}, {'days': 'Tu', 'startTime': '9:30', 'endTime': '10:20', 'campus': 'Burnaby'}]",Jean-Francois Caron,3
PHYS 120,D100,fall,2024,"BC Principles of Physics 12 or PHYS 100 or equivalent, with a minimum grade of C-. This prerequisite may be waived, at the discretion of the department, as determined by the student's performance on a regularly scheduled PHYS 100 final exam. Please consult the physics advisor for further details. Corequisite: MATH 150 or 151 or 154. Recommended Corequisite: PHYS 132.",PHYS 100;MATH 150;PHYS 132,False,"[{'days': 'Mo, We, Fr', 'startTime': '9:30', 'endTime': '10:20', 'campus': 'Burnaby'}, {'days': 'Tu', 'startTime': '9:30', 'endTime': '10:20', 'campus': 'Burnaby'}]",Daniel Higginbottom;Sarah Johnson,3
PHYS 125,D100,fall,2024,Permission of the department. Corequisite: MATH 151. Recommended Corequisite: PHYS 132.,MATH 151;PHYS 132,False,"[{'days': 'Mo, We, Fr', 'startTime': '9:30', 'endTime': '10:20', 'campus': 'Burnaby'}, {'days': 'Tu', 'startTime': '9:30', 'endTime': '10:20', 'campus': 'Burnaby'}]",Matthias Danninger,3
PHYS 132,LA01,fall,2024,,,False,"[{'days': 'Th', 'startTime': '13:30', 'endTime': '17:20', 'campus': 'Burnaby'}]",Steve Dodge,1
PHYS 140,D200,fall,2024,"BC Principles of Physics 12, or PHYS 100 or equivalent, with a minimum grade of C-. Corequisite: MATH 150 or 151 or 154.",PHYS 100;MATH 150,False,"[{'days': 'Mo, We, Fr', 'startTime': '15:30', 'endTime': '16:20', 'campus': 'Surrey'}, {'days': 'Tu', 'startTime': '15:30', 'endTime': '16:20', 'campus': 'Surrey'}]",Daria Ahrensmeier,4
PHYS 190,D100,fall,2024,,,False,"[{'days': 'Tu, Th', 'startTime': '12:30', 'endTime': '14:20', 'campus': 'Burnaby'}]",Howard Trottier,3
PHYS 201,D100,fall,2024,"PHYS 121 or PHYS 126 or PHYS 141, with a minimum grade of C-, or PHYS 102 with a minimum grade of B.",PHYS 121;PHYS 126;PHYS 141;PHYS 102,False,"[{'days': 'Th', 'startTime': '9:30', 'endTime': '10:20', 'campus': 'Burnaby'}]",Erol Girt,1
PHYS 233,LA03,fall,2024,"PHYS 133 or PHYS 141 or ENSC 120, with a minimum grade of C-. Recommended Prerequisite: CMPT 120.",PHYS 133;PHYS 141;ENSC 120;CMPT 120,False,"[{'days': 'Tu', 'startTime': '13:30', 'endTime': '17:20', 'campus': 'Burnaby'}]",Jeff Sonier,3
PHYS 255,D100,fall,2024,"PHYS 126 or PHYS 121 or PHYS 141, with a minimum grade of C-, or PHYS 102 with a minimum grade of B. Corequisite: MATH 251; MATH 232 or MATH 240. Recommended Corequisite: MATH 260 or MATH 310.",PHYS 126;PHYS 121;PHYS 141;PHYS 102;MATH 251;MATH 232;MATH 240;MATH 260;MATH 310,False,"[{'days': 'Mo', 'startTime': '11:30', 'endTime': '12:20', 'campus': 'Burnaby'}, {'days': 'Tu', 'startTime': '11:30', 'endTime': '12:20', 'campus': 'Burnaby'}, {'days': 'We, Fr', 'startTime': '11:30', 'endTime': '12:20', 'campus': 'Burnaby'}]",David Broun,3
PHYS 326,D100,fall,2024,PHYS 234 with a minimum grade of C-.,PHYS 234,False,"[{'days': 'Tu, Th', 'startTime': '14:30', 'endTime': '15:20', 'campus': 'Burnaby'}]",Karen Kavanagh,4
PHYS 344,D100,fall,2024,PHYS 121 or PHYS 126 or PHYS 141 (or PHYS 102 with a minimum grade of B); MATH 251; both with a minimum grade of C-.,PHYS 121;PHYS 126;PHYS 141;PHYS 102;MATH 251,False,"[{'days': 'Mo, We, Fr', 'startTime': '9:30', 'endTime': '10:20', 'campus': 'Burnaby'}, {'days': 'Tu', 'startTime': '9:30', 'endTime': '10:20', 'campus': 'Burnaby'}]",Gopolang Mohlabeng,3
PHYS 384,D100,fall,2024,MATH 252 or 254; MATH 260 or MATH 310; PHYS 211; PHYS 255 or ENSC 320. All prerequisite courses require a minimum grade of C-.,MATH 252;MATH 260;MATH 310;PHYS 211;PHYS 255;ENSC 320,False,"[{'days': 'Mo, We, Fr', 'startTime': '10:30', 'endTime': '11:20', 'campus': 'Burnaby'}, {'days': 'Tu', 'startTime': '10:30', 'endTime': '11:20', 'campus': 'Burnaby'}]",Malcolm Kennett,3
PHYS 385,D100,fall,2024,MATH 252 or MATH 254; MATH 260; PHYS 255; PHYS 285 or ENSC 380 or CHEM 260. All prerequisite courses require a minimum grade of C-. Recommended Prerequisite: PHYS 211.,MATH 252;MATH 254;MATH 260;PHYS 255;PHYS 285;ENSC 380;CHEM 260;PHYS 211,False,"[{'days': 'Mo, We, Fr', 'startTime': '11:30', 'endTime': '12:20', 'campus': 'Burnaby'}, {'days': 'Tu', 'startTime': '11:30', 'endTime': '12:20', 'campus': 'Burnaby'}]",Daria Ahrensmeier,3
PHYS 413,D100,fall,2024,PHYS 384 or permission of the department. Non-physics majors may enter with MATH 252; MATH 260 or MATH 310; PHYS 211. All prerequisite courses require a minimum grade of C-.,PHYS 384;MATH 252;MATH 260;MATH 310;PHYS 211,False,"[{'days': 'Mo, We, Fr', 'startTime': '9:30', 'endTime': '10:20', 'campus': 'Burnaby'}, {'days': 'Tu', 'startTime': '9:30', 'endTime': '10:20', 'campus': 'Burnaby'}]",John Bechhoefer,3
PHYS 421,D100,fall,2024,PHYS 321 (no substitution); PHYS 255 or ENSC 380; both with a minimum grade of C-.,PHYS 321;PHYS 255;ENSC 380,False,"[{'days': 'Mo, We, Fr', 'startTime': '10:30', 'endTime': '11:20', 'campus': 'Burnaby'}, {'days': 'Tu', 'startTime': '10:30', 'endTime': '11:20', 'campus': 'Burnaby'}]",Eundeok Mun,3
STAT 100,D100,fall,2024,,,False,"[{'days': 'Mo', 'startTime': '14:30', 'endTime': '16:20', 'campus': 'Burnaby'}, {'days': 'Tu', 'startTime': '14:30', 'endTime': '16:20', 'campus': 'Burnaby'}, {'days': 'We', 'startTime': '14:30', 'endTime': '15:20', 'campus': 'Burnaby'}]",Richard Lockhart,3
STAT 201,D100,fall,2024,Recommended: 30 units.,,False,"[{'days': 'Mo', 'startTime': '10:30', 'endTime': '12:20', 'campus': 'Burnaby'}, {'days': 'Tu', 'startTime': '10:30', 'endTime': '12:20', 'campus': 'Burnaby'}, {'days': 'We', 'startTime': '10:30', 'endTime': '11:20', 'campus': 'Burnaby'}]","Faculty ,",3
STAT 201,OL01,fall,2024,Recommended: 30 units.,,False,[],Gamage Perera,3
STAT 203,D900,fall,2024,"Recommended: 30 units including a research methods course such as SA 255, CRIM 220, POL 200W, or equivalent.",,False,"[{'days': 'Mo', 'startTime': '12:30', 'endTime': '13:20', 'campus': 'Surrey'}, {'days': 'Tu', 'startTime': '12:30', 'endTime': '13:20', 'campus': 'Surrey'}, {'days': 'Th', 'startTime': '12:30', 'endTime': '14:20', 'campus': 'Surrey'}]",Gamage Perera,3
STAT 203,OL01,fall,2024,"Recommended: 30 units including a research methods course such as SA 255, CRIM 220, POL 200W, or equivalent.",,False,[],Tim Swartz,3
STAT 260,D100,fall,2024,"One of STAT 201, STAT 203, STAT 205, STAT 270, BUS 232, ECON 233, or POL 201, with a grade of at least C- or permission of the instructor.",STAT 201;STAT 203;STAT 205;STAT 270;BUS 232;ECON 233;POL 201,False,"[{'days': 'Tu', 'startTime': '14:30', 'endTime': '16:20', 'campus': 'Burnaby'}]",Owen Ward,3
STAT 270,D100,fall,2024,"or Corequisite: MATH 152 or 155 or 158, with a minimum grade of C-. Students wishing an intuitive appreciation of a broad range of statistical strategies may wish to take STAT 100 first.",MATH 152;STAT 100,False,"[{'days': 'Mo, We, Fr', 'startTime': '9:30', 'endTime': '10:20', 'campus': 'Burnaby'}, {'days': 'Tu', 'startTime': '9:30', 'endTime': '10:20', 'campus': 'Burnaby'}]",Lloyd Elliott,3
STAT 285,D100,fall,2024,"STAT 270 and one of MATH 152, MATH 155, or MATH 158, all with a minimum grade of C-.",STAT 270;MATH 152;MATH 155;MATH 158,False,"[{'days': 'Tu', 'startTime': '10:30', 'endTime': '12:20', 'campus': 'Burnaby'}, {'days': 'Fr', 'startTime': '10:30', 'endTime': '11:20', 'campus': 'Burnaby'}]",Liangliang Wang,3
STAT 302,OL01,fall,2024,"One of STAT 201, STAT 203, STAT 205, STAT 270, BUS 232, or ECON 233, with a minimum grade of C-.",STAT 201;STAT 203;STAT 205;STAT 270;BUS 232;ECON 233,False,[],Gamage Perera,3
STAT 305,D100,fall,2024,"One of STAT 201, STAT 203, STAT 205, STAT 270, BUS 232, or ECON 233, with a minimum grade of C-.",STAT 201;STAT 203;STAT 205;STAT 270;BUS 232;ECON 233,False,"[{'days': 'Mo', 'startTime': '14:30', 'endTime': '15:20', 'campus': 'Burnaby'}, {'days': 'Tu', 'startTime': '14:30', 'endTime': '15:20', 'campus': 'Burnaby'}, {'days': 'Th', 'startTime': '14:30', 'endTime': '16:20', 'campus': 'Burnaby'}]",Joan Hu,3
STAT 330,D100,fall,2024,"STAT 285, MATH 251, and one of MATH 232 or MATH 240, all with a minimum grade of C-.",STAT 285;MATH 251;MATH 232;MATH 240,False,"[{'days': 'Mo', 'startTime': '12:30', 'endTime': '14:20', 'campus': 'Burnaby'}, {'days': 'Tu', 'startTime': '12:30', 'endTime': '14:20', 'campus': 'Burnaby'}, {'days': 'We', 'startTime': '12:30', 'endTime': '13:20', 'campus': 'Burnaby'}]",Liangliang Wang,3
STAT 342,D100,fall,2024,"STAT 285 or STAT 302 or STAT 305 or ECON 333, with a minimum grade of C-.",STAT 285;STAT 302;STAT 305;ECON 333,False,"[{'days': 'Th', 'startTime': '10:30', 'endTime': '12:20', 'campus': 'Burnaby'}]",Haolun Shi,2
STAT 350,D100,fall,2024,"STAT 260, STAT 285, MATH 251, and one of MATH 232 or MATH 240, all with a minimum grade of C-.",STAT 260;STAT 285;MATH 251;MATH 232;MATH 240,False,"[{'days': 'Tu', 'startTime': '10:30', 'endTime': '12:20', 'campus': 'Burnaby'}, {'days': 'Fr', 'startTime': '10:30', 'endTime': '11:20', 'campus': 'Burnaby'}]","Faculty ,",3
STAT 430,D100,fall,2024,STAT 350 with a minimum grade of C-.,STAT 350,False,"[{'days': 'Tu', 'startTime': '10:30', 'endTime': '12:20', 'campus': 'Burnaby'}, {'days': 'Fr', 'startTime': '10:30', 'endTime': '11:20', 'campus': 'Burnaby'}]",Boxin Tang,3
STAT 440,D100,fall,2024,"90 units including STAT 350 with a minimum grade of C- and one of STAT 341, STAT 260, or CMPT 225, with a minimum grade of C-, or instructor approval. STAT 240 is also recommended.",STAT 350;STAT 341;STAT 260;CMPT 225;STAT 240,False,"[{'days': 'Mo', 'startTime': '14:30', 'endTime': '16:20', 'campus': 'Burnaby'}, {'days': 'Tu', 'startTime': '14:30', 'endTime': '16:20', 'campus': 'Burnaby'}, {'days': 'We', 'startTime': '14:30', 'endTime': '15:20', 'campus': 'Burnaby'}]",Lloyd Elliott,3
STAT 450,D100,fall,2024,STAT 330 with a minimum grade of C-.,STAT 330,False,"[{'days': 'Mo', 'startTime': '10:30', 'endTime': '12:20', 'campus': 'Burnaby'}, {'days': 'Tu', 'startTime': '10:30', 'endTime': '12:20', 'campus': 'Burnaby'}, {'days': 'We', 'startTime': '10:30', 'endTime': '11:20', 'campus': 'Burnaby'}]",Lin Zhang,3
STAT 452,D100,fall,2024,"STAT 260 and one of STAT 302 or STAT 305 or STAT 350 or ECON 333 or equivalent, with a minimum grade of C-.",STAT 260;STAT 302;STAT 305;STAT 350;ECON 333,False,"[{'days': 'Tu', 'startTime': '13:30', 'endTime': '14:20', 'campus': 'Burnaby'}, {'days': 'Th', 'startTime': '12:30', 'endTime': '14:20', 'campus': 'Burnaby'}]",Owen Ward,3
STAT 485,E100,fall,2024,"STAT 260 and one of STAT 285 or STAT 302 or STAT 305 or ECON 333 or equivalent, with a minimum grade of C-.",STAT 260;STAT 285;STAT 302;STAT 305;ECON 333,False,"[{'days': 'Mo', 'startTime': '16:30', 'endTime': '17:50', 'campus': 'Burnaby'}, {'days': 'Tu', 'startTime': '16:30', 'endTime': '17:50', 'campus': 'Burnaby'}, {'days': 'Th', 'startTime': '16:30', 'endTime': '17:50', 'campus': 'Burnaby'}]",Gary Parker,3
CMPT 105W,D100,fall,2024,,,False,"[{'days': 'We', 'startTime': '13:30', 'endTime': '14:20', 'campus': 'Surrey'}, {'days': 'Fr', 'startTime': '12:30', 'endTime': '14:20', 'campus': 'Surrey'}]",Harinder Khangura,3
CMPT 105W,E100,fall,2024,,,False,"[{'days': 'Tu', 'startTime': '16:30', 'endTime': '18:20', 'campus': 'Burnaby'}, {'days': 'Fr', 'startTime': '16:30', 'endTime': '17:20', 'campus': 'Burnaby'}]",Cristina Eftenaru,3
CMPT 120,D100,fall,2024,BC Math 12 or equivalent is recommended.,,False,"[{'days': 'Mo', 'startTime': '14:30', 'endTime': '16:20', 'campus': 'Burnaby'}, {'days': 'Tu', 'startTime': '14:30', 'endTime': '16:20', 'campus': 'Burnaby'}, {'days': 'We', 'startTime': '14:30', 'endTime': '15:20', 'campus': 'Burnaby'}]",Toby Donaldson,3
CMPT 120,D300,fall,2024,BC Math 12 or equivalent is recommended.,,False,"[{'days': 'Mo', 'startTime': '14:30', 'endTime': '15:20', 'campus': 'Burnaby'}, {'days': 'Tu', 'startTime': '14:30', 'endTime': '15:20', 'campus': 'Burnaby'}, {'days': 'Th', 'startTime': '14:30', 'endTime': '16:20', 'campus': 'Burnaby'}]",Nicholas Vincent,3
CMPT 120,D400,fall,2024,BC Math 12 or equivalent is recommended.,,False,"[{'days': 'Mo, We, Fr', 'startTime': '11:30', 'endTime': '12:20', 'campus': 'Surrey'}, {'days': 'Tu', 'startTime': '11:30', 'endTime': '12:20', 'campus': 'Surrey'}]",Brian Fraser,3
CMPT 125,E100,fall,2024,"CMPT 120 or CMPT 130, with a minimum grade of C-.",CMPT 120;CMPT 130,False,"[{'days': 'Mo', 'startTime': '16:30', 'endTime': '17:20', 'campus': 'Burnaby'}, {'days': 'Tu', 'startTime': '16:30', 'endTime': '17:20', 'campus': 'Burnaby'}, {'days': 'Th', 'startTime': '16:30', 'endTime': '18:20', 'campus': 'Burnaby'}]",Victor Cheung,3
CMPT 130,D100,fall,2024,"BC Math 12 (or equivalent, or any of MATH 100, 150, 151, 154, or 157, with a minimum grade of C-).",MATH 100,False,"[{'days': 'Mo, We, Fr', 'startTime': '10:30', 'endTime': '11:20', 'campus': 'Surrey'}, {'days': 'Tu', 'startTime': '10:30', 'endTime': '11:20', 'campus': 'Surrey'}]",Brian Fraser,3
CMPT 201,D100,fall,2024,"(CMPT 125 or CMPT 135) and MACM 101, both with a minimum grade of C-.",CMPT 125;CMPT 135;MACM 101,False,"[{'days': 'Tu', 'startTime': '12:30', 'endTime': '14:20', 'campus': 'Burnaby'}, {'days': 'Th', 'startTime': '12:30', 'endTime': '14:20', 'campus': 'Burnaby'}]",Steven Ko,4
CMPT 210,D100,fall,2024,"MACM 101, MATH 152, CMPT 125 or CMPT 135, and (MATH 240 or MATH 232), all with a minimum grade of C-.",MACM 101;MATH 152;CMPT 125;CMPT 135;MATH 240;MATH 232,False,"[{'days': 'Tu', 'startTime': '8:30', 'endTime': '10:20', 'campus': 'Burnaby'}, {'days': 'Th', 'startTime': '8:30', 'endTime': '9:20', 'campus': 'Burnaby'}]",Sharan Vaswani,3
CMPT 210,D200,fall,2024,"MACM 101, MATH 152, CMPT 125 or CMPT 135, and (MATH 240 or MATH 232), all with a minimum grade of C-.",MACM 101;MATH 152;CMPT 125;CMPT 135;MATH 240;MATH 232,False,"[{'days': 'Tu', 'startTime': '11:30', 'endTime': '13:20', 'campus': 'Burnaby'}, {'days': 'Th', 'startTime': '11:30', 'endTime': '12:20', 'campus': 'Burnaby'}]",Sharan Vaswani,3
CMPT 213,D100,fall,2024,CMPT 225 with a minimum grade of C-.,CMPT 225,False,"[{'days': 'Mo, We, Fr', 'startTime': '9:30', 'endTime': '10:20', 'campus': 'Surrey'}, {'days': 'Tu', 'startTime': '9:30', 'endTime': '10:20', 'campus': 'Surrey'}]",Brian Fraser,3
CMPT 225,D100,fall,2024,"(MACM 101 and (CMPT 125, CMPT 129 or CMPT 135)) or (ENSC 251 and ENSC 252), all with a minimum grade of C-.",MACM 101;CMPT 125;CMPT 129;CMPT 135;ENSC 251;ENSC 252,False,"[{'days': 'Tu', 'startTime': '8:30', 'endTime': '10:20', 'campus': 'Burnaby'}, {'days': 'Th', 'startTime': '8:30', 'endTime': '9:20', 'campus': 'Burnaby'}]",John Edgar,3
CMPT 276,D100,fall,2024,"One W course, CMPT 225, (MACM 101 or (ENSC 251 and ENSC 252)) and (MATH 151 or MATH 150), all with a minimum grade of C-. MATH 154 or MATH 157 with at least a B+ may be substituted for MATH 151 or MATH 150.",CMPT 225;MACM 101;ENSC 251;ENSC 252;MATH 151;MATH 150;MATH 154;MATH 157,False,"[{'days': 'Mo', 'startTime': '10:30', 'endTime': '11:20', 'campus': 'Burnaby'}, {'days': 'Tu', 'startTime': '10:30', 'endTime': '11:20', 'campus': 'Burnaby'}, {'days': 'Th', 'startTime': '10:30', 'endTime': '12:20', 'campus': 'Burnaby'}]",Saba Alimadadi Jani,3
CMPT 276,D300,fall,2024,"One W course, CMPT 225, (MACM 101 or (ENSC 251 and ENSC 252)) and (MATH 151 or MATH 150), all with a minimum grade of C-. MATH 154 or MATH 157 with at least a B+ may be substituted for MATH 151 or MATH 150.",CMPT 225;MACM 101;ENSC 251;ENSC 252;MATH 151;MATH 150;MATH 154;MATH 157,False,"[{'days': 'Mo', 'startTime': '12:30', 'endTime': '13:20', 'campus': 'Burnaby'}, {'days': 'Tu', 'startTime': '12:30', 'endTime': '13:20', 'campus': 'Burnaby'}, {'days': 'We', 'startTime': '12:30', 'endTime': '14:20', 'campus': 'Burnaby'}]",Steve Pearce,3
CMPT 295,D100,fall,2024,"Either (MACM 101 and (CMPT 125 or CMPT 135)) or (MATH 151 and CMPT 102 for students in an Applied Physics program), all with a minimum grade of C-.",MACM 101;CMPT 125;CMPT 135;MATH 151;CMPT 102,False,"[{'days': 'Tu', 'startTime': '10:30', 'endTime': '12:20', 'campus': 'Burnaby'}, {'days': 'Fr', 'startTime': '10:30', 'endTime': '11:20', 'campus': 'Burnaby'}]",Arrvindh Shriraman,4
CMPT 307,D100,fall,2024,"CMPT 225, (MACM 201 or CMPT 210), (MATH 150 or MATH 151), and (MATH 232 or MATH 240), all with a minimum grade of C-. MATH 154 or MATH 157 with a grade of at least B+ may be substituted for MATH 150 or MATH 151.",CMPT 225;MACM 201;CMPT 210;MATH 150;MATH 151;MATH 232;MATH 240;MATH 154;MATH 157,False,"[{'days': 'Mo, We, Fr', 'startTime': '12:30', 'endTime': '13:20', 'campus': 'Burnaby'}, {'days': 'Tu', 'startTime': '12:30', 'endTime': '13:20', 'campus': 'Burnaby'}]",Andrei Bulatov,3
CMPT 307,D200,fall,2024,"CMPT 225, (MACM 201 or CMPT 210), (MATH 150 or MATH 151), and (MATH 232 or MATH 240), all with a minimum grade of C-. MATH 154 or MATH 157 with a grade of at least B+ may be substituted for MATH 150 or MATH 151.",CMPT 225;MACM 201;CMPT 210;MATH 150;MATH 151;MATH 232;MATH 240;MATH 154;MATH 157,False,"[{'days': 'Tu', 'startTime': '8:30', 'endTime': '10:20', 'campus': 'Burnaby'}, {'days': 'Fr', 'startTime': '8:30', 'endTime': '9:20', 'campus': 'Burnaby'}]",David Mitchell,3
CMPT 310,D100,fall,2024,"CMPT 225 and (MACM 101 or (ENSC 251 and ENSC 252)), all with a minimum grade of C-.",CMPT 225;MACM 101;ENSC 251;ENSC 252,False,"[{'days': 'Tu', 'startTime': '10:30', 'endTime': '12:20', 'campus': 'Burnaby'}, {'days': 'Fr', 'startTime': '10:30', 'endTime': '11:20', 'campus': 'Burnaby'}]",Angelica Lim,3
CMPT 318,D100,fall,2024,CMPT 225 with a minimum grade of C-. Additional prerequisites to be determined by the instructor subject to approval by the undergraduate program chair.,CMPT 225,False,"[{'days': 'Mo', 'startTime': '14:30', 'endTime': '15:20', 'campus': 'Burnaby'}, {'days': 'Tu', 'startTime': '14:30', 'endTime': '15:20', 'campus': 'Burnaby'}, {'days': 'Th', 'startTime': '14:30', 'endTime': '16:20', 'campus': 'Burnaby'}]",Uwe Glaesser,3
CMPT 340,BLS1,fall,2024,"Completion of 60 units including one of CMPT 125, 126, 128, 135, with a minimum grade of C- or CMPT 102 with a grade of B or higher.",CMPT 125;CMPT 102,False,"[{'days': 'We', 'startTime': '13:30', 'endTime': '14:20', 'campus': 'Burnaby'}]",Ghassan Hamarneh,3
CMPT 353,D100,fall,2024,"CMPT 225 and (BUS 232, STAT 201, STAT 203, STAT 205, STAT 270, STAT 271, ENSC 280, MSE 210, or SEE 241), with a minimum grade of C-.",CMPT 225;BUS 232;STAT 201;STAT 203;STAT 205;STAT 270;STAT 271;ENSC 280;MSE 210;SEE 241,False,"[{'days': 'Mo', 'startTime': '14:30', 'endTime': '16:20', 'campus': 'Burnaby'}, {'days': 'Tu', 'startTime': '14:30', 'endTime': '16:20', 'campus': 'Burnaby'}, {'days': 'We', 'startTime': '14:30', 'endTime': '15:20', 'campus': 'Burnaby'}]",Gregory Baker;Rob Cameron,3
CMPT 354,E100,fall,2024,"CMPT 225 and (MACM 101 or (ENSC 251 and ENSC 252)), all with a minimum grade of C-.",CMPT 225;MACM 101;ENSC 251;ENSC 252,False,"[{'days': 'Mo', 'startTime': '16:30', 'endTime': '17:20', 'campus': 'Burnaby'}, {'days': 'Tu', 'startTime': '16:30', 'endTime': '18:20', 'campus': 'Burnaby'}, {'days': 'Th', 'startTime': '16:30', 'endTime': '18:20', 'campus': 'Burnaby'}]",Martin Ester,3
CMPT 361,D100,fall,2024,"CMPT 225 and MATH 232 or 240, all with a minimum grade of C-.",CMPT 225;MATH 232,False,"[{'days': 'We', 'startTime': '15:30', 'endTime': '16:20', 'campus': 'Burnaby'}, {'days': 'Fr', 'startTime': '14:30', 'endTime': '16:20', 'campus': 'Burnaby'}]",Xue Bin Jason Peng;Yagiz Aksoy,3
CMPT 362,D100,fall,2024,CMPT 225 with a minimum grade of C-.,CMPT 225,False,"[{'days': 'Fr', 'startTime': '14:30', 'endTime': '17:20', 'campus': 'Burnaby'}]",Xingdong Yang,3
CMPT 365,E100,fall,2024,CMPT 225 with a minimum grade of C-.,CMPT 225,False,"[{'days': 'Mo', 'startTime': '16:30', 'endTime': '17:20', 'campus': 'Burnaby'}, {'days': 'Tu', 'startTime': '16:30', 'endTime': '17:20', 'campus': 'Burnaby'}, {'days': 'We', 'startTime': '16:30', 'endTime': '18:20', 'campus': 'Burnaby'}]",Jiangchuan Liu,3
CMPT 371,D100,fall,2024,"CMPT 225 and (MATH 151 or MATH 150), with a minimum grade of C-. MATH 154 or MATH 157 with a grade of at least B+ may be substituted for MATH 151 (MATH 150).",CMPT 225;MATH 151;MATH 150;MATH 154;MATH 157,False,"[{'days': 'Mo', 'startTime': '10:30', 'endTime': '12:20', 'campus': 'Burnaby'}, {'days': 'Tu', 'startTime': '10:30', 'endTime': '12:20', 'campus': 'Burnaby'}, {'days': 'We', 'startTime': '10:30', 'endTime': '11:20', 'campus': 'Burnaby'}]",Ouldooz Baghban Karimi,3
CMPT 373,D100,fall,2024,"CMPT 276 or 275, with a minimum grade of C-.",CMPT 276,False,"[{'days': 'Mo', 'startTime': '10:30', 'endTime': '12:20', 'campus': 'Surrey'}, {'days': 'Tu', 'startTime': '10:30', 'endTime': '12:20', 'campus': 'Surrey'}, {'days': 'We', 'startTime': '10:30', 'endTime': '11:20', 'campus': 'Surrey'}]",William Sumner,3
CMPT 376W,D100,fall,2024,"CMPT 105W and (CMPT 275 or CMPT 276), with a minimum grade of C-.",CMPT 105W;CMPT 275;CMPT 276,False,"[{'days': 'We', 'startTime': '14:30', 'endTime': '17:20', 'campus': 'Burnaby'}]",Angelica Lim,3
CMPT 383,D100,fall,2024,"CMPT 225 and (MACM 101 or (ENSC 251 and ENSC 252)), all with a minimum grade of C-.",CMPT 225;MACM 101;ENSC 251;ENSC 252,False,"[{'days': 'Tu', 'startTime': '13:30', 'endTime': '14:20', 'campus': 'Burnaby'}, {'days': 'Th', 'startTime': '12:30', 'endTime': '14:20', 'campus': 'Burnaby'}]",Anders Miltner,3
CMPT 405,D100,fall,2024,CMPT 307 with a minimum grade of C-.,CMPT 307,False,"[{'days': 'Mo, We, Fr', 'startTime': '13:30', 'endTime': '14:20', 'campus': 'Burnaby'}, {'days': 'Tu', 'startTime': '13:30', 'endTime': '14:20', 'campus': 'Burnaby'}]",Qianping Gu,3
CMPT 410,D100,fall,2024,"CMPT 310 and MACM 316, both with a minimum grade of C-.",CMPT 310;MACM 316,False,"[{'days': 'Tu', 'startTime': '10:30', 'endTime': '11:20', 'campus': 'Burnaby'}, {'days': 'Th', 'startTime': '9:30', 'endTime': '11:20', 'campus': 'Burnaby'}]",Steven Bergner,3
CMPT 412,D100,fall,2024,"CMPT 361 and MATH 152, both with a minimum grade of C-.",CMPT 361;MATH 152,False,"[{'days': 'Mo', 'startTime': '10:30', 'endTime': '12:20', 'campus': 'Burnaby'}, {'days': 'Tu', 'startTime': '10:30', 'endTime': '12:20', 'campus': 'Burnaby'}, {'days': 'We', 'startTime': '10:30', 'endTime': '11:20', 'campus': 'Burnaby'}]",Yagiz Aksoy,3
CMPT 417,D100,fall,2024,CMPT 225 with a minimum grade of C-.,CMPT 225,False,"[{'days': 'Th', 'startTime': '11:30', 'endTime': '14:20', 'campus': 'Burnaby'}]",Hang Ma,3
CMPT 426,D100,fall,2024,"Students must complete Bridging Online (visit www.sfu.ca/coop/bol for further details) at least two terms before their anticipated co-op placement. Students must then enroll with the co-op program by the second week of the term preceding the work term. Normally, students will have completed a minimum of 45 units by the end of the term of application, CMPT 275 or 276, and have a minimum CGPA of 2.50.",CMPT 275,False,"[{'days': 'Mo, Tu, We, Th, Fr', 'startTime': '8:00', 'endTime': '20:00', 'campus': None}]",Tanya Behrisch;Cristina Eftenaru;Stephanie Greaves,3
CMPT 427,D100,fall,2024,"CMPT 426, CGPA of 2.50.",CMPT 426,False,"[{'days': 'Mo, Tu, We, Th, Fr', 'startTime': '8:00', 'endTime': '20:00', 'campus': None}]",Tanya Behrisch;Cristina Eftenaru;Stephanie Greaves,3
CMPT 427,D300,fall,2024,"CMPT 426, CGPA of 2.50.",CMPT 426,False,"[{'days': 'Mo, Tu, We, Th, Fr', 'startTime': '8:00', 'endTime': '20:00', 'campus': None}]",Tanya Behrisch;Cristina Eftenaru;Stephanie Greaves,3
CMPT 428,D100,fall,2024,"CMPT 427, CGPA of 2.50.",CMPT 427,False,"[{'days': 'Mo, Tu, We, Th, Fr', 'startTime': '8:00', 'endTime': '20:00', 'campus': None}]",Tanya Behrisch;Cristina Eftenaru;Stephanie Greaves,3
CMPT 430,D100,fall,2024,"CMPT 429, CGPA of 2.50.",CMPT 429,False,"[{'days': 'Mo, Tu, We, Th, Fr', 'startTime': '8:00', 'endTime': '20:00', 'campus': None}]",Tanya Behrisch;Cristina Eftenaru;Stephanie Greaves,3
CMPT 431,D100,fall,2024,"CMPT 300, 371, both with a minimum grade of C-.",CMPT 300,False,"[{'days': 'Tu', 'startTime': '10:30', 'endTime': '11:20', 'campus': 'Burnaby'}, {'days': 'Th', 'startTime': '9:30', 'endTime': '11:20', 'campus': 'Burnaby'}]",Alaa Alameldeen,3
CMPT 441,D100,fall,2024,CMPT 307 with a minimum grade of C-.,CMPT 307,False,"[{'days': 'Mo, We', 'startTime': '15:30', 'endTime': '16:50', 'campus': 'Burnaby'}, {'days': 'Tu', 'startTime': '15:30', 'endTime': '16:50', 'campus': 'Burnaby'}]",Kay C Wiese,3
CMPT 450,D100,fall,2024,CMPT 295 with a minimum grade of C-.,CMPT 295,False,"[{'days': 'Tu', 'startTime': '13:30', 'endTime': '14:20', 'campus': 'Burnaby'}, {'days': 'Th', 'startTime': '12:30', 'endTime': '14:20', 'campus': 'Burnaby'}]",Alaa Alameldeen;Arrvindh Shriraman,3
CMPT 454,E100,fall,2024,"CMPT 300 and 354, with a minimum grade of C-.",CMPT 300,False,"[{'days': 'Tu', 'startTime': '16:30', 'endTime': '19:20', 'campus': 'Burnaby'}]",Ke Wang,3
CMPT 459,D100,fall,2024,CMPT 354 with a minimum grade of C-.,CMPT 354,False,"[{'days': 'We', 'startTime': '13:30', 'endTime': '14:20', 'campus': 'Burnaby'}, {'days': 'Fr', 'startTime': '12:30', 'endTime': '14:20', 'campus': 'Burnaby'}]",Martin Ester,3
CMPT 464,D100,fall,2024,"CMPT 361, MACM 316, both with a minimum grade of C-.",CMPT 361;MACM 316,False,"[{'days': 'We', 'startTime': '11:30', 'endTime': '12:20', 'campus': 'Burnaby'}, {'days': 'Fr', 'startTime': '10:30', 'endTime': '12:20', 'campus': 'Burnaby'}]",Richard Zhang,3
CMPT 469,D100,fall,2024,CMPT 361 with a minimum grade of C-.,CMPT 361,False,"[{'days': 'Tu', 'startTime': '8:30', 'endTime': '11:20', 'campus': 'Burnaby'}]",Xingdong Yang,3
CMPT 473,D100,fall,2024,(CMPT 275 or CMPT 276) with a minimum grade of C- and 15 upper division CMPT units.,CMPT 275;CMPT 276,False,"[{'days': 'Mo', 'startTime': '12:30', 'endTime': '14:20', 'campus': 'Surrey'}, {'days': 'Tu', 'startTime': '12:30', 'endTime': '14:20', 'campus': 'Surrey'}, {'days': 'We', 'startTime': '12:30', 'endTime': '13:20', 'campus': 'Surrey'}]",William Sumner,3
CMPT 477,D100,fall,2024,"CMPT 275 or 276, with a minimum grade of C-.",CMPT 275,False,"[{'days': 'Mo', 'startTime': '8:30', 'endTime': '10:20', 'campus': 'Burnaby'}, {'days': 'Tu', 'startTime': '8:30', 'endTime': '10:20', 'campus': 'Burnaby'}, {'days': 'We', 'startTime': '8:30', 'endTime': '9:20', 'campus': 'Burnaby'}]",Yuepeng Wang,3
CMPT 479,D100,fall,2024,CMPT 300 with a minimum grade of C-.,CMPT 300,False,"[{'days': 'Th', 'startTime': '14:30', 'endTime': '17:20', 'campus': 'Burnaby'}]",Saba Alimadadi Jani,3
ENSC 100W,D100,fall,2024,,,False,"[{'days': 'We', 'startTime': '15:30', 'endTime': '16:20', 'campus': 'Burnaby'}, {'days': 'Fr', 'startTime': '14:30', 'endTime': '16:20', 'campus': 'Burnaby'}]",Michael Hegedus,3
ENSC 105W,D100,fall,2024,,,False,"[{'days': 'Mo, We, Fr', 'startTime': '12:30', 'endTime': '13:20', 'campus': 'Burnaby'}, {'days': 'Tu', 'startTime': '12:30', 'endTime': '13:20', 'campus': 'Burnaby'}]",Michael Sjoerdsma,3
ENSC 120,D100,fall,2024,BC Pre-Calculus 12 and BC Physics 12 (or equivalents).,,False,"[{'days': 'Th', 'startTime': '8:30', 'endTime': '10:20', 'campus': 'Burnaby'}]",Atousa Hajshirmohammadi,2
ENSC 151,D100,fall,2024,"BC Math 12 (or equivalent, or any of MATH 100, 150, 151, 154, or 157, with a minimum grade of C-).",MATH 100,False,"[{'days': 'Tu, Th', 'startTime': '14:30', 'endTime': '16:20', 'campus': 'Burnaby'}]",Yuri Reis Rodrigues,4
ENSC 204,E100,fall,2024,,,False,"[{'days': 'We', 'startTime': '16:30', 'endTime': '18:20', 'campus': 'Burnaby'}]",Mohammad Soltanshah,3
ENSC 220,D100,fall,2024,"(PHYS 121 or PHYS 126 or PHYS 141), ENSC 120, MATH 232 and (MATH 260 or MATH 310), all with a minimum grade of C-. MATH 260 may be taken concurrently.",PHYS 121;PHYS 126;PHYS 141;ENSC 120;MATH 232;MATH 260;MATH 310,False,"[{'days': 'We, Fr', 'startTime': '14:30', 'endTime': '16:20', 'campus': 'Burnaby'}]",Bernhard Rabus,4
ENSC 225,D100,fall,2024,"(ENSC 220 or MSE 250), MATH 232, and (MATH 260 or MATH 310), all with a minimum grade of C-.",ENSC 220;MSE 250;MATH 232;MATH 260;MATH 310,False,"[{'days': 'Tu, Th', 'startTime': '10:30', 'endTime': '12:20', 'campus': 'Burnaby'}]",Ash Parameswaran,4
ENSC 251,D100,fall,2024,"ENSC 151 or CMPT 135 or (CMPT 125 and CMPT 127), all with a minimum grade of C-.",ENSC 151;CMPT 135;CMPT 125;CMPT 127,False,"[{'days': 'Tu', 'startTime': '12:30', 'endTime': '14:20', 'campus': 'Burnaby'}, {'days': 'Th', 'startTime': '12:30', 'endTime': '14:20', 'campus': 'Burnaby'}]",Herbert Tsang,4
ENSC 252,D100,fall,2024,"ENSC 151 or CMPT 125 or CMPT 126 or CMPT 135, with a minimum grade of C-. ENSC 252 is a required course for all engineering science majors and honours students (no course substitutions are permitted).",ENSC 151;CMPT 125;CMPT 126;CMPT 135;ENSC 252,False,"[{'days': 'Tu, Th', 'startTime': '8:30', 'endTime': '10:20', 'campus': 'Burnaby'}]",Rafegabeham Ahamedsheriff,4
ENSC 316,D100,fall,2024,"MATH 251 and (ENSC 220 or MSE 250), all with a minimum grade of C-.",MATH 251;ENSC 220;MSE 250,False,"[{'days': 'We, Fr', 'startTime': '8:30', 'endTime': '10:20', 'campus': 'Burnaby'}]",Bernhard Rabus,3
ENSC 324,D100,fall,2024,"(ENSC 220 or MSE 250), MATH 232, and (MATH 260 or MATH 310), all with a minimum grade of C-.",ENSC 220;MSE 250;MATH 232;MATH 260;MATH 310,False,"[{'days': 'Tu, Th', 'startTime': '8:30', 'endTime': '10:20', 'campus': 'Burnaby'}]",Matthew Sederberg,3
ENSC 350,D100,fall,2024,"(ENSC 215 and either ENSC 250 or CMPT 250) or (ENSC 252 and ENSC 254), all with a minimum grade of C-.",ENSC 215;ENSC 250;CMPT 250;ENSC 252;ENSC 254,False,"[{'days': 'Tu, Th', 'startTime': '12:30', 'endTime': '14:20', 'campus': 'Burnaby'}]",Lakshman One,4
ENSC 351,D100,fall,2024,"(ENSC 151 and ENSC 215 and ENSC 250) or ENSC 254 or (CMPT 225 and (CMPT 250 or CMPT 295)), all with a minimum grade of C- and a minimum of 60 units. ENSC 351 is a required course for all engineering science major and honours students (no course substitutions are permitted).",ENSC 151;ENSC 215;ENSC 250;ENSC 254;CMPT 225;CMPT 250;CMPT 295;ENSC 351,False,"[{'days': 'We, Fr', 'startTime': '14:30', 'endTime': '16:20', 'campus': 'Burnaby'}]",Craig Scratchley,4
ENSC 380,D100,fall,2024,"ENSC 180, ENSC 220 (or MSE 250) and (MATH 260 or MATH 310), all with a minimum grade of C-.",ENSC 180;ENSC 220;MSE 250;MATH 260;MATH 310,False,"[{'days': 'Tu, Th', 'startTime': '14:30', 'endTime': '16:20', 'campus': 'Burnaby'}]",Kamal Gupta,3
ENSC 385,D100,fall,2024,"(PHYS 120 or PHYS 140) and MATH 152, all with a minimum grade of C-.",PHYS 120;PHYS 140;MATH 152,False,"[{'days': 'Tu, Th', 'startTime': '8:30', 'endTime': '10:20', 'campus': 'Burnaby'}]",Jalal Taheri Kahnamouei,3
ENSC 440,E100,fall,2024,ENSC 405W with a minimum grade of C-. Students will be automatically enrolled in ENSC 440 in the term immediately following successful completion of ENSC 405W.,ENSC 405W;ENSC 440,False,"[{'days': 'We', 'startTime': '16:30', 'endTime': '18:20', 'campus': 'Burnaby'}]",Andrew Rawicz,3
ENSC 453,D100,fall,2024,"ENSC 350 and ENSC 351, both with a minimum grade of C-.",ENSC 350;ENSC 351,False,"[{'days': 'Tu, Th', 'startTime': '10:30', 'endTime': '12:20', 'campus': 'Burnaby'}]",Zhenman Fang,4
ENSC 477,D100,fall,2024,(ENSC 380 or MSE 280) with a minimum grade of C- and a minimum of 80 units.,ENSC 380;MSE 280,False,"[{'days': 'We, Fr', 'startTime': '8:30', 'endTime': '10:20', 'campus': 'Burnaby'}]",Balbir Gill,4
MACM 101,D100,fall,2024,"BC Math 12 (or equivalent), or any of MATH 100, 150, 151, 154, 157.",MATH 100,False,"[{'days': 'Mo, We, Fr', 'startTime': '9:30', 'endTime': '10:20', 'campus': 'Burnaby'}, {'days': 'Tu', 'startTime': '9:30', 'endTime': '10:20', 'campus': 'Burnaby'}]",Steve Pearce,3
MACM 101,D200,fall,2024,"BC Math 12 (or equivalent), or any of MATH 100, 150, 151, 154, 157.",MATH 100,False,"[{'days': 'Th', 'startTime': '14:30', 'endTime': '17:20', 'campus': 'Burnaby'}]",Kay C Wiese,3
MACM 101,E100,fall,2024,"BC Math 12 (or equivalent), or any of MATH 100, 150, 151, 154, 157.",MATH 100,False,"[{'days': 'Tu', 'startTime': '16:30', 'endTime': '19:20', 'campus': 'Surrey'}]",Harinder Khangura,3
MSE 101W,D100,fall,2024,,,False,"[{'days': 'Tu', 'startTime': '14:30', 'endTime': '16:20', 'campus': 'Surrey'}, {'days': 'Th', 'startTime': '14:30', 'endTime': '15:20', 'campus': 'Surrey'}]",Baher Amouzgar,3
MSE 103,D100,fall,2024,,,False,"[{'days': 'Tu', 'startTime': '8:30', 'endTime': '10:20', 'campus': 'Surrey'}, {'days': 'Th', 'startTime': '8:30', 'endTime': '9:20', 'campus': 'Surrey'}]",Krishna Vijayaraghavan,3
MSE 110,D100,fall,2024,,,False,"[{'days': 'Tu', 'startTime': '11:30', 'endTime': '13:20', 'campus': 'Surrey'}, {'days': 'Th', 'startTime': '11:30', 'endTime': '12:20', 'campus': 'Surrey'}]",Mohammad Narimani,3
MSE 221,D100,fall,2024,"PHYS 140, MATH 152.",PHYS 140;MATH 152,False,"[{'days': 'Tu', 'startTime': '14:30', 'endTime': '16:20', 'campus': 'Surrey'}, {'days': 'Th', 'startTime': '14:30', 'endTime': '15:20', 'campus': 'Surrey'}]",Helen Bailey,4
MSE 250,D100,fall,2024,"PHYS 141 or (PHYS 121 and 131), and MATH 232 and (MATH 260 or MATH 310). (MATH 260 or MATH 310) may be taken concurrently.",PHYS 141;PHYS 121;MATH 232;MATH 260;MATH 310,False,"[{'days': 'Mo', 'startTime': '12:30', 'endTime': '14:20', 'campus': 'Surrey'}, {'days': 'Tu', 'startTime': '12:30', 'endTime': '14:20', 'campus': 'Surrey'}, {'days': 'We', 'startTime': '12:30', 'endTime': '13:20', 'campus': 'Surrey'}]",Ahmad Rad,4
MSE 310,D100,fall,2024,"MSE 221, MSE 222, MSE 251, MSE 280.",MSE 221;MSE 222;MSE 251;MSE 280,False,"[{'days': 'We', 'startTime': '9:30', 'endTime': '12:20', 'campus': 'Surrey'}]",Amr Marzouk,3
MSE 320,D100,fall,2024,"MSE 100 or ENSC 104, MSE 220 or ENSC 231, MSE 221 or ENSC 281. MSE 100 may be taken concurrently.",MSE 100;ENSC 104;MSE 220;ENSC 231;MSE 221;ENSC 281,False,"[{'days': 'Tu', 'startTime': '10:30', 'endTime': '12:20', 'campus': 'Surrey'}, {'days': 'Fr', 'startTime': '10:30', 'endTime': '11:20', 'campus': 'Surrey'}]",Ramtin Rakhsha,4
MSE 321,D100,fall,2024,MATH 251 and MSE 223.,MATH 251;MSE 223,False,"[{'days': 'Tu', 'startTime': '8:30', 'endTime': '10:20', 'campus': 'Surrey'}, {'days': 'Fr', 'startTime': '8:30', 'endTime': '9:20', 'campus': 'Surrey'}]",Mohammad Shojayian,4
MSE 352,D100,fall,2024,CMPT 130 and either MSE 251 or ENSC 226.,CMPT 130;MSE 251;ENSC 226,False,"[{'days': 'Mo', 'startTime': '14:30', 'endTime': '16:20', 'campus': 'Surrey'}, {'days': 'Tu', 'startTime': '14:30', 'endTime': '16:20', 'campus': 'Surrey'}, {'days': 'We', 'startTime': '15:30', 'endTime': '16:20', 'campus': 'Surrey'}]",Mohammad Narimani,4
MSE 380,D100,fall,2024,"MSE 221 (or ENSC 281 or SEE 221), MSE 222 (or ENSC 282), MSE 280 (or ENSC 380 or SEE 341).",MSE 221;ENSC 281;SEE 221;MSE 222;ENSC 282;MSE 280;ENSC 380;SEE 341,False,"[{'days': 'Mo', 'startTime': '8:30', 'endTime': '10:20', 'campus': 'Surrey'}, {'days': 'Tu', 'startTime': '8:30', 'endTime': '10:20', 'campus': 'Surrey'}, {'days': 'We', 'startTime': '8:30', 'endTime': '9:20', 'campus': 'Surrey'}]",Ahmad Rad,3
MSE 422,D100,fall,2024,"MSE 223 (or ENSC 283), MSE 321 (or ENSC 388) and a minimum of 80 credits.",MSE 223;ENSC 283;MSE 321;ENSC 388,False,"[{'days': 'Mo', 'startTime': '14:30', 'endTime': '16:20', 'campus': 'Surrey'}, {'days': 'Tu', 'startTime': '14:30', 'endTime': '16:20', 'campus': 'Surrey'}, {'days': 'We', 'startTime': '14:30', 'endTime': '15:20', 'campus': 'Surrey'}]",Erik Kjeang,3
MSE 460,D100,fall,2024,MSE 310 and MSE 360.,MSE 310;MSE 360,False,"[{'days': 'Tu', 'startTime': '14:30', 'endTime': '16:20', 'campus': 'Surrey'}, {'days': 'Th', 'startTime': '14:30', 'endTime': '15:20', 'campus': 'Surrey'}]",Krishna Vijayaraghavan,3
MSE 493,D100,fall,2024,MSE 393 or 394 and a minimum of 75 units.,MSE 393,False,"[{'days': 'Mo, Tu, We, Th, Fr', 'startTime': '8:30', 'endTime': '16:50', 'campus': None}]",Ryan McDonald;Stephanie DeRapp,3
SEE 100,D100,fall,2024,,,False,"[{'days': 'Mo', 'startTime': '12:30', 'endTime': '14:20', 'campus': 'Surrey'}, {'days': 'Tu', 'startTime': '12:30', 'endTime': '14:20', 'campus': 'Surrey'}, {'days': 'We', 'startTime': '12:30', 'endTime': '13:20', 'campus': 'Surrey'}]",Mehran Ahmadi,3
SEE 110,D100,fall,2024,,,False,"[{'days': 'Tu', 'startTime': '10:30', 'endTime': '11:20', 'campus': 'Surrey'}, {'days': 'Th', 'startTime': '9:30', 'endTime': '11:20', 'campus': 'Surrey'}]",Taco Niet,3
SEE 325,D100,fall,2024,"SEE 100, SEE 221, and SEE 324.",SEE 100;SEE 221;SEE 324,False,"[{'days': 'Mo', 'startTime': '14:30', 'endTime': '15:20', 'campus': 'Surrey'}, {'days': 'Tu', 'startTime': '14:30', 'endTime': '15:20', 'campus': 'Surrey'}, {'days': 'Th', 'startTime': '14:30', 'endTime': '16:20', 'campus': 'Surrey'}]",Vahid Hosseini,3
SEE 333,D100,fall,2024,SEE 341.,SEE 341,False,"[{'days': 'Mo', 'startTime': '14:30', 'endTime': '15:20', 'campus': 'Surrey'}, {'days': 'Tu', 'startTime': '14:30', 'endTime': '15:20', 'campus': 'Surrey'}, {'days': 'Th', 'startTime': '14:30', 'endTime': '16:20', 'campus': 'Surrey'}]",Amir Shabani,3
SEE 402,D100,fall,2024,SEE 110; Minimum of 100 units OR 80 units plus two-term co-op work.,SEE 110,False,"[{'days': 'Mo', 'startTime': '10:30', 'endTime': '12:20', 'campus': 'Surrey'}, {'days': 'Tu', 'startTime': '10:30', 'endTime': '12:20', 'campus': 'Surrey'}, {'days': 'We', 'startTime': '10:30', 'endTime': '11:20', 'campus': 'Surrey'}]",Vivian Neal,2
SEE 410W,D100,fall,2024,Completion of at least 24 units from the upper division list of SEE courses and completion of two co-op terms.,,True,"[{'days': 'We', 'startTime': '11:30', 'endTime': '12:20', 'campus': 'Surrey'}, {'days': 'Fr', 'startTime': '10:30', 'endTime': '12:20', 'campus': 'Surrey'}]",Manpreet Kaur;Min Xu,3
SEE 477,E100,fall,2024,Permission of the undergraduate curriculum chair.,,True,"[{'days': 'Mo', 'startTime': '16:30', 'endTime': '17:50', 'campus': 'Surrey'}, {'days': 'Tu', 'startTime': '16:30', 'endTime': '17:50', 'campus': 'Surrey'}, {'days': 'Th', 'startTime': '16:30', 'endTime': '17:50', 'campus': 'Surrey'}]",Vahid Hosseini,3
SEE 490,D100,fall,2024,SEE 390 or SEE 394.,SEE 390;SEE 394,False,"[{'days': 'Mo, Tu, We, Th, Fr', 'startTime': '8:00', 'endTime': '20:00', 'campus': None}]",Tyler Schwartz;Wendy McKay;Stephanie Greaves,3
SEE 498,D100,fall,2024,"At least 115 units with a minimum 3.0 CGPA and approval of the department, or permission of the academic supervisor.",,True,[],,3
TEKX 101,D100,fall,2024,,,False,"[{'days': 'Fr', 'startTime': '12:30', 'endTime': '14:20', 'campus': 'Burnaby'}]",Juan Ferrer,3
ARAB 100,D100,fall,2024,,,False,"[{'days': 'We, Fr', 'startTime': '14:30', 'endTime': '16:20', 'campus': 'Burnaby'}]",Rastin Mehri,3
CHIN 100,B100,fall,2024,,,False,[],Billie Ng,3
COGS 100,D100,fall,2024,Open to all students.,,False,"[{'days': 'Tu', 'startTime': '14:30', 'endTime': '17:20', 'campus': 'Burnaby'}]",Jeremy Turner,3
COGS 100,D900,fall,2024,Open to all students.,,False,"[{'days': 'We', 'startTime': '14:30', 'endTime': '17:20', 'campus': 'Surrey'}]",Jeremy Turner,3
COGS 110,D100,fall,2024,,,False,"[{'days': 'We', 'startTime': '13:30', 'endTime': '14:20', 'campus': 'Burnaby'}, {'days': 'Fr', 'startTime': '12:30', 'endTime': '14:20', 'campus': 'Burnaby'}]",Mark Blair,3
COGS 200,D100,fall,2024,COGS 100.,COGS 100,False,"[{'days': 'We', 'startTime': '13:30', 'endTime': '14:20', 'campus': 'Burnaby'}, {'days': 'Fr', 'startTime': '12:30', 'endTime': '14:20', 'campus': 'Burnaby'}]",Margaret Grant,3
COGS 310,D100,fall,2024,COGS 100 and 200 (or permission of the instructor).,COGS 100,False,"[{'days': 'Tu', 'startTime': '10:30', 'endTime': '12:20', 'campus': 'Burnaby'}, {'days': 'Fr', 'startTime': '10:30', 'endTime': '11:20', 'campus': 'Burnaby'}]",Kathleen Akins,3
COGS 315,D100,fall,2024,"One of: PHIL 110, 210, 310, 314, MACM 101, BUEC 232 or STAT 270.",PHIL 110;MACM 101;BUEC 232;STAT 270,False,"[{'days': 'Mo', 'startTime': '14:30', 'endTime': '16:20', 'campus': 'Burnaby'}, {'days': 'Tu', 'startTime': '14:30', 'endTime': '16:20', 'campus': 'Burnaby'}, {'days': 'We', 'startTime': '14:30', 'endTime': '15:20', 'campus': 'Burnaby'}]",Gregory Lauro,3
CRIM 101,D100,fall,2024,,,False,"[{'days': 'Th', 'startTime': '14:30', 'endTime': '16:20', 'campus': 'Burnaby'}]",Bryan Kinney,3
CRIM 101,D200,fall,2024,,,False,"[{'days': 'Mo', 'startTime': '10:30', 'endTime': '12:20', 'campus': 'Burnaby'}, {'days': 'Tu', 'startTime': '10:30', 'endTime': '12:20', 'campus': 'Burnaby'}]",Logan Macnair,3
CRIM 101,D900,fall,2024,,,False,"[{'days': 'Tu', 'startTime': '8:30', 'endTime': '10:20', 'campus': 'Surrey'}]",Farzana Kara,3
CRIM 103,D100,fall,2024,PSYC 100 and 102 are recommended.,PSYC 100,False,"[{'days': 'Fr', 'startTime': '10:30', 'endTime': '12:20', 'campus': 'Burnaby'}]",Suzanna Michener,3
CRIM 104,D100,fall,2024,SA 150 is recommended.,SA 150,False,"[{'days': 'Th', 'startTime': '10:30', 'endTime': '12:20', 'campus': 'Burnaby'}]",Andrea Krusi,3
CRIM 104,E200,fall,2024,SA 150 is recommended.,SA 150,False,"[{'days': 'Mo', 'startTime': '17:30', 'endTime': '19:20', 'campus': 'Burnaby'}, {'days': 'Tu', 'startTime': '17:30', 'endTime': '19:20', 'campus': 'Burnaby'}]",Nikolay Shchitov,3
CRIM 131,D100,fall,2024,,,False,"[{'days': 'Th', 'startTime': '14:30', 'endTime': '17:20', 'campus': 'Burnaby'}]",Nikolay Shchitov,3
CRIM 131,D900,fall,2024,,,False,"[{'days': 'We', 'startTime': '9:30', 'endTime': '12:20', 'campus': 'Surrey'}]",Farzana Kara,3
CRIM 135,D100,fall,2024,,,False,"[{'days': 'Fr', 'startTime': '14:30', 'endTime': '17:20', 'campus': 'Burnaby'}]",Graeme Bowbrick,3
CRIM 135,OL01,fall,2024,,,False,[],Helene Love,3
CRIM 210,B100,fall,2024,CRIM 101 and CRIM 131.,CRIM 101;CRIM 131,False,"[{'days': 'Th', 'startTime': '14:30', 'endTime': '16:20', 'campus': 'Burnaby'}]",Evan Mccuish,3
CRIM 220,OL01,fall,2024,Any 100 division CRIM course is recommended.,,False,[],Shannon Linning,3
CRIM 230,B900,fall,2024,CRIM 135.,CRIM 135,False,"[{'days': 'Fr', 'startTime': '12:30', 'endTime': '14:20', 'campus': 'Surrey'}]",Tamara O'Doherty,3
CRIM 230,E100,fall,2024,CRIM 135.,CRIM 135,False,"[{'days': 'Th', 'startTime': '16:30', 'endTime': '18:20', 'campus': 'Burnaby'}]",Amy Conroy,3
CRIM 241,D100,fall,2024,CRIM 131.,CRIM 131,False,"[{'days': 'Mo', 'startTime': '14:30', 'endTime': '16:20', 'campus': 'Burnaby'}, {'days': 'Tu', 'startTime': '14:30', 'endTime': '16:20', 'campus': 'Burnaby'}]",Amanda Butler,3
CRIM 251,E100,fall,2024,CRIM 131.,CRIM 131,False,"[{'days': 'Th', 'startTime': '18:30', 'endTime': '21:20', 'campus': 'Burnaby'}]",Rylan Simpson,3
CRIM 300W,D100,fall,2024,CRIM 101.,CRIM 101,False,"[{'days': 'Fr', 'startTime': '12:30', 'endTime': '14:20', 'campus': 'Burnaby'}]",Alexandra Lysova,3
CRIM 300W,E200,fall,2024,CRIM 101.,CRIM 101,False,"[{'days': 'Th', 'startTime': '16:30', 'endTime': '18:20', 'campus': 'Burnaby'}]",Logan Macnair,3
CRIM 303,D100,fall,2024,Any 100 division CRIM course.,,False,"[{'days': 'Tu', 'startTime': '14:30', 'endTime': '16:20', 'campus': 'Burnaby'}]",Bryan Kinney,3
CRIM 304,B100,fall,2024,Any 100 division CRIM courses.,,False,"[{'days': 'Fr', 'startTime': '14:30', 'endTime': '16:20', 'campus': 'Burnaby'}]",Danielle Nurdoch;Danielle Murdoch,3
CRIM 315,B100,fall,2024,45 units.,,False,"[{'days': 'Mo', 'startTime': '18:30', 'endTime': '20:20', 'campus': 'Burnaby'}]",Brenda Morrison,4
CRIM 317,OL01,fall,2024,CRIM 101.,CRIM 101,False,[],Tamara O'Doherty,3
CRIM 320,B100,fall,2024,CRIM 101; one of CRIM 120 or 220. CRIM 320 may be taken concurrently with CRIM 321.,CRIM 101;CRIM 120;CRIM 320;CRIM 321,False,"[{'days': 'Th', 'startTime': '8:30', 'endTime': '10:20', 'campus': 'Burnaby'}]",Martin Andresen,3
CRIM 320,D200,fall,2024,CRIM 101; one of CRIM 120 or 220. CRIM 320 may be taken concurrently with CRIM 321.,CRIM 101;CRIM 120;CRIM 320;CRIM 321,False,"[{'days': 'Fr', 'startTime': '12:30', 'endTime': '14:20', 'campus': 'Burnaby'}]",Garth Davies,3
CRIM 321,D100,fall,2024,CRIM 101; one of CRIM 120 or 220. This course may be taken concurrently with CRIM 320.,CRIM 101;CRIM 120;CRIM 320,False,"[{'days': 'Fr', 'startTime': '9:30', 'endTime': '12:20', 'campus': 'Burnaby'}]",Sheri Fabian,3
CRIM 321,D200,fall,2024,CRIM 101; one of CRIM 120 or 220. This course may be taken concurrently with CRIM 320.,CRIM 101;CRIM 120;CRIM 320,False,"[{'days': 'Mo', 'startTime': '12:30', 'endTime': '14:20', 'campus': 'Burnaby'}, {'days': 'Tu', 'startTime': '12:30', 'endTime': '14:20', 'campus': 'Burnaby'}]",Ted Palys,3
CRIM 330,D100,fall,2024,CRIM 101 and 230.,CRIM 101,False,"[{'days': 'Th', 'startTime': '11:30', 'endTime': '14:20', 'campus': 'Burnaby'}]",Helene Love,3
CRIM 330,E200,fall,2024,CRIM 101 and 230.,CRIM 101,False,"[{'days': 'We', 'startTime': '17:30', 'endTime': '20:20', 'campus': 'Burnaby'}]",Amy Conroy,3
CRIM 332,D100,fall,2024,CRIM 101 and 135.,CRIM 101,False,"[{'days': 'Mo', 'startTime': '14:30', 'endTime': '17:20', 'campus': 'Burnaby'}, {'days': 'Tu', 'startTime': '14:30', 'endTime': '17:20', 'campus': 'Burnaby'}]",Amy Conroy,3
CRIM 335,OL01,fall,2024,CRIM 101 and CRIM 135.,CRIM 101;CRIM 135,False,[],Tamara O'Doherty,3
CRIM 343,B100,fall,2024,CRIM 101. Recommended: CRIM 241.,CRIM 101,False,"[{'days': 'Fr', 'startTime': '10:30', 'endTime': '12:20', 'campus': 'Burnaby'}]",Danielle Murdoch,3
CRIM 352,B100,fall,2024,CRIM 101.,CRIM 101,False,"[{'days': 'Th', 'startTime': '14:30', 'endTime': '16:20', 'campus': 'Burnaby'}]",Martin Andresen,3
CRIM 355,D100,fall,2024,45 units.,,False,"[{'days': 'Th', 'startTime': '12:30', 'endTime': '14:20', 'campus': 'Burnaby'}]",Suzanna Michener,3
CRIM 355,OL01,fall,2024,45 units.,,False,[],Gail Anderson,3
CRIM 356,D100,fall,2024,45 units.,,False,"[{'days': 'Tu', 'startTime': '8:30', 'endTime': '10:20', 'campus': 'Burnaby'}]",Lynne Bell,3
CRIM 357,D100,fall,2024,CRIM 101.,CRIM 101,False,"[{'days': 'Mo', 'startTime': '14:30', 'endTime': '17:20', 'campus': 'Burnaby'}, {'days': 'Tu', 'startTime': '14:30', 'endTime': '17:20', 'campus': 'Burnaby'}]",Lynne Bell,3
CRIM 380,D100,fall,2024,CRIM 101.,CRIM 101,False,"[{'days': 'Mo', 'startTime': '10:30', 'endTime': '12:20', 'campus': 'Burnaby'}, {'days': 'Tu', 'startTime': '10:30', 'endTime': '12:20', 'campus': 'Burnaby'}]",Richard Frank,3
CRIM 405,D100,fall,2024,CRIM 101.,CRIM 101,False,"[{'days': 'Tu', 'startTime': '12:30', 'endTime': '14:20', 'campus': 'Burnaby'}]",Alexandra Lysova,3
CRIM 433,B100,fall,2024,CRIM 101.,CRIM 101,False,"[{'days': 'Th', 'startTime': '14:30', 'endTime': '16:20', 'campus': 'Burnaby'}]",Shannon Linning,3
CRIM 438,D100,fall,2024,CRIM 330 is recommended.,CRIM 330,False,"[{'days': 'Tu', 'startTime': '14:30', 'endTime': '17:20', 'campus': 'Burnaby'}]",Pamela Glatt,3
CRIM 451,D100,fall,2024,CRIM 101. Recommended: CRIM 355.,CRIM 101,False,"[{'days': 'Fr', 'startTime': '14:30', 'endTime': '17:20', 'campus': 'Burnaby'}]",Gail Anderson,3
CRIM 454,D100,fall,2024,CRIM 101.,CRIM 101,False,"[{'days': 'Mo', 'startTime': '14:30', 'endTime': '17:20', 'campus': 'Burnaby'}, {'days': 'Tu', 'startTime': '14:30', 'endTime': '17:20', 'campus': 'Burnaby'}]",Eric Beauregard,3
CRIM 480,D100,fall,2024,CRlM 380.,,False,"[{'days': 'Mo', 'startTime': '14:30', 'endTime': '17:20', 'campus': 'Burnaby'}, {'days': 'Tu', 'startTime': '14:30', 'endTime': '17:20', 'campus': 'Burnaby'}]",Richard Frank,3
ECON 102,D100,fall,2024,,,False,"[{'days': 'Mo', 'startTime': '14:30', 'endTime': '17:20', 'campus': 'Burnaby'}, {'days': 'Tu', 'startTime': '14:30', 'endTime': '17:20', 'campus': 'Burnaby'}]",Nicolas Schmitt,3
ECON 103,D100,fall,2024,,,False,"[{'days': 'Mo', 'startTime': '8:30', 'endTime': '9:20', 'campus': 'Burnaby'}, {'days': 'Tu', 'startTime': '8:30', 'endTime': '9:20', 'campus': 'Burnaby'}, {'days': 'Th', 'startTime': '8:30', 'endTime': '10:20', 'campus': 'Burnaby'}]",Douglas Allen,4
ECON 103,D200,fall,2024,,,False,"[{'days': 'Tu', 'startTime': '11:30', 'endTime': '13:20', 'campus': 'Burnaby'}, {'days': 'Th', 'startTime': '11:30', 'endTime': '12:20', 'campus': 'Burnaby'}]",Marie Rekkas,4
ECON 103,D900,fall,2024,,,False,"[{'days': 'We, Fr', 'startTime': '10:30', 'endTime': '12:20', 'campus': 'Surrey'}]",Yan Yan,4
ECON 105,D100,fall,2024,,,False,"[{'days': 'We', 'startTime': '13:30', 'endTime': '14:20', 'campus': 'Burnaby'}, {'days': 'Fr', 'startTime': '12:30', 'endTime': '14:20', 'campus': 'Burnaby'}]",John Knowles,4
ECON 105,D200,fall,2024,,,False,"[{'days': 'We', 'startTime': '14:30', 'endTime': '17:20', 'campus': 'Burnaby'}]",Vasyl Golovetskyy,4
ECON 105,D900,fall,2024,,,False,"[{'days': 'We, Fr', 'startTime': '14:30', 'endTime': '16:20', 'campus': 'Surrey'}]",Yan Yan,4
ECON 113,D100,fall,2024,,,False,"[{'days': 'Th', 'startTime': '12:30', 'endTime': '14:20', 'campus': 'Burnaby'}]",Pierre Mouganie,3
ECON 115,D100,fall,2024,,,False,"[{'days': 'Mo', 'startTime': '14:30', 'endTime': '16:20', 'campus': 'Burnaby'}, {'days': 'Tu', 'startTime': '14:30', 'endTime': '16:20', 'campus': 'Burnaby'}]",Maliha Nazir,3
ECON 201,D100,fall,2024,"ECON 103 with a minimum grade of C- or ECON 113 with a minimum grade of A-; ECON 105 with a minimum grade of C- or ECON 115 with a minimum grade of A-; MATH 150, MATH 151, MATH 154, or MATH 157, with a minimum grade of C-.",ECON 103;ECON 113;ECON 105;ECON 115;MATH 150;MATH 151;MATH 154;MATH 157,False,"[{'days': 'Mo', 'startTime': '10:30', 'endTime': '12:20', 'campus': 'Burnaby'}, {'days': 'Tu', 'startTime': '10:30', 'endTime': '12:20', 'campus': 'Burnaby'}, {'days': 'We', 'startTime': '10:30', 'endTime': '11:20', 'campus': 'Burnaby'}]",Gulriz Barkin,4
ECON 302,D200,fall,2024,ECON 201 with a minimum grade of C-; 60 units.,ECON 201,False,"[{'days': 'Tu', 'startTime': '14:30', 'endTime': '17:20', 'campus': 'Burnaby'}]",Gulriz Barkin,4
ECON 305,D100,fall,2024,ECON 201 with a minimum grade of C-; 60 units. Students with a minimum grade of A- in ECON 103 and 105 at Simon Fraser University at their first attempt can complete ECON 305 concurrently with ECON 201 after 30 units. Students seeking permission to enroll on this basis must contact the undergraduate advisor in economics.,ECON 201;ECON 103;ECON 305,False,"[{'days': 'Tu', 'startTime': '10:30', 'endTime': '12:20', 'campus': 'Burnaby'}, {'days': 'Fr', 'startTime': '10:30', 'endTime': '11:20', 'campus': 'Burnaby'}]",John Knowles,4
ECON 334,D100,fall,2024,"ECON 233 or BUS 232 or STAT 270 or POL 201, with a minimum grade of C-; ECON 103 with a minimum grade of C-, or ECON 113 with a minimum grade of A-, or ECON 105 with a minimum grade of C-, or ECON 115 with a minimum grade of A-.",ECON 233;BUS 232;STAT 270;POL 201;ECON 103;ECON 113;ECON 105;ECON 115,False,"[{'days': 'Fr', 'startTime': '12:30', 'endTime': '14:20', 'campus': 'Burnaby'}]",Kevin Schnepel,3
ECON 345,D100,fall,2024,ECON 103 with a minimum grade of C- or ECON 113 with a minimum grade of A-; ECON 105 with a minimum grade of C- or ECON 115 with a minimum grade of A-; 60 units or permission of the department.,ECON 103;ECON 113;ECON 105;ECON 115,False,"[{'days': 'Tu', 'startTime': '11:30', 'endTime': '14:20', 'campus': 'Burnaby'}]",Kenneth Kasa,3
ECON 383,D100,fall,2024,To be determined by the instructor subject to approval by the department chair.,,True,"[{'days': 'Tu', 'startTime': '8:30', 'endTime': '11:20', 'campus': 'Burnaby'}]",Gulriz Barkin,3
ECON 393,D100,fall,2024,,,False,[],Yan Yan,3
ECON 402,D100,fall,2024,"ECON 302 and 331, with a minimum grade of C-. Students who have completed both MATH 232 and 251 may substitute these courses for ECON 331. Entry into this course requires a minimum CGPA of 3.0 or permission of the department.",ECON 302;MATH 232;ECON 331,False,"[{'days': 'Tu', 'startTime': '11:30', 'endTime': '13:20', 'campus': 'Burnaby'}, {'days': 'Th', 'startTime': '11:30', 'endTime': '12:20', 'campus': 'Burnaby'}]",Douglas Allen,4
ECON 435,D100,fall,2024,"ECON 201 and ECON (or BUEC) 333, all with a minimum grade of C-. Entry into this course requires a minimum CGPA of 3.0 or permission of the department.",ECON 201,False,"[{'days': 'We', 'startTime': '9:30', 'endTime': '12:20', 'campus': 'Burnaby'}]",Dongwoo Kim,5
ECON 455W,D100,fall,2024,ECON 333 with a minimum grade of C-.,ECON 333,False,"[{'days': 'Mo', 'startTime': '14:30', 'endTime': '17:20', 'campus': 'Burnaby'}, {'days': 'Tu', 'startTime': '14:30', 'endTime': '17:20', 'campus': 'Burnaby'}]",Kevin Laughren,3
ECON 494,D100,fall,2024,"ECON 302, 305 and ECON (or BUEC) 333, all with a minimum grade of C-. A minimum CGPA of 3.0.",ECON 302,False,"[{'days': 'Fr', 'startTime': '9:30', 'endTime': '12:20', 'campus': 'Burnaby'}]",Fernando Aragon Sanchez,3
ENGL 111W,D100,fall,2024,,,False,"[{'days': 'Th', 'startTime': '10:30', 'endTime': '12:20', 'campus': 'Burnaby'}]",Leith Davis,3
ENGL 113W,D100,fall,2024,,,False,"[{'days': 'Mo, We', 'startTime': '11:30', 'endTime': '12:20', 'campus': 'Burnaby'}, {'days': 'Tu', 'startTime': '11:30', 'endTime': '12:20', 'campus': 'Burnaby'}]",Paul Budra,3
ENGL 114W,D100,fall,2024,,,False,"[{'days': 'Mo, We', 'startTime': '12:30', 'endTime': '13:20', 'campus': 'Burnaby'}, {'days': 'Tu', 'startTime': '12:30', 'endTime': '13:20', 'campus': 'Burnaby'}]",Sean Zwagerman,3
ENGL 114W,D900,fall,2024,,,False,"[{'days': 'Tu', 'startTime': '10:30', 'endTime': '12:20', 'campus': 'Surrey'}]",Alys Avalos Rivera,3
ENGL 199W,OL01,fall,2024,12 units.,,False,[],Alys Avalos Rivera,3
ENGL 202,B100,fall,2024,12 units or one 100-division English course.,,False,"[{'days': 'Mo', 'startTime': '10:30', 'endTime': '12:20', 'campus': 'Burnaby'}, {'days': 'Tu', 'startTime': '10:30', 'endTime': '12:20', 'campus': 'Burnaby'}]",Michelle Levy,3
ENGL 210,D100,fall,2024,12 units or one 100-division English course.,,False,"[{'days': 'Th', 'startTime': '12:30', 'endTime': '14:20', 'campus': 'Burnaby'}]",Jon Smith,3
ENGL 214,D100,fall,2024,12 units or one 100-division English course.,,False,"[{'days': 'We', 'startTime': '14:30', 'endTime': '17:20', 'campus': 'Burnaby'}]",Peter Cramer,3
ENGL 216,D100,fall,2024,12 units or one 100-division English course.,,False,"[{'days': 'Th', 'startTime': '9:30', 'endTime': '11:20', 'campus': 'Burnaby'}]",JD Fleming,3
ENGL 272,D100,fall,2024,"ENGL 111W, 112W, 113W, 114W, or 115W; or WL 105W; or PUB 101.",ENGL 111W;WL 105W;PUB 101,False,"[{'days': 'Tu', 'startTime': '14:30', 'endTime': '17:20', 'campus': 'Burnaby'}]",Cornel Bogle,3
ENGL 304,D100,fall,2024,30 units or two 200-division English courses.,,False,"[{'days': 'Tu, Th', 'startTime': '12:30', 'endTime': '14:20', 'campus': 'Burnaby'}]",Matthew Hussey,4
ENGL 320,D100,fall,2024,30 units or two 200-division English courses.,,False,"[{'days': 'Tu, Th', 'startTime': '14:30', 'endTime': '16:20', 'campus': 'Burnaby'}]",Nicky Didicher,4
ENGL 355,E100,fall,2024,30 units or two 200-division English courses.,,False,"[{'days': 'Tu', 'startTime': '16:30', 'endTime': '20:20', 'campus': 'Burnaby'}]",Alexa Manuel,4
ENGL 360,D100,fall,2024,30 units or two 200-division English courses.,,False,"[{'days': 'Tu, Th', 'startTime': '10:30', 'endTime': '12:20', 'campus': 'Burnaby'}]",Deanna Reder,4
ENGL 372,E100,fall,2024,30 units; or two 200-division English courses; or formal declaration in the creative writing minor and ENGL 272.,ENGL 272,False,"[{'days': 'We', 'startTime': '16:30', 'endTime': '20:20', 'campus': 'Burnaby'}]",Stephen Collis,4
ENGL 376,D100,fall,2024,30 units or two 200-division English courses.,,False,"[{'days': 'Tu, Th', 'startTime': '10:30', 'endTime': '12:20', 'campus': 'Burnaby'}]",David Coley,4
ENGL 376,D200,fall,2024,30 units or two 200-division English courses.,,False,"[{'days': 'Tu, Th', 'startTime': '14:30', 'endTime': '16:20', 'campus': 'Burnaby'}]",JD Fleming,4
ENGL 383,E100,fall,2024,30 units or two 200-division English courses.,,False,"[{'days': 'Th', 'startTime': '16:30', 'endTime': '20:20', 'campus': 'Burnaby'}]",Jon Smith,4
ENGL 385,D100,fall,2024,30 units or two 200-division English courses.,,False,"[{'days': 'Mo', 'startTime': '12:30', 'endTime': '14:20', 'campus': 'Burnaby'}, {'days': 'Tu', 'startTime': '12:30', 'endTime': '14:20', 'campus': 'Burnaby'}]",Torsten Kehler,4
ENGL 414W,D100,fall,2024,45 units or two 300-division English courses.,,False,"[{'days': 'We, Fr', 'startTime': '8:30', 'endTime': '10:20', 'campus': 'Burnaby'}]",Paul Budra,4
ENGL 417W,E100,fall,2024,45 units or two 300-division English courses.,,False,"[{'days': 'Mo', 'startTime': '16:30', 'endTime': '20:20', 'campus': 'Burnaby'}, {'days': 'Tu', 'startTime': '16:30', 'endTime': '20:20', 'campus': 'Burnaby'}]",Nicky Didicher,4
ENGL 418W,D100,fall,2024,"Reserved for English honours, major, joint major and minor students.",,False,"[{'days': 'Th', 'startTime': '13:30', 'endTime': '17:20', 'campus': 'Burnaby'}]",Ziwei Yan,4
ENGL 433W,D100,fall,2024,45 units or two 300-division English courses.,,False,"[{'days': 'Tu, Th', 'startTime': '14:30', 'endTime': '16:20', 'campus': 'Burnaby'}]",David Coley,4
ENGL 433W,E100,fall,2024,45 units or two 300-division English courses.,,False,"[{'days': 'Fr', 'startTime': '16:30', 'endTime': '20:20', 'campus': 'Burnaby'}]",Leith Davis,4
ENGL 437W,D100,fall,2024,45 units or two 300-division English courses.,,False,"[{'days': 'Tu, Th', 'startTime': '14:30', 'endTime': '16:20', 'campus': 'Burnaby'}]",Michael Everton,4
ENGL 470W,D100,fall,2024,"45 units including at least one upper division English course, or permission of instructor. Reserved for English honours, major, joint major and minor students.",,True,"[{'days': 'Tu, Th', 'startTime': '12:30', 'endTime': '14:20', 'campus': 'Burnaby'}]",Sean Zwagerman,4
ENGL 493W,E100,fall,2024,45 units or two 300-division English courses.,,False,"[{'days': 'Mo', 'startTime': '16:30', 'endTime': '20:20', 'campus': 'Burnaby'}, {'days': 'Tu', 'startTime': '16:30', 'endTime': '20:20', 'campus': 'Burnaby'}]",Torsten Kehler,4
FREN 101,OL01,fall,2024,,,False,[],Anas Atakora,3
FREN 102,OL01,fall,2024,"FREN 101, FREN 120, or FREN 121 or consult with a French advisor.",FREN 101;FREN 120;FREN 121,False,[],Paola De Rycke,3
FREN 201,B100,fall,2024,Grade 12 French or FREN 102 or FREN 122 or consult with the French advisor.,FREN 102;FREN 122,False,[],Claire Bossavit,3
FREN 202,B100,fall,2024,FREN 201 or FREN 210 or FREN 211 or FREN 212 or FREN 221 or consult with the French advisor.,FREN 201;FREN 210;FREN 211;FREN 212;FREN 221,False,[],Claire Bossavit,3
FREN 203,F100,fall,2024,FREN 202 with a minimum grade of C-.,FREN 202,False,"[{'days': 'Th', 'startTime': '14:30', 'endTime': '17:20', 'campus': 'Burnaby'}]",Guillaume Girard,3
FREN 245,D100,fall,2024,Grade 12 French Immersion or FREN 202 with a minimum grade of C+ or permission of the Department of French.,FREN 202,False,"[{'days': 'We', 'startTime': '14:30', 'endTime': '17:20', 'campus': 'Burnaby'}]",Guillaume Girard,3
FREN 245,F100,fall,2024,Grade 12 French Immersion or FREN 202 with a minimum grade of C+ or permission of the Department of French.,FREN 202,False,"[{'days': 'Tu', 'startTime': '14:30', 'endTime': '17:20', 'campus': 'Burnaby'}]",Jorge Calderon,3
FREN 275,D100,fall,2024,Grade 12 French Immersion or FREN 202 with a minimum grade of C+ or permission of the Department of French.,FREN 202,False,"[{'days': 'Mo', 'startTime': '14:30', 'endTime': '17:20', 'campus': 'Burnaby'}, {'days': 'Tu', 'startTime': '14:30', 'endTime': '17:20', 'campus': 'Burnaby'}]",Cecile Vigouroux,3
FREN 300,D100,fall,2024,Grade 12 French Immersion or FREN 202 with a minimum grade of C+ or permission of the Department of French.,FREN 202,False,"[{'days': 'Th', 'startTime': '14:30', 'endTime': '17:20', 'campus': 'Burnaby'}]",Anas Atakora,3
FREN 301W,D100,fall,2024,Grade 12 French Immersion or FREN 202 with a minimum grade of C+ or permission of the Department of French.,FREN 202,False,"[{'days': 'We', 'startTime': '9:30', 'endTime': '12:20', 'campus': 'Burnaby'}]",Paola De Rycke,3
FREN 303,D100,fall,2024,FREN 202 with a minimum grade of C- or Grade 12 French Immersion or with the permission of the Department of French.,FREN 202,False,"[{'days': 'Fr', 'startTime': '9:30', 'endTime': '12:20', 'campus': 'Burnaby'}]",Paola De Rycke,3
FREN 334,D100,fall,2024,FREN 275 or 270 OR LING 222.,FREN 275;LING 222,False,"[{'days': 'Th', 'startTime': '11:30', 'endTime': '14:20', 'campus': 'Burnaby'}]",Gaelle Planchenault,3
FREN 341,D100,fall,2024,FREN 245 or 230 or 240.,FREN 245,False,"[{'days': 'Tu', 'startTime': '11:30', 'endTime': '14:20', 'campus': 'Burnaby'}]",Stephen Steele,3
FREN 365,D100,fall,2024,FREN 245.,FREN 245,False,"[{'days': 'Tu', 'startTime': '14:30', 'endTime': '17:20', 'campus': 'Burnaby'}]",Joel Akinwumi,3
FREN 420,D100,fall,2024,"FREN 270 or 275 or LING 222, FREN 301W, and at least one 300-level group A (ling.) course.",FREN 270;LING 222;FREN 301W,False,"[{'days': 'Mo', 'startTime': '9:30', 'endTime': '12:20', 'campus': 'Burnaby'}, {'days': 'Tu', 'startTime': '9:30', 'endTime': '12:20', 'campus': 'Burnaby'}]",Cecile Vigouroux,3
FREN 442,D100,fall,2024,"FREN 230 or 240 or 245, FREN 301W, and at least one 300-level group B (lit.) course.",FREN 230;FREN 301W,False,"[{'days': 'Th', 'startTime': '14:30', 'endTime': '17:20', 'campus': 'Burnaby'}]",Stephen Steele,3
FREN 452,D100,fall,2024,"FREN 230 or 240 or 245, FREN 270 or 275 or LING 222, FREN 301W, and at least one 300-level group A (ling.) or group B (lit.) course.",FREN 230;FREN 270;LING 222;FREN 301W,False,"[{'days': 'Mo', 'startTime': '14:30', 'endTime': '17:20', 'campus': 'Burnaby'}, {'days': 'Tu', 'startTime': '14:30', 'endTime': '17:20', 'campus': 'Burnaby'}]",Gaelle Planchenault,3
GA 101,D100,fall,2024,,,False,"[{'days': 'Fr', 'startTime': '10:30', 'endTime': '12:20', 'campus': 'Burnaby'}]",Anushay Malik,3
GA 211,D100,fall,2024,15 units.,,False,"[{'days': 'We', 'startTime': '14:30', 'endTime': '17:20', 'campus': 'Burnaby'}]",Maral Aguilera-Moradipour,3
GERM 100,D100,fall,2024,,,False,"[{'days': 'Tu, Th', 'startTime': '10:30', 'endTime': '12:20', 'campus': 'Burnaby'}]",Claudia Hein,3
GERM 100,D300,fall,2024,,,False,"[{'days': 'We, Fr', 'startTime': '12:30', 'endTime': '14:20', 'campus': 'Burnaby'}]",,3
GERM 200,D100,fall,2024,GERM 110 (or GERM 103) or equivalent.,GERM 110;GERM 103,False,"[{'days': 'Tu, Th', 'startTime': '14:30', 'endTime': '16:20', 'campus': 'Burnaby'}]",Claudia Hein,3
GERM 300,D100,fall,2024,GERM 202 or consent of the instructor.,GERM 202,False,"[{'days': 'We, Fr', 'startTime': '14:30', 'endTime': '16:20', 'campus': 'Burnaby'}]",Claudia Hein,3
GERO 300,D100,fall,2024,60 units.,,False,"[{'days': 'Tu', 'startTime': '11:30', 'endTime': '14:20', 'campus': 'Burnaby'}]",Mei Fang,3
GERO 301,OL01,fall,2024,60 units.,,False,[],Theodore Cosco,3
GERO 404,D100,fall,2024,60 units. Recommended: GERO 300.,,False,"[{'days': 'We', 'startTime': '9:30', 'endTime': '12:20', 'campus': 'Vancouver'}]",Andrew Sixsmith,3
GERO 411,D100,fall,2024,60 units. Recommended: GERO 300.,,False,"[{'days': 'We', 'startTime': '14:30', 'endTime': '17:20', 'campus': 'Vancouver'}]",Theresa Pauly,3
GERO 420,OL01,fall,2024,60 units. Recommended: GERO 300.,,False,[],Andrew Wister,4
GRK 100,B100,fall,2024,,,False,[],Dionysia Eirini Kotsovili,3
GSWS 100,OL01,fall,2024,,,False,[],Helen Leung,3
GSWS 101,OL01,fall,2024,,,False,[],Ka Man Carman Fung,3
GSWS 102,D900,fall,2024,,,False,"[{'days': 'Fr', 'startTime': '10:30', 'endTime': '12:20', 'campus': 'Surrey'}]",Jennifer Marchbank,3
GSWS 200,D100,fall,2024,,,False,"[{'days': 'Tu', 'startTime': '14:30', 'endTime': '17:20', 'campus': 'Burnaby'}]",Mariam Georgis,3
GSWS 305,D100,fall,2024,30 units including three units in GSWS or WS or GDST or LBST.,,False,"[{'days': 'Tu', 'startTime': '11:30', 'endTime': '14:20', 'campus': 'Burnaby'}]",Jeannie Morgan,4
GSWS 306,D100,fall,2024,30 units including three units in GSWS or WS or GDST.,,False,"[{'days': 'Tu, Th', 'startTime': '14:30', 'endTime': '16:20', 'campus': 'Burnaby'}]",Reema Faris,4
GSWS 315,D100,fall,2024,15 units.,,False,"[{'days': 'Tu, Th', 'startTime': '10:30', 'endTime': '12:20', 'campus': 'Burnaby'}]",AJ Withers,4
GSWS 316,B100,fall,2024,,,False,[],Alice Nye,4
GSWS 319,B100,fall,2024,30 units including three units in GSWS or WS or GDST.,,False,"[{'days': 'Th', 'startTime': '14:30', 'endTime': '17:20', 'campus': 'Burnaby'}]",Ka Man Carman Fung,4
GSWS 320,E100,fall,2024,15 units.,,False,"[{'days': 'Mo', 'startTime': '16:30', 'endTime': '20:20', 'campus': 'Burnaby'}, {'days': 'Tu', 'startTime': '16:30', 'endTime': '20:20', 'campus': 'Burnaby'}]",Reema Faris,4
GSWS 332,B100,fall,2024,15 units.,,False,"[{'days': 'Th', 'startTime': '14:30', 'endTime': '17:20', 'campus': 'Burnaby'}]",Vaibhav Saria,4
GSWS 388,D100,fall,2024,15 units.,,False,"[{'days': 'We, Fr', 'startTime': '10:30', 'endTime': '12:20', 'campus': 'Burnaby'}]",Nadine Attewell,4
GSWS 414,E100,fall,2024,"45 units, including 6 units in GSWS.",,False,"[{'days': 'We', 'startTime': '16:30', 'endTime': '20:20', 'campus': 'Burnaby'}]",Coleman Nye,4
GSWS 416,D100,fall,2024,"45 units, including six units in GSWS.",,False,"[{'days': 'Fr', 'startTime': '12:30', 'endTime': '16:20', 'campus': 'Burnaby'}]",May Farrales,4
HIST 101,D100,fall,2024,,,False,"[{'days': 'Mo', 'startTime': '14:30', 'endTime': '16:20', 'campus': 'Burnaby'}, {'days': 'Tu', 'startTime': '14:30', 'endTime': '16:20', 'campus': 'Burnaby'}]",Nicholas May,3
HIST 102W,F100,fall,2024,,,False,"[{'days': 'We', 'startTime': '14:30', 'endTime': '17:20', 'campus': 'Burnaby'}]",Nicolas Kenny,3
HIST 106,D900,fall,2024,,,False,"[{'days': 'Tu', 'startTime': '10:30', 'endTime': '12:20', 'campus': 'Surrey'}]",Lauren Rossi,3
HIST 130,D100,fall,2024,,,False,"[{'days': 'Th', 'startTime': '12:30', 'endTime': '14:20', 'campus': 'Burnaby'}]",Luke Clossey,3
HIST 135,D100,fall,2024,,,False,"[{'days': 'Tu', 'startTime': '12:30', 'endTime': '14:20', 'campus': 'Burnaby'}]",Aaron Windel,3
HIST 151,D100,fall,2024,,,False,"[{'days': 'Fr', 'startTime': '10:30', 'endTime': '12:20', 'campus': 'Burnaby'}]",Paul Sedra,3
HIST 212,B100,fall,2024,Recommended: HIST 104.,,False,[],Joseph Taylor,3
HIST 224,D100,fall,2024,,,False,"[{'days': 'Tu', 'startTime': '12:30', 'endTime': '14:20', 'campus': 'Burnaby'}]",Roxanne Panchasi,3
HIST 243,D100,fall,2024,,,False,[],Bidisha Ray,3
HIST 254,D100,fall,2024,,,False,"[{'days': 'Fr', 'startTime': '10:30', 'endTime': '12:20', 'campus': 'Burnaby'}]",Kiyip Yee,3
HIST 276,D100,fall,2024,,,False,"[{'days': 'Tu', 'startTime': '8:30', 'endTime': '10:20', 'campus': 'Burnaby'}]",Evdoxios Doxiadis,3
HIST 325,D100,fall,2024,"45 units, including six units of lower division history.",,False,"[{'days': 'Th', 'startTime': '14:30', 'endTime': '17:20', 'campus': 'Burnaby'}]",Nicholas May,4
HIST 332,D100,fall,2024,"45 units, including six units of lower division history.",,False,"[{'days': 'We', 'startTime': '9:30', 'endTime': '12:20', 'campus': 'Burnaby'}]",Lauren Rossi,4
HIST 334,D100,fall,2024,"45 units, including six units of lower division history. Recommended: HIST 106.",,False,"[{'days': 'Fr', 'startTime': '12:30', 'endTime': '16:20', 'campus': 'Burnaby'}]",Ilya Vinkovetsky,4
HIST 338,OL01,fall,2024,"45 units, including six units of lower division history. Recommended: HIST 225.",,False,[],Michael Lanthier,4
HIST 374W,D100,fall,2024,"45 units, including six units of lower division history.",,False,"[{'days': 'Fr', 'startTime': '8:30', 'endTime': '12:20', 'campus': 'Burnaby'}]",Bianca Hennies Brigidi,4
HIST 382,E100,fall,2024,45 units including 9 units of lower division History.,,False,"[{'days': 'Tu', 'startTime': '16:30', 'endTime': '20:20', 'campus': 'Burnaby'}, {'days': 'Tu', 'startTime': '16:30', 'endTime': '19:20', 'campus': 'Burnaby'}]",Jeanne Essame,4
HIST 420,E100,fall,2024,45 units including nine units of lower division history.,,False,"[{'days': 'We', 'startTime': '16:30', 'endTime': '19:20', 'campus': 'Burnaby'}]",Ilya Vinkovetsky,4
HIST 427,D100,fall,2024,45 units including nine units of lower division history.,,False,"[{'days': 'Tu', 'startTime': '14:30', 'endTime': '17:20', 'campus': 'Burnaby'}]",Nicholas May,4
HIST 435,D100,fall,2024,"45 units including nine units of lower division history, or permission of the department.",,True,"[{'days': 'Mo', 'startTime': '14:30', 'endTime': '17:20', 'campus': 'Vancouver'}, {'days': 'Tu', 'startTime': '14:30', 'endTime': '17:20', 'campus': 'Vancouver'}]",Nicolas Kenny,4
HIST 441,D100,fall,2024,45 units.,,False,"[{'days': 'Mo', 'startTime': '9:30', 'endTime': '12:20', 'campus': 'Burnaby'}, {'days': 'Tu', 'startTime': '9:30', 'endTime': '12:20', 'campus': 'Burnaby'}]",Evdoxios Doxiadis,4
HIST 464,D100,fall,2024,45 units including nine units of lower division history.,,False,"[{'days': 'Tu', 'startTime': '11:30', 'endTime': '14:20', 'campus': 'Burnaby'}]",Janice Jeong,4
HUM 101W,D100,fall,2024,,,False,"[{'days': 'Tu', 'startTime': '12:30', 'endTime': '14:20', 'campus': 'Burnaby'}]",Spyros Sofos,3
HUM 102W,OL01,fall,2024,,,False,[],Alessandra Capperdoni,3
HUM 106,D900,fall,2024,,,False,"[{'days': 'Mo', 'startTime': '14:30', 'endTime': '17:20', 'campus': 'Surrey'}, {'days': 'Tu', 'startTime': '14:30', 'endTime': '17:20', 'campus': 'Surrey'}]",Evan Freeman,3
HUM 110,D100,fall,2024,,,False,"[{'days': 'We', 'startTime': '14:30', 'endTime': '17:20', 'campus': 'Burnaby'}]",Dionysia Eirini Kotsovili;Dimitrios Krallis;Evan Freeman;James Horncastle;Spyros Sofos,3
HUM 130,D100,fall,2024,,,False,"[{'days': 'Th', 'startTime': '14:30', 'endTime': '16:20', 'campus': 'Burnaby'}]",Jason Brown,3
HUM 130,OL01,fall,2024,,,False,[],Jason Brown,3
HUM 150,D100,fall,2024,,,False,"[{'days': 'Tu', 'startTime': '14:30', 'endTime': '17:20', 'campus': 'Burnaby'}]",James Horncastle,3
HUM 211,D100,fall,2024,,,False,"[{'days': 'Tu', 'startTime': '14:30', 'endTime': '17:20', 'campus': 'Burnaby'}]",Alessandra Capperdoni,3
HUM 231,D100,fall,2024,,,False,"[{'days': 'We', 'startTime': '15:30', 'endTime': '16:50', 'campus': 'Burnaby'}, {'days': 'Fr', 'startTime': '15:30', 'endTime': '16:50', 'campus': 'Burnaby'}]",Aurora Camano,3
HUM 305,B100,fall,2024,45 units.,,False,"[{'days': 'Th', 'startTime': '14:30', 'endTime': '17:20', 'campus': 'Burnaby'}]",Evan Freeman,4
HUM 318,B100,fall,2024,45 units.,,False,"[{'days': 'We', 'startTime': '9:30', 'endTime': '12:20', 'campus': 'Burnaby'}]",Dionysia Eirini Kotsovili,4
HUM 340,B100,fall,2024,45 units.,,False,"[{'days': 'Mo', 'startTime': '14:30', 'endTime': '17:20', 'campus': 'Burnaby'}, {'days': 'Tu', 'startTime': '14:30', 'endTime': '17:20', 'campus': 'Burnaby'}]",Emily O'Brien,4
HUM 360,B100,fall,2024,45 units.,,False,"[{'days': 'We', 'startTime': '14:30', 'endTime': '17:20', 'campus': 'Burnaby'}]",Jason Brown,4
HUM 360,B300,fall,2024,45 units.,,False,"[{'days': 'Th', 'startTime': '14:30', 'endTime': '17:20', 'campus': 'Burnaby'}]",Spyros Sofos,4
HUM 360,OL01,fall,2024,45 units.,,False,"[{'days': 'Tu', 'startTime': '14:30', 'endTime': '17:20', 'campus': 'Burnaby'}]",Paul Garfinkel,4
HUM 460,B100,fall,2024,45 units.,,False,"[{'days': 'Mo', 'startTime': '9:30', 'endTime': '12:20', 'campus': 'Burnaby'}, {'days': 'Tu', 'startTime': '9:30', 'endTime': '12:20', 'campus': 'Burnaby'}]",Dimitrios Krallis,4
INDG 101,D100,fall,2024,,,False,"[{'days': 'We', 'startTime': '14:30', 'endTime': '17:20', 'campus': 'Burnaby'}]",Chelsey Armstrong,3
INDG 101,D900,fall,2024,,,False,"[{'days': 'Th', 'startTime': '9:30', 'endTime': '12:20', 'campus': 'Surrey'}]",Bryan Myles,3
INDG 101,OL01,fall,2024,,,False,[],Joyce Schneider,3
INDG 201W,OL01,fall,2024,,,False,[],Alix Shield,3
INDG 210,OL01,fall,2024,or Corequisite: INDG 101 or INDG 201W.,INDG 101;INDG 201W,False,[],Alix Shield,3
INDG 211,B100,fall,2024,,,False,"[{'days': 'Th', 'startTime': '12:30', 'endTime': '14:20', 'campus': 'Burnaby'}]",Natahnee Winder,3
INDG 232,D100,fall,2024,INDG (or FNST) 101 or 201W.,,False,"[{'days': 'Mo', 'startTime': '14:30', 'endTime': '17:20', 'campus': 'Burnaby'}, {'days': 'Tu', 'startTime': '14:30', 'endTime': '17:20', 'campus': 'Burnaby'}]",Chelsey Armstrong,3
INDG 250,D100,fall,2024,INDG 101.,INDG 101,False,"[{'days': 'We', 'startTime': '14:30', 'endTime': '17:20', 'campus': 'Burnaby'}]",Jeannie Morgan,3
INDG 286,B100,fall,2024,Recommended: INDG 101.,,False,"[{'days': 'Tu', 'startTime': '12:30', 'endTime': '14:20', 'campus': 'Burnaby'}]",Joyce Schneider,3
INDG 301,D100,fall,2024,INDG (or FNST) 101 or 201W.,,False,"[{'days': 'Tu', 'startTime': '14:30', 'endTime': '17:20', 'campus': 'Burnaby'}]",Wenona Hall,3
INDG 305,OL01,fall,2024,,,False,[],Eldon Yellowhorn,1
INDG 322,BLS1,fall,2024,Will vary according to the topic.,,False,"[{'days': 'Th', 'startTime': '14:30', 'endTime': '16:20', 'campus': 'Burnaby'}]",Zoe Todd,3
INDG 333,OL01,fall,2024,Either INDG (or FNST) 101 or 201W.,,False,[],Robert Bandringa,3
INDG 360,D100,fall,2024,45 units.,,False,"[{'days': 'Tu, Th', 'startTime': '10:30', 'endTime': '12:20', 'campus': 'Burnaby'}]",Deanna Reder,4
INDG 401,D100,fall,2024,INDG (or FNST) 101 or 201W. Recommended: POL 221.,,False,"[{'days': 'Mo', 'startTime': '9:30', 'endTime': '12:20', 'campus': 'Burnaby'}, {'days': 'Tu', 'startTime': '9:30', 'endTime': '12:20', 'campus': 'Burnaby'}]",Natahnee Winder,3
INDG 419,BLS1,fall,2024,"INDG (or FNST) 101 or 201W, or CRIM 101, or permission of the instructor.",CRIM 101,False,"[{'days': 'Th', 'startTime': '16:30', 'endTime': '18:20', 'campus': 'Burnaby'}]",Michaela McGuire,3
INDG 433,D100,fall,2024,,,False,[],annie ross,4
IS 101,D100,fall,2024,,,False,"[{'days': 'Tu', 'startTime': '10:30', 'endTime': '12:20', 'campus': 'Burnaby'}]",Tamir Moustafa,3
IS 101,D900,fall,2024,,,False,"[{'days': 'We', 'startTime': '14:30', 'endTime': '17:20', 'campus': 'Surrey'}]",Logan Masilamani,3
IS 105,D100,fall,2024,,,False,"[{'days': 'We', 'startTime': '14:30', 'endTime': '17:20', 'campus': 'Burnaby'}]",Darren Byler,3
IS 220,D100,fall,2024,,,False,"[{'days': 'Fr', 'startTime': '14:30', 'endTime': '16:20', 'campus': 'Burnaby'}]",Christopher Gibson,3
IS 221,E100,fall,2024,,,False,"[{'days': 'We', 'startTime': '17:30', 'endTime': '20:20', 'campus': 'Burnaby'}]",Nazanin Shahrokni,3
IS 265,D100,fall,2024,,,False,"[{'days': 'Tu', 'startTime': '14:30', 'endTime': '17:20', 'campus': 'Burnaby'}]",Anushay Malik,3
IS 300,D100,fall,2024,IS 101 and 45 units.,IS 101,False,"[{'days': 'Th', 'startTime': '11:30', 'endTime': '14:20', 'campus': 'Vancouver'}]",Sumercan Bozkurt-Gungen,4
IS 304,D100,fall,2024,,,False,[],Alsu Tagirova,4
IS 309,D200,fall,2024,45 units.,,False,"[{'days': 'We', 'startTime': '14:30', 'endTime': '17:20', 'campus': 'Vancouver'}]",Rupak Shrestha,4
IS 315,D100,fall,2024,45 units.,,False,"[{'days': 'Tu', 'startTime': '11:30', 'endTime': '14:20', 'campus': 'Vancouver'}]",Nazanin Shahrokni,4
IS 329,D100,fall,2024,45 units.,,False,"[{'days': 'Mo', 'startTime': '14:30', 'endTime': '17:20', 'campus': 'Vancouver'}, {'days': 'Tu', 'startTime': '14:30', 'endTime': '17:20', 'campus': 'Vancouver'}]",Juan Hernandez;Juan Hernandez Gomez,4
IS 365,D100,fall,2024,45 units.,,False,"[{'days': 'Th', 'startTime': '11:30', 'endTime': '14:20', 'campus': 'Vancouver'}]",Darren Byler,4
IS 419,D100,fall,2024,45 units.,,False,"[{'days': 'Th', 'startTime': '14:30', 'endTime': '17:20', 'campus': 'Vancouver'}]",Anushay Malik,4
IS 423,D100,fall,2024,45 units.,,False,"[{'days': 'Tu', 'startTime': '14:30', 'endTime': '17:20', 'campus': 'Vancouver'}]",Sumercan Bozkurt-Gungen,4
IS 451,D100,fall,2024,90 units. International Studies major or honours students.,,False,"[{'days': 'Tu', 'startTime': '8:30', 'endTime': '11:20', 'campus': 'Vancouver'}]",Christopher Gibson,4
ITAL 100,D100,fall,2024,,,False,"[{'days': 'Tu, Th', 'startTime': '12:30', 'endTime': '14:20', 'campus': 'Burnaby'}]",Vlad Vintila;Sessional;Sonia Del Torto,3
ITAL 300,D100,fall,2024,ITAL 201 or permission of Instructor.,ITAL 201,False,"[{'days': 'Tu, Th', 'startTime': '12:30', 'endTime': '14:20', 'campus': 'Burnaby'}]",Vlad Vintila,3
JAPN 100,D100,fall,2024,,,False,"[{'days': 'We, Fr', 'startTime': '10:30', 'endTime': '12:20', 'campus': 'Burnaby'}]",Naoko Takei,3
JAPN 100,D200,fall,2024,,,False,"[{'days': 'We, Fr', 'startTime': '14:30', 'endTime': '16:20', 'campus': 'Burnaby'}]",Naoko Takei,3
JAPN 100,D300,fall,2024,,,False,"[{'days': 'Tu, Th', 'startTime': '12:30', 'endTime': '14:20', 'campus': 'Burnaby'}]",Naoko Takei,3
JAPN 110,D200,fall,2024,JAPN 100 or equivalent. Students who took Japanese courses in secondary school and/or with previous knowledge of Japanese may need to be evaluated for placement into JAPN 110 or higher level of courses and are required to contact the instructor before enrollment.,JAPN 100;JAPN 110,False,"[{'days': 'Tu, Th', 'startTime': '12:30', 'endTime': '14:20', 'campus': 'Burnaby'}]",,3
JAPN 110,D300,fall,2024,JAPN 100 or equivalent. Students who took Japanese courses in secondary school and/or with previous knowledge of Japanese may need to be evaluated for placement into JAPN 110 or higher level of courses and are required to contact the instructor before enrollment.,JAPN 100;JAPN 110,False,"[{'days': 'Tu, Th', 'startTime': '14:30', 'endTime': '16:20', 'campus': 'Burnaby'}]",,3
LBST 101,D100,fall,2024,,,False,"[{'days': 'Mo', 'startTime': '14:30', 'endTime': '17:20', 'campus': 'Burnaby'}, {'days': 'Tu', 'startTime': '14:30', 'endTime': '17:20', 'campus': 'Burnaby'}]",Logan Masilamani,3
LBST 101,OL01,fall,2024,,,False,[],Kendra Strauss,3
LBST 201,E100,fall,2024,Strongly Recommended: LBST 101.,,False,"[{'days': 'We', 'startTime': '17:30', 'endTime': '20:20', 'campus': 'Burnaby'}]",Nazanin Shahrokni,3
LBST 202,D100,fall,2024,LBST 100 or LBST 101 or with permission of instructor.,LBST 100;LBST 101,False,"[{'days': 'Th', 'startTime': '14:30', 'endTime': '17:20', 'campus': 'Burnaby'}]",Xinying Hu,3
LBST 301W,D100,fall,2024,LBST 100 or LBST 101 or on permission of instructor.,LBST 100;LBST 101,False,"[{'days': 'We', 'startTime': '14:30', 'endTime': '17:20', 'campus': 'Burnaby'}]",Kayla Hilstob,3
LBST 305,D100,fall,2024,30 units including LBST 100 or three units in GSWS or WS or GDST.,LBST 100,False,"[{'days': 'Tu', 'startTime': '11:30', 'endTime': '14:20', 'campus': 'Burnaby'}]",Jeannie Morgan,4
LBST 310,D100,fall,2024,30 units. Strongly Recommended: LBST 101.,,False,"[{'days': 'Mo', 'startTime': '14:30', 'endTime': '17:20', 'campus': 'Burnaby'}, {'days': 'Tu', 'startTime': '14:30', 'endTime': '17:20', 'campus': 'Burnaby'}]",Alicia Massie,3
LBST 313,E100,fall,2024,Strongly Recommended: LBST 101.,,False,"[{'days': 'Mo', 'startTime': '17:30', 'endTime': '20:20', 'campus': 'Burnaby'}, {'days': 'Tu', 'startTime': '17:30', 'endTime': '20:20', 'campus': 'Burnaby'}]",Sonya Sabet-Rasekh,3
LBST 330,D100,fall,2024,,,False,[],Xinying Hu,3
LBST 401,D100,fall,2024,,,False,[],Evelyn Encalada Grez,4
LING 100,B900,fall,2024,,,False,"[{'days': 'Th', 'startTime': '10:30', 'endTime': '12:20', 'campus': 'Surrey'}]",Dasha Gluhareva,3
LING 100,D100,fall,2024,,,False,"[{'days': 'We', 'startTime': '14:30', 'endTime': '17:20', 'campus': 'Burnaby'}]",Sylvia Cho,3
LING 111,B100,fall,2024,,,False,"[{'days': 'Mo', 'startTime': '13:30', 'endTime': '14:20', 'campus': 'Burnaby'}, {'days': 'Tu', 'startTime': '13:30', 'endTime': '14:20', 'campus': 'Burnaby'}]",Claudia Wei Wah Wong,3
LING 190,D100,fall,2024,,,False,"[{'days': 'Th', 'startTime': '14:30', 'endTime': '17:20', 'campus': 'Burnaby'}]",Sylvia Cho,3
LING 220,A010,fall,2024,,,False,[],,3
LING 220,D100,fall,2024,,,False,"[{'days': 'Mo, We', 'startTime': '9:30', 'endTime': '10:20', 'campus': 'Burnaby'}, {'days': 'Tu', 'startTime': '9:30', 'endTime': '10:20', 'campus': 'Burnaby'}]",Ivelina Koleva Tchizmarova,3
LING 282W,A320,fall,2024,LING 220.,LING 220,False,[],Janet Leonard,3
LING 301W,B100,fall,2024,LING 282W.,LING 282W,False,"[{'days': 'Mo', 'startTime': '14:30', 'endTime': '16:20', 'campus': 'Burnaby'}, {'days': 'Tu', 'startTime': '14:30', 'endTime': '16:20', 'campus': 'Burnaby'}]",Ashley Farris-Trimble,3
LING 315,D100,fall,2024,LING 220.,LING 220,False,"[{'days': 'Mo', 'startTime': '10:30', 'endTime': '12:20', 'campus': 'Burnaby'}, {'days': 'Tu', 'startTime': '10:30', 'endTime': '12:20', 'campus': 'Burnaby'}, {'days': 'We', 'startTime': '10:30', 'endTime': '11:20', 'campus': 'Burnaby'}]",Margaret Grant,3
LING 321,B100,fall,2024,LING 282W.,LING 282W,False,"[{'days': 'Fr', 'startTime': '10:30', 'endTime': '12:20', 'campus': 'Burnaby'}]",Ashley Farris-Trimble,3
LING 322,B100,fall,2024,LING 282W.,LING 282W,False,"[{'days': 'We', 'startTime': '15:30', 'endTime': '16:20', 'campus': 'Burnaby'}]",Chung-hye Han,3
LING 323,A970,fall,2024,LING 282W.,LING 282W,False,[],,3
LING 323,B100,fall,2024,LING 282W.,LING 282W,False,"[{'days': 'Th', 'startTime': '14:30', 'endTime': '16:20', 'campus': 'Burnaby'}]",John Alderete,3
LING 324,B100,fall,2024,LING 282W.,LING 282W,False,"[{'days': 'Tu', 'startTime': '16:30', 'endTime': '17:20', 'campus': 'Burnaby'}]",Nancy Hedberg,3
LING 350,B100,fall,2024,LING 282W.,LING 282W,False,"[{'days': 'Th', 'startTime': '10:30', 'endTime': '12:20', 'campus': 'Burnaby'}]",Henny Yeung,3
LING 362,D100,fall,2024,LING 282W.,LING 282W,False,"[{'days': 'Tu', 'startTime': '11:30', 'endTime': '14:20', 'campus': 'Burnaby'}]",Claudia Wei Wah Wong,3
PHIL 100W,D100,fall,2024,,,False,"[{'days': 'Tu', 'startTime': '14:30', 'endTime': '16:20', 'campus': 'Burnaby'}]",Thomas Donaldson,3
PHIL 105,D100,fall,2024,,,False,"[{'days': 'Tu', 'startTime': '12:30', 'endTime': '14:20', 'campus': 'Burnaby'}]",Lyle Crawford,3
PHIL 110,D100,fall,2024,,,False,"[{'days': 'Tu', 'startTime': '10:30', 'endTime': '12:20', 'campus': 'Burnaby'}]",Bruno Guindon,3
PHIL 120W,D100,fall,2024,,,False,"[{'days': 'Th', 'startTime': '14:30', 'endTime': '16:20', 'campus': 'Burnaby'}]",Sam Black,3
PHIL 144,B100,fall,2024,,,False,"[{'days': 'Mo', 'startTime': '12:30', 'endTime': '14:20', 'campus': 'Burnaby'}, {'days': 'Tu', 'startTime': '12:30', 'endTime': '14:20', 'campus': 'Burnaby'}]",Qiu Lin,3
PHIL 203,B100,fall,2024,"One of PHIL 100, 100W, 120, 120W, 121, 144, 150, 151, 300, or COGS 100.",PHIL 100;COGS 100,False,"[{'days': 'Fr', 'startTime': '10:30', 'endTime': '12:20', 'campus': 'Burnaby'}]",Jennifer Wang,3
PHIL 221,D100,fall,2024,"One of PHIL 100, 100W, 120, 120W, 121, 144, 150, 151, or 300.",PHIL 100,False,"[{'days': 'We', 'startTime': '14:30', 'endTime': '17:20', 'campus': 'Burnaby'}]",Chelsea Rosenthal,3
PHIL 302,B100,fall,2024,PHIL 201 or 203.,PHIL 201,False,"[{'days': 'Th', 'startTime': '12:30', 'endTime': '14:20', 'campus': 'Burnaby'}]",Yuting Kino Zhao,3
PHIL 315,D100,fall,2024,"One of: PHIL 110, 210, 310, 314, MACM 101, BUEC 232, BUS 232, or STAT 270.",PHIL 110;MACM 101;BUEC 232;BUS 232;STAT 270,False,"[{'days': 'Mo', 'startTime': '14:30', 'endTime': '16:20', 'campus': 'Burnaby'}, {'days': 'Tu', 'startTime': '14:30', 'endTime': '16:20', 'campus': 'Burnaby'}, {'days': 'We', 'startTime': '14:30', 'endTime': '15:20', 'campus': 'Burnaby'}]",Gregory Lauro,3
PHIL 320,D100,fall,2024,"One of PHIL 120, 120W, 121, 220, 221, 270, SDA 270, ENV 320W, or REM 320W.",PHIL 120;SDA 270;ENV 320W;REM 320W,False,"[{'days': 'Th', 'startTime': '14:30', 'endTime': '17:20', 'campus': 'Burnaby'}]",Chelsea Rosenthal,3
PHIL 329,B100,fall,2024,"One of PHIL 120, 120W, 121, 220, 221, 270, SDA 270, ENV 320W, or REM 320W.",PHIL 120;SDA 270;ENV 320W;REM 320W,False,"[{'days': 'Th', 'startTime': '10:30', 'endTime': '12:20', 'campus': 'Burnaby'}]",Evan Tiffany,3
PHIL 332,D100,fall,2024,As stated by department at time of offering.,,False,"[{'days': 'Tu', 'startTime': '10:30', 'endTime': '12:20', 'campus': 'Burnaby'}, {'days': 'Fr', 'startTime': '10:30', 'endTime': '11:20', 'campus': 'Burnaby'}]",Kathleen Akins,3
PHIL 341,D100,fall,2024,"Either one of: PHIL 201 or 203; or both of PHIL 100, 100W, or 300, and COGS 200.",PHIL 201;PHIL 100;COGS 200,False,"[{'days': 'Mo', 'startTime': '12:30', 'endTime': '14:20', 'campus': 'Burnaby'}, {'days': 'Tu', 'startTime': '12:30', 'endTime': '14:20', 'campus': 'Burnaby'}, {'days': 'We', 'startTime': '12:30', 'endTime': '13:20', 'campus': 'Burnaby'}]",Holly Andersen,3
PHIL 344,D100,fall,2024,"Either one of: PHIL 201 or 203; or both of PHIL 100, 100W, or 300, and COGS 200.",PHIL 201;PHIL 100;COGS 200,False,"[{'days': 'Mo', 'startTime': '10:30', 'endTime': '12:20', 'campus': 'Burnaby'}, {'days': 'Tu', 'startTime': '10:30', 'endTime': '12:20', 'campus': 'Burnaby'}, {'days': 'We', 'startTime': '10:30', 'endTime': '11:20', 'campus': 'Burnaby'}]",Endre Begby,3
PHIL 345W,D100,fall,2024,"One of PHIL 110, 210, 314, 315 or MACM 101.",PHIL 110;MACM 101,False,"[{'days': 'Tu', 'startTime': '14:30', 'endTime': '17:20', 'campus': 'Burnaby'}]",Gregory Lauro,3
PHIL 455W,D100,fall,2024,15 upper division PHIL units. It is strongly recommended that students in PHIL 455W have taken prior courses in metaphysics and epistemology.,PHIL 455W,False,"[{'days': 'Tu', 'startTime': '11:30', 'endTime': '14:20', 'campus': 'Burnaby'}]",Holly Andersen,4
PHIL 467W,D100,fall,2024,"15 upper division PHIL units or permission from the instructor. Students not in a philosophy major, philosophy honours, or joint major program can take PHIL 467W only with special permission from the instructor.",PHIL 467W,False,"[{'days': 'We', 'startTime': '14:30', 'endTime': '17:20', 'campus': 'Burnaby'}]",Thomas Donaldson,4
PLCY 200,D100,fall,2024,,,False,"[{'days': 'Mo', 'startTime': '12:30', 'endTime': '14:20', 'campus': 'Burnaby'}, {'days': 'Tu', 'startTime': '12:30', 'endTime': '14:20', 'campus': 'Burnaby'}]",William Scott,3
PLCY 400,D100,fall,2024,PLCY 300 and 60 units.,PLCY 300,False,"[{'days': 'Tu', 'startTime': '10:30', 'endTime': '12:20', 'campus': 'Burnaby'}]",Kennedy Stewart,4
POL 100,D100,fall,2024,,,False,"[{'days': 'Mo', 'startTime': '14:30', 'endTime': '16:20', 'campus': 'Burnaby'}, {'days': 'Tu', 'startTime': '14:30', 'endTime': '16:20', 'campus': 'Burnaby'}]",Sanjay Jeram,3
POL 100,D900,fall,2024,,,False,"[{'days': 'Fr', 'startTime': '8:30', 'endTime': '10:20', 'campus': 'Surrey'}]",Sahar Zaman,3
POL 100,F100,fall,2024,,,False,"[{'days': 'Tu', 'startTime': '10:30', 'endTime': '12:20', 'campus': 'Burnaby'}]",Remi Leger,3
POL 141,D100,fall,2024,,,False,"[{'days': 'Th', 'startTime': '14:30', 'endTime': '16:20', 'campus': 'Burnaby'}]",Alex Moens,3
POL 151,D100,fall,2024,,,False,"[{'days': 'Tu', 'startTime': '12:30', 'endTime': '14:20', 'campus': 'Burnaby'}]",Clare McGovern,3
POL 200W,D100,fall,2024,,,False,"[{'days': 'Th', 'startTime': '14:30', 'endTime': '16:20', 'campus': 'Burnaby'}]",Sanjay Jeram,4
POL 201,D100,fall,2024,,,False,"[{'days': 'Tu', 'startTime': '10:30', 'endTime': '12:20', 'campus': 'Burnaby'}]",Steven Weldon,4
POL 201,D200,fall,2024,,,False,"[{'days': 'Mo', 'startTime': '14:30', 'endTime': '17:20', 'campus': 'Burnaby'}, {'days': 'Tu', 'startTime': '14:30', 'endTime': '17:20', 'campus': 'Burnaby'}]",Jessica Burch,4
POL 210,B100,fall,2024,POL 100 or permission of department.,POL 100,False,"[{'days': 'Tu', 'startTime': '14:30', 'endTime': '16:20', 'campus': 'Burnaby'}]",Amyn Sajoo,3
POL 221,D100,fall,2024,POL 100 or 151 or permission of department.,POL 100,False,"[{'days': 'Mo', 'startTime': '10:30', 'endTime': '12:20', 'campus': 'Burnaby'}, {'days': 'Tu', 'startTime': '10:30', 'endTime': '12:20', 'campus': 'Burnaby'}]",Clare McGovern,3
POL 316,B100,fall,2024,POL 210 or permission of the department.,POL 210,False,"[{'days': 'We', 'startTime': '17:30', 'endTime': '20:20', 'campus': 'Vancouver'}]",Genevieve Fuji Johnson,4
POL 318,D100,fall,2024,Six lower division units in Political Science or permission of the department.,,True,"[{'days': 'Tu', 'startTime': '11:30', 'endTime': '14:20', 'campus': 'Burnaby'}]",Mark Pickup,4
POL 339,D100,fall,2024,Six lower division units in political science or permission of the department.,,True,"[{'days': 'Th', 'startTime': '14:30', 'endTime': '17:20', 'campus': 'Burnaby'}]",Shivaji Mukherjee,4
POL 340,D100,fall,2024,Six lower division units in Political Science or permission of the department.,,True,"[{'days': 'Tu', 'startTime': '14:30', 'endTime': '17:20', 'campus': 'Burnaby'}]",Aaron Hoffman,4
POL 347,F100,fall,2024,Six lower division units in political science or permission of the department.,,True,"[{'days': 'Th', 'startTime': '14:30', 'endTime': '17:20', 'campus': 'Burnaby'}]",Jeremie Cornut,4
POL 381,D100,fall,2024,Six lower division units in political science or permission of the department.,,True,"[{'days': 'Mo', 'startTime': '14:30', 'endTime': '17:20', 'campus': 'Burnaby'}, {'days': 'Tu', 'startTime': '14:30', 'endTime': '17:20', 'campus': 'Burnaby'}]",Tsuyoshi Kawasaki,4
POL 411,D100,fall,2024,POL 210 or 312 or 313; or permission of the department.,POL 210,False,"[{'days': 'Th', 'startTime': '14:30', 'endTime': '17:20', 'campus': 'Burnaby'}]",Remi Leger,4
POL 421W,D100,fall,2024,Eight upper division units in political science or permission of the department.,,True,"[{'days': 'We', 'startTime': '9:30', 'endTime': '12:20', 'campus': 'Burnaby'}]",Clare McGovern,4
POL 428,D100,fall,2024,Eight upper division units in political science or permission of the department.,,True,"[{'days': 'Tu', 'startTime': '14:30', 'endTime': '17:20', 'campus': 'Burnaby'}]",Timothy van den Brink,4
POL 445W,D100,fall,2024,Eight upper division units in Political Science or permission of the department.,,True,"[{'days': 'We', 'startTime': '14:30', 'endTime': '17:20', 'campus': 'Burnaby'}]",Aaron Hoffman,4
POL 452W,D100,fall,2024,,,False,"[{'days': 'Tu, Th', 'startTime': '12:30', 'endTime': '14:20', 'campus': 'Burnaby'}]",Anil Hira,4
POL 463,F100,fall,2024,Eight upper division units in political science or permission of the department.,,True,"[{'days': 'We', 'startTime': '9:30', 'endTime': '12:20', 'campus': 'Burnaby'}]",Aude-Claire Fourot,4
POL 490,D100,fall,2024,Permission of the department.,,True,"[{'days': 'Fr', 'startTime': '14:30', 'endTime': '17:20', 'campus': 'Burnaby'}]",Eline de Rooij;Aaron Hoffman,5
PORT 100,D100,fall,2024,,,False,"[{'days': 'Tu, Th', 'startTime': '10:30', 'endTime': '12:20', 'campus': 'Burnaby'}]",Camila Dilli Nunes,3
PSYC 100,D100,fall,2024,,,False,"[{'days': 'Tu', 'startTime': '14:30', 'endTime': '17:20', 'campus': 'Burnaby'}]",Peter Leavitt,3
PSYC 100,D200,fall,2024,,,False,"[{'days': 'Mo', 'startTime': '12:30', 'endTime': '14:20', 'campus': 'Burnaby'}, {'days': 'Tu', 'startTime': '12:30', 'endTime': '14:20', 'campus': 'Burnaby'}, {'days': 'We', 'startTime': '12:30', 'endTime': '13:20', 'campus': 'Burnaby'}]",Evan Caldbick,3
PSYC 100,D900,fall,2024,,,False,"[{'days': 'Th', 'startTime': '14:30', 'endTime': '17:20', 'campus': 'Surrey'}]",Peter Leavitt,3
PSYC 102,D100,fall,2024,Recommended: PSYC 100.,,False,"[{'days': 'We', 'startTime': '14:30', 'endTime': '17:20', 'campus': 'Burnaby'}]",Alyssa Croft,3
PSYC 102,D900,fall,2024,Recommended: PSYC 100.,,False,"[{'days': 'Mo', 'startTime': '14:30', 'endTime': '17:20', 'campus': 'Surrey'}, {'days': 'Tu', 'startTime': '14:30', 'endTime': '17:20', 'campus': 'Surrey'}]",Alyssa Croft,3
PSYC 201W,D100,fall,2024,PSYC 100 or 102.,PSYC 100,False,"[{'days': 'Tu', 'startTime': '12:30', 'endTime': '14:20', 'campus': 'Burnaby'}]",Richard Hohn,4
PSYC 210,D100,fall,2024,"BC high school Math 12 with a minimum grade of C (2.0) or BC high school Math 11 with a minimum grade of B- (2.67) or any level MATH or STAT course with a C- (1.67) or FAN X99 taken at SFU with a minimum grade of C (2.00) or achieving a satisfactory grade on the Simon Fraser University Quantitative Placement Test. Corequisite: PSYC 201W, but prior completion recommended.",PSYC 201W,False,"[{'days': 'Mo', 'startTime': '12:30', 'endTime': '14:20', 'campus': 'Burnaby'}, {'days': 'Tu', 'startTime': '12:30', 'endTime': '14:20', 'campus': 'Burnaby'}]",Richard Hohn,4
PSYC 221,D100,fall,2024,PSYC 100.,PSYC 100,False,"[{'days': 'Tu', 'startTime': '14:30', 'endTime': '17:20', 'campus': 'Burnaby'}]",Richard Wright,3
PSYC 241,B100,fall,2024,PSYC 102.,PSYC 102,False,"[{'days': 'Th', 'startTime': '10:30', 'endTime': '12:20', 'campus': 'Burnaby'}]",Shannon Zaitsoff,3
PSYC 250,B100,fall,2024,,,False,[],Hali Kil,3
PSYC 260,D100,fall,2024,PSYC 102.,PSYC 102,False,"[{'days': 'Tu', 'startTime': '14:30', 'endTime': '17:20', 'campus': 'Burnaby'}]",Lara Aknin,3
PSYC 268,D100,fall,2024,PSYC 102.,PSYC 102,False,"[{'days': 'We', 'startTime': '13:30', 'endTime': '14:20', 'campus': 'Burnaby'}, {'days': 'Fr', 'startTime': '12:30', 'endTime': '14:20', 'campus': 'Burnaby'}]",Adele Quigley-McBride,3
PSYC 280,D100,fall,2024,PSYC 100. Recommended: BISC 101.,PSYC 100,False,"[{'days': 'Mo', 'startTime': '14:30', 'endTime': '16:20', 'campus': 'Burnaby'}, {'days': 'Tu', 'startTime': '14:30', 'endTime': '16:20', 'campus': 'Burnaby'}, {'days': 'We', 'startTime': '14:30', 'endTime': '15:20', 'campus': 'Burnaby'}]",Evan Caldbick,3
PSYC 300W,D100,fall,2024,PSYC 201W.,PSYC 201W,False,"[{'days': 'Tu', 'startTime': '12:30', 'endTime': '14:20', 'campus': 'Burnaby'}]",Alyssa Croft,4
PSYC 301,D100,fall,2024,PSYC 201 and 210 and a minimum CGPA of 2.67.,PSYC 201,False,"[{'days': 'Mo', 'startTime': '14:30', 'endTime': '16:20', 'campus': 'Burnaby'}, {'days': 'Tu', 'startTime': '14:30', 'endTime': '16:20', 'campus': 'Burnaby'}]",Richard Hohn,4
PSYC 303,D100,fall,2024,PSYC 201 and 221 (or 335).,PSYC 201,False,"[{'days': 'Mo', 'startTime': '14:30', 'endTime': '17:20', 'campus': 'Burnaby'}, {'days': 'Tu', 'startTime': '14:30', 'endTime': '17:20', 'campus': 'Burnaby'}]",Tom Spalek,3
PSYC 308,D100,fall,2024,PSYC 201.,PSYC 201,False,"[{'days': 'Th', 'startTime': '11:30', 'endTime': '14:20', 'campus': 'Burnaby'}]",Bertrand Sager,3
PSYC 330,D100,fall,2024,PSYC 201 and 221.,PSYC 201,False,"[{'days': 'Th', 'startTime': '14:30', 'endTime': '17:20', 'campus': 'Burnaby'}]",Richard Wright,3
PSYC 358,D100,fall,2024,PSYC 201 and 250.,PSYC 201,False,"[{'days': 'We', 'startTime': '9:30', 'endTime': '12:20', 'campus': 'Burnaby'}]",Sherrie Atwood,3
PSYC 361,D100,fall,2024,"PSYC 201, 260.",PSYC 201,False,"[{'days': 'We', 'startTime': '9:30', 'endTime': '12:20', 'campus': 'Burnaby'}]",Yuthika Girme,3
PSYC 362,D100,fall,2024,PSYC 201 and 260.,PSYC 201,False,"[{'days': 'Tu', 'startTime': '11:30', 'endTime': '14:20', 'campus': 'Burnaby'}]",Yuthika Girme,3
PSYC 365,D100,fall,2024,PSYC 201.,PSYC 201,False,"[{'days': 'We', 'startTime': '14:30', 'endTime': '17:20', 'campus': 'Burnaby'}]",David Cox,3
PSYC 370,D100,fall,2024,PSYC 201.,PSYC 201,False,"[{'days': 'Mo', 'startTime': '9:30', 'endTime': '12:20', 'campus': 'Burnaby'}, {'days': 'Tu', 'startTime': '9:30', 'endTime': '12:20', 'campus': 'Burnaby'}]",Ryan Lundell-Creagh,3
PSYC 376,OL01,fall,2024,PSYC 201W and PSYC 268. Recommended: PSYC 210.,PSYC 201W;PSYC 268,False,[],Deb Connolly,3
PSYC 383,D100,fall,2024,PSYC 201 and 280.,PSYC 201,False,"[{'days': 'We', 'startTime': '9:30', 'endTime': '12:20', 'campus': 'Burnaby'}]",Evan Caldbick,3
PSYC 386,D100,fall,2024,PSYC 201 and 280.,PSYC 201,False,"[{'days': 'Tu', 'startTime': '14:30', 'endTime': '16:20', 'campus': 'Burnaby'}]",John Joseph McDonald,4
PSYC 388,D100,fall,2024,PSYC 201 and 280.,PSYC 201,False,"[{'days': 'We', 'startTime': '14:30', 'endTime': '17:20', 'campus': 'Burnaby'}]",Ralph Mistlberger,3
PSYC 391,D100,fall,2024,PSYC 201. Other prerequisites vary by topic offering.,PSYC 201,False,"[{'days': 'Fr', 'startTime': '9:30', 'endTime': '12:20', 'campus': 'Burnaby'}]",Joanna Peplak,3
PSYC 391,D200,fall,2024,PSYC 201. Other prerequisites vary by topic offering.,PSYC 201,False,"[{'days': 'Mo', 'startTime': '14:30', 'endTime': '17:20', 'campus': 'Burnaby'}, {'days': 'Tu', 'startTime': '14:30', 'endTime': '17:20', 'campus': 'Burnaby'}]",Will Fox,3
PSYC 391,D300,fall,2024,PSYC 201. Other prerequisites vary by topic offering.,PSYC 201,False,"[{'days': 'Th', 'startTime': '14:30', 'endTime': '17:20', 'campus': 'Burnaby'}]",Martin Phillips-Hing,3
PSYC 391,D400,fall,2024,PSYC 201. Other prerequisites vary by topic offering.,PSYC 201,False,"[{'days': 'Mo', 'startTime': '9:30', 'endTime': '12:20', 'campus': 'Burnaby'}, {'days': 'Tu', 'startTime': '9:30', 'endTime': '12:20', 'campus': 'Burnaby'}]",Shawn Tan,3
PSYC 410,D100,fall,2024,"PSYC 201, 210, 301, 60 units, and a CGPA of 3.0.",PSYC 201,False,"[{'days': 'We', 'startTime': '14:30', 'endTime': '17:20', 'campus': 'Burnaby'}]",Rachel Fouladi,4
PSYC 441,D100,fall,2024,"PSYC 201, 210, 241, and 60 units, and a CGPA of 3.0. Other prerequisites vary by topic offering.",PSYC 201,False,"[{'days': 'Fr', 'startTime': '9:30', 'endTime': '12:20', 'campus': 'Burnaby'}]",Lynnaea Owens,4
PSYC 450,D100,fall,2024,"PSYC 201, 210, 250 and 60 units, and a CGPA of 3.0. Other prerequisites vary by topic offering.",PSYC 201,False,"[{'days': 'Mo', 'startTime': '9:30', 'endTime': '12:20', 'campus': 'Burnaby'}, {'days': 'Tu', 'startTime': '9:30', 'endTime': '12:20', 'campus': 'Burnaby'}]",Hali Kil,4
PSYC 490,D100,fall,2024,"75 units, PSYC 300 and 301, both with a minimum grade of 3.0, CGPA 3.33, and permission of the department.",PSYC 300,False,"[{'days': 'Tu, Th', 'startTime': '10:30', 'endTime': '12:20', 'campus': 'Burnaby'}]",Rebecca Cobb,4
SA 101,D100,fall,2024,,,False,"[{'days': 'Tu', 'startTime': '10:30', 'endTime': '12:20', 'campus': 'Burnaby'}]",Michael Hathaway,4
SA 101,D900,fall,2024,,,False,"[{'days': 'Mo', 'startTime': '10:30', 'endTime': '12:20', 'campus': 'Surrey'}, {'days': 'Tu', 'startTime': '10:30', 'endTime': '12:20', 'campus': 'Surrey'}]",Cristina Moretti,4
SA 150,D100,fall,2024,,,False,"[{'days': 'Mo', 'startTime': '14:30', 'endTime': '16:20', 'campus': 'Burnaby'}, {'days': 'Tu', 'startTime': '14:30', 'endTime': '16:20', 'campus': 'Burnaby'}]",Kyle Willmott,4
SA 150,D900,fall,2024,,,False,"[{'days': 'Th', 'startTime': '8:30', 'endTime': '10:20', 'campus': 'Surrey'}]",Prof-Collins Ifeonu,4
SA 200W,OL01,fall,2024,,,False,[],Amanda Watson,4
SA 201W,D100,fall,2024,Recommended: SA 101.,,False,"[{'days': 'Th', 'startTime': '14:30', 'endTime': '17:20', 'campus': 'Burnaby'}]",Elliot Montpellier,4
SA 219,D100,fall,2024,,,False,"[{'days': 'Tu', 'startTime': '14:30', 'endTime': '17:20', 'campus': 'Burnaby'}]",Jie Yang,4
SA 231,D100,fall,2024,,,False,"[{'days': 'We', 'startTime': '14:30', 'endTime': '17:20', 'campus': 'Burnaby'}]",Barbara Mitchell,4
SA 250,D100,fall,2024,SA 150.,SA 150,False,"[{'days': 'Mo', 'startTime': '14:30', 'endTime': '17:20', 'campus': 'Burnaby'}, {'days': 'Tu', 'startTime': '14:30', 'endTime': '17:20', 'campus': 'Burnaby'}]",Lindsey Freeman,4
SA 255,D100,fall,2024,SA 101 or 150.,SA 101,False,"[{'days': 'Th', 'startTime': '10:30', 'endTime': '12:20', 'campus': 'Burnaby'}]",Bascom Guffin,4
SA 257,D100,fall,2024,SA 101 or 150.,SA 101,False,"[{'days': 'Mo', 'startTime': '10:30', 'endTime': '12:20', 'campus': 'Burnaby'}, {'days': 'Tu', 'startTime': '10:30', 'endTime': '12:20', 'campus': 'Burnaby'}]",Suzanna Crage,4
SA 301,D100,fall,2024,SA 101.,SA 101,False,"[{'days': 'We', 'startTime': '9:30', 'endTime': '12:20', 'campus': 'Burnaby'}]",Kathleen Millar,4
SA 304,D100,fall,2024,SA 101 or 150 or 201W.,SA 101,False,"[{'days': 'We', 'startTime': '9:30', 'endTime': '12:20', 'campus': 'Burnaby'}]",Prof-Collins Ifeonu,4
SA 321,D100,fall,2024,SA 101 or 150 or 201W.,SA 101,False,"[{'days': 'Tu', 'startTime': '11:30', 'endTime': '14:20', 'campus': 'Vancouver'}]",Baran (Abu) Fakhri Fakhri,4
SA 322,D100,fall,2024,SA 101 or 150 or 201W.,SA 101,False,"[{'days': 'We', 'startTime': '14:30', 'endTime': '17:20', 'campus': 'Vancouver'}]",Elliot Montpellier,4
SA 325,D100,fall,2024,SA 101 or 150 or 201W.,SA 101,False,"[{'days': 'Tu', 'startTime': '14:30', 'endTime': '17:20', 'campus': 'Burnaby'}]",Kyle Willmott,4
SA 326,D100,fall,2024,SA 101 or 150 or 201W.,SA 101,False,"[{'days': 'Mo', 'startTime': '14:30', 'endTime': '17:20', 'campus': 'Burnaby'}, {'days': 'Tu', 'startTime': '14:30', 'endTime': '17:20', 'campus': 'Burnaby'}]",Yildiz Atasoy,4
SA 335,D100,fall,2024,SA 101 or 150 or 201W.,SA 101,False,"[{'days': 'Th', 'startTime': '11:30', 'endTime': '14:20', 'campus': 'Burnaby'}]",Nerida Bullock,4
SA 345,OL01,fall,2024,SA 101 or 150 or 201W.,SA 101,False,[],Wendy Chan,4
SA 350,D100,fall,2024,SA 250.,SA 250,False,"[{'days': 'Mo', 'startTime': '9:30', 'endTime': '12:20', 'campus': 'Burnaby'}, {'days': 'Tu', 'startTime': '9:30', 'endTime': '12:20', 'campus': 'Burnaby'}]",Travers .,4
SA 355,D100,fall,2024,SA 255 and SA 257.,SA 255;SA 257,False,"[{'days': 'Tu', 'startTime': '14:30', 'endTime': '17:20', 'campus': 'Burnaby'}]",Suzanna Crage,4
SA 356W,D100,fall,2024,SA 255.,SA 255,False,"[{'days': 'We', 'startTime': '14:30', 'endTime': '17:20', 'campus': 'Burnaby'}]",Cristina Moretti,4
SA 359,E100,fall,2024,SA 101 or 150 or 201W.,SA 101,False,"[{'days': 'Th', 'startTime': '17:30', 'endTime': '21:20', 'campus': 'Burnaby'}]",Agnes MacDonald,4
SA 364,E100,fall,2024,SA 101 or 150 or 201W.,SA 101,False,"[{'days': 'Tu', 'startTime': '17:30', 'endTime': '21:20', 'campus': 'Vancouver'}]",Bascom Guffin,4
SA 365,D100,fall,2024,SA 101 or 150 or 201W.,SA 101,False,"[{'days': 'Tu', 'startTime': '11:30', 'endTime': '14:20', 'campus': 'Burnaby'}]",Elliot Montpellier,4
SA 442,D100,fall,2024,Minimum of 72 units including either SA 101 or SA 150.,SA 101;SA 150,False,"[{'days': 'Fr', 'startTime': '12:30', 'endTime': '16:20', 'campus': 'Burnaby'}]",Travers .,4
SA 443,E100,fall,2024,Minimum of 72 units including either SA 101 or SA 150.,SA 101;SA 150,False,"[{'days': 'We', 'startTime': '16:30', 'endTime': '20:20', 'campus': 'Burnaby'}]",Jie Yang,4
SPAN 100,B100,fall,2024,,,False,[],Isabel Mayo-Harp,3
SPAN 110,B100,fall,2024,"SPAN 100 (or SPAN 102), grade 12 Spanish, or equivalent.",SPAN 100;SPAN 102,False,[],Isabel Mayo-Harp,3
SPAN 200,B100,fall,2024,SPAN 110 (or SPAN 103) or equivalent.,SPAN 110;SPAN 103,False,[],Isabel Mayo-Harp;Carolina Lemay,3
SPAN 301,B101,fall,2024,SPAN 202.,SPAN 202,False,"[{'days': 'Th', 'startTime': '16:30', 'endTime': '18:20', 'campus': 'Burnaby'}]",Isabel Mayo-Harp,3
URB 101,E100,fall,2024,,,False,"[{'days': 'Tu', 'startTime': '14:30', 'endTime': '17:20', 'campus': 'Burnaby'}]",Mei Fang,4
WL 100,D100,fall,2024,,,False,"[{'days': 'Fr', 'startTime': '10:30', 'endTime': '12:20', 'campus': 'Burnaby'}]",Joel Akinwumi,3
WL 101W,D100,fall,2024,,,False,"[{'days': 'Mo', 'startTime': '12:30', 'endTime': '14:20', 'campus': 'Burnaby'}, {'days': 'Tu', 'startTime': '12:30', 'endTime': '14:20', 'campus': 'Burnaby'}]",Kenneth Seigneurie,3
WL 103W,D100,fall,2024,,,False,"[{'days': 'Th', 'startTime': '10:30', 'endTime': '12:20', 'campus': 'Burnaby'}]",Gianluca Oluic,3
WL 104W,D100,fall,2024,,,False,"[{'days': 'Tu', 'startTime': '10:30', 'endTime': '12:20', 'campus': 'Burnaby'}]",Maria Barraza,3
WL 201,D100,fall,2024,,,False,"[{'days': 'Fr', 'startTime': '14:30', 'endTime': '17:20', 'campus': 'Burnaby'}]",Kate Scheel,3
WL 301W,D100,fall,2024,45 units including nine units in World Literature.,,False,"[{'days': 'Th', 'startTime': '14:30', 'endTime': '17:20', 'campus': 'Burnaby'}]",Kenneth Seigneurie,4
BUS 200,D100,fall,2024,,,False,"[{'days': 'Th', 'startTime': '14:30', 'endTime': '17:20', 'campus': 'Burnaby'}]",Sasha Ramnarine,3
BUS 200,E100,fall,2024,,,False,"[{'days': 'Mo', 'startTime': '18:30', 'endTime': '21:20', 'campus': 'Burnaby'}, {'days': 'Tu', 'startTime': '18:30', 'endTime': '21:20', 'campus': 'Burnaby'}]",Shannon Wong,3
BUS 201,D100,fall,2024,This course is only open to approved business administration majors admitted to the faculty through the Business Foundation Pathways - High School Pathway. Corequisite: BUS 203 with a P grade.,BUS 203,False,"[{'days': 'Tu', 'startTime': '14:30', 'endTime': '16:20', 'campus': 'Burnaby'}, {'days': 'Sa', 'startTime': '8:30', 'endTime': '16:20', 'campus': 'Burnaby'}]",Susan Christie-Bell,3
BUS 201,D200,fall,2024,This course is only open to approved business administration majors admitted to the faculty through the Business Foundation Pathways - High School Pathway. Corequisite: BUS 203 with a P grade.,BUS 203,False,"[{'days': 'Fr', 'startTime': '10:30', 'endTime': '12:20', 'campus': 'Surrey'}, {'days': 'Sa', 'startTime': '8:30', 'endTime': '16:20', 'campus': None}]",Susan Christie-Bell,3
BUS 202,D100,fall,2024,"This course is only open to approved business administration majors, joint majors, or second degree students admitted to the faculty through the Business Foundation Pathways - Transfer Pathway. Corequisite: BUS 203 with a P grade.",BUS 203,False,"[{'days': 'Th', 'startTime': '12:30', 'endTime': '14:20', 'campus': 'Burnaby'}, {'days': 'Sa', 'startTime': '8:30', 'endTime': '16:20', 'campus': 'Burnaby'}]",Matthew Martell,3
BUS 203,D100,fall,2024,This course is only open to approved business administration majors admitted to the faculty through the BBA major - highschool or transfer stream in Fall 2022 and onward.,,False,"[{'days': 'Fr', 'startTime': '13:30', 'endTime': '14:20', 'campus': 'Surrey'}, {'days': 'Sa', 'startTime': '8:30', 'endTime': '22:00', 'campus': None}, {'days': 'Su', 'startTime': '8:30', 'endTime': '20:00', 'campus': None}]",Matthew Martell,1
BUS 203,E100,fall,2024,This course is only open to approved business administration majors admitted to the faculty through the BBA major - highschool or transfer stream in Fall 2022 and onward.,,False,"[{'days': 'Tu', 'startTime': '17:30', 'endTime': '18:20', 'campus': 'Burnaby'}, {'days': 'Sa', 'startTime': '8:30', 'endTime': '22:00', 'campus': 'Burnaby'}, {'days': 'Su', 'startTime': '8:30', 'endTime': '20:00', 'campus': 'Burnaby'}]",Natalia Soloshchenko,1
BUS 203,E200,fall,2024,This course is only open to approved business administration majors admitted to the faculty through the BBA major - highschool or transfer stream in Fall 2022 and onward.,,False,"[{'days': 'Th', 'startTime': '17:30', 'endTime': '18:20', 'campus': 'Burnaby'}, {'days': 'Sa', 'startTime': '8:30', 'endTime': '22:00', 'campus': 'Burnaby'}, {'days': 'Su', 'startTime': '8:30', 'endTime': '20:00', 'campus': 'Burnaby'}]",Natalia Soloshchenko,1
BUS 207,D100,fall,2024,"ECON 103 or ECON 113, ECON 105 or ECON 115, MATH 157, all with a minimum grade of C-; 15 units.",ECON 103;ECON 113;ECON 105;ECON 115;MATH 157,False,"[{'days': 'Th', 'startTime': '14:30', 'endTime': '17:20', 'campus': 'Burnaby'}]",Karen Ruckman,3
BUS 207,E100,fall,2024,"ECON 103 or ECON 113, ECON 105 or ECON 115, MATH 157, all with a minimum grade of C-; 15 units.",ECON 103;ECON 113;ECON 105;ECON 115;MATH 157,False,"[{'days': 'We', 'startTime': '17:30', 'endTime': '20:20', 'campus': 'Burnaby'}]",Mohamad Sadri Karami,3
BUS 217W,D100,fall,2024,"BUS 201 with a minimum grade of C- and 15 units; OR 45 units and corequisite: BUS 202; OR business administration joint major, joint honours, or double degree students with 45 units; OR data science students with 15 units; OR actuarial science students with 15 units.",BUS 201;BUS 202,False,"[{'days': 'Th', 'startTime': '14:30', 'endTime': '17:20', 'campus': 'Burnaby'}]",Ilia BYKOV,3
BUS 217W,D200,fall,2024,"BUS 201 with a minimum grade of C- and 15 units; OR 45 units and corequisite: BUS 202; OR business administration joint major, joint honours, or double degree students with 45 units; OR data science students with 15 units; OR actuarial science students with 15 units.",BUS 201;BUS 202,False,"[{'days': 'Tu', 'startTime': '14:30', 'endTime': '17:20', 'campus': 'Surrey'}]",Ilia BYKOV,3
BUS 217W,D300,fall,2024,"BUS 201 with a minimum grade of C- and 15 units; OR 45 units and corequisite: BUS 202; OR business administration joint major, joint honours, or double degree students with 45 units; OR data science students with 15 units; OR actuarial science students with 15 units.",BUS 201;BUS 202,False,"[{'days': 'We', 'startTime': '14:30', 'endTime': '17:20', 'campus': 'Burnaby'}]",Susan Christie-Bell,3
BUS 217W,D400,fall,2024,"BUS 201 with a minimum grade of C- and 15 units; OR 45 units and corequisite: BUS 202; OR business administration joint major, joint honours, or double degree students with 45 units; OR data science students with 15 units; OR actuarial science students with 15 units.",BUS 201;BUS 202,False,"[{'days': 'Tu', 'startTime': '14:30', 'endTime': '17:20', 'campus': 'Burnaby'}]",Stephen Spector,3
BUS 217W,E100,fall,2024,"BUS 201 with a minimum grade of C- and 15 units; OR 45 units and corequisite: BUS 202; OR business administration joint major, joint honours, or double degree students with 45 units; OR data science students with 15 units; OR actuarial science students with 15 units.",BUS 201;BUS 202,False,"[{'days': 'We', 'startTime': '17:30', 'endTime': '20:20', 'campus': 'Burnaby'}]",Ilia BYKOV,3
BUS 225,D100,fall,2024,,,False,[],Shauna Tonsaker,3
BUS 232,D100,fall,2024,,,False,"[{'days': 'Tu', 'startTime': '14:30', 'endTime': '17:20', 'campus': 'Burnaby'}]",Negar Ganjouhaghighi,3
BUS 232,D200,fall,2024,,,False,"[{'days': 'We', 'startTime': '14:30', 'endTime': '17:20', 'campus': 'Surrey'}]",Cleusa Yamamoto,3
BUS 232,E100,fall,2024,,,False,"[{'days': 'Th', 'startTime': '17:30', 'endTime': '20:20', 'campus': 'Burnaby'}]",Negar Ganjouhaghighi,3
BUS 233,D100,fall,2024,12 units.,,False,"[{'days': 'Mo', 'startTime': '14:30', 'endTime': '17:20', 'campus': 'Burnaby'}, {'days': 'Tu', 'startTime': '14:30', 'endTime': '17:20', 'campus': 'Burnaby'}]",Sasha Ramnarine,3
BUS 233,E100,fall,2024,12 units.,,False,"[{'days': 'Tu', 'startTime': '16:30', 'endTime': '19:20', 'campus': 'Burnaby'}]",James Pflanz,3
BUS 237,D100,fall,2024,12 units.,,False,"[{'days': 'Th', 'startTime': '14:30', 'endTime': '16:20', 'campus': 'Burnaby'}]",Connie Kar Wai Liu,3
BUS 237,D200,fall,2024,12 units.,,False,"[{'days': 'Mo', 'startTime': '14:30', 'endTime': '16:20', 'campus': 'Surrey'}, {'days': 'Tu', 'startTime': '14:30', 'endTime': '16:20', 'campus': 'Surrey'}]",Ahmad Bisher,3
BUS 237,E100,fall,2024,12 units.,,False,"[{'days': 'Th', 'startTime': '17:30', 'endTime': '19:20', 'campus': 'Burnaby'}]",Connie Kar Wai Liu,3
BUS 238,D100,fall,2024,12 units.,,False,"[{'days': 'Mo', 'startTime': '14:30', 'endTime': '17:20', 'campus': 'Surrey'}, {'days': 'Tu', 'startTime': '14:30', 'endTime': '17:20', 'campus': 'Surrey'}]",Amyn Somani,3
BUS 240,D100,fall,2024,12 units.,,False,"[{'days': 'We', 'startTime': '14:30', 'endTime': '17:20', 'campus': 'Burnaby'}]",VJ Terzic,3
BUS 240,D200,fall,2024,12 units.,,False,"[{'days': 'Tu', 'startTime': '14:30', 'endTime': '17:20', 'campus': 'Surrey'}]",Katty Yijing Wang,3
BUS 251,D100,fall,2024,12 units.,,False,"[{'days': 'Tu', 'startTime': '12:30', 'endTime': '14:20', 'campus': 'Burnaby'}]",Richard Wong,3
BUS 251,D200,fall,2024,12 units.,,False,"[{'days': 'Th', 'startTime': '10:30', 'endTime': '12:20', 'campus': 'Surrey'}]",Praise Ma,3
BUS 251,E100,fall,2024,12 units.,,False,"[{'days': 'Tu', 'startTime': '17:30', 'endTime': '19:20', 'campus': 'Burnaby'}]",Richard Wong,3
BUS 254,D100,fall,2024,BUS 251 with a minimum grade of C-; 15 units.,BUS 251,False,"[{'days': 'Tu', 'startTime': '10:30', 'endTime': '12:20', 'campus': 'Burnaby'}]",Kwai Man Teresa Fung,3
BUS 254,D200,fall,2024,BUS 251 with a minimum grade of C-; 15 units.,BUS 251,False,"[{'days': 'Th', 'startTime': '10:30', 'endTime': '12:20', 'campus': 'Surrey'}]",Kwai Man Teresa Fung,3
BUS 254,E100,fall,2024,BUS 251 with a minimum grade of C-; 15 units.,BUS 251,False,"[{'days': 'Tu', 'startTime': '17:30', 'endTime': '19:20', 'campus': 'Burnaby'}]",Kwai Man Teresa Fung,3
BUS 272,D100,fall,2024,12 units.,,False,"[{'days': 'Mo', 'startTime': '12:30', 'endTime': '14:20', 'campus': 'Burnaby'}, {'days': 'Tu', 'startTime': '12:30', 'endTime': '14:20', 'campus': 'Burnaby'}]",Bahareh Assadi,3
BUS 272,D200,fall,2024,12 units.,,False,"[{'days': 'Tu', 'startTime': '10:30', 'endTime': '12:20', 'campus': 'Surrey'}]",Sam Thiara,3
BUS 272,E100,fall,2024,12 units.,,False,"[{'days': 'Mo', 'startTime': '17:30', 'endTime': '19:20', 'campus': 'Burnaby'}, {'days': 'Tu', 'startTime': '17:30', 'endTime': '19:20', 'campus': 'Burnaby'}]",Melissa McCrae,3
BUS 275,D100,fall,2024,12 units.,,False,"[{'days': 'Tu', 'startTime': '14:30', 'endTime': '16:20', 'campus': 'Burnaby'}]",Zahra Borghei,3
BUS 275,D200,fall,2024,12 units.,,False,"[{'days': 'Mo', 'startTime': '10:30', 'endTime': '12:20', 'campus': 'Surrey'}, {'days': 'Tu', 'startTime': '10:30', 'endTime': '12:20', 'campus': 'Surrey'}]",Kam Phung,3
BUS 300,E100,fall,2024,"This course is only open to approved business administration majors admitted to the faculty in Fall 2022 and onward. BUS 100 or BUS 203, with a P grade and BUS 217W with a minimum grade of C-; 45 units. Recommendation to take with BUS 360W.",BUS 100;BUS 203;BUS 217W;BUS 360W,False,"[{'days': 'Mo', 'startTime': '17:30', 'endTime': '18:20', 'campus': 'Burnaby'}, {'days': 'Mo', 'startTime': '18:30', 'endTime': '20:20', 'campus': 'Burnaby'}, {'days': 'Tu', 'startTime': '17:30', 'endTime': '18:20', 'campus': 'Burnaby'}, {'days': 'Tu', 'startTime': '18:30', 'endTime': '20:20', 'campus': 'Burnaby'}, {'days': 'Sa', 'startTime': '13:00', 'endTime': '17:50', 'campus': 'Burnaby'}]",Kelly Cardwell,1
BUS 303,D100,fall,2024,45 units.,,False,"[{'days': 'Fr', 'startTime': '14:30', 'endTime': '17:20', 'campus': 'Burnaby'}]",Shafik Bhalloo,3
BUS 303,D200,fall,2024,45 units.,,False,"[{'days': 'We', 'startTime': '9:30', 'endTime': '12:20', 'campus': 'Surrey'}]",Kathleen Burke,3
BUS 303,D300,fall,2024,45 units.,,False,"[{'days': 'Mo', 'startTime': '14:30', 'endTime': '17:20', 'campus': 'Burnaby'}, {'days': 'Tu', 'startTime': '14:30', 'endTime': '17:20', 'campus': 'Burnaby'}]",Kathleen Burke,3
BUS 303,D400,fall,2024,45 units.,,False,"[{'days': 'Tu', 'startTime': '11:30', 'endTime': '14:20', 'campus': 'Burnaby'}]",Thomas Culham,3
BUS 303,D500,fall,2024,45 units.,,False,"[{'days': 'Th', 'startTime': '11:30', 'endTime': '14:20', 'campus': 'Burnaby'}]",Thomas Culham,3
BUS 307,D100,fall,2024,"45 units; BUS 207 or ECON 201, with a minimum grade of C-.",BUS 207;ECON 201,False,"[{'days': 'We', 'startTime': '9:30', 'endTime': '12:20', 'campus': 'Burnaby'}]",Karen Ruckman,3
BUS 311,D100,fall,2024,"This course is only open to students admitted to the business administration minor between Fall 2012 - Summer 2016 and who have credit for BUS 251 with a minimum grade of C- and 45 units, OR to students admitted to the business administration minor Fall 2016 - onwards and who have credit for BUS 251 with a minimum grade of C-, 45 units, and corequisite: BUS 200.",BUS 251;BUS 200,False,"[{'days': 'Tu, Th', 'startTime': '8:30', 'endTime': '10:20', 'campus': 'Burnaby'}]",Steve Gibson,4
BUS 312,D100,fall,2024,BUS 254 with a minimum grade of C- and 45 units. OR actuarial science students with BUS 254 with a minimum grade of C- and 45 units. Recommended: BUS 207 or ECON 201.,BUS 254,False,"[{'days': 'Th', 'startTime': '11:30', 'endTime': '14:20', 'campus': 'Burnaby'}]",Gherardo Gennaro Caracciolo,3
BUS 312,D200,fall,2024,BUS 254 with a minimum grade of C- and 45 units. OR actuarial science students with BUS 254 with a minimum grade of C- and 45 units. Recommended: BUS 207 or ECON 201.,BUS 254,False,"[{'days': 'Tu', 'startTime': '14:30', 'endTime': '17:20', 'campus': 'Surrey'}]",Gherardo Gennaro Caracciolo,3
BUS 312,E100,fall,2024,BUS 254 with a minimum grade of C- and 45 units. OR actuarial science students with BUS 254 with a minimum grade of C- and 45 units. Recommended: BUS 207 or ECON 201.,BUS 254,False,"[{'days': 'Th', 'startTime': '17:30', 'endTime': '20:20', 'campus': 'Burnaby'}]",Gherardo Gennaro Caracciolo,3
BUS 314,D100,fall,2024,"BUS 238 or BUS 240, with a minimum grade of C-; 45 units.",BUS 238;BUS 240,False,"[{'days': 'Mo', 'startTime': '9:30', 'endTime': '12:20', 'campus': 'Surrey'}, {'days': 'Tu', 'startTime': '9:30', 'endTime': '12:20', 'campus': 'Surrey'}]",Andrew Harries,3
BUS 315,D100,fall,2024,"BUS 312, BUS 336 and (BUS 207 or ECON 201), all with a minimum grade of C- and 45 units; OR actuarial science students with STAT 285 and BUS 312, both with a minimum grade of C- and 45 units.",BUS 312;BUS 336;BUS 207;ECON 201;STAT 285,False,"[{'days': 'Th', 'startTime': '11:30', 'endTime': '14:20', 'campus': 'Burnaby'}]",Alexander Vadilyev,3
BUS 315,E100,fall,2024,"BUS 312, BUS 336 and (BUS 207 or ECON 201), all with a minimum grade of C- and 45 units; OR actuarial science students with STAT 285 and BUS 312, both with a minimum grade of C- and 45 units.",BUS 312;BUS 336;BUS 207;ECON 201;STAT 285,False,"[{'days': 'Th', 'startTime': '17:30', 'endTime': '20:20', 'campus': 'Burnaby'}]",Alexander Vadilyev,3
BUS 318,D100,fall,2024,"BUS 312 with a minimum grade of C-, 45 units, and permission of the instructor. This course is only open to students selected for the BEAM program.",BUS 312,False,"[{'days': 'Th', 'startTime': '14:30', 'endTime': '17:20', 'campus': None}]",Frederick Willeboordse,3
BUS 320,D100,fall,2024,BUS 251 with a minimum grade of C-; 45 units.,BUS 251,False,"[{'days': 'Th', 'startTime': '11:30', 'endTime': '14:20', 'campus': 'Burnaby'}]",Dennis Chung,3
BUS 320,E100,fall,2024,BUS 251 with a minimum grade of C-; 45 units.,BUS 251,False,"[{'days': 'Th', 'startTime': '16:30', 'endTime': '19:20', 'campus': 'Burnaby'}]",Dennis Chung,3
BUS 321,D100,fall,2024,BUS 320 with a minimum grade of C-; 45 units.,BUS 320,False,"[{'days': 'Mo', 'startTime': '14:30', 'endTime': '17:20', 'campus': 'Burnaby'}, {'days': 'Tu', 'startTime': '14:30', 'endTime': '17:20', 'campus': 'Burnaby'}]",Robin Sandhawalia,3
BUS 322,D100,fall,2024,"BUS 254 with a minimum grade of C-, 45 units.",BUS 254,False,"[{'days': 'We', 'startTime': '9:30', 'endTime': '12:20', 'campus': 'Burnaby'}]",Weiming Liu,3
BUS 330,D100,fall,2024,,,False,"[{'days': 'We', 'startTime': '9:30', 'endTime': '12:20', 'campus': 'Burnaby'}]",Susan Bubra,3
BUS 331,D100,fall,2024,"BUS 330 (or BUS 329) with a minimum grade of C-, 45 units.",BUS 330;BUS 329,False,"[{'days': 'We', 'startTime': '14:30', 'endTime': '17:20', 'campus': 'Burnaby'}]",Susan Bubra,3
BUS 336,D100,fall,2024,"MATH 150, MATH 151, MATH 154, or MATH 157, with a minimum grade of C-; BUS 232, ECON 233, or STAT 270, with a minimum grade of C-; 45 units.",MATH 150;MATH 151;MATH 154;MATH 157;BUS 232;ECON 233;STAT 270,False,"[{'days': 'Th', 'startTime': '8:30', 'endTime': '11:20', 'campus': 'Burnaby'}]",Negar Ganjouhaghighi,3
BUS 338,D100,fall,2024,"BUS 238 or BUS 240, with a minimum grade of C-; 45 units.",BUS 238;BUS 240,False,"[{'days': 'Tu', 'startTime': '11:30', 'endTime': '14:20', 'campus': 'Surrey'}]",Amyn Somani,3
BUS 340,D100,fall,2024,"This course is only open to students admitted to the business administration minor between Fall 2012 - Summer 2016 and who have 45 units, OR to students admitted to the business administration minor Fall 2016 - onwards and who have 45 units, and corequisite: BUS 200.",BUS 200,False,"[{'days': 'Tu, Th', 'startTime': '10:30', 'endTime': '12:20', 'campus': 'Burnaby'}]",Luana Carcano,4
BUS 341,D100,fall,2024,"This course is only open to students admitted to the business administration minor between Fall 2012 - Summer 2016 and who have 45 units, OR to students admitted to the business administration minor Fall 2016 - onwards and who have 45 units, and corequisite: BUS 200.",BUS 200,False,"[{'days': 'Tu, Th', 'startTime': '12:30', 'endTime': '14:20', 'campus': 'Burnaby'}]",Luana Carcano,4
BUS 343,D100,fall,2024,45 units.,,False,"[{'days': 'Th', 'startTime': '10:30', 'endTime': '12:20', 'campus': 'Burnaby'}]",Claudia Gomez Borquez,3
BUS 343,D200,fall,2024,45 units.,,False,"[{'days': 'Tu', 'startTime': '10:30', 'endTime': '12:20', 'campus': 'Surrey'}]",Claudia Gomez Borquez,3
BUS 345,D100,fall,2024,"BUS 232 or ECON 233 or STAT 270, and BUS 343, both with a minimum grade of C- and 45 units; OR data science majors with BUS 343 with a minimum grade of C- and 45 units.",BUS 232;ECON 233;STAT 270;BUS 343,False,"[{'days': 'Mo', 'startTime': '9:30', 'endTime': '12:20', 'campus': 'Burnaby'}, {'days': 'Tu', 'startTime': '9:30', 'endTime': '12:20', 'campus': 'Burnaby'}]",Cluny South,3
BUS 345,D200,fall,2024,"BUS 232 or ECON 233 or STAT 270, and BUS 343, both with a minimum grade of C- and 45 units; OR data science majors with BUS 343 with a minimum grade of C- and 45 units.",BUS 232;ECON 233;STAT 270;BUS 343,False,"[{'days': 'Th', 'startTime': '14:30', 'endTime': '17:20', 'campus': 'Burnaby'}]",Sevda Sattari Nikkhou,3
BUS 346,D100,fall,2024,45 units.,,False,"[{'days': 'Mo', 'startTime': '9:30', 'endTime': '12:20', 'campus': 'Burnaby'}, {'days': 'Tu', 'startTime': '9:30', 'endTime': '12:20', 'campus': 'Burnaby'}]",Rekha Krishnan,3
BUS 347,D100,fall,2024,BUS 343 with a minimum grade of C-; 45 units.,BUS 343,False,"[{'days': 'Tu', 'startTime': '14:30', 'endTime': '17:20', 'campus': 'Burnaby'}]",To be Announced,3
BUS 347,D200,fall,2024,BUS 343 with a minimum grade of C-; 45 units.,BUS 343,False,"[{'days': 'We', 'startTime': '14:30', 'endTime': '17:20', 'campus': 'Burnaby'}]",To be Announced,3
BUS 360W,D300,fall,2024,"This course is open to students admitted prior to Fall 2014 to the business administration major, honours, or second degree program and who have 45 units, OR to students admitted Fall 2014 - Summer 2017 to the business administration major, honours, or second degree program and who have 45 units and BUS 130 or (BUS 201 or BUS 202) or BUS 301, with a minimum grade of C-, OR to students admitted Fall 2017 – Summer 2022 to the business administration major, honours, or second degree program and who have 45 units and BUS 130 or (BUS 201 or BUS 202) or BUS 301, and BUS 217W, both with a minimum grade of C-, OR to students admitted Fall 2022 onwards to the business administration major, honours, or second degree program, and who have 45 units; BUS 217W and (BUS 201 or BUS 202), both with a minimum grade of C-; and BUS 300, OR to business administration joint major or joint honours students with BUS 217W with a minimum grade of C- and 45 units, OR to business and economics joint major students with ECON 220W with a minimum grade of C- and 45 units, OR to mechatronic systems engineering and business administration double degree students with 45 units, OR to management systems science or actuarial science majors with 45 units OR to data science major with BUS 217W with a minimum grade of C- and 45 units.",BUS 130;BUS 201;BUS 202;BUS 301;BUS 217W;BUS 300;ECON 220W,False,"[{'days': 'Th', 'startTime': '14:30', 'endTime': '17:20', 'campus': 'Surrey'}]",Christian Venhuizen,4
BUS 360W,D500,fall,2024,"This course is open to students admitted prior to Fall 2014 to the business administration major, honours, or second degree program and who have 45 units, OR to students admitted Fall 2014 - Summer 2017 to the business administration major, honours, or second degree program and who have 45 units and BUS 130 or (BUS 201 or BUS 202) or BUS 301, with a minimum grade of C-, OR to students admitted Fall 2017 – Summer 2022 to the business administration major, honours, or second degree program and who have 45 units and BUS 130 or (BUS 201 or BUS 202) or BUS 301, and BUS 217W, both with a minimum grade of C-, OR to students admitted Fall 2022 onwards to the business administration major, honours, or second degree program, and who have 45 units; BUS 217W and (BUS 201 or BUS 202), both with a minimum grade of C-; and BUS 300, OR to business administration joint major or joint honours students with BUS 217W with a minimum grade of C- and 45 units, OR to business and economics joint major students with ECON 220W with a minimum grade of C- and 45 units, OR to mechatronic systems engineering and business administration double degree students with 45 units, OR to management systems science or actuarial science majors with 45 units OR to data science major with BUS 217W with a minimum grade of C- and 45 units.",BUS 130;BUS 201;BUS 202;BUS 301;BUS 217W;BUS 300;ECON 220W,False,"[{'days': 'We', 'startTime': '9:30', 'endTime': '12:20', 'campus': 'Burnaby'}]",Leanne Barlow,4
BUS 360W,D700,fall,2024,"This course is open to students admitted prior to Fall 2014 to the business administration major, honours, or second degree program and who have 45 units, OR to students admitted Fall 2014 - Summer 2017 to the business administration major, honours, or second degree program and who have 45 units and BUS 130 or (BUS 201 or BUS 202) or BUS 301, with a minimum grade of C-, OR to students admitted Fall 2017 – Summer 2022 to the business administration major, honours, or second degree program and who have 45 units and BUS 130 or (BUS 201 or BUS 202) or BUS 301, and BUS 217W, both with a minimum grade of C-, OR to students admitted Fall 2022 onwards to the business administration major, honours, or second degree program, and who have 45 units; BUS 217W and (BUS 201 or BUS 202), both with a minimum grade of C-; and BUS 300, OR to business administration joint major or joint honours students with BUS 217W with a minimum grade of C- and 45 units, OR to business and economics joint major students with ECON 220W with a minimum grade of C- and 45 units, OR to mechatronic systems engineering and business administration double degree students with 45 units, OR to management systems science or actuarial science majors with 45 units OR to data science major with BUS 217W with a minimum grade of C- and 45 units.",BUS 130;BUS 201;BUS 202;BUS 301;BUS 217W;BUS 300;ECON 220W,False,"[{'days': 'Fr', 'startTime': '9:30', 'endTime': '12:20', 'campus': 'Burnaby'}]",Kevin Stewart,4
BUS 360W,E100,fall,2024,"This course is open to students admitted prior to Fall 2014 to the business administration major, honours, or second degree program and who have 45 units, OR to students admitted Fall 2014 - Summer 2017 to the business administration major, honours, or second degree program and who have 45 units and BUS 130 or (BUS 201 or BUS 202) or BUS 301, with a minimum grade of C-, OR to students admitted Fall 2017 – Summer 2022 to the business administration major, honours, or second degree program and who have 45 units and BUS 130 or (BUS 201 or BUS 202) or BUS 301, and BUS 217W, both with a minimum grade of C-, OR to students admitted Fall 2022 onwards to the business administration major, honours, or second degree program, and who have 45 units; BUS 217W and (BUS 201 or BUS 202), both with a minimum grade of C-; and BUS 300, OR to business administration joint major or joint honours students with BUS 217W with a minimum grade of C- and 45 units, OR to business and economics joint major students with ECON 220W with a minimum grade of C- and 45 units, OR to mechatronic systems engineering and business administration double degree students with 45 units, OR to management systems science or actuarial science majors with 45 units OR to data science major with BUS 217W with a minimum grade of C- and 45 units.",BUS 130;BUS 201;BUS 202;BUS 301;BUS 217W;BUS 300;ECON 220W,False,"[{'days': 'We', 'startTime': '18:30', 'endTime': '21:20', 'campus': 'Burnaby'}]",Kevin Stewart,4
BUS 360W,E200,fall,2024,"This course is open to students admitted prior to Fall 2014 to the business administration major, honours, or second degree program and who have 45 units, OR to students admitted Fall 2014 - Summer 2017 to the business administration major, honours, or second degree program and who have 45 units and BUS 130 or (BUS 201 or BUS 202) or BUS 301, with a minimum grade of C-, OR to students admitted Fall 2017 – Summer 2022 to the business administration major, honours, or second degree program and who have 45 units and BUS 130 or (BUS 201 or BUS 202) or BUS 301, and BUS 217W, both with a minimum grade of C-, OR to students admitted Fall 2022 onwards to the business administration major, honours, or second degree program, and who have 45 units; BUS 217W and (BUS 201 or BUS 202), both with a minimum grade of C-; and BUS 300, OR to business administration joint major or joint honours students with BUS 217W with a minimum grade of C- and 45 units, OR to business and economics joint major students with ECON 220W with a minimum grade of C- and 45 units, OR to mechatronic systems engineering and business administration double degree students with 45 units, OR to management systems science or actuarial science majors with 45 units OR to data science major with BUS 217W with a minimum grade of C- and 45 units.",BUS 130;BUS 201;BUS 202;BUS 301;BUS 217W;BUS 300;ECON 220W,False,"[{'days': 'Tu', 'startTime': '18:30', 'endTime': '21:20', 'campus': 'Burnaby'}]",Kevin Stewart,4
BUS 360W,E300,fall,2024,"This course is open to students admitted prior to Fall 2014 to the business administration major, honours, or second degree program and who have 45 units, OR to students admitted Fall 2014 - Summer 2017 to the business administration major, honours, or second degree program and who have 45 units and BUS 130 or (BUS 201 or BUS 202) or BUS 301, with a minimum grade of C-, OR to students admitted Fall 2017 – Summer 2022 to the business administration major, honours, or second degree program and who have 45 units and BUS 130 or (BUS 201 or BUS 202) or BUS 301, and BUS 217W, both with a minimum grade of C-, OR to students admitted Fall 2022 onwards to the business administration major, honours, or second degree program, and who have 45 units; BUS 217W and (BUS 201 or BUS 202), both with a minimum grade of C-; and BUS 300, OR to business administration joint major or joint honours students with BUS 217W with a minimum grade of C- and 45 units, OR to business and economics joint major students with ECON 220W with a minimum grade of C- and 45 units, OR to mechatronic systems engineering and business administration double degree students with 45 units, OR to management systems science or actuarial science majors with 45 units OR to data science major with BUS 217W with a minimum grade of C- and 45 units.",BUS 130;BUS 201;BUS 202;BUS 301;BUS 217W;BUS 300;ECON 220W,False,"[{'days': 'We', 'startTime': '18:30', 'endTime': '21:20', 'campus': 'Burnaby'}]",Eric Tung,4
BUS 360W,E400,fall,2024,"This course is open to students admitted prior to Fall 2014 to the business administration major, honours, or second degree program and who have 45 units, OR to students admitted Fall 2014 - Summer 2017 to the business administration major, honours, or second degree program and who have 45 units and BUS 130 or (BUS 201 or BUS 202) or BUS 301, with a minimum grade of C-, OR to students admitted Fall 2017 – Summer 2022 to the business administration major, honours, or second degree program and who have 45 units and BUS 130 or (BUS 201 or BUS 202) or BUS 301, and BUS 217W, both with a minimum grade of C-, OR to students admitted Fall 2022 onwards to the business administration major, honours, or second degree program, and who have 45 units; BUS 217W and (BUS 201 or BUS 202), both with a minimum grade of C-; and BUS 300, OR to business administration joint major or joint honours students with BUS 217W with a minimum grade of C- and 45 units, OR to business and economics joint major students with ECON 220W with a minimum grade of C- and 45 units, OR to mechatronic systems engineering and business administration double degree students with 45 units, OR to management systems science or actuarial science majors with 45 units OR to data science major with BUS 217W with a minimum grade of C- and 45 units.",BUS 130;BUS 201;BUS 202;BUS 301;BUS 217W;BUS 300;ECON 220W,False,"[{'days': 'Th', 'startTime': '18:30', 'endTime': '21:20', 'campus': 'Burnaby'}]",Eric Tung,4
BUS 361,D100,fall,2024,45 units.,,False,"[{'days': 'Th', 'startTime': '8:30', 'endTime': '11:20', 'campus': 'Burnaby'}]",Moksh Matta,3
BUS 361,D200,fall,2024,45 units.,,False,"[{'days': 'Th', 'startTime': '14:30', 'endTime': '17:20', 'campus': 'Surrey'}]",Moksh Matta,3
BUS 362,D100,fall,2024,BUS 237 with a minimum grade of C-; 45 units; OR Data Science majors with 45 units.,BUS 237,False,"[{'days': 'Tu', 'startTime': '10:30', 'endTime': '12:20', 'campus': 'Burnaby'}]",Heba Maghraby,4
BUS 362,D200,fall,2024,BUS 237 with a minimum grade of C-; 45 units; OR Data Science majors with 45 units.,BUS 237,False,"[{'days': 'We', 'startTime': '10:30', 'endTime': '12:20', 'campus': 'Surrey'}]",Eman Nasr,4
BUS 371,D100,fall,2024,45 units; BUS 217W with a minimum grade of C-.,BUS 217W,False,"[{'days': 'Th', 'startTime': '11:30', 'endTime': '14:20', 'campus': 'Burnaby'}]",Anthony Chan,3
BUS 373,D100,fall,2024,"BUS 232, ECON 233, or STAT 270, with a minimum grade of C-; 45 units.",BUS 232;ECON 233;STAT 270,False,"[{'days': 'Tu', 'startTime': '8:30', 'endTime': '11:20', 'campus': 'Burnaby'}]",Gohram Gohram,3
BUS 373,D200,fall,2024,"BUS 232, ECON 233, or STAT 270, with a minimum grade of C-; 45 units.",BUS 232;ECON 233;STAT 270,False,"[{'days': 'Mo', 'startTime': '14:30', 'endTime': '17:20', 'campus': 'Surrey'}, {'days': 'Tu', 'startTime': '14:30', 'endTime': '17:20', 'campus': 'Surrey'}]",Gohram Gohram,3
BUS 374,D100,fall,2024,45 units; BUS 272 with a minimum grade of C-.,BUS 272,False,"[{'days': 'We', 'startTime': '14:30', 'endTime': '17:20', 'campus': 'Burnaby'}]",Rajiv Kozhikode,3
BUS 381,D100,fall,2024,BUS 272 with a minimum grade of C-; 45 units.,BUS 272,False,"[{'days': 'Tu', 'startTime': '11:30', 'endTime': '14:20', 'campus': 'Burnaby'}]",Melissa McCrae,3
BUS 381,E100,fall,2024,BUS 272 with a minimum grade of C-; 45 units.,BUS 272,False,"[{'days': 'Tu', 'startTime': '16:30', 'endTime': '19:20', 'campus': 'Burnaby'}]",Bahareh Assadi,3
BUS 393,D100,fall,2024,45 units.,,False,"[{'days': 'Mo', 'startTime': '12:30', 'endTime': '14:20', 'campus': 'Burnaby'}, {'days': 'Tu', 'startTime': '12:30', 'endTime': '14:20', 'campus': 'Burnaby'}]",Shafik Bhalloo,3
BUS 393,D200,fall,2024,45 units.,,False,"[{'days': 'Th', 'startTime': '10:30', 'endTime': '12:20', 'campus': 'Surrey'}]",James Pflanz,3
BUS 393,D300,fall,2024,45 units.,,False,"[{'days': 'Fr', 'startTime': '12:30', 'endTime': '14:20', 'campus': 'Burnaby'}]",Shafik Bhalloo,3
BUS 393,D400,fall,2024,45 units.,,False,"[{'days': 'Tu', 'startTime': '12:30', 'endTime': '14:20', 'campus': 'Burnaby'}]",Jordan Jutras,3
BUS 393,E100,fall,2024,45 units.,,False,"[{'days': 'Th', 'startTime': '16:30', 'endTime': '18:20', 'campus': 'Burnaby'}]",James Pflanz,3
BUS 401,D100,fall,2024,"BUS 311 (or BUS 254 and BUS 312), BUS 340, BUS 341, all with a minimum grade of C-; 60 units. The course is only open to students in the business minor program.",BUS 311;BUS 254;BUS 312;BUS 340;BUS 341,False,"[{'days': 'We', 'startTime': '9:30', 'endTime': '12:20', 'campus': 'Burnaby'}]",Matthew Martell,4
BUS 410,D100,fall,2024,"BUS 315, 316, 360W, all with a minimum grade of C-; 60 units.",BUS 315,False,"[{'days': 'Th', 'startTime': '11:30', 'endTime': '14:20', 'campus': 'Burnaby'}]",Jijun Niu,3
BUS 410,E100,fall,2024,"BUS 315, 316, 360W, all with a minimum grade of C-; 60 units.",BUS 315,False,"[{'days': 'Th', 'startTime': '17:30', 'endTime': '20:20', 'campus': 'Burnaby'}]",Jijun Niu,3
BUS 411,D100,fall,2024,"BUS 315 and BUS 360W, both with a minimum grade of C-; 60 units.",BUS 315;BUS 360W,False,"[{'days': 'Fr', 'startTime': '9:30', 'endTime': '12:20', 'campus': 'Burnaby'}]",Geoffrey Poitras,3
BUS 413,D100,fall,2024,"BUS 312, BUS 315, and BUS 360W, all with a minimum grade of C-; 60 units.",BUS 312;BUS 315;BUS 360W,False,"[{'days': 'Mo', 'startTime': '9:30', 'endTime': '12:20', 'campus': 'Burnaby'}, {'days': 'Tu', 'startTime': '9:30', 'endTime': '12:20', 'campus': 'Burnaby'}]",Alexander Vedrashko,3
BUS 413,E100,fall,2024,"BUS 312, BUS 315, and BUS 360W, all with a minimum grade of C-; 60 units.",BUS 312;BUS 315;BUS 360W,False,"[{'days': 'Mo', 'startTime': '17:30', 'endTime': '20:20', 'campus': 'Burnaby'}, {'days': 'Tu', 'startTime': '17:30', 'endTime': '20:20', 'campus': 'Burnaby'}]",Alexander Vedrashko,3
BUS 414,D100,fall,2024,"BUS 315, BUS 360W, both with a minimum grade of C-; 60 units.",BUS 315;BUS 360W,False,"[{'days': 'Tu', 'startTime': '11:30', 'endTime': '14:20', 'campus': 'Burnaby'}]",Andrey Pavlov,3
BUS 417,D100,fall,2024,"BUS 315, 360W, both with a minimum grade of C-; 60 units.",BUS 315,False,"[{'days': 'Th', 'startTime': '14:30', 'endTime': '17:20', 'campus': 'Burnaby'}]",Geoffrey Poitras,3
BUS 418,D100,fall,2024,"BUS 315, 316, 360W, all with a minimum grade of C-; 60 units.",BUS 315,False,"[{'days': 'We', 'startTime': '14:30', 'endTime': '17:20', 'campus': 'Burnaby'}]",Carlos Lopes da Costa,3
BUS 419,D100,fall,2024,"BUS 315, 316, 360W, all with a minimum grade of C-; 60 units.",BUS 315,False,"[{'days': 'Tu', 'startTime': '14:30', 'endTime': '17:20', 'campus': 'Burnaby'}]",Andrey Pavlov,3
BUS 420,D100,fall,2024,"BUS 321, 360W, both with a minimum grade of C-; 60 units.",BUS 321,False,"[{'days': 'Tu', 'startTime': '11:30', 'endTime': '14:20', 'campus': 'Burnaby'}]",Fereshteh Mahmoudian,3
BUS 421,D100,fall,2024,"BUS 321 and BUS 360W, both with a minimum grade of C-; 60 units.",BUS 321;BUS 360W,False,"[{'days': 'Th', 'startTime': '11:30', 'endTime': '14:20', 'campus': 'Burnaby'}]",Karel Hrazdil,3
BUS 421,E100,fall,2024,"BUS 321 and BUS 360W, both with a minimum grade of C-; 60 units.",BUS 321;BUS 360W,False,"[{'days': 'Th', 'startTime': '17:30', 'endTime': '20:20', 'campus': 'Burnaby'}]",Karel Hrazdil,3
BUS 424,D100,fall,2024,"BUS 322 and BUS 360W, both with a minimum grade of C-; 60 units.",BUS 322;BUS 360W,False,"[{'days': 'Mo', 'startTime': '9:30', 'endTime': '12:20', 'campus': 'Burnaby'}, {'days': 'Tu', 'startTime': '9:30', 'endTime': '12:20', 'campus': 'Burnaby'}]",Johnny Jermias,3
BUS 424,E100,fall,2024,"BUS 322 and BUS 360W, both with a minimum grade of C-; 60 units.",BUS 322;BUS 360W,False,"[{'days': 'Mo', 'startTime': '16:30', 'endTime': '19:20', 'campus': 'Burnaby'}, {'days': 'Tu', 'startTime': '16:30', 'endTime': '19:20', 'campus': 'Burnaby'}]",Johnny Jermias,3
BUS 426,D100,fall,2024,"BUS 321, 360W, both with a minimum grade of C-; 60 units.",BUS 321,False,"[{'days': 'Th', 'startTime': '8:30', 'endTime': '11:20', 'campus': 'Burnaby'}]",Grant Mowbray,3
BUS 426,E100,fall,2024,"BUS 321, 360W, both with a minimum grade of C-; 60 units.",BUS 321,False,"[{'days': 'Mo', 'startTime': '16:30', 'endTime': '19:20', 'campus': 'Burnaby'}, {'days': 'Tu', 'startTime': '16:30', 'endTime': '19:20', 'campus': 'Burnaby'}]",Grant Mowbray,3
BUS 431,D100,fall,2024,BUS 360W with a minimum grade of C-; 60 units. Recommended: BUS 346.,BUS 360W,False,"[{'days': 'Th', 'startTime': '11:30', 'endTime': '14:20', 'campus': 'Burnaby'}]",Rosalie Tung,3
BUS 432,D100,fall,2024,"BUS 360W and one of BUS 272 or 381, all with a minimum grade of C-; 60 units. Recommended: BUS 346.",BUS 360W;BUS 272,False,"[{'days': 'Fr', 'startTime': '14:30', 'endTime': '17:20', 'campus': 'Burnaby'}]",Neethu Parvathy,3
BUS 434,D100,fall,2024,BUS 360W with a minimum grade of C-; 60 units. Recommended: BUS 346.,BUS 360W,False,"[{'days': 'Mo', 'startTime': '14:30', 'endTime': '17:20', 'campus': 'Burnaby'}, {'days': 'Tu', 'startTime': '14:30', 'endTime': '17:20', 'campus': 'Burnaby'}]",Rekha Krishnan,3
BUS 435,D100,fall,2024,BUS 360W with a minimum grade of C-; 60 units. Recommended: BUS 346.,BUS 360W,False,"[{'days': 'Tu', 'startTime': '14:30', 'endTime': '17:20', 'campus': 'Burnaby'}]",Jing Li,3
BUS 437,D100,fall,2024,"BUS 336, 360W, both with a minimum grade of C-; 60 units; OR Data Science majors with BUS 360W with a minimum grade of C- and 60 units.",BUS 336;BUS 360W,False,"[{'days': 'Mo', 'startTime': '9:30', 'endTime': '12:20', 'campus': 'Burnaby'}, {'days': 'Tu', 'startTime': '9:30', 'endTime': '12:20', 'campus': 'Burnaby'}]",Payman Jula,3
BUS 440,D100,fall,2024,"BUS 336, 360W, both with a minimum grade of C-, 60 units; OR Data Science majors with BUS 360W with a minimum grade of C-, 60 units.",BUS 336;BUS 360W,False,"[{'days': 'Tu, Th', 'startTime': '10:30', 'endTime': '12:20', 'campus': 'Burnaby'}]",George Zhang,4
BUS 441,D100,fall,2024,"BUS 232 or ECON 233 or STAT 270, BUS 360W, and BUS 343, all with a minimum grade of C-; 60 units.",BUS 232;ECON 233;STAT 270;BUS 360W;BUS 343,False,"[{'days': 'Fr', 'startTime': '9:30', 'endTime': '12:20', 'campus': 'Burnaby'}]",James Flory,3
BUS 443,D100,fall,2024,"BUS 343 and BUS 360W, or innovation and entrepreneurship certificate students with BUS 343 and an upper division Writing (W) course, both with a minimum grade of C-; 60 units.",BUS 343;BUS 360W,False,"[{'days': 'We', 'startTime': '9:30', 'endTime': '12:20', 'campus': 'Burnaby'}]",Mitsu Feng,3
BUS 445,D100,fall,2024,"BUS 343, 336, 360W, all with a minimum grade of C-, 60 units; OR Data Science majors with BUS 343, 360W, both with a minimum grade of C-, and 60 units.",BUS 343,False,"[{'days': 'Tu', 'startTime': '11:30', 'endTime': '14:20', 'campus': 'Burnaby'}]",Miremad Soleymanian,3
BUS 445,D200,fall,2024,"BUS 343, 336, 360W, all with a minimum grade of C-, 60 units; OR Data Science majors with BUS 343, 360W, both with a minimum grade of C-, and 60 units.",BUS 343,False,"[{'days': 'We', 'startTime': '14:30', 'endTime': '17:20', 'campus': 'Burnaby'}]",Miremad Soleymanian,3
BUS 447,D100,fall,2024,"BUS 343, 360W, both with a minimum grade of C-; 60 units. Recommended: BUS 346.",BUS 343,False,"[{'days': 'Mo', 'startTime': '14:30', 'endTime': '17:20', 'campus': 'Burnaby'}, {'days': 'Tu', 'startTime': '14:30', 'endTime': '17:20', 'campus': 'Burnaby'}]",Cluny South,3
BUS 448,D100,fall,2024,"BUS 347, 360W, both with a minimum grade of C-; 60 units.",BUS 347,False,"[{'days': 'We', 'startTime': '14:30', 'endTime': '17:20', 'campus': 'Burnaby'}]",Tracy Farrell MacRae,3
BUS 449,D100,fall,2024,"BUS 343 and 360W, or corporate environmental and social sustainability certificate students with BUS 343 and upper division Writing (W) course, both with a minimum grade of C-; 60 units.",BUS 343,False,"[{'days': 'Fr', 'startTime': '9:30', 'endTime': '12:20', 'campus': 'Burnaby'}]",Christine Pitt,3
BUS 453,D100,fall,2024,"BUS 360W or (corporate environmental and social sustainability certificate students or innovation and entrepreneurship certificate students with an upper division Writing (W) course), with a minimum grade of C-; 60 units. Recommended: BUS 338.",BUS 360W,False,"[{'days': 'Mo', 'startTime': '14:30', 'endTime': '17:20', 'campus': 'Surrey'}, {'days': 'Tu', 'startTime': '14:30', 'endTime': '17:20', 'campus': 'Surrey'}]",Kam Phung,3
BUS 455,D100,fall,2024,"BUS 254, BUS 345, BUS 347, and BUS 360W, all with a minimum grade of C-; 90 units.",BUS 254;BUS 345;BUS 347;BUS 360W,False,"[{'days': 'Tu', 'startTime': '11:30', 'endTime': '14:20', 'campus': 'Burnaby'}]",Andrew Harries,3
BUS 462,D100,fall,2024,"BUS 336, BUS 360W, BUS 362, all with a minimum grade of C-; 60 units. Corequisite: BUS 336 can be taken concurrently.",BUS 336;BUS 360W;BUS 362,False,"[{'days': 'We', 'startTime': '9:30', 'endTime': '10:50', 'campus': 'Burnaby'}, {'days': 'We', 'startTime': '11:00', 'endTime': '12:20', 'campus': 'Burnaby'}]",Michael Brydon,3
BUS 464,D100,fall,2024,"BUS 360W, 362, both with a minimum grade of C-; 60 units.",BUS 360W,False,"[{'days': 'Mo', 'startTime': '9:30', 'endTime': '12:20', 'campus': 'Burnaby'}, {'days': 'Tu', 'startTime': '9:30', 'endTime': '12:20', 'campus': 'Burnaby'}]",Aishwarya Deep Shukla,3
BUS 464,D200,fall,2024,"BUS 360W, 362, both with a minimum grade of C-; 60 units.",BUS 360W,False,"[{'days': 'Mo', 'startTime': '14:30', 'endTime': '17:20', 'campus': 'Burnaby'}, {'days': 'Tu', 'startTime': '14:30', 'endTime': '17:20', 'campus': 'Burnaby'}]",Aishwarya Deep Shukla,3
BUS 466,D100,fall,2024,"BUS 237, BUS 360W, BUS 362, all with a minimum grade of C-; 60 units.",BUS 237;BUS 360W;BUS 362,False,"[{'days': 'We', 'startTime': '14:30', 'endTime': '17:20', 'campus': 'Burnaby'}]",Raymond Yu,3
BUS 468,D100,fall,2024,"BUS 237, BUS 360W, BUS 362, all with a minimum grade of C-; 90 units.",BUS 237;BUS 360W;BUS 362,False,"[{'days': 'Fr', 'startTime': '14:30', 'endTime': '17:20', 'campus': 'Burnaby'}]",Richard Wong,3
BUS 471,D100,fall,2024,60 units; BUS 360W with a minimum grade of C-.,BUS 360W,False,"[{'days': 'Tu', 'startTime': '11:30', 'endTime': '14:20', 'campus': 'Burnaby'}]",Daniela Blettner,3
BUS 473,D100,fall,2024,"Students admitted prior to Fall 2022 with (BUS 373 or BUS 336) and BUS 360W, or students admitted Fall 2022 onward with BUS 373 and BUS 360W; both with a minimum grade of C-; 60 units.",BUS 373;BUS 336;BUS 360W,False,"[{'days': 'Tu', 'startTime': '14:30', 'endTime': '17:20', 'campus': 'Burnaby'}]",George Zhang,3
BUS 473,D200,fall,2024,"Students admitted prior to Fall 2022 with (BUS 373 or BUS 336) and BUS 360W, or students admitted Fall 2022 onward with BUS 373 and BUS 360W; both with a minimum grade of C-; 60 units.",BUS 373;BUS 336;BUS 360W,False,"[{'days': 'Mo', 'startTime': '14:30', 'endTime': '17:20', 'campus': 'Burnaby'}, {'days': 'Tu', 'startTime': '14:30', 'endTime': '17:20', 'campus': 'Burnaby'}]",Payman Jula,3
BUS 477,D100,fall,2024,"BUS 338 and BUS 360W, or innovation and entrepreneurship certificate students with BUS 338 and an upper division Writing (W) course, both with a minimum grade of C-; 60 units. Recommended: BUS 314, BUS 361.",BUS 338;BUS 360W,False,"[{'days': 'Fr', 'startTime': '12:30', 'endTime': '16:20', 'campus': 'Surrey'}]",Douglas Fast,4
BUS 478,D100,fall,2024,"BUS 207 (or ECON 201 or ECON 301), BUS 312, 343, 360W and either BUS 374 or 381, all with a minimum grade of C-; 90 units.",BUS 207;ECON 201;ECON 301;BUS 312;BUS 374,False,"[{'days': 'Th', 'startTime': '11:30', 'endTime': '14:20', 'campus': 'Burnaby'}]",Jerry Sheppard,3
BUS 478,D200,fall,2024,"BUS 207 (or ECON 201 or ECON 301), BUS 312, 343, 360W and either BUS 374 or 381, all with a minimum grade of C-; 90 units.",BUS 207;ECON 201;ECON 301;BUS 312;BUS 374,False,"[{'days': 'We', 'startTime': '14:30', 'endTime': '17:20', 'campus': 'Surrey'}]",Rui Jorge Basto da Silva,3
BUS 478,D300,fall,2024,"BUS 207 (or ECON 201 or ECON 301), BUS 312, 343, 360W and either BUS 374 or 381, all with a minimum grade of C-; 90 units.",BUS 207;ECON 201;ECON 301;BUS 312;BUS 374,False,"[{'days': 'Tu', 'startTime': '14:30', 'endTime': '17:20', 'campus': 'Burnaby'}]",Edward Bukszar,3
BUS 478,D400,fall,2024,"BUS 207 (or ECON 201 or ECON 301), BUS 312, 343, 360W and either BUS 374 or 381, all with a minimum grade of C-; 90 units.",BUS 207;ECON 201;ECON 301;BUS 312;BUS 374,False,"[{'days': 'Mo', 'startTime': '9:30', 'endTime': '12:20', 'campus': 'Burnaby'}, {'days': 'Tu', 'startTime': '9:30', 'endTime': '12:20', 'campus': 'Burnaby'}]",Jerry Sheppard,3
BUS 478,D500,fall,2024,"BUS 207 (or ECON 201 or ECON 301), BUS 312, 343, 360W and either BUS 374 or 381, all with a minimum grade of C-; 90 units.",BUS 207;ECON 201;ECON 301;BUS 312;BUS 374,False,"[{'days': 'Mo', 'startTime': '14:30', 'endTime': '17:20', 'campus': 'Burnaby'}, {'days': 'Tu', 'startTime': '14:30', 'endTime': '17:20', 'campus': 'Burnaby'}]",Jerry Sheppard,3
BUS 478,D700,fall,2024,"BUS 207 (or ECON 201 or ECON 301), BUS 312, 343, 360W and either BUS 374 or 381, all with a minimum grade of C-; 90 units.",BUS 207;ECON 201;ECON 301;BUS 312;BUS 374,False,"[{'days': 'Fr', 'startTime': '9:30', 'endTime': '12:20', 'campus': 'Burnaby'}]",Yuri Taira,3
BUS 481,D100,fall,2024,"BUS 381 and 360W, with a minimum grade of C-; 60 units.",BUS 381,False,"[{'days': 'Fr', 'startTime': '9:30', 'endTime': '12:20', 'campus': 'Burnaby'}]",Natalie Zhao,3
BUS 482,D100,fall,2024,"60 units; BUS 272, 381 and 360W, all with a minimum grade of C-.",BUS 272,False,"[{'days': 'Th', 'startTime': '11:30', 'endTime': '14:20', 'campus': 'Burnaby'}]",Natalie Zhao,3
BUS 483,D100,fall,2024,"BUS 393, BUS 360W, both with a minimum grade of C-; 60 units.",BUS 393;BUS 360W,False,"[{'days': 'Mo', 'startTime': '14:30', 'endTime': '17:20', 'campus': 'Burnaby'}, {'days': 'Tu', 'startTime': '14:30', 'endTime': '17:20', 'campus': 'Burnaby'}]",Shafik Bhalloo,3
BUS 484,D100,fall,2024,"BUS 381 and 360W, with a minimum grade of C-; 60 units.",BUS 381,False,"[{'days': 'Th', 'startTime': '14:30', 'endTime': '17:20', 'campus': 'Burnaby'}]",Robert Weston,3
BUS 485,D100,fall,2024,"BUS 272, 360W, and either 374 or 381, all with a minimum grade of C-; 60 units.",BUS 272,False,"[{'days': 'We', 'startTime': '14:30', 'endTime': '17:20', 'campus': 'Burnaby'}]",Zhanna Lyubykh,3
BUS 486,D100,fall,2024,"BUS 272, 360W, and either 374 or 381, all with a minimum grade of C-; 60 units.",BUS 272,False,"[{'days': 'Tu', 'startTime': '14:30', 'endTime': '17:20', 'campus': 'Burnaby'}]",David Hannah,3
CA 104,OL01,fall,2024,,,False,[],Janet Danielson,3
CA 117,E100,fall,2024,,,False,"[{'days': 'Th', 'startTime': '18:30', 'endTime': '21:20', 'campus': 'Vancouver'}]",Dorothy Barenscott,3
CA 122,D100,fall,2024,Prior approval as a result of an audition. Corequisite: CA 122 and CA 129 must be taken concurrently.,CA 122;CA 129,False,"[{'days': 'Mo, We, Fr', 'startTime': '12:30', 'endTime': '14:20', 'campus': 'GOLDCORP'}, {'days': 'Mo, We', 'startTime': '9:30', 'endTime': '11:20', 'campus': 'GOLDCORP'}, {'days': 'Tu, Th, Fr', 'startTime': '9:30', 'endTime': '11:20', 'campus': 'GOLDCORP'}, {'days': 'Tu', 'startTime': '9:30', 'endTime': '11:20', 'campus': 'GOLDCORP'}, {'days': 'Tu', 'startTime': '12:30', 'endTime': '14:20', 'campus': 'GOLDCORP'}]",Marla Eist;Nicole Bond;Stina Fredriksson,5
CA 127,D100,fall,2024,12 units.,,False,"[{'days': 'Tu', 'startTime': '14:30', 'endTime': '17:20', 'campus': 'GOLDCORP'}]",Daisy Thompson,3
CA 129,D100,fall,2024,"Declared dance major, extended minor, or permission from instructor.",,True,"[{'days': 'Tu, Th', 'startTime': '12:30', 'endTime': '14:20', 'campus': 'GOLDCORP'}]",Alison Denham,3
CA 135,E100,fall,2024,,,False,"[{'days': 'We', 'startTime': '17:30', 'endTime': '20:20', 'campus': 'Burnaby'}]",Farshid Kazemi,3
CA 136,D100,fall,2024,,,False,"[{'days': 'Mo', 'startTime': '14:30', 'endTime': '17:20', 'campus': 'GOLDCORP'}, {'days': 'Tu', 'startTime': '14:30', 'endTime': '17:20', 'campus': 'GOLDCORP'}]",Christopher Pavsek;Farshid Kazemi,3
CA 140,B100,fall,2024,,,False,"[{'days': 'Mo', 'startTime': '10:30', 'endTime': '12:20', 'campus': 'GOLDCORP'}, {'days': 'Tu', 'startTime': '10:30', 'endTime': '12:20', 'campus': 'GOLDCORP'}]",Arne Eigenfeldt,3
CA 142,OL01,fall,2024,,,False,[],Arne Eigenfeldt,3
CA 149,OL01,fall,2024,,,False,[],Stefan Smulovitz,3
CA 150,D100,fall,2024,,,False,"[{'days': 'Mo, We', 'startTime': '9:30', 'endTime': '12:20', 'campus': 'GOLDCORP'}, {'days': 'Tu', 'startTime': '9:30', 'endTime': '12:20', 'campus': 'GOLDCORP'}]",Su-Feh Lee,3
CA 151,D100,fall,2024,By audition.,,False,"[{'days': 'Tu, Th', 'startTime': '9:30', 'endTime': '12:20', 'campus': 'GOLDCORP'}]",Ryan Tacata,3
CA 160,D100,fall,2024,,,False,"[{'days': 'Mo, We', 'startTime': '9:30', 'endTime': '12:20', 'campus': 'GOLDCORP'}, {'days': 'Tu', 'startTime': '9:30', 'endTime': '12:20', 'campus': 'GOLDCORP'}]",Alex Stursberg,3
CA 170,D100,fall,2024,,,False,"[{'days': 'Tu', 'startTime': '9:30', 'endTime': '11:20', 'campus': 'GOLDCORP'}]",Kyla Gardiner,3
CA 174,D100,fall,2024,,,False,"[{'days': 'Mo', 'startTime': '10:30', 'endTime': '12:20', 'campus': 'GOLDCORP'}, {'days': 'Tu', 'startTime': '10:30', 'endTime': '12:20', 'campus': 'GOLDCORP'}]",Miwa Matreyek,3
CA 186,E100,fall,2024,,,False,"[{'days': 'Mo', 'startTime': '18:30', 'endTime': '20:20', 'campus': 'GOLDCORP'}, {'days': 'Tu', 'startTime': '18:30', 'endTime': '20:20', 'campus': 'GOLDCORP'}]",Joseph Clark,3
CA 220,D100,fall,2024,"CA (or FPA) 122, 123, 124, 129 and prior approval by interview.",,False,"[{'days': 'Mo, We, Fr', 'startTime': '12:30', 'endTime': '14:20', 'campus': 'GOLDCORP'}, {'days': 'Tu, Th', 'startTime': '12:30', 'endTime': '14:20', 'campus': 'GOLDCORP'}, {'days': 'Tu', 'startTime': '12:30', 'endTime': '14:20', 'campus': 'GOLDCORP'}]",Lisa Martin;Sophia Auri Laurio,4
CA 230,D100,fall,2024,"CA (or FPA) 131, and CA (or FPA) 136 or 137, and prior approval. Corequisite: CA 233.",CA 233,False,"[{'days': 'Mo', 'startTime': '10:30', 'endTime': '13:20', 'campus': 'GOLDCORP'}, {'days': 'Tu', 'startTime': '10:30', 'endTime': '13:20', 'campus': 'GOLDCORP'}]",Nadia Shihab,5
CA 233,D100,fall,2024,CA (or FPA) 131 and prior approval. Corequisite: CA 230.,CA 230,False,"[{'days': 'Tu', 'startTime': '10:30', 'endTime': '13:20', 'campus': 'GOLDCORP'}]",Angelica Perez Anzures,2
CA 233,D200,fall,2024,CA (or FPA) 131 and prior approval. Corequisite: CA 230.,CA 230,False,"[{'days': 'Tu', 'startTime': '14:30', 'endTime': '17:20', 'campus': 'GOLDCORP'}]",Angelica Perez Anzures,2
CA 235,D100,fall,2024,"One of CA (or FPA) 117 (or 167), 118 (or 168), 135, 136 or 137 or 30 units.",,False,"[{'days': 'Th', 'startTime': '10:30', 'endTime': '13:20', 'campus': 'GOLDCORP'}]",Nadia Shihab,3
CA 251,D100,fall,2024,"One of CA 123, 131, 146, 152, 161, 171.",CA 123,False,"[{'days': 'Tu, Th', 'startTime': '11:30', 'endTime': '14:20', 'campus': 'GOLDCORP'}]",Steven Hill,3
CA 253,D100,fall,2024,"One of CA 123, 131, 146, 152, 161, 171.",CA 123,False,"[{'days': 'Tu, Th', 'startTime': '14:30', 'endTime': '17:20', 'campus': 'GOLDCORP'}]",Erika Latta,4
CA 254,D100,fall,2024,"One of CA 123, 131, 146, 152, 161, 171.",CA 123,False,"[{'days': 'Mo, We', 'startTime': '12:30', 'endTime': '14:20', 'campus': 'GOLDCORP'}, {'days': 'Tu', 'startTime': '12:30', 'endTime': '14:20', 'campus': 'GOLDCORP'}]",Erika Latta,2
CA 257W,D100,fall,2024,,,False,"[{'days': 'Fr', 'startTime': '9:30', 'endTime': '12:20', 'campus': 'GOLDCORP'}]",Steven Hill,3
CA 262,D100,fall,2024,CA (or FPA) 160. A course materials fee is required.,,False,"[{'days': 'Mo, We', 'startTime': '9:30', 'endTime': '12:20', 'campus': 'DT VSAR'}, {'days': 'Tu', 'startTime': '9:30', 'endTime': '12:20', 'campus': 'DT VSAR'}]",Neil Wedman,3
CA 270,D100,fall,2024,CA (or FPA) 170.,,False,"[{'days': 'Tu, Th', 'startTime': '14:30', 'endTime': '17:20', 'campus': 'GOLDCORP'}]",Wladimiro Woyno Rodriguez,6
CA 276,D100,fall,2024,"CA 174, CA 170 or permission of instructor.",CA 174;CA 170,False,"[{'days': 'Tu, Th', 'startTime': '9:30', 'endTime': '12:20', 'campus': 'GOLDCORP'}]",Miwa Matreyek,3
CA 285,D100,fall,2024,"One of CA (or FPA) 122, 130, 145, 150, 160, 170.",,False,"[{'days': 'Mo, We', 'startTime': '14:30', 'endTime': '17:20', 'campus': 'GOLDCORP'}, {'days': 'Tu', 'startTime': '14:30', 'endTime': '17:20', 'campus': 'GOLDCORP'}]",Robert Kitsos,3
CA 304,E100,fall,2024,30 units in Contemporary Arts.,,False,"[{'days': 'Mo', 'startTime': '17:30', 'endTime': '20:20', 'campus': 'Vancouver'}, {'days': 'Tu', 'startTime': '17:30', 'endTime': '20:20', 'campus': 'Vancouver'}]",Kay Higgins,3
CA 312W,E100,fall,2024,45 units.,,False,"[{'days': 'We', 'startTime': '17:30', 'endTime': '20:20', 'campus': 'Vancouver'}]",Eldritch Priest,3
CA 320,D100,fall,2024,CA (or FPA) 221.,,False,"[{'days': 'Mo, We', 'startTime': '12:30', 'endTime': '14:20', 'campus': 'GOLDCORP'}, {'days': 'Tu, Th, Fr', 'startTime': '12:30', 'endTime': '14:20', 'campus': 'GOLDCORP'}, {'days': 'Tu', 'startTime': '12:30', 'endTime': '14:20', 'campus': 'GOLDCORP'}]",Robert Kitsos;Stina Fredriksson,4
CA 322,D100,fall,2024,"Acceptance into the dance major or extended minor program, or prior approval.",,False,"[{'days': 'Tu, Th, Fr', 'startTime': '9:30', 'endTime': '11:20', 'campus': 'GOLDCORP'}]",Marla Eist,3
CA 324,D100,fall,2024,"CA (or FPA) 124, 228W, and 285.",,False,"[{'days': 'Tu, Th', 'startTime': '14:30', 'endTime': '17:20', 'campus': 'GOLDCORP'}]",Justine Chambers,3
CA 326,D100,fall,2024,"Acceptance into the dance major or extended minor, and prior approval. Corequisite: Students must be concurrently enrolled in a technique course at an appropriate level. These courses include CA 220, CA 320, CA 322, CA 420, and CA 421.",CA 220;CA 320;CA 322;CA 420;CA 421,False,"[{'days': 'Mo, We', 'startTime': '14:30', 'endTime': '18:20', 'campus': 'GOLDCORP'}, {'days': 'Tu', 'startTime': '14:30', 'endTime': '18:20', 'campus': 'GOLDCORP'}, {'days': 'Fr', 'startTime': '14:30', 'endTime': '16:20', 'campus': 'GOLDCORP'}]",Daisy Thompson,5
CA 327,D100,fall,2024,"Acceptance into the dance major or extended minor and prior approval. Corequisite: Students must be concurrently enrolled in a technique course at an appropriate level. These courses include 220, 320, 322, 420, and 421.",,False,"[{'days': 'Mo, We', 'startTime': '14:30', 'endTime': '18:20', 'campus': 'GOLDCORP'}, {'days': 'Tu', 'startTime': '14:30', 'endTime': '18:20', 'campus': 'GOLDCORP'}, {'days': 'Fr', 'startTime': '14:30', 'endTime': '16:20', 'campus': 'GOLDCORP'}]",Daisy Thompson,5
CA 334,D100,fall,2024,CA (or FPA) 231 and prior approval.,,False,"[{'days': 'We', 'startTime': '14:30', 'endTime': '17:20', 'campus': 'GOLDCORP'}]",Chris Chong Chan Fui,3
CA 338W,D100,fall,2024,One of CA (or FPA) 238 or 353 or 457 and prior approval. Strongly recommended for all students developing projects for production in CA (or FPA) 430.,,False,"[{'days': 'Tu', 'startTime': '9:30', 'endTime': '12:20', 'campus': 'Vancouver'}]",Simone Rapisarda,3
CA 341,E100,fall,2024,45 units.,,False,"[{'days': 'Tu', 'startTime': '17:30', 'endTime': '20:20', 'campus': 'Vancouver'}]",Sessional;DeForrest Brown Jr,3
CA 345,D100,fall,2024,CA 246.,CA 246,False,"[{'days': 'Th', 'startTime': '9:30', 'endTime': '11:20', 'campus': 'GOLDCORP'}]",Stefan Maier;Aram Bajakian,4
CA 354,D100,fall,2024,"One of CA 221, 231, 246, 252, 261, 271, 285.",CA 221,False,"[{'days': 'Mo, We', 'startTime': '12:30', 'endTime': '14:20', 'campus': 'GOLDCORP'}, {'days': 'Tu', 'startTime': '12:30', 'endTime': '14:20', 'campus': 'GOLDCORP'}]",James Long,2
CA 369,D100,fall,2024,CA (or FPA) 160. A course materials fee is required.,,False,"[{'days': 'Mo, We', 'startTime': '14:30', 'endTime': '17:20', 'campus': 'DT VSAR'}, {'days': 'Tu', 'startTime': '14:30', 'endTime': '17:20', 'campus': 'DT VSAR'}]",Taryn Walker,3
CA 370,D100,fall,2024,CA (or FPA) 270 and 271 or prior approval.,,False,"[{'days': 'Mo, We', 'startTime': '14:30', 'endTime': '17:20', 'campus': 'GOLDCORP'}, {'days': 'Tu', 'startTime': '14:30', 'endTime': '17:20', 'campus': 'GOLDCORP'}]",Kyla Gardiner,6
CA 374,D100,fall,2024,CA (or FPA) 270 or prior approval.,,False,"[{'days': 'Tu, Th', 'startTime': '14:30', 'endTime': '17:20', 'campus': 'GOLDCORP'}]",Kyla Gardiner,4
CA 381,E100,fall,2024,45 units.,,False,"[{'days': 'Th', 'startTime': '17:30', 'endTime': '20:20', 'campus': 'Vancouver'}]",Dani Fecko;Kenji Maeda,3
CA 386,OL01,fall,2024,60 credit hours.,,False,[],Eldritch Priest,3
CA 390,D100,fall,2024,CA (or FPA) 231 or approval of instructor.,,True,"[{'days': 'Tu', 'startTime': '14:30', 'endTime': '17:20', 'campus': 'GOLDCORP'}]",Noe Rodriguez Hernandez,4
CA 412W,E100,fall,2024,"Eight upper division units; and one of CA (or FPA) 210W (or 210), 316 (or 337), 318 (or 335), or 357W.",,False,"[{'days': 'We', 'startTime': '17:30', 'endTime': '20:20', 'campus': 'Vancouver'}]",Eldritch Priest,4
CA 420,D100,fall,2024,CA (or FPA) 285 and CA (or FPA) 321.,,False,"[{'days': 'Mo, We', 'startTime': '12:30', 'endTime': '14:20', 'campus': 'GOLDCORP'}, {'days': 'Tu, Th, Fr', 'startTime': '12:30', 'endTime': '14:20', 'campus': 'GOLDCORP'}, {'days': 'Tu', 'startTime': '12:30', 'endTime': '14:20', 'campus': 'GOLDCORP'}]",Robert Kitsos;Stina Fredriksson,4
CA 427,D100,fall,2024,CA (or FPA) 323 or prior approval.,,False,"[{'days': 'Tu, Th, Fr', 'startTime': '9:30', 'endTime': '11:20', 'campus': 'GOLDCORP'}]",Marla Eist,3
CA 430,D100,fall,2024,"CA (or FPA) 149, 186, 231, 285 and 10 units in film or cinema studies (CA (or FPA) 135, 136, 137, 186, 235, 236, 216 (or 237), 318 (or 335), 316 (or 337), 416 (or 436)) plus prior approval.",,False,"[{'days': 'Th', 'startTime': '14:30', 'endTime': '17:20', 'campus': 'GOLDCORP'}]",Christopher Chong,6
CA 445,D100,fall,2024,CA 346.,CA 346,False,"[{'days': 'Th', 'startTime': '9:30', 'endTime': '11:20', 'campus': 'GOLDCORP'}]",Stefan Maier;Aram Bajakian,5
CA 460,D100,fall,2024,"CA (or FPA) 361, 367 and status as an approved major in visual art.",,False,"[{'days': 'Tu, Th', 'startTime': '14:30', 'endTime': '17:20', 'campus': 'DT VSAR'}]",Claude Boisjoly,4
CMNS 110,D100,fall,2024,,,False,"[{'days': 'Mo', 'startTime': '14:30', 'endTime': '16:20', 'campus': 'Burnaby'}, {'days': 'Tu', 'startTime': '14:30', 'endTime': '16:20', 'campus': 'Burnaby'}]",Sarah Ganzon,3
CMNS 110,OL01,fall,2024,,,False,[],Layla Cameron,3
CMNS 120W,E100,fall,2024,,,False,"[{'days': 'Tu', 'startTime': '16:30', 'endTime': '18:20', 'campus': 'Burnaby'}]",Jennesia Pedri,3
CMNS 130,OL01,fall,2024,,,False,[],Svitlana Matviyenko,3
CMNS 201W,D100,fall,2024,Nine CMNS units with a minimum grade of C-.,,False,"[{'days': 'Tu', 'startTime': '10:30', 'endTime': '12:20', 'campus': 'Burnaby'}]",Christopher Jeschelnik,4
CMNS 202,D100,fall,2024,Nine CMNS units with a minimum grade of C-.,,False,"[{'days': 'Th', 'startTime': '10:30', 'endTime': '12:20', 'campus': 'Burnaby'}]",Sarah Ganzon,4
CMNS 210,E100,fall,2024,,,False,[],Caitlin McKinney,3
CMNS 215,D100,fall,2024,Nine CMNS units with a minimum grade of C-.,,False,"[{'days': 'Mo', 'startTime': '12:30', 'endTime': '14:20', 'campus': 'Burnaby'}, {'days': 'Tu', 'startTime': '12:30', 'endTime': '14:20', 'campus': 'Burnaby'}]",Jas Morgan,3
CMNS 221,D100,fall,2024,Nine CMNS units with a minimum grade of C-.,,False,"[{'days': 'Fr', 'startTime': '10:30', 'endTime': '12:20', 'campus': 'Burnaby'}]",Jennesia Pedri,3
CMNS 235,D100,fall,2024,Nine CMNS units with a minimum grade of C-.,,False,"[{'days': 'Tu', 'startTime': '14:30', 'endTime': '16:20', 'campus': 'Burnaby'}]",Stephanie Dick,3
CMNS 240,D100,fall,2024,,,False,[],Xiaoxing Zhang,3
CMNS 253W,E100,fall,2024,Nine CMNS units with a minimum grade of C-.,,False,"[{'days': 'Th', 'startTime': '16:30', 'endTime': '18:20', 'campus': 'Burnaby'}]",Dylan Chandler,3
CMNS 304W,D100,fall,2024,17 CMNS units with a minimum grade of C- or 45 units with a minimum CGPA of 2.00.,,False,"[{'days': 'Fr', 'startTime': '14:30', 'endTime': '17:20', 'campus': 'Burnaby'}]",Byron Hauck,4
CMNS 311,E100,fall,2024,17 CMNS units with a minimum grade of C- or 45 units with a minimum CGPA of 2.00.,,False,"[{'days': 'We', 'startTime': '17:30', 'endTime': '20:20', 'campus': 'Burnaby'}]",Svitlana Matviyenko,4
CMNS 314,D100,fall,2024,17 CMNS units with a minimum grade of C- or 45 units with a minimum CGPA of 2.00.,,False,"[{'days': 'Fr', 'startTime': '10:30', 'endTime': '12:20', 'campus': 'Burnaby'}]",Christopher Jeschelnik,4
CMNS 314,D300,fall,2024,17 CMNS units with a minimum grade of C- or 45 units with a minimum CGPA of 2.00.,,False,"[{'days': 'We', 'startTime': '14:30', 'endTime': '17:20', 'campus': 'Burnaby'}]",Kirsten McAllister,4
CMNS 315,D100,fall,2024,17 CMNS units with a minimum grade of C- or 45 units with a minimum CGPA of 2.00.,,False,"[{'days': 'Tu', 'startTime': '8:30', 'endTime': '11:20', 'campus': 'Vancouver'}]",DAL JIN,4
CMNS 316,D100,fall,2024,17 CMNS units with a minimum grade of C- or 45 units with a minimum CGPA of 2.00.,,False,"[{'days': 'Th', 'startTime': '11:30', 'endTime': '14:20', 'campus': 'Burnaby'}]",Ahmed Al-Rawi,4
CMNS 316,D200,fall,2024,17 CMNS units with a minimum grade of C- or 45 units with a minimum CGPA of 2.00.,,False,"[{'days': 'Tu', 'startTime': '14:30', 'endTime': '17:20', 'campus': 'Burnaby'}]",Darren Fleet,4
CMNS 410,D100,fall,2024,26 CMNS units with a minimum grade of C- or 60 units with a minimum CGPA of 2.00.,,False,"[{'days': 'Mo', 'startTime': '9:30', 'endTime': '12:20', 'campus': 'Vancouver'}, {'days': 'Tu', 'startTime': '9:30', 'endTime': '12:20', 'campus': 'Vancouver'}]",Alberto Toscano,4
CMNS 425,D100,fall,2024,26 CMNS units with a minimum grade of C- or 60 units with a minimum CGPA of 2.00.,,False,"[{'days': 'Th', 'startTime': '14:30', 'endTime': '17:20', 'campus': 'Vancouver'}]",Martin Laba,4
CMNS 426,D100,fall,2024,26 CMNS units with a minimum grade of C- or 60 units with a minimum CGPA of 2.00.,,False,"[{'days': 'Tu', 'startTime': '10:30', 'endTime': '12:20', 'campus': 'Burnaby'}]",David Murphy,4
CMNS 446,OL01,fall,2024,26 CMNS units with a minimum grade of C- or 60 units with a minimum CGPA of 2.00.,,False,[],Peter Chow-White,4
CMNS 453,OL01,fall,2024,26 CMNS units with a minimum grade of C- or 60 units with a minimum CGPA of 2.00.,,False,[],Layla Cameron,4
CMNS 455W,E100,fall,2024,26 CMNS units with a minimum grade of C- or 60 units with a minimum CGPA of 2.00.,,False,"[{'days': 'We', 'startTime': '16:30', 'endTime': '20:20', 'campus': 'Burnaby'}]",Jennesia Pedri,4
CMNS 486,D100,fall,2024,Depends on topic; published before enrollment.,,False,"[{'days': 'Mo', 'startTime': '9:30', 'endTime': '12:20', 'campus': 'Burnaby'}, {'days': 'Tu', 'startTime': '9:30', 'endTime': '12:20', 'campus': 'Burnaby'}]",Caitlin McKinney,4
CMNS 487,D100,fall,2024,Depends on topic; published before enrollment.,,False,"[{'days': 'Mo', 'startTime': '14:30', 'endTime': '17:20', 'campus': 'Burnaby'}, {'days': 'Tu', 'startTime': '14:30', 'endTime': '17:20', 'campus': 'Burnaby'}]",Jan Marontate,4
IAT 100,D100,fall,2024,,,False,"[{'days': 'Th', 'startTime': '12:30', 'endTime': '13:50', 'campus': 'Surrey'}]",Susan Clements-Vivian,3
IAT 102,E200,fall,2024,,,False,"[{'days': 'Mo', 'startTime': '16:30', 'endTime': '18:20', 'campus': 'Surrey'}]",Diane Gromala;Andrew Hawryshkewich,3
IAT 103W,D200,fall,2024,,,False,"[{'days': 'Tu', 'startTime': '14:30', 'endTime': '17:20', 'campus': 'Surrey'}]",Reese Muntean,3
IAT 106,D100,fall,2024,,,False,"[{'days': 'Th', 'startTime': '10:30', 'endTime': '12:20', 'campus': 'Surrey'}]",Halil Erhan,3
IAT 110,D100,fall,2024,,,False,"[{'days': 'Fr', 'startTime': '14:30', 'endTime': '17:20', 'campus': 'Burnaby'}]",Kenneth Zupan,3
IAT 167,D100,fall,2024,"CMPT 120 (or equivalent first year programming course such as CMPT 102, 125, 126, 128, 130, 135, or 166) with a minimum grade of C-.",CMPT 120;CMPT 102,False,"[{'days': 'Fr', 'startTime': '14:30', 'endTime': '16:20', 'campus': 'Surrey'}]",Christopher Shaw,3
IAT 201,D100,fall,2024,"Completion of 21 units, including at least one lower division ""W"" course.",,False,"[{'days': 'Mo', 'startTime': '12:30', 'endTime': '14:20', 'campus': 'Surrey'}, {'days': 'Tu', 'startTime': '12:30', 'endTime': '14:20', 'campus': 'Surrey'}]", Nilay Yalcin,3
IAT 202,E100,fall,2024,IAT 100 with a minimum grade of C- and a minimum of 21 units.,IAT 100,False,"[{'days': 'We', 'startTime': '16:30', 'endTime': '18:20', 'campus': 'Surrey'}]",Sam Barnett,3
IAT 206W,D100,fall,2024,IAT 103W with a minimum grade of C- and completion of 21 units.,IAT 103W,False,"[{'days': 'Th', 'startTime': '10:30', 'endTime': '12:20', 'campus': 'Surrey'}]",Niranjan Rajah,3
IAT 210,OL01,fall,2024,Completion of 21 units.,,False,[],Michael Filimowicz,3
IAT 222,D100,fall,2024,Completion of 21 units.,,False,"[{'days': 'Fr', 'startTime': '12:30', 'endTime': '14:20', 'campus': 'Surrey'}]",Gabriela Aceves-Sepulveda;Freya Zinovieff,3
IAT 233,D100,fall,2024,"Completion of 21 units, IAT 102, and IAT 106, both with a minimum grade of C-.",IAT 102;IAT 106,False,"[{'days': 'Mo', 'startTime': '10:30', 'endTime': '12:20', 'campus': 'Surrey'}, {'days': 'Tu', 'startTime': '10:30', 'endTime': '12:20', 'campus': 'Surrey'}]",Halil Erhan,3
IAT 235,D100,fall,2024,Completion of 21 units and IAT 102 with a minimum grade of C-.,IAT 102,False,"[{'days': 'Tu', 'startTime': '10:30', 'endTime': '12:20', 'campus': 'Surrey'}]",Andrew Hawryshkewich,3
IAT 265,D100,fall,2024,"Completion of 21 units and IAT 167 with a minimum grade of C- and one of MATH 130, MACM 101, MATH 150, MATH 151, MATH 154, or MATH 157, with a minimum grade of C-.",IAT 167;MATH 130;MACM 101;MATH 150;MATH 151;MATH 154;MATH 157,False,"[{'days': 'Th', 'startTime': '14:30', 'endTime': '16:20', 'campus': 'Surrey'}]",Christopher Shaw,3
IAT 267,D100,fall,2024,"Completion of 21 units and IAT 167 with a minimum grade of C- and one of MATH 130, MACM 101, MATH 150, MATH 151, MATH 154, or MATH 157, with a minimum grade of C-. Recommended: IAT 265.",IAT 167;MATH 130;MACM 101;MATH 150;MATH 151;MATH 154;MATH 157,False,"[{'days': 'Fr', 'startTime': '8:30', 'endTime': '10:20', 'campus': 'Surrey'}]",Helmine Serban;Mehdi Nazemi,3
IAT 309W,D100,fall,2024,IAT 206W with a minimum grade of C- and completion of 48 units.,IAT 206W,False,"[{'days': 'Th', 'startTime': '8:30', 'endTime': '11:20', 'campus': 'Surrey'}]",Gabriel Juliano,4
IAT 313,D100,fall,2024,Completion of 48 units.,,False,"[{'days': 'We', 'startTime': '9:30', 'endTime': '12:20', 'campus': 'Surrey'}]",Susan Clements-Vivian,3
IAT 333,D100,fall,2024,"Completion of 48 units, including IAT 235 with a minimum grade of C-.",IAT 235,False,"[{'days': 'We', 'startTime': '9:30', 'endTime': '12:20', 'campus': 'Surrey'}]",Gillian Russell,4
IAT 339,E100,fall,2024,"IAT 235 and IAT 265, with a minimum grade of C-.",IAT 235;IAT 265,False,"[{'days': 'Th', 'startTime': '16:30', 'endTime': '20:20', 'campus': 'Surrey'}]",Andrew Hawryshkewich,3
IAT 340,BLS1,fall,2024,Completion of 24 units. Recommended: IAT 202 New Media Images.,,False,"[{'days': 'Th', 'startTime': '18:00', 'endTime': '19:50', 'campus': 'Burnaby'}]",Philippe Pasquier,3
IAT 343,D100,fall,2024,"Minimum of 24 units, including MATH 130 or MACM 101 or MATH 150 or MATH 151 or MATH 154 or MATH 157, with a minimum grade of C-.",MATH 130;MACM 101;MATH 150;MATH 151;MATH 154;MATH 157,False,"[{'days': 'Tu', 'startTime': '14:30', 'endTime': '16:20', 'campus': 'Surrey'}]",Meehae Song,4
IAT 344,D100,fall,2024,Minimum of 48 units and IAT 202 with a minimum grade of C-.,IAT 202,False,"[{'days': 'Mo', 'startTime': '14:30', 'endTime': '16:20', 'campus': 'Surrey'}, {'days': 'Tu', 'startTime': '14:30', 'endTime': '16:20', 'campus': 'Surrey'}]",Reese Muntean,4
IAT 360,D100,fall,2024,"CMPT 120, IAT 265, and IAT 267, all with a minimum grade of C-.",CMPT 120;IAT 265;IAT 267,False,"[{'days': 'Fr', 'startTime': '10:30', 'endTime': '12:20', 'campus': 'Surrey'}]", Nilay Yalcin,3
IAT 431,E100,fall,2024,"Completion of 60 units, including IAT 309W and IAT 333, with a minimum grade of C-.",IAT 309W;IAT 333,False,"[{'days': 'Tu', 'startTime': '16:30', 'endTime': '20:20', 'campus': 'Surrey'}, {'days': 'Tu', 'startTime': '16:30', 'endTime': '19:20', 'campus': 'Surrey'}]",Russell Taylor;Gillian Russell,4
IAT 432,D100,fall,2024,IAT 334 with a minimum grade of C- and completion of 60 units. Recommended: IAT 201 and 235.,IAT 334,False,"[{'days': 'Fr', 'startTime': '9:30', 'endTime': '12:20', 'campus': 'Surrey'}]",Paul Brokenshire,3
IAT 438,E100,fall,2024,"Completion of 75 units, including IAT 309W and 333, with a minimum grade of C-.",IAT 309W,False,"[{'days': 'Th', 'startTime': '16:30', 'endTime': '20:20', 'campus': 'Vancouver'}]",Russell Taylor;Paul Brokenshire,6
IAT 445,D100,fall,2024,"Completion of 60 units, including IAT 343 with a minimum grade of C-.",IAT 343,False,"[{'days': 'Mo', 'startTime': '12:30', 'endTime': '14:20', 'campus': 'Surrey'}, {'days': 'Tu', 'startTime': '12:30', 'endTime': '14:20', 'campus': 'Surrey'}]",Rafael Arias Gonzalez,4
PUB 101,D100,fall,2024,,,False,"[{'days': 'Tu', 'startTime': '10:30', 'endTime': '12:20', 'campus': 'Vancouver'}]",John Maxwell,3
PUB 350,D100,fall,2024,60 units.,,False,"[{'days': 'Fr', 'startTime': '13:30', 'endTime': '17:20', 'campus': 'Vancouver'}]",Jamie Broadhurst,4
PUB 375,E100,fall,2024,60 units.,,False,"[{'days': 'Tu', 'startTime': '16:30', 'endTime': '18:20', 'campus': 'Vancouver'}]",Christine Johnson,4
PUB 480,OL01,fall,2024,75 units.,,False,[],Amanda Lastoria,4
EDUC 100W,OL01,fall,2024,,,False,[],Michele Schmidt,3
EDUC 100W,OL02,fall,2024,,,False,[],Michelle Nilson,3
EDUC 100W,OL03,fall,2024,,,False,[],Michele Schmidt,3
EDUC 199,OL01,fall,2024,,,False,[],Zuzana Vasko,4
EDUC 211,D100,fall,2024,"Students who have credit for MATH 150, MATH 151, MATH 154, MATH 157 need permission of the instructor to participate in EDUC 211 and EDUC 212.",MATH 150;MATH 151;MATH 154;MATH 157;EDUC 211;EDUC 212,False,"[{'days': 'Th', 'startTime': '14:30', 'endTime': '17:20', 'campus': 'Burnaby'}]",Canan Gunes,3
EDUC 220,D100,fall,2024,,,False,"[{'days': 'Mo, We', 'startTime': '12:30', 'endTime': '13:20', 'campus': 'Burnaby'}, {'days': 'Tu', 'startTime': '12:30', 'endTime': '13:20', 'campus': 'Burnaby'}]",Robyn Ilten-Gee,3
EDUC 222,D100,fall,2024,,,False,"[{'days': 'We', 'startTime': '14:30', 'endTime': '17:20', 'campus': 'Burnaby'}]",Tenzin Doleck,3
EDUC 230,OL01,fall,2024,,,False,[],Scott Bowering,3
EDUC 240,D100,fall,2024,,,False,"[{'days': 'Tu', 'startTime': '14:30', 'endTime': '16:20', 'campus': 'Burnaby'}]",Charles Bingham,3
EDUC 252,D100,fall,2024,,,False,"[{'days': 'Fr', 'startTime': '9:30', 'endTime': '13:20', 'campus': 'Burnaby'}]",Ching-Chiu Lin,4
EDUC 252,OL01,fall,2024,,,False,[],Zuzana Vasko,4
EDUC 315,OL01,fall,2024,EDUC 220 or PSYC 250 or LING 100. Students may be required to successfully complete a Criminal Record Check.,EDUC 220;PSYC 250;LING 100,False,[],Maureen Hoskyn,3
EDUC 320,D100,fall,2024,EDUC 220.,EDUC 220,False,"[{'days': 'Mo', 'startTime': '14:30', 'endTime': '17:20', 'campus': 'Burnaby'}, {'days': 'Tu', 'startTime': '14:30', 'endTime': '17:20', 'campus': 'Burnaby'}]",Emmeline Hoogland,3
EDUC 322,OL01,fall,2024,EDUC 220 or PSYC 250.,EDUC 220;PSYC 250,False,[],Addisu Bailie,3
EDUC 323,D100,fall,2024,60 units including EDUC 220.,EDUC 220,False,"[{'days': 'We', 'startTime': '14:30', 'endTime': '17:20', 'campus': 'Surrey'}]",Kel McDowell,3
EDUC 324,D100,fall,2024,EDUC 220 or PSYC 250 and 60 units.,EDUC 220;PSYC 250,False,"[{'days': 'Th', 'startTime': '11:30', 'endTime': '14:20', 'campus': 'Surrey'}]",Masahiro Minami,3
EDUC 326,OL01,fall,2024,"One of EDUC 100, 220, 230, or 240; or EDUC 401/402, or corequisite EDUC 403.",EDUC 100;EDUC 401;EDUC 403,False,[],Tara Immell,3
EDUC 327,E100,fall,2024,"60 units, including EDUC 220.",EDUC 220,False,"[{'days': 'Tu', 'startTime': '16:30', 'endTime': '19:20', 'campus': 'Burnaby'}]",Julie Sture,3
EDUC 328,E100,fall,2024,EDUC 220 or EDUC 401/402 or corequisite EDUC 403.,EDUC 220;EDUC 401;EDUC 403,False,"[{'days': 'Fr', 'startTime': '16:30', 'endTime': '19:20', 'campus': 'Burnaby'}]",Laura Farres,3
EDUC 341,OL01,fall,2024,60 units including three units in EDUC courses.,,False,[],Susan Barber,3
EDUC 352W,E100,fall,2024,EDUC 252.,EDUC 252,False,"[{'days': 'Tu', 'startTime': '16:30', 'endTime': '20:20', 'campus': 'Burnaby'}]",Cary Campbell,4
EDUC 352W,E200,fall,2024,EDUC 252.,EDUC 252,False,"[{'days': 'Th', 'startTime': '16:30', 'endTime': '20:20', 'campus': 'Burnaby'}]",Cary Campbell,4
EDUC 355,E100,fall,2024,60 units.,,False,"[{'days': 'Mo', 'startTime': '16:30', 'endTime': '20:20', 'campus': 'Burnaby'}, {'days': 'Tu', 'startTime': '16:30', 'endTime': '20:20', 'campus': 'Burnaby'}]",Lynn Fels,4
EDUC 358,D100,fall,2024,60 units.,,False,"[{'days': 'We', 'startTime': '9:30', 'endTime': '12:20', 'campus': 'Burnaby'}]",Yumiko Murai,3
EDUC 370,D100,fall,2024,"Completion of at least 60 units, including 3 units in Education.",,False,"[{'days': 'Fr', 'startTime': '12:30', 'endTime': '16:20', 'campus': 'Burnaby'}]",Dale McCartney,4
EDUC 371W,E100,fall,2024,60 units; or permission of instructor.,,True,"[{'days': 'We', 'startTime': '16:30', 'endTime': '20:20', 'campus': 'Burnaby'}]",Lance Castonguay,4
EDUC 376,D100,fall,2024,,,False,"[{'days': 'Th', 'startTime': '14:30', 'endTime': '17:20', 'campus': 'Burnaby'}]",Susan Montabello,3
EDUC 382,E100,fall,2024,60 units.,,False,"[{'days': 'Mo', 'startTime': '16:30', 'endTime': '20:20', 'campus': 'Burnaby'}, {'days': 'Tu', 'startTime': '16:30', 'endTime': '20:20', 'campus': 'Burnaby'}]",Somayeh Bahrami,4
EDUC 388,D100,fall,2024,,,False,"[{'days': 'We', 'startTime': '14:30', 'endTime': '17:20', 'campus': 'Burnaby'}]",Joel Heng Hartse,3
EDUC 400,D017,fall,2024,Admission to Professional Programs and successful completion of a Criminal Record Check.,,False,[],,15
EDUC 422,OL01,fall,2024,PSYC 250 or corequisite of EDUC 315 or 473. Students may be required to successfully complete a Criminal Record Check.,PSYC 250;EDUC 315,False,[],Maureen Hoskyn,4
EDUC 423,E300,fall,2024,Or corequisite: EDUC 323.,EDUC 323,False,"[{'days': 'We', 'startTime': '16:30', 'endTime': '20:20', 'campus': 'Burnaby'}]",Laura Farres,4
EDUC 423,E400,fall,2024,Or corequisite: EDUC 323.,EDUC 323,False,"[{'days': 'Th', 'startTime': '16:30', 'endTime': '20:20', 'campus': 'Burnaby'}]",Laura Farres;Robert Williamson,4
EDUC 426,OL01,fall,2024,"Students may be required to successfully complete a Criminal Record Check. 60 units including EDUC 220 or PSYC 250, or EDUC 401/402 or Corequsite: EDUC 403.",EDUC 220;PSYC 250;EDUC 401;EDUC 403,False,[],Elina Birmingham,4
EDUC 437,OL01,fall,2024,60 units including 3 units in Education.,,False,[],Heesoon Bai,4
EDUC 445,OL01,fall,2024,60 units.,,False,[],Sabrina Ngo,4
EDUC 456,E100,fall,2024,,,False,[],Jan Maclean,4
EDUC 464,OL01,fall,2024,EDUC 401/402 or PSYC 250 or corequisite EDUC 403.,EDUC 401;PSYC 250;EDUC 403,False,[],Victoria Guyevskey,4
EDUC 466,OL01,fall,2024,Corequisite: EDUC 464.,EDUC 464,False,[],Victoria Guyevskey,4
EDUC 469,E100,fall,2024,60 units.,,False,"[{'days': 'Fr', 'startTime': '12:30', 'endTime': '16:20', 'campus': 'Burnaby'}]",Cary Campbell,4
EDUC 471,E100,fall,2024,60 units.,,False,"[{'days': 'Mo', 'startTime': '16:30', 'endTime': '20:20', 'campus': 'Burnaby'}, {'days': 'Tu', 'startTime': '16:30', 'endTime': '20:20', 'campus': 'Burnaby'}]",Natalia Gajdamaschko,4
EDUC 471,OL01,fall,2024,60 units.,,False,[],Alma Krilic,4
EDUC 471,OL02,fall,2024,60 units.,,False,[],Michelle Nilson,4
FAL X99,D100,fall,2024,,,False,"[{'days': 'Tu, Th', 'startTime': '12:30', 'endTime': '14:20', 'campus': 'Burnaby'}]",Jan Maclean,4
ARCH 100,D100,fall,2024,,,False,"[{'days': 'We', 'startTime': '14:30', 'endTime': '17:20', 'campus': 'Burnaby'}]",Laurie Darcus,3
ARCH 100,OL01,fall,2024,,,False,[],David Maxwell,3
ARCH 101,OL01,fall,2024,,,False,[],Bob Muir,3
ARCH 131,D100,fall,2024,,,False,"[{'days': 'Mo', 'startTime': '14:30', 'endTime': '17:20', 'campus': 'Burnaby'}, {'days': 'Tu', 'startTime': '14:30', 'endTime': '17:20', 'campus': 'Burnaby'}]",Dennis Sandgathe,3
ARCH 131,OL01,fall,2024,,,False,[],Dennis Sandgathe,3
ARCH 200,D100,fall,2024,30 units.,,False,"[{'days': 'We', 'startTime': '15:30', 'endTime': '16:50', 'campus': 'Burnaby'}, {'days': 'Fr', 'startTime': '15:30', 'endTime': '16:50', 'campus': 'Burnaby'}]",Aurora Camano,3
ARCH 226,OL01,fall,2024,,,False,[],David Maxwell,3
ARCH 252,D100,fall,2024,,,False,"[{'days': 'Mo', 'startTime': '14:30', 'endTime': '17:20', 'campus': 'Burnaby'}, {'days': 'Tu', 'startTime': '14:30', 'endTime': '17:20', 'campus': 'Burnaby'}]",Angela D'andrea,3
ARCH 271,D100,fall,2024,ARCH 101 or ARCH 201.,ARCH 101;ARCH 201,False,"[{'days': 'Mo', 'startTime': '14:30', 'endTime': '17:20', 'campus': None}, {'days': 'Tu', 'startTime': '14:30', 'endTime': '17:20', 'campus': 'Burnaby'}]",Bob Muir,3
ARCH 272W,D100,fall,2024,"ARCH 100, 101, or 201.",ARCH 100,False,"[{'days': 'Tu', 'startTime': '12:30', 'endTime': '14:20', 'campus': None}]",Dennis Sandgathe,4
ARCH 282,D100,fall,2024,ARCH 101 or ARCH 201.,ARCH 101;ARCH 201,False,"[{'days': 'Tu', 'startTime': '10:30', 'endTime': '12:20', 'campus': None}]",Bob Muir,4
ARCH 301,OL01,fall,2024,45 credit hours.,,False,[],Laurie Darcus,3
ARCH 323,D100,fall,2024,ARCH 131 or any lower division biology course.,ARCH 131,False,"[{'days': 'Mo', 'startTime': '9:30', 'endTime': '12:20', 'campus': None}, {'days': 'Tu', 'startTime': '9:30', 'endTime': '12:20', 'campus': 'Burnaby'}]",Angela Bessa;Angela Silva Bessa,3
ARCH 348,D100,fall,2024,"Six units in Archaeology, including ARCH 101 or ARCH 201.",ARCH 101;ARCH 201,False,"[{'days': 'Mo', 'startTime': '10:30', 'endTime': '12:20', 'campus': None}, {'days': 'Tu', 'startTime': '10:30', 'endTime': '12:20', 'campus': 'Burnaby'}]",Cara Tremain,4
ARCH 374,D100,fall,2024,ARCH 101 (or ARCH 201). Recommended: ARCH 282 (or ARCH 372) and ARCH 271.,ARCH 101;ARCH 201,False,"[{'days': 'Mo', 'startTime': '12:30', 'endTime': '14:20', 'campus': 'Burnaby'}, {'days': 'Tu', 'startTime': '12:30', 'endTime': '14:20', 'campus': 'Burnaby'}]",David Maxwell,4
ARCH 377,D100,fall,2024,"ARCH 101 or ARCH 201, and one lower division ARCH course.",ARCH 101;ARCH 201,False,"[{'days': 'Tu', 'startTime': '12:30', 'endTime': '14:20', 'campus': None}]",Ross Jamieson,4
ARCH 378,D100,fall,2024,ARCH 273.,ARCH 273,False,"[{'days': 'We', 'startTime': '9:30', 'endTime': '12:20', 'campus': None}]",Rudy Reimer,3
ARCH 383,D100,fall,2024,"Any lower division ARCH, BISC, BPK, CHEM, CRIM or HSCI course.",,False,"[{'days': 'Mo', 'startTime': '12:30', 'endTime': '14:20', 'campus': 'Burnaby'}, {'days': 'Tu', 'startTime': '12:30', 'endTime': '14:20', 'campus': 'Burnaby'}]",Dongya Yang,3
EVSC 100,B100,fall,2024,,,False,[],Chelsea Little,3
EVSC 100,D100,fall,2024,,,False,"[{'days': 'Th', 'startTime': '14:30', 'endTime': '16:20', 'campus': 'Burnaby'}]",Shawn Chartrand,3
EVSC 300,E100,fall,2024,EVSC 201W.,EVSC 201W,False,"[{'days': 'Mo', 'startTime': '14:30', 'endTime': '17:20', 'campus': 'Burnaby'}, {'days': 'Tu', 'startTime': '14:30', 'endTime': '17:20', 'campus': 'Burnaby'}]",Anna Hippmann,3
EVSC 305,D100,fall,2024,EVSC 100 and 50 units.,EVSC 100,False,"[{'days': 'Tu', 'startTime': '9:30', 'endTime': '10:20', 'campus': 'Burnaby'}]",Brendan Murphy,4
EVSC 400,D100,fall,2024,EVSC 300 and EVSC 305.,EVSC 300;EVSC 305,False,"[{'days': 'We, Fr', 'startTime': '10:30', 'endTime': '12:20', 'campus': 'Burnaby'}]",Anna Hippmann,4
EVSC 490W,D100,fall,2024,"EVSC 305, EVSC 489, 90 units and consent of EVSC Director.",EVSC 305;EVSC 489,False,[],Jonathan Moore,4
GEOG 100,D100,fall,2024,,,False,"[{'days': 'We', 'startTime': '11:30', 'endTime': '12:20', 'campus': 'Burnaby'}, {'days': 'Fr', 'startTime': '10:30', 'endTime': '12:20', 'campus': 'Burnaby'}]",Scott Peters,3
GEOG 100,OL01,fall,2024,,,False,[],Leanne Roderick,3
GEOG 104,OL01,fall,2024,,,False,[],Leanne Roderick,3
GEOG 111,D100,fall,2024,,,False,"[{'days': 'Tu', 'startTime': '10:30', 'endTime': '12:20', 'campus': 'Burnaby'}]",Andrew Perkins,3
GEOG 150,OL01,fall,2024,,,False,[],Shivanand Balram,3
GEOG 162,OL01,fall,2024,,,False,[],Nadine Schuurman,3
GEOG 213,D100,fall,2024,GEOG 111 or EASC 101.,GEOG 111;EASC 101,False,"[{'days': 'Th', 'startTime': '12:30', 'endTime': '14:20', 'campus': 'Burnaby'}]",Jonathan Cripps,3
GEOG 214,D100,fall,2024,GEOG 111.,GEOG 111,False,"[{'days': 'Mo', 'startTime': '10:30', 'endTime': '12:20', 'campus': 'Burnaby'}, {'days': 'Tu', 'startTime': '10:30', 'endTime': '12:20', 'campus': 'Burnaby'}]",Kirsten Zickfeld,3
GEOG 221,D100,fall,2024,GEOG 100.,GEOG 100,False,"[{'days': 'Tu', 'startTime': '14:30', 'endTime': '16:20', 'campus': 'Burnaby'}]",Rosemary-Claire Collard,3
GEOG 251,D100,fall,2024,,,False,"[{'days': 'Th', 'startTime': '10:30', 'endTime': '12:20', 'campus': 'Burnaby'}]",Shivanand Balram,3
GEOG 253,D100,fall,2024,,,False,"[{'days': 'Th', 'startTime': '14:30', 'endTime': '16:20', 'campus': 'Burnaby'}]",Eva Snirer,3
GEOG 255,D100,fall,2024,,,False,"[{'days': 'Tu', 'startTime': '12:30', 'endTime': '14:20', 'campus': 'Burnaby'}]",Shivanand Balram,3
GEOG 311,D100,fall,2024,"GEOG 213 or 214; GEOG 251 or one of STAT 201, 203 (formerly 103), 205, or 270.",GEOG 213;GEOG 251;STAT 201,False,"[{'days': 'Mo', 'startTime': '12:30', 'endTime': '14:20', 'campus': 'Burnaby'}, {'days': 'Tu', 'startTime': '12:30', 'endTime': '14:20', 'campus': 'Burnaby'}]",Willam Hahm,4
GEOG 312,D100,fall,2024,"One of GEOG 100, 104 or 111 or one of EASC 101 or 104.",GEOG 100;EASC 101,False,"[{'days': 'Mo', 'startTime': '10:30', 'endTime': '12:20', 'campus': 'Burnaby'}, {'days': 'Tu', 'startTime': '10:30', 'endTime': '12:20', 'campus': 'Burnaby'}]",Andrew Perkins,4
GEOG 314,D100,fall,2024,GEOG 214.,GEOG 214,False,"[{'days': 'Tu', 'startTime': '12:30', 'endTime': '14:20', 'campus': 'Burnaby'}]",Kirsten Zickfeld,4
GEOG 321,D100,fall,2024,"At least 45 units, including GEOG 100.",GEOG 100,False,"[{'days': 'Fr', 'startTime': '14:30', 'endTime': '16:20', 'campus': 'Burnaby'}]",Geoffrey Mann,4
GEOG 351,D100,fall,2024,GEOG 255.,GEOG 255,False,"[{'days': 'Tu', 'startTime': '14:30', 'endTime': '16:20', 'campus': 'Burnaby'}]",Suzana Dragicevic,4
GEOG 355,D100,fall,2024,GEOG 255.,GEOG 255,False,"[{'days': 'Fr', 'startTime': '12:30', 'endTime': '14:20', 'campus': 'Burnaby'}]",Nadine Schuurman,4
GEOG 362W,D100,fall,2024,"At least 45 units, including GEOG 100.",GEOG 100,False,"[{'days': 'Th', 'startTime': '14:30', 'endTime': '16:20', 'campus': 'Burnaby'}]",Eugene McCann,4
GEOG 364,D100,fall,2024,"At least 45 units, including GEOG 100.",GEOG 100,False,"[{'days': 'Mo', 'startTime': '12:30', 'endTime': '14:20', 'campus': 'Burnaby'}, {'days': 'Tu', 'startTime': '12:30', 'endTime': '14:20', 'campus': 'Burnaby'}]",Sharon Luk,4
GEOG 385,D100,fall,2024,"At least 45 units, including GEOG 100 or REM 100.",GEOG 100;REM 100,False,"[{'days': 'Fr', 'startTime': '10:30', 'endTime': '12:20', 'campus': 'Vancouver'}]",Christiana Miewald,4
GEOG 441,D100,fall,2024,"At least 45 units, including either GEOG 100 or GEOG 161.",GEOG 100;GEOG 161,False,"[{'days': 'Tu', 'startTime': '14:30', 'endTime': '16:20', 'campus': 'Burnaby'}]",Eugene McCann,4
GEOG 451,D100,fall,2024,"GEOG 251 or one of STAT 201, 203 (formerly 103), 205, or 270; one of GEOG 351, 352, 353, 355 or 356.",GEOG 251;STAT 201;GEOG 351,False,"[{'days': 'Th', 'startTime': '14:30', 'endTime': '16:20', 'campus': 'Burnaby'}]",Suzana Dragicevic,4
PLAN 100,D100,fall,2024,,,False,"[{'days': 'Th', 'startTime': '10:30', 'endTime': '12:20', 'campus': 'Burnaby'}]",Laura Tate,3
PLAN 404,D100,fall,2024,PLAN 100 or PLAN 200; REM 207 or any INDG course; and 75 units. Recommended: REM 319 or PLAN 319.,PLAN 100;PLAN 200;REM 207,False,"[{'days': 'Tu, Th', 'startTime': '14:30', 'endTime': '16:20', 'campus': 'Burnaby'}]",Jonathan Boron,4
PLAN 443,E100,fall,2024,PLAN 100 or PLAN 200; and 60 units.,PLAN 100;PLAN 200,False,"[{'days': 'Th', 'startTime': '16:30', 'endTime': '20:20', 'campus': 'Burnaby'}]",Tom Gunton,4
REM 100,D100,fall,2024,,,False,"[{'days': 'Mo, We', 'startTime': '9:30', 'endTime': '10:20', 'campus': 'Burnaby'}, {'days': 'Tu', 'startTime': '9:30', 'endTime': '10:20', 'campus': 'Burnaby'}]",Pascal Haegeli,3
REM 100,OL01,fall,2024,,,False,[],Pascal Haegeli,3
REM 202W,D100,fall,2024,"One of REM 100, GEOG 100, GEOG 111, or EVSC 100.",REM 100;GEOG 100;GEOG 111;EVSC 100,False,"[{'days': 'Mo', 'startTime': '14:30', 'endTime': '16:20', 'campus': 'Burnaby'}, {'days': 'Tu', 'startTime': '14:30', 'endTime': '16:30', 'campus': 'Burnaby'}]",Scott Harrison,3
REM 211,D100,fall,2024,,,False,"[{'days': 'Th', 'startTime': '12:30', 'endTime': '14:20', 'campus': 'Burnaby'}]",Anne Salomon,3
REM 225,D100,fall,2024,18 units.,,False,"[{'days': 'We, Fr', 'startTime': '12:30', 'endTime': '13:20', 'campus': 'Burnaby'}]",Brett Van Poorten,3
REM 311,D100,fall,2024,REM 100 or EVSC 100; BISC 204 or GEOG 215 or REM 211; STAT 201 or STAT 203 or STAT 205 or GEOG 251 or equivalent. Recommended: REM 225.,REM 100;EVSC 100;BISC 204;GEOG 215;REM 211;STAT 201;STAT 203;STAT 205;GEOG 251,False,"[{'days': 'Tu', 'startTime': '10:30', 'endTime': '12:20', 'campus': 'Burnaby'}]",Scott Harrison,3
REM 321,D100,fall,2024,45 units.,,False,"[{'days': 'Mo', 'startTime': '9:30', 'endTime': '12:20', 'campus': 'Burnaby'}, {'days': 'Tu', 'startTime': '9:30', 'endTime': '12:20', 'campus': 'Burnaby'}]",Andres Cisneros-Montemayor,4
REM 350,E100,fall,2024,45 units.,,False,"[{'days': 'Tu', 'startTime': '17:30', 'endTime': '20:20', 'campus': 'Surrey'}]",Will Niver,4
REM 356W,D100,fall,2024,"One of REM 100, GEOG 100, GEOG 111, or EVSC 100; and 45 units.",REM 100;GEOG 100;GEOG 111;EVSC 100,False,"[{'days': 'Mo', 'startTime': '12:30', 'endTime': '14:20', 'campus': 'Burnaby'}, {'days': 'Tu', 'startTime': '12:30', 'endTime': '14:20', 'campus': 'Burnaby'}]",Will Niver,3
REM 388,D100,fall,2024,45 units.,,False,"[{'days': 'Tu', 'startTime': '14:30', 'endTime': '16:20', 'campus': 'Burnaby'}]",Scott Harrison,3
REM 407,D100,fall,2024,"One of REM 207, ARCH 286, or any INDG course; and 75 units.",REM 207;ARCH 286,False,"[{'days': 'Tu, Th', 'startTime': '12:30', 'endTime': '14:20', 'campus': 'Burnaby'}]",Clifford Atleo,4
REM 412,D100,fall,2024,REM 100 or EVSC 100; BISC 204 or GEOG 215 or REM 211; STAT 201 or STAT 203 or STAT 205 or GEOG 251 or equivalent; and 60 units. Recommended: REM 225.,REM 100;EVSC 100;BISC 204;GEOG 215;REM 211;STAT 201;STAT 203;STAT 205;GEOG 251,False,"[{'days': 'Mo', 'startTime': '14:30', 'endTime': '16:20', 'campus': 'Burnaby'}, {'days': 'Tu', 'startTime': '14:30', 'endTime': '16:20', 'campus': 'Burnaby'}, {'days': 'We', 'startTime': '14:30', 'endTime': '15:20', 'campus': 'Burnaby'}]",Frank Gobas,4
REM 471,D100,fall,2024,"One of REM 100, or GEOG 100 or 111, or EVSC 100 or BISC 102; and 45 units.",REM 100;GEOG 100;EVSC 100;BISC 102,False,"[{'days': 'Tu, Th', 'startTime': '12:30', 'endTime': '14:20', 'campus': 'Burnaby'}]",Sophie Wilkinson,4
SD 381,B100,fall,2024,"One of PLAN 100, PLAN 200, REM 100, or SD 281; and 45 units.",PLAN 100;PLAN 200;REM 100;SD 281,False,"[{'days': 'We', 'startTime': '14:30', 'endTime': '17:20', 'campus': 'Burnaby'}]",Laura Tate,4
HSCI 100,D100,fall,2024,,,False,"[{'days': 'We', 'startTime': '9:30', 'endTime': '10:20', 'campus': 'Burnaby'}, {'days': 'Fr', 'startTime': '8:30', 'endTime': '10:20', 'campus': 'Burnaby'}]",Timothy Beischlag,3
HSCI 120,D100,fall,2024,,,False,"[{'days': 'Tu', 'startTime': '14:30', 'endTime': '17:20', 'campus': 'Burnaby'}]",Milad Parpouchi,3
HSCI 130,D100,fall,2024,,,False,"[{'days': 'Tu', 'startTime': '8:30', 'endTime': '10:20', 'campus': 'Burnaby'}, {'days': 'Th', 'startTime': '8:30', 'endTime': '9:20', 'campus': 'Burnaby'}]",Rochelle Tucker,4
HSCI 160,D100,fall,2024,,,False,"[{'days': 'Fr', 'startTime': '14:30', 'endTime': '17:20', 'campus': 'Burnaby'}]",Yekaterina Tairyan,3
HSCI 207,D100,fall,2024,HSCI 130 with a minimum grade of C-. Corequisite: STAT 201 or 203 or 205.,HSCI 130;STAT 201,False,"[{'days': 'Th', 'startTime': '12:30', 'endTime': '14:20', 'campus': 'Burnaby'}]",Ashleigh Rich,3
HSCI 214,D100,fall,2024,"HSCI 100 or BISC 101, HSCI 130, all with a minimum grade of C-.",HSCI 100;BISC 101;HSCI 130,False,"[{'days': 'We', 'startTime': '13:30', 'endTime': '14:20', 'campus': 'Burnaby'}, {'days': 'Fr', 'startTime': '12:30', 'endTime': '14:20', 'campus': 'Burnaby'}]",Will Small,3
HSCI 216,D100,fall,2024,"HSCI 100 or BISC 101, with a minimum grade of C-.",HSCI 100;BISC 101,False,"[{'days': 'Tu', 'startTime': '14:30', 'endTime': '17:20', 'campus': 'Burnaby'}]",Pablo Nepomnaschy,3
HSCI 220,D100,fall,2024,HSCI 130 with a minimum grade of C- or permission of the instructor.,HSCI 130,False,"[{'days': 'Th', 'startTime': '14:30', 'endTime': '17:20', 'campus': 'Burnaby'}]",Nicole Berry;Krista Stelkia,3
HSCI 230,D100,fall,2024,"30 units, including HSCI 130 with a minimum grade of C-, or permission of the instructor.",HSCI 130,False,"[{'days': 'We', 'startTime': '14:30', 'endTime': '17:20', 'campus': 'Burnaby'}]",Travis Salway,3
HSCI 305,OL01,fall,2024,"60 units, including nine HSCI units with a minimum grade of C-.",,False,[],Lindsay Hedden,3
HSCI 312,D100,fall,2024,"60 units, including either HSCI 130 or BPK 140, with a minimum grade of C-.",HSCI 130;BPK 140,False,"[{'days': 'We', 'startTime': '14:30', 'endTime': '17:20', 'campus': 'Burnaby'}]",Yekaterina Tairyan,3
HSCI 319W,D100,fall,2024,"75 units including nine HSCI units with a minimum grade of C-, one of which must be a 200-division course.",,False,"[{'days': 'Th', 'startTime': '10:30', 'endTime': '12:20', 'campus': 'Burnaby'}]",Jean-Christophe Belisle-Pipon,3
HSCI 319W,D200,fall,2024,"75 units including nine HSCI units with a minimum grade of C-, one of which must be a 200-division course.",,False,"[{'days': 'Th', 'startTime': '8:30', 'endTime': '10:20', 'campus': 'Burnaby'}]",Jean-Christophe Belisle-Pipon,3
HSCI 323,D100,fall,2024,"MBB 231, CHEM 282, both with a minimum grade of C-.",MBB 231;CHEM 282,False,"[{'days': 'Mo', 'startTime': '9:30', 'endTime': '12:20', 'campus': 'Burnaby'}, {'days': 'Tu', 'startTime': '9:30', 'endTime': '11:20', 'campus': 'Burnaby'}]",Timothy Beischlag,3
HSCI 324,D100,fall,2024,BISC 202 with a minimum grade of C-.,BISC 202,False,"[{'days': 'Mo, We, Fr', 'startTime': '8:30', 'endTime': '9:20', 'campus': 'Burnaby'}, {'days': 'Tu', 'startTime': '8:30', 'endTime': '9:20', 'campus': 'Burnaby'}]",Mark Lechner,3
HSCI 326,D100,fall,2024,MBB 231 with a minimum grade of C-.,MBB 231,False,"[{'days': 'Mo, We, Fr', 'startTime': '13:30', 'endTime': '14:20', 'campus': 'Burnaby'}, {'days': 'Tu', 'startTime': '13:30', 'endTime': '14:20', 'campus': 'Burnaby'}]",Ingrid Northwood,3
HSCI 336,D100,fall,2024,MBB 231 with a minimum grade of C-.,MBB 231,False,"[{'days': 'We, Fr', 'startTime': '12:30', 'endTime': '14:20', 'campus': 'Burnaby'}]",Mark Lechner,4
HSCI 338,D100,fall,2024,MBB 222 with a minimum grade of C- or permission of the instructor. Corequisite: BISC 303.,MBB 222;BISC 303,False,"[{'days': 'Th', 'startTime': '11:30', 'endTime': '14:20', 'campus': 'Burnaby'}]",Nienke Van Houten,3
HSCI 340,D100,fall,2024,"60 units and two HSCI 200-level courses with a minimum grade of C-, one of which may be taken concurrently.",HSCI 200,False,"[{'days': 'Fr', 'startTime': '14:30', 'endTime': '17:20', 'campus': 'Burnaby'}]",Nicole Berry,3
HSCI 341,D100,fall,2024,"HSCI 230, and STAT 201 or 203 or 205, all with a minimum grade of C-.",HSCI 230;STAT 201,False,"[{'days': 'Mo', 'startTime': '14:30', 'endTime': '17:20', 'campus': 'Burnaby'}, {'days': 'Tu', 'startTime': '14:30', 'endTime': '17:20', 'campus': 'Burnaby'}]",Kanna Hayashi,3
HSCI 402,D100,fall,2024,HSCI 214 with a minimum grade of C-.,HSCI 214,False,"[{'days': 'Fr', 'startTime': '14:30', 'endTime': '17:20', 'campus': 'Burnaby'}]",Milad Parpouchi,3
HSCI 410,D100,fall,2024,"STAT 302 or STAT 305, with a minimum grade of C-. Recommended: HSCI 230.",STAT 302;STAT 305,False,"[{'days': 'Tu', 'startTime': '8:30', 'endTime': '11:20', 'campus': 'Burnaby'}]",Joao Luiz Dornelles Bastos,3
HSCI 412,D100,fall,2024,"HSCI 312 and two HSCI 200-level courses, with a minimum grade of C-.",HSCI 312;HSCI 200,False,"[{'days': 'Th', 'startTime': '14:30', 'endTime': '17:20', 'campus': 'Burnaby'}]",Anne-Marie Nicol,3
HSCI 424,D100,fall,2024,"A minimum of 60 units and HSCI 230 (or 330) with a minimum grade of C- and one of STAT 302 or STAT 305, with a minimum grade of C-.",HSCI 230;STAT 302;STAT 305,False,"[{'days': 'Tu, Th', 'startTime': '12:30', 'endTime': '14:20', 'campus': 'Burnaby'}]",Ryan Allen,4
HSCI 431,D100,fall,2024,"60 units including either HSCI 212 or 230 (or 330), with a minimum grade of C-.",HSCI 212,False,"[{'days': 'We', 'startTime': '14:30', 'endTime': '17:20', 'campus': 'Burnaby'}]",Tatiana Pakhomova,3
HSCI 432,D100,fall,2024,HSCI 230 (or 330) with a minimum grade of C-.,HSCI 230,False,"[{'days': 'We', 'startTime': '9:30', 'endTime': '12:20', 'campus': 'Burnaby'}]",Hasina Samji,3
HSCI 440,D100,fall,2024,"HSCI 321, HSCI 323, and one of BISC 357, MBB 308, or MBB 309W, all with a minimum grade of C-.",HSCI 321;HSCI 323;BISC 357;MBB 308;MBB 309W,False,"[{'days': 'Th', 'startTime': '13:30', 'endTime': '17:20', 'campus': 'Burnaby'}]",Frank Lee,4
HSCI 442,D100,fall,2024,"HSCI 326 or MBB 326, and one of BISC 303, BISC 357, MBB 308, or MBB 309W, all with a minimum grade of C-.",HSCI 326;MBB 326;BISC 303;BISC 357;MBB 308;MBB 309W,False,"[{'days': 'Tu', 'startTime': '13:30', 'endTime': '17:20', 'campus': 'Burnaby'}]",Ralph Pantophlet,4
HSCI 450,D100,fall,2024,Completion of HSCI 351 Co-op Practicum II.,HSCI 351,False,[],Isabella Silvestre,3
HSCI 461,D100,fall,2024,HSCI 216 with a minimum grade of C-.,HSCI 216,False,"[{'days': 'Tu', 'startTime': '8:30', 'endTime': '11:20', 'campus': 'Burnaby'}]",Pablo Nepomnaschy,3
HSCI 472,D100,fall,2024,Will vary according to topic.,,False,"[{'days': 'We', 'startTime': '9:30', 'endTime': '12:20', 'campus': 'Burnaby'}]",Lyana Patrick,3
HSCI 477,D100,fall,2024,"HSCI 326 or MBB 326 or HSCI 338, with a minimum grade or C- or permission of the instructor.",HSCI 326;MBB 326;HSCI 338,False,"[{'days': 'We', 'startTime': '14:30', 'endTime': '17:20', 'campus': 'Burnaby'}]",Nienke Van Houten,3
HSCI 478,D100,fall,2024,"MBB 331 or HSCI 326 or MBB 326, with a minimum grade of C, or HSCI 338 with a minimum grade of C-.",MBB 331;HSCI 326;MBB 326;HSCI 338,False,"[{'days': 'Mo', 'startTime': '14:30', 'endTime': '17:20', 'campus': 'Burnaby'}, {'days': 'Tu', 'startTime': '14:30', 'endTime': '17:20', 'campus': 'Burnaby'}]",William Hsiao,3
HSCI 481,D100,fall,2024,"90 units, including at least 15 upper division HSCI units with a minimum grade of C-. Other prerequisites may vary according to topic.",,False,"[{'days': 'Th', 'startTime': '14:30', 'endTime': '17:20', 'campus': 'Burnaby'}]",Daljit Gill,3
HSCI 485,D100,fall,2024,"90 units, including at least 15 upper division HSCI units with a minimum grade of C-. Other prerequisites may vary according to topic.",,False,"[{'days': 'Tu', 'startTime': '11:30', 'endTime': '14:20', 'campus': 'Burnaby'}]",Nicole Catherine,3
HSCI 486,D100,fall,2024,"90 units, including at least 15 upper division HSCI units with a minimum grade of C-. Other prerequisites may vary according to topic.",,False,"[{'days': 'Tu', 'startTime': '14:30', 'endTime': '17:20', 'campus': 'Burnaby'}]",Yekaterina Tairyan,3
HSCI 495,D100,fall,2024,Minimum 90 units completed.,,False,"[{'days': 'Tu', 'startTime': '14:30', 'endTime': '17:20', 'campus': 'Burnaby'}]",Hadia Samim,4
ACMA 101,D100,fall,2024,,,False,"[{'days': 'Mo', 'startTime': '12:30', 'endTime': '14:20', 'campus': 'Burnaby'}, {'days': 'Tu', 'startTime': '12:30', 'endTime': '14:20', 'campus': 'Burnaby'}, {'days': 'We', 'startTime': '12:30', 'endTime': '13:20', 'campus': 'Burnaby'}]",Cherie Ng,3
ACMA 231,D100,fall,2024,BC Mathematics 12 (or equivalent) or any 100-level MATH course with a minimum grade of C.,,False,"[{'days': 'We', 'startTime': '10:30', 'endTime': '12:20', 'campus': 'Burnaby'}, {'days': 'Fr', 'startTime': '11:30', 'endTime': '12:20', 'campus': 'Burnaby'}]",Himchan Jeong,3
ACMA 301,D100,fall,2024,"ACMA 201 (or 210), with a minimum grade of C. Corequisite: STAT 285.",ACMA 201;STAT 285,False,"[{'days': 'Mo', 'startTime': '10:30', 'endTime': '11:20', 'campus': 'Burnaby'}, {'days': 'Tu', 'startTime': '10:30', 'endTime': '11:20', 'campus': 'Burnaby'}, {'days': 'Th', 'startTime': '10:30', 'endTime': '12:20', 'campus': 'Burnaby'}]",Cherie Ng,3
ACMA 321,D100,fall,2024,"ACMA 101 with a minimum grade of C. Corequisite: STAT 330, ACMA 231.",ACMA 101;STAT 330;ACMA 231,False,"[{'days': 'Mo', 'startTime': '14:30', 'endTime': '15:20', 'campus': 'Burnaby'}, {'days': 'Tu', 'startTime': '14:30', 'endTime': '15:20', 'campus': 'Burnaby'}, {'days': 'Th', 'startTime': '14:30', 'endTime': '16:20', 'campus': 'Burnaby'}]",Chi-Liang Tsai,3
BISC 101,D100,fall,2024,"Biology 12 (or equivalent) with a minimum grade of C (or BISC 100 with a minimum grade of C-, or BISC 113 with a minimum grade of C+, or BPK 105 with a minimum grade of C+, or HSCI 100 with a minimum grade of C+); and Chemistry 12 (or equivalent) with a minimum grade of C (or CHEM 111 with a minimum grade of C-).",BISC 100;BISC 113;BPK 105;HSCI 100;CHEM 111,False,"[{'days': 'Tu', 'startTime': '10:30', 'endTime': '11:20', 'campus': 'Burnaby'}, {'days': 'Th', 'startTime': '9:30', 'endTime': '11:20', 'campus': 'Burnaby'}]","Tony Williams;Megan Barker, Lab Instructor;Liz Steves",4
BISC 101,D200,fall,2024,"Biology 12 (or equivalent) with a minimum grade of C (or BISC 100 with a minimum grade of C-, or BISC 113 with a minimum grade of C+, or BPK 105 with a minimum grade of C+, or HSCI 100 with a minimum grade of C+); and Chemistry 12 (or equivalent) with a minimum grade of C (or CHEM 111 with a minimum grade of C-).",BISC 100;BISC 113;BPK 105;HSCI 100;CHEM 111,False,"[{'days': 'We', 'startTime': '11:30', 'endTime': '12:20', 'campus': 'Surrey'}, {'days': 'Fr', 'startTime': '10:30', 'endTime': '12:20', 'campus': 'Surrey'}]",Ivona Mladenovic,4
BISC 102,D100,fall,2024,"Biology 12 (or equivalent) with a minimum grade of C (or BISC 100 with a minimum grade of C-, or BISC 113 with a minimum grade of C+, or BPK 105 with a minimum grade of C+, or HSCI 100 with a minimum grade of C+).",BISC 100;BISC 113;BPK 105;HSCI 100,False,"[{'days': 'Tu, Th', 'startTime': '12:30', 'endTime': '13:20', 'campus': 'Burnaby'}]",Ronald Ydenberg;Kevin Lam;Hayley Kellam,4
BISC 171,D100,fall,2024,,,False,"[{'days': 'Fr', 'startTime': '13:30', 'endTime': '14:20', 'campus': 'Burnaby'}]",Tony Williams,1
BISC 202,D100,fall,2024,"BISC 101 and 102, both with a minimum grade of C-.",BISC 101,False,"[{'days': 'Tu', 'startTime': '8:30', 'endTime': '10:20', 'campus': 'Burnaby'}, {'days': 'Th', 'startTime': '8:30', 'endTime': '9:20', 'campus': 'Burnaby'}]",Onkar Bains,3
BISC 204,D100,fall,2024,"BISC 101 and 102, both with a minimum grade of C-.",BISC 101,False,"[{'days': 'Tu', 'startTime': '10:30', 'endTime': '11:20', 'campus': 'Burnaby'}, {'days': 'Th', 'startTime': '10:30', 'endTime': '12:20', 'campus': 'Burnaby'}]",Wendy Palen,3
BISC 205,D100,fall,2024,"BISC 101, BISC 102, and PHYS 101, all with a minimum grade of C-.",BISC 101;BISC 102;PHYS 101,False,"[{'days': 'Mo, We, Fr', 'startTime': '9:30', 'endTime': '10:20', 'campus': 'Burnaby'}, {'days': 'Tu', 'startTime': '9:30', 'endTime': '10:20', 'campus': 'Burnaby'}]",Gordon Rintoul;Jim Mattsson,3
BISC 300,D100,fall,2024,BISC 202 with a minimum grade of C-. Recommended: BISC 204.,BISC 202,False,"[{'days': 'Mo, We, Fr', 'startTime': '12:30', 'endTime': '13:20', 'campus': 'Burnaby'}, {'days': 'Tu', 'startTime': '12:30', 'endTime': '13:20', 'campus': 'Burnaby'}]",Arne Mooers,3
BISC 303,D100,fall,2024,"BISC 102, MBB 222, and MBB 231, all with a minimum grade of C-.",BISC 102;MBB 222;MBB 231,False,"[{'days': 'Tu, Th', 'startTime': '9:30', 'endTime': '10:20', 'campus': 'Burnaby'}]",Julian Guttman,4
BISC 308,D100,fall,2024,"BISC 101, 102, and (BISC 204 or GEOG 215), all with a minimum grade of C-.",BISC 101;BISC 204;GEOG 215,False,"[{'days': 'Tu', 'startTime': '10:30', 'endTime': '11:20', 'campus': 'Burnaby'}, {'days': 'Th', 'startTime': '9:30', 'endTime': '11:20', 'campus': 'Burnaby'}]",Vicki Marlatt,3
BISC 316,D100,fall,2024,"BISC 101 and 102, both with a minimum grade of C-.",BISC 101,False,"[{'days': 'Mo, We, Fr', 'startTime': '8:30', 'endTime': '9:20', 'campus': 'Burnaby'}, {'days': 'Tu', 'startTime': '8:30', 'endTime': '9:20', 'campus': 'Burnaby'}]",Sruthee Govindaraj;Tegan Williams,4
CMPT 428,D200,fall,2024,"CMPT 427, CGPA of 2.50.",CMPT 427,False,"[{'days': 'Mo, Tu, We, Th, Fr', 'startTime': '8:00', 'endTime': '20:00', 'campus': None}]",Tanya Behrisch;Cristina Eftenaru;Stephanie Greaves,3
ENSC 295,D100,fall,2024,ENSC 195 or 196.,ENSC 195,False,"[{'days': 'Mo, Tu, We, Th, Fr', 'startTime': '8:00', 'endTime': '20:00', 'campus': None}]",Cristina Eftenaru,3
ENSC 370,D100,fall,2024,Completion of at least 25 units of engineering science (ENSC) courses.,,False,"[{'days': 'Fr', 'startTime': '12:30', 'endTime': '14:20', 'campus': 'Burnaby'}]",Andrew Rawicz,3
SEE 101W,D100,fall,2024,,,False,"[{'days': 'We', 'startTime': '13:30', 'endTime': '14:20', 'campus': 'Surrey'}, {'days': 'Fr', 'startTime': '12:30', 'endTime': '14:20', 'campus': 'Surrey'}]",Vivian Neal,3
SEE 476,D100,fall,2024,Permission of the undergraduate curriculum chair.,,True,"[{'days': 'Mo', 'startTime': '12:30', 'endTime': '14:20', 'campus': 'Surrey'}, {'days': 'Tu', 'startTime': '12:30', 'endTime': '14:20', 'campus': 'Surrey'}, {'days': 'We', 'startTime': '12:30', 'endTime': '13:20', 'campus': 'Surrey'}]",Mahda Jahromi,3
CRIM 103,D900,fall,2024,PSYC 100 and 102 are recommended.,PSYC 100,False,"[{'days': 'Mo', 'startTime': '8:30', 'endTime': '10:20', 'campus': 'Surrey'}, {'days': 'Tu', 'startTime': '8:30', 'endTime': '10:20', 'campus': 'Surrey'}]",Brenda Morrison,3
CRIM 419,BLS1,fall,2024,CRIM 101 or FNST 101 or 201 or permission of the instructor.,CRIM 101;FNST 101,False,"[{'days': 'Th', 'startTime': '16:30', 'endTime': '18:20', 'campus': 'Burnaby'}]",Michaela McGuire,3
ECON 220W,D100,fall,2024,"ECON 201 with a minimum grade of C-, minimum 30 units and no more than 80 units.",ECON 201,False,"[{'days': 'Mo, We', 'startTime': '14:30', 'endTime': '15:20', 'campus': 'Burnaby'}, {'days': 'Tu', 'startTime': '14:30', 'endTime': '15:20', 'campus': 'Burnaby'}]",Gulriz Barkin;Sepideh Fotovatian,4
ECON 333,D100,fall,2024,"ECON 103 with a minimum grade of C- or ECON 113 with a minimum grade of A-; ECON 105 with a minimum grade of C- or ECON 115 with a minimum grade of A-; ECON 233, BUS (or BUEC) 232, or STAT 270, with a minimum grade of C-; MATH 150, MATH 151, MATH 154, or MATH 157, with a minimum grade of C-; 60 units. Students with a minimum grade of A- in ECON 233, BUS (or BUEC) 232 or STAT 270 can take ECON 333 after 30 units. Students seeking permission to enroll based on their ECON 233, BUS (or BUEC) 232 or STAT 270 grade must contact the undergraduate advisor in economics.",ECON 103;ECON 113;ECON 105;ECON 115;ECON 233;STAT 270;MATH 150;MATH 151;MATH 154;MATH 157;ECON 333,False,"[{'days': 'Mo', 'startTime': '12:30', 'endTime': '14:20', 'campus': 'Burnaby'}, {'days': 'Tu', 'startTime': '12:30', 'endTime': '14:20', 'campus': 'Burnaby'}, {'days': 'We', 'startTime': '12:30', 'endTime': '13:20', 'campus': 'Burnaby'}]",Dongwoo Kim,4
ECON 355W,D100,fall,2024,ECON 103 with a minimum grade of C- or ECON 113 with a minimum grade of A-; ECON 105 with a minimum grade of C- or ECON 115 with a minimum grade of A-; 60 units.,ECON 103;ECON 113;ECON 105;ECON 115,False,"[{'days': 'Tu', 'startTime': '14:30', 'endTime': '17:20', 'campus': 'Burnaby'}]",Maliha Nazir,4
ENGL 199W,D100,fall,2024,12 units.,,False,"[{'days': 'We', 'startTime': '14:30', 'endTime': '17:20', 'campus': 'Burnaby'}]",Alys Avalos Rivera,3
ENGL 496,D100,fall,2024,"Lower division requirements for the English major. Open only to students who have been accepted into the English honours program, and who have completed ENGL 494.",ENGL 494,False,[],,4
GERM 110,D100,fall,2024,GERM 100 (or GERM 102) or equivalent.,GERM 100;GERM 102,False,"[{'days': 'We, Fr', 'startTime': '10:30', 'endTime': '12:20', 'campus': 'Burnaby'}]",Claudia Hein,3
HIST 102W,D900,fall,2024,,,False,"[{'days': 'Mo', 'startTime': '8:30', 'endTime': '10:20', 'campus': 'Surrey'}, {'days': 'Tu', 'startTime': '8:30', 'endTime': '10:20', 'campus': 'Surrey'}]",Liam O'Flaherty,3
HIST 132,D100,fall,2024,,,False,"[{'days': 'Mo', 'startTime': '10:30', 'endTime': '12:20', 'campus': 'Burnaby'}, {'days': 'Tu', 'startTime': '10:30', 'endTime': '12:20', 'campus': 'Burnaby'}]",Christina Adcock,3
INDG 110W,B100,fall,2024,,,False,"[{'days': 'Tu', 'startTime': '14:30', 'endTime': '17:20', 'campus': 'Burnaby'}]",Sarah Henzi,4
ITAL 100,D200,fall,2024,,,False,"[{'days': 'We', 'startTime': '10:30', 'endTime': '12:20', 'campus': 'Burnaby'}, {'days': 'Fr', 'startTime': '10:30', 'endTime': '12:20', 'campus': 'Burnaby'}]",Vlad Vintila,3
PHIL 150,D100,fall,2024,,,False,"[{'days': 'Mo', 'startTime': '14:30', 'endTime': '17:20', 'campus': 'Burnaby'}, {'days': 'Tu', 'startTime': '14:30', 'endTime': '17:20', 'campus': 'Burnaby'}]",Michaela Manson,3
PHIL 150,D900,fall,2024,,,False,"[{'days': 'Th', 'startTime': '9:30', 'endTime': '12:20', 'campus': 'Surrey'}]",Michaela Manson,3
PUNJ 100,E900,fall,2024,,,False,"[{'days': 'Tu, Th', 'startTime': '16:30', 'endTime': '18:20', 'campus': 'Surrey'}]",Reetinder Kaur,3
SDA 250,D100,fall,2024,,,False,"[{'days': 'Tu, Th', 'startTime': '10:30', 'endTime': '12:20', 'campus': 'Burnaby'}]",Yifang Yuan,4
BUS 201,D300,fall,2024,This course is only open to approved business administration majors admitted to the faculty through the Business Foundation Pathways - High School Pathway. Corequisite: BUS 203 with a P grade.,BUS 203,False,"[{'days': 'Th', 'startTime': '14:30', 'endTime': '16:20', 'campus': 'Burnaby'}, {'days': 'Sa', 'startTime': '8:30', 'endTime': '16:20', 'campus': 'Burnaby'}]",Susan Christie-Bell,3
BUS 316,E100,fall,2024,"BUS 312 and BUS 336, both with a minimum grade of C- and 45 units; OR actuarial science students with STAT 285 and BUS 312, both with a minimum grade of C- and 45 units.",BUS 312;BUS 336;STAT 285,False,"[{'days': 'Tu', 'startTime': '17:30', 'endTime': '20:20', 'campus': 'Burnaby'}]",Husna Memon,3
BUS 360W,D400,fall,2024,"This course is open to students admitted prior to Fall 2014 to the business administration major, honours, or second degree program and who have 45 units, OR to students admitted Fall 2014 - Summer 2017 to the business administration major, honours, or second degree program and who have 45 units and BUS 130 or (BUS 201 or BUS 202) or BUS 301, with a minimum grade of C-, OR to students admitted Fall 2017 – Summer 2022 to the business administration major, honours, or second degree program and who have 45 units and BUS 130 or (BUS 201 or BUS 202) or BUS 301, and BUS 217W, both with a minimum grade of C-, OR to students admitted Fall 2022 onwards to the business administration major, honours, or second degree program, and who have 45 units; BUS 217W and (BUS 201 or BUS 202), both with a minimum grade of C-; and BUS 300, OR to business administration joint major or joint honours students with BUS 217W with a minimum grade of C- and 45 units, OR to business and economics joint major students with ECON 220W with a minimum grade of C- and 45 units, OR to mechatronic systems engineering and business administration double degree students with 45 units, OR to management systems science or actuarial science majors with 45 units OR to data science major with BUS 217W with a minimum grade of C- and 45 units.",BUS 130;BUS 201;BUS 202;BUS 301;BUS 217W;BUS 300;ECON 220W,False,"[{'days': 'Tu', 'startTime': '11:30', 'endTime': '14:20', 'campus': 'Burnaby'}]",Leanne Barlow,4
CA 130,D100,fall,2024,Prior approval through formal application.,,False,"[{'days': 'We', 'startTime': '10:30', 'endTime': '13:20', 'campus': 'GOLDCORP'}]",Simone Rapisarda,4
CA 143,D100,fall,2024,"Acceptance into the major, or permission of instructor. Corequisite: CA 145 or permission of instructor.",CA 145,False,"[{'days': 'Tu', 'startTime': '13:30', 'endTime': '15:20', 'campus': 'GOLDCORP'}]",Stefan Maier,3
CA 145,D100,fall,2024,,,False,"[{'days': 'Tu', 'startTime': '9:30', 'endTime': '12:20', 'campus': 'GOLDCORP'}]",Aram Bajakian,3
CA 160,D200,fall,2024,,,False,"[{'days': 'Tu, Th', 'startTime': '9:30', 'endTime': '12:20', 'campus': 'GOLDCORP'}]",Claude Boisjoly,3
CA 160,D300,fall,2024,,,False,"[{'days': 'Tu, Th', 'startTime': '14:30', 'endTime': '17:20', 'campus': 'GOLDCORP'}]",Alex Stursberg,3
CMNS 362,D100,fall,2024,17 CMNS units with a minimum grade of C- or 45 units with a minimum CGPA of 2.00.,,False,"[{'days': 'Mo', 'startTime': '14:30', 'endTime': '17:20', 'campus': 'Vancouver'}, {'days': 'Tu', 'startTime': '14:30', 'endTime': '17:20', 'campus': 'Vancouver'}]",Daniel Ahadi,6
IAT 103W,D100,fall,2024,,,False,"[{'days': 'Th', 'startTime': '14:30', 'endTime': '17:20', 'campus': 'Surrey'}]",Sadhbh Kenny,3
FAL X99,D200,fall,2024,,,False,"[{'days': 'Tu, Th', 'startTime': '14:30', 'endTime': '16:20', 'campus': 'Burnaby'}]",Jan Maclean,4
FAL X99,D700,fall,2024,,,False,"[{'days': 'Tu, Th', 'startTime': '10:30', 'endTime': '12:20', 'campus': 'Burnaby'}]",Joel Heng Hartse,4
GEOG 340,D100,fall,2024,"At least 45 units, including GEOG 100 or GSWS 100 or GSWS 101 or GSWS 102 or INDG 101 or SA 101 or HSCI 120 or CMNS 130.",GEOG 100;GSWS 100;GSWS 101;GSWS 102;INDG 101;SA 101;HSCI 120;CMNS 130,False,"[{'days': 'Tu', 'startTime': '10:30', 'endTime': '12:20', 'campus': 'Burnaby'}]",May Farrales,4
REM 423,D100,fall,2024,BISC 204 or GEOG 215 or REM 211; REM 225; STAT 201 or STAT 203 or STAT 205 or GEOG 251 or equivalent; MATH 151 or MATH 154 or MATH 157 or equivalent; and 60 units; or permission of instructor.,BISC 204;GEOG 215;REM 211;REM 225;STAT 201;STAT 203;STAT 205;GEOG 251;MATH 151;MATH 154;MATH 157,False,"[{'days': 'Tu, Th', 'startTime': '10:30', 'endTime': '12:20', 'campus': 'Burnaby'}]",Kyle Wilson,4
HSCI 130,D200,fall,2024,,,False,"[{'days': 'We', 'startTime': '9:30', 'endTime': '10:20', 'campus': 'Surrey'}, {'days': 'Fr', 'startTime': '8:30', 'endTime': '10:20', 'campus': 'Surrey'}]",Rochelle Tucker,4
ACMA 337,D100,fall,2024,ACMA 336 or Job Practicum I from another department. Students must apply and receive permission from the co-op coordinator at least one term in advance.,ACMA 336,False,[],Natalie Erickson,3
BPK 110,D200,fall,2024,,,False,"[{'days': 'Tu', 'startTime': '14:30', 'endTime': '16:20', 'campus': 'Surrey'}]",Amandio Vieira,3
CHEM 120,D400,fall,2024,"Chemistry 12 with a minimum grade of B, or CHEM 110 or 111 with a minimum grade of C-.",CHEM 110,False,"[{'days': 'Mo, We, Fr', 'startTime': '8:30', 'endTime': '9:20', 'campus': 'Surrey'}, {'days': 'Tu', 'startTime': '8:30', 'endTime': '9:20', 'campus': 'Surrey'}]",Rebecca Goyan,3
CHEM 180,D100,fall,2024,CHEM 121 with a minimum grade of C-.,CHEM 121,False,"[{'days': 'Mo, We, Fr', 'startTime': '12:30', 'endTime': '13:20', 'campus': 'Burnaby'}, {'days': 'Tu', 'startTime': '12:30', 'endTime': '13:20', 'campus': 'Burnaby'}]",John Canal;Charles Walsby;Patricia Somers,3
EASC 101,D100,fall,2024,,,False,"[{'days': 'Mo, We', 'startTime': '11:30', 'endTime': '12:20', 'campus': 'Burnaby'}, {'days': 'Tu', 'startTime': '11:30', 'endTime': '12:20', 'campus': 'Burnaby'}]",Cindy Hansen,3
FAN X99,E100,fall,2024,,,False,"[{'days': 'Tu, Th', 'startTime': '17:30', 'endTime': '19:20', 'campus': 'Burnaby'}]",Olga Shipulina,4
MATH 100,D400,fall,2024,"Pre-Calculus 11 or Foundations of Mathematics 11 (or equivalent)
with a grade of at least B or Pre-Calculus 12 (or equivalent), with a grade of at least C and SFU FAN credit, or SFU FAN X99 course with a grade of at least B-, or achieving a satisfactory grade on the Simon Fraser University Quantitative Placement Test. MATH 100 may not be counted towards the mathematics minor, major or honours degree requirements.",MATH 100,False,"[{'days': 'Mo, We, Fr', 'startTime': '8:30', 'endTime': '9:20', 'campus': 'Surrey'}, {'days': 'Tu', 'startTime': '8:30', 'endTime': '9:20', 'campus': 'Surrey'}]",Vijaykumar Singh,3
MATH 150,D200,fall,2024,"Pre-Calculus 12 (or equivalent) with a grade of at least B+, or MATH 100 with a grade of at least B-, or achieving a satisfactory grade on the Simon Fraser University Calculus Readiness Test.",MATH 100,False,"[{'days': 'Mo, We, Fr', 'startTime': '8:30', 'endTime': '9:20', 'campus': 'Burnaby'}, {'days': 'Tu', 'startTime': '8:30', 'endTime': '9:20', 'campus': 'Burnaby'}]",MacKenzie Carr,4
MBB 445,D100,fall,2024,"MBB 328 and either MBB 326 or HSCI 326, all with a minimum grade of C.",MBB 328;MBB 326;HSCI 326,False,"[{'days': 'Tu, Th', 'startTime': '12:30', 'endTime': '14:20', 'campus': 'Burnaby'}]",Lisa Craig,3
STAT 180,E100,fall,2024,"Enrollment in the Statistics or Actuarial Science major or honours program, or STAT 270 with a minimum grade of C-.",STAT 270,False,"[{'days': 'Tu', 'startTime': '18:30', 'endTime': '20:20', 'campus': 'Burnaby'}]",Jiguo Cao,1
MATH 260,D100,fall,2024,"MATH 152 with a minimum grade of C-; or MATH 155 or 158, with a grade of at least B; MATH 232 or 240, with a minimum grade of C-.",MATH 152;MATH 155;MATH 232,False,"[{'days': 'Mo, We, Fr', 'startTime': '10:30', 'endTime': '11:20', 'campus': 'Burnaby'}, {'days': 'Tu', 'startTime': '10:30', 'endTime': '11:20', 'campus': 'Burnaby'}]",Ahmad Mokhtar,3
SCI 190,D200,fall,2024,Only Faculty of Science students may take this course.,,False,"[{'days': 'Mo', 'startTime': '13:30', 'endTime': '14:20', 'campus': 'Burnaby'}, {'days': 'Tu', 'startTime': '13:30', 'endTime': '14:20', 'campus': 'Burnaby'}]",Sarah Johnson,1
CHIN 190,B100,fall,2024,"This course is for students of Chinese origin who have native or near native speaking ability in Chinese (Mandarin or other dialects), but limited knowledge of written Chinese.",,False,[],Cynthia Xie,3
CMPT 429,D100,fall,2024,"CMPT 428, CGPA of 2.50.",CMPT 428,False,"[{'days': 'Mo, Tu, We, Th, Fr', 'startTime': '8:00', 'endTime': '20:00', 'campus': None}]",Tanya Behrisch;Cristina Eftenaru;Stephanie Greaves,3
MSE 220,D200,fall,2024,CHEM 120 or 121.,CHEM 120,False,"[{'days': 'Mo', 'startTime': '16:30', 'endTime': '17:20', 'campus': 'Surrey'}, {'days': 'Tu', 'startTime': '16:30', 'endTime': '17:20', 'campus': 'Surrey'}, {'days': 'We', 'startTime': '16:30', 'endTime': '18:20', 'campus': 'Surrey'}]",Ahad Armin,3
SEE 390,D100,fall,2024,SEE 290 or SEE 294.,SEE 290;SEE 294,False,"[{'days': 'Mo, Tu, We, Th, Fr', 'startTime': '8:00', 'endTime': '20:00', 'campus': None}]",Tyler Schwartz;Wendy McKay;Stephanie Greaves,3
ENGL 375,D100,fall,2024,"30 units or two 200-division English courses. Recommended: One of English 199, 199W, or 214.",,False,"[{'days': 'Fr', 'startTime': '12:30', 'endTime': '16:20', 'campus': 'Burnaby'}]",Peter Cramer,4
GERM 100,D200,fall,2024,,,False,"[{'days': 'We, Fr', 'startTime': '10:30', 'endTime': '12:20', 'campus': 'Burnaby'}]",,3
HIST 200,D100,fall,2024,,,False,"[{'days': 'We', 'startTime': '14:30', 'endTime': '17:20', 'campus': 'Burnaby'}]",Hilmar Pabel,3
HUM 161,B100,fall,2024,,,False,[],David Mirhady,3
HUM 240,D100,fall,2024,,,False,"[{'days': 'Mo', 'startTime': '14:30', 'endTime': '17:20', 'campus': 'Burnaby'}, {'days': 'Tu', 'startTime': '14:30', 'endTime': '17:20', 'campus': 'Burnaby'}]",Dionysia Eirini Kotsovili,3
INDG 201W,D100,fall,2024,,,False,"[{'days': 'Mo', 'startTime': '14:30', 'endTime': '17:20', 'campus': 'Burnaby'}, {'days': 'Tu', 'startTime': '14:30', 'endTime': '17:20', 'campus': 'Burnaby'}]",Deanna Reder,3
INDG 325,D100,fall,2024,45 units including INDG (or FNST) 101 or 201W.,,False,"[{'days': 'Th', 'startTime': '14:30', 'endTime': '17:20', 'campus': 'Burnaby'}]",Nicholas May,4
JAPN 100,D500,fall,2024,,,False,"[{'days': 'We, Fr', 'startTime': '14:30', 'endTime': '16:20', 'campus': 'Burnaby'}]",Naoko Takei,3
JAPN 100,E100,fall,2024,,,False,"[{'days': 'Tu, Th', 'startTime': '16:30', 'endTime': '18:20', 'campus': 'Burnaby'}]",Naoko Takei,3
LBST 100,D100,fall,2024,,,False,"[{'days': 'Tu', 'startTime': '14:30', 'endTime': '17:20', 'campus': 'Burnaby'}]",Xinying Hu,3
BUS 316,D100,fall,2024,"BUS 312 and BUS 336, both with a minimum grade of C- and 45 units; OR actuarial science students with STAT 285 and BUS 312, both with a minimum grade of C- and 45 units.",BUS 312;BUS 336;STAT 285,False,"[{'days': 'Tu', 'startTime': '11:30', 'endTime': '14:20', 'campus': 'Burnaby'}]",Husna Memon,3
CMNS 311,D100,fall,2024,17 CMNS units with a minimum grade of C- or 45 units with a minimum CGPA of 2.00.,,False,"[{'days': 'We', 'startTime': '9:30', 'endTime': '12:20', 'campus': 'Vancouver'}]",Alberto Toscano,4
PUB 131,B100,fall,2024,,,False,[],Natalie Gagnon,3
EDUC 423,E200,fall,2024,Or corequisite: EDUC 323.,EDUC 323,False,"[{'days': 'Tu', 'startTime': '16:30', 'endTime': '20:20', 'campus': 'Vancouver'}]",Gillian Diane Smith,4
FAL X99,P100,fall,2024,,,False,"[{'days': 'Tu, Th', 'startTime': '12:30', 'endTime': '14:20', 'campus': 'Burnaby'}]",Jaron Judkins,4
PSYC 201W,D900,fall,2024,PSYC 100 or 102.,PSYC 100,False,"[{'days': 'Tu', 'startTime': '10:30', 'endTime': '12:20', 'campus': 'Surrey'}]",Ryan Lundell-Creagh,4
SA 366,D100,fall,2024,SA 101 or 150 or 201W.,SA 101,False,"[{'days': 'Th', 'startTime': '14:30', 'endTime': '17:20', 'campus': 'Burnaby'}]",Baran (Abu) Fakhri,4
WL 303,D100,fall,2024,45 units.,,False,"[{'days': 'We', 'startTime': '14:30', 'endTime': '17:20', 'campus': 'Burnaby'}]",Maria Barraza,4
WL 320,D100,fall,2024,45 units.,,False,"[{'days': 'Mo', 'startTime': '14:30', 'endTime': '17:20', 'campus': 'Burnaby'}, {'days': 'Tu', 'startTime': '14:30', 'endTime': '17:20', 'campus': 'Burnaby'}]",Gianluca Oluic,4
BUS 326,D100,fall,2024,,,False,[],Shauna Tonsaker,3
BUS 327,D100,fall,2024,,,False,[],Shauna Tonsaker,3
BUS 346,D200,fall,2024,45 units.,,False,"[{'days': 'Th', 'startTime': '11:30', 'endTime': '14:20', 'campus': 'Burnaby'}]",Yuri Taira,3
BUS 439,D100,fall,2024,"BUS 345 or BUS 440, BUS 360W, BUS 437 or BUS 441, BUS 445, BUS 462, and BUS 464, all with a minimum grade of C-; 90 units; OR Data Science majors with BUS 360W, BUS 445, CMPT 354, all with a minimum grade of C- and 90 units.",BUS 345;BUS 440;BUS 360W;BUS 437;BUS 441;BUS 445;BUS 462;BUS 464;CMPT 354,False,"[{'days': 'We', 'startTime': '9:30', 'endTime': '12:20', 'campus': 'Burnaby'}]",Jason Ho,3
BUS 462,E100,fall,2024,"BUS 336, BUS 360W, BUS 362, all with a minimum grade of C-; 60 units. Corequisite: BUS 336 can be taken concurrently.",BUS 336;BUS 360W;BUS 362,False,"[{'days': 'Tu', 'startTime': '17:30', 'endTime': '18:50', 'campus': 'Burnaby'}, {'days': 'Tu', 'startTime': '19:00', 'endTime': '20:20', 'campus': 'Burnaby'}]",Michael Brydon,3
BUS 468,E100,fall,2024,"BUS 237, BUS 360W, BUS 362, all with a minimum grade of C-; 90 units.",BUS 237;BUS 360W;BUS 362,False,"[{'days': 'Th', 'startTime': '18:00', 'endTime': '20:50', 'campus': 'Burnaby'}]",Irshad Abdulla,3
BUS 325,D100,fall,2024,,,False,[],Shauna Tonsaker,3
BUS 418,E100,fall,2024,"BUS 315, 316, 360W, all with a minimum grade of C-; 60 units.",BUS 315,False,"[{'days': 'We', 'startTime': '18:30', 'endTime': '21:20', 'campus': 'Burnaby'}]",Carlos Lopes da Costa,3
BUS 420,E100,fall,2024,"BUS 321, 360W, both with a minimum grade of C-; 60 units.",BUS 321,False,"[{'days': 'Tu', 'startTime': '16:30', 'endTime': '19:20', 'campus': 'Burnaby'}]",Fereshteh Mahmoudian,3
BUS 443,D200,fall,2024,"BUS 343 and BUS 360W, or innovation and entrepreneurship certificate students with BUS 343 and an upper division Writing (W) course, both with a minimum grade of C-; 60 units.",BUS 343;BUS 360W,False,"[{'days': 'Tu', 'startTime': '14:30', 'endTime': '17:20', 'campus': 'Surrey'}]",Yuri Taira,3
BUS 478,E100,fall,2024,"BUS 207 (or ECON 201 or ECON 301), BUS 312, 343, 360W and either BUS 374 or 381, all with a minimum grade of C-; 90 units.",BUS 207;ECON 201;ECON 301;BUS 312;BUS 374,False,"[{'days': 'Th', 'startTime': '17:30', 'endTime': '20:20', 'campus': 'Burnaby'}]",Yuri Taira,3
BUS 496,E100,fall,2024,"This course is only open to approved business administration majors admitted to the faculty in Fall 2022 and onward, BUS 300 with a P grade and BUS 360W with a minimum grade of C-; 95 units.",BUS 300;BUS 360W,False,"[{'days': 'Mo', 'startTime': '17:30', 'endTime': '18:20', 'campus': 'Burnaby'}, {'days': 'Mo', 'startTime': '18:30', 'endTime': '20:20', 'campus': 'Burnaby'}, {'days': 'Tu', 'startTime': '17:30', 'endTime': '18:20', 'campus': 'Burnaby'}, {'days': 'Sa', 'startTime': '13:00', 'endTime': '17:50', 'campus': 'Burnaby'}]",Kamal Masri,1
CA 314,D100,fall,2024,"CA (or FPA) 117 (or 167), 186, and 210W (or 210).",,False,"[{'days': 'Tu', 'startTime': '14:30', 'endTime': '17:20', 'campus': 'Vancouver'}]",Denise Oleksijczuk,3
CA 360,D100,fall,2024,"CA (or FPA) 117 (or 167), 118 (or 168), 210W (or 210), 261 and status as an approved Visual Art Major. Corequisite: CA 366.",CA 366,False,"[{'days': 'Th', 'startTime': '9:30', 'endTime': '16:20', 'campus': 'DT VSAR'}]",Kathleen Slade,4
CA 362,D100,fall,2024,CA (or FPA) 160. A course materials fee is required.,,False,"[{'days': 'Mo, We', 'startTime': '9:30', 'endTime': '12:20', 'campus': 'DT VSAR'}, {'days': 'Tu', 'startTime': '9:30', 'endTime': '12:20', 'campus': 'DT VSAR'}]",Neil Wedman,3
CA 366,D100,fall,2024,"CA (or FPA) 117 (or 167), 118 (or 168), 210W (or 210), 261 and status as an approved Visual Art Major. Corequisite: CA 360.",CA 360,False,"[{'days': 'Tu', 'startTime': '9:30', 'endTime': '12:20', 'campus': 'GOLDCORP'}]",Kathleen Slade,3
CA 440,D100,fall,2024,CA 240 or permission of instructor.,CA 240,False,"[{'days': 'Tu', 'startTime': '13:30', 'endTime': '15:20', 'campus': 'GOLDCORP'}]",Nancy Tam,3
CA 451,D100,fall,2024,"CA 253, CA 355, CA 356, CA 357W.",CA 253;CA 355;CA 356;CA 357W,False,"[{'days': 'Mo, We', 'startTime': '14:30', 'endTime': '17:20', 'campus': 'GOLDCORP'}, {'days': 'Tu', 'startTime': '14:30', 'endTime': '17:20', 'campus': 'GOLDCORP'}]",James Long,3
CA 424,D100,fall,2024,CA 324.,CA 324,False,"[{'days': 'Mo, We', 'startTime': '9:30', 'endTime': '11:20', 'campus': 'GOLDCORP'}, {'days': 'Tu', 'startTime': '9:30', 'endTime': '11:20', 'campus': 'GOLDCORP'}]",Lisa Martin,3
CA 448,D100,fall,2024,,,False,[],Arne Eigenfeldt,3
CMNS 313,D100,fall,2024,17 CMNS units with a minimum grade of C- or 45 units with a minimum CGPA of 2.00.,,False,"[{'days': 'We', 'startTime': '14:30', 'endTime': '17:20', 'campus': 'Burnaby'}]",Amy Harris,4
CMNS 353,D100,fall,2024,17 CMNS units with a minimum grade of C- or 45 units with a minimum CGPA of 2.00.,,False,"[{'days': 'Th', 'startTime': '10:30', 'endTime': '12:20', 'campus': 'Burnaby'}]",Milena Droumeva,4
CMNS 443,D100,fall,2024,26 CMNS units with a minimum grade of C- or 60 units with a minimum CGPA of 2.00.,,False,"[{'days': 'Th', 'startTime': '8:30', 'endTime': '11:20', 'campus': 'Vancouver'}]",DAL JIN,4
CMNS 479,D001,fall,2024,Two upper division CMNS courses with a minimum grade of C- and permission of the instructor.,,True,[],Caitlin McKinney,1
IAT 271,D100,fall,2024,,,False,"[{'days': 'Mo, Tu, We, Th, Fr', 'startTime': '8:00', 'endTime': '19:50', 'campus': None}]",Afshan Basaria,3
IAT 312,D100,fall,2024,"Completion of 48 units, including IAT 265 with a minimum grade of C-.",IAT 265,False,"[{'days': 'Th', 'startTime': '12:30', 'endTime': '14:20', 'campus': 'Surrey'}]",Bernhard Riecke,4
IAT 334,D100,fall,2024,"Completion of 48 units, including IAT 235 with a minimum grade of C-.",IAT 235,False,"[{'days': 'Th', 'startTime': '12:30', 'endTime': '14:20', 'campus': 'Surrey'}]",Wolfgang Stuerzlinger,4
IAT 373,D100,fall,2024,IAT 272 (or WKTM 200).,IAT 272;WKTM 200,False,"[{'days': 'Mo, Tu, We, Th, Fr', 'startTime': '8:00', 'endTime': '19:50', 'campus': None}]",Afshan Basaria,3
IAT 375,D200,fall,2024,IAT 374 (or WKTM 400).,IAT 374;WKTM 400,False,"[{'days': 'Mo, Tu, We, Th, Fr', 'startTime': '8:00', 'endTime': '19:50', 'campus': None}]",Afshan Basaria,3
IAT 410,E100,fall,2024,"Completion of 60 units, including IAT 265 and IAT 312, with a minimum grade of C-.",IAT 265;IAT 312,False,"[{'days': 'We', 'startTime': '16:30', 'endTime': '18:20', 'campus': 'Surrey'}]",Yingchen Yang,4
IAT 351,D100,fall,2024,"Completion of 48 units, including IAT 201 and IAT 265, with a minimum grade of C-. Strongly recommended: IAT 267.",IAT 201;IAT 265,False,"[{'days': 'Mo', 'startTime': '10:30', 'endTime': '12:20', 'campus': 'Surrey'}, {'days': 'Tu', 'startTime': '10:30', 'endTime': '12:20', 'campus': 'Surrey'}]",Brian Fisher,3
IAT 355,E100,fall,2024,"IAT 201 and IAT 267 and either IAT 265 or CMPT 225, all with a minimum grade of C-. Recommended: IAT 235.",IAT 201;IAT 267;IAT 265;CMPT 225,False,"[{'days': 'Tu, Th', 'startTime': '16:30', 'endTime': '17:50', 'campus': 'Surrey'}]",Alireza Karduni,3
IAT 359,D100,fall,2024,"Completion of 48 units, including IAT 265 with a minimum grade of C-.",IAT 265,False,"[{'days': 'Tu', 'startTime': '10:30', 'endTime': '12:20', 'campus': 'Surrey'}]",Helmine Serban;Hanieh Shakeri,4
IAT 374,D100,fall,2024,IAT 373 (or WKTM 300).,IAT 373;WKTM 300,False,"[{'days': 'Mo, Tu, We, Th, Fr', 'startTime': '8:00', 'endTime': '19:50', 'campus': None}]",Afshan Basaria,3
PUB 371,D100,fall,2024,60 units.,,False,"[{'days': 'Tu', 'startTime': '11:30', 'endTime': '14:20', 'campus': 'Vancouver'}]",Amanda Lastoria,4
PUB 456,D100,fall,2024,75 units.,,False,"[{'days': 'Tu', 'startTime': '14:30', 'endTime': '16:20', 'campus': 'Vancouver'}, {'days': 'Th', 'startTime': '14:30', 'endTime': '16:20', 'campus': 'Vancouver'}]",Trevor Battye,4
PUB 331,D100,fall,2024,PUB 231.,PUB 231,False,"[{'days': 'Mo', 'startTime': '10:30', 'endTime': '12:20', 'campus': 'Vancouver'}, {'days': 'Tu', 'startTime': '10:30', 'endTime': '12:20', 'campus': 'Vancouver'}]",Bithi Sutradhar,4
EDUC 465,D100,fall,2024,60 units.,,False,"[{'days': 'Fr', 'startTime': '8:30', 'endTime': '12:20', 'campus': 'Vancouver'}]",Beth Marshall,4
EDUC 403,D001,fall,2024,EDUC 402. Students must successfully complete a Criminal Record Check.,EDUC 402,False,[],Bob Thompson,14
EDUC 403,D002,fall,2024,EDUC 402. Students must successfully complete a Criminal Record Check.,EDUC 402,False,[],Samuel Levine,14
EDUC 403,F003,fall,2024,EDUC 402. Students must successfully complete a Criminal Record Check.,EDUC 402,False,[],Claude Dionne,14
EDUC 405,D015,fall,2024,EDUC 401/402 or EDUC 402/403. Students must successfully complete a Criminal Record Check.,EDUC 401;EDUC 402,False,[],Angela Connelly;Rob Dempsey,15
EDUC 423,E100,fall,2024,Or corequisite: EDUC 323.,EDUC 323,False,"[{'days': 'Mo', 'startTime': '16:30', 'endTime': '20:20', 'campus': 'Vancouver'}, {'days': 'Tu', 'startTime': '16:30', 'endTime': '20:20', 'campus': 'Vancouver'}]",Gillian Diane Smith,4
EDUC 482,E100,fall,2024,,,False,[],Kevin O'Neill,4
EVSC 445,D100,fall,2024,"GEOG 251, or one of STAT 100, 201, 203, 205 or 270 or permission of the instructor.",GEOG 251;STAT 100,False,"[{'days': 'We, Fr', 'startTime': '8:30', 'endTime': '10:20', 'campus': 'Burnaby'}]",Ruth Joy,4
HSCI 416,D100,fall,2024,"STAT 302 or STAT 305, and HSCI 207 (or 307) or HSCI 230 (or 330), all with a minimum grade of C-.",STAT 302;STAT 305;HSCI 207;HSCI 230,False,"[{'days': 'Mo', 'startTime': '9:30', 'endTime': '12:20', 'campus': 'Burnaby'}, {'days': 'Tu', 'startTime': '9:30', 'endTime': '12:20', 'campus': 'Burnaby'}]",Chelsea Stunden,4
ACMA 436,D100,fall,2024,ACMA 337 or Job Practicum II from another department. Students must apply and receive permission from the co-op coordinator at least one term in advance.,ACMA 337,False,[],Natalie Erickson,3
BISC 490,D001,fall,2024,"Completion of all lower division biological sciences courses, plus upper division BISC courses appropriate to the subject of the intended research as determined by the departmental undergraduate curriculum committee; completion of all physics, chemistry and mathematics requirements for the major or honours program.",,False,[],Bernard Crespi,5
BPK 421,D100,fall,2024,To be announced in the Undergraduate Schedule of Classes and Examinations found at go.sfu.ca.,,False,"[{'days': 'Fr', 'startTime': '10:30', 'endTime': '12:20', 'campus': 'Burnaby'}]",Dave Clarke;Alexandra Coates,3
CHEM 366W,D100,fall,2024,CHEM 266 with a minimum grade of C-. Corequisite: CHEM 360.,CHEM 266;CHEM 360,False,"[{'days': 'Fr', 'startTime': '12:30', 'endTime': '13:20', 'campus': 'Burnaby'}]",Loren Kaake,3
CHEM 407,D100,fall,2024,CHEM 406. Minimum CGPA of 2.67 (or permission of co-op co-ordinator).,CHEM 406,False,[],Natalie Erickson;Susan Wiggins,3
CHEM 459,D100,fall,2024,"CHEM 380 with a minimum grade of C-, or permission of the instructor.",CHEM 380,False,"[{'days': 'Mo, We, Fr', 'startTime': '10:30', 'endTime': '11:20', 'campus': 'Burnaby'}, {'days': 'Tu', 'startTime': '10:30', 'endTime': '11:20', 'campus': 'Burnaby'}]",Roger Linington,3
CHEM 125,LA07,fall,2024,"Chemistry 12 with a minimum grade of C, or CHEM 109 or CHEM 111 with a minimum grade of C-. Corequisite: CHEM 120.",CHEM 109;CHEM 111;CHEM 120,False,"[{'days': 'Fr', 'startTime': '13:30', 'endTime': '17:20', 'campus': 'Burnaby'}]",Garry Mund,1
EASC 302,D100,fall,2024,"STAT 201 or 270, EASC 201 and 205. All with a grade of C- or better.",STAT 201;EASC 201,False,"[{'days': 'Mo, We', 'startTime': '11:30', 'endTime': '12:20', 'campus': 'Burnaby'}, {'days': 'Tu', 'startTime': '11:30', 'endTime': '12:20', 'campus': 'Burnaby'}]",Shahin Dashtgard,3
EASC 309,D100,fall,2024,"EASC 201, 204, 205, 206 and 207. All with a grade of C- or better.",EASC 201,False,"[{'days': 'Tu', 'startTime': '8:30', 'endTime': '10:20', 'campus': 'Burnaby'}, {'days': 'Tu', 'startTime': '8:00', 'endTime': '9:50', 'campus': 'Burnaby'}]",Reid Staples,3
EASC 401,D200,fall,2024,"EASC 201, 204, 208, and 301. All with a grade of C- or better.",EASC 201,False,"[{'days': 'Mo, We', 'startTime': '9:30', 'endTime': '10:20', 'campus': 'Burnaby'}, {'days': 'Tu', 'startTime': '9:30', 'endTime': '10:20', 'campus': 'Burnaby'}]",Francesca Furlanetto,3
EASC 413,D100,fall,2024,EASC 313 with a grade of C- or better or permission of instructor.,EASC 313,False,"[{'days': 'Mo', 'startTime': '14:30', 'endTime': '16:20', 'campus': 'Burnaby'}, {'days': 'Tu', 'startTime': '14:30', 'endTime': '16:20', 'campus': 'Burnaby'}]",Sergio Sepulveda,3
MACM 416,D100,fall,2024,(MATH 260 or MATH 310) and MACM 316.,MATH 260;MATH 310;MACM 316,False,"[{'days': 'Mo, We, Fr', 'startTime': '10:30', 'endTime': '11:20', 'campus': 'Burnaby'}, {'days': 'Tu', 'startTime': '10:30', 'endTime': '11:20', 'campus': 'Burnaby'}]",Nilima Nigam,3
MATH 480W,D100,fall,2024,"MACM 201 with a grade of at least B. At least one of MACM 201, MATH 240, MATH 242, MATH 251, MATH 252 with a grade of at least A, or both of MACM 203, MACM 204 with a grade of at least A. Or permission of the instructor.",MACM 201;MATH 240;MATH 242;MATH 251;MATH 252;MACM 203;MACM 204,False,"[{'days': 'Tu', 'startTime': '14:30', 'endTime': '17:20', 'campus': 'Burnaby'}]",Jonathan Jedwab,3
MBB 251,D100,fall,2024,Acceptance in the Science Co-operative Education Program.,,True,[],Susan Wiggins,3
MBB 451,D100,fall,2024,Acceptance in the Science Co-operative Education Program.,,True,[],Susan Wiggins,3
MBB 465,D100,fall,2024,MBB 331 and MBB 342 with a minimum grade of C or permission of the instructor.,MBB 331;MBB 342,False,"[{'days': 'We, Fr', 'startTime': '10:30', 'endTime': '12:20', 'campus': 'Burnaby'}]",Ryan Morin,3
PHYS 365,D100,fall,2024,,,False,"[{'days': 'Mo, We, Fr', 'startTime': '12:30', 'endTime': '13:20', 'campus': 'Burnaby'}, {'days': 'Tu', 'startTime': '12:30', 'endTime': '13:20', 'campus': 'Burnaby'}]",Erol Girt,3
SCI 300,B100,fall,2024,60 units.,,False,"[{'days': 'Tu', 'startTime': '16:30', 'endTime': '17:50', 'campus': 'Burnaby'}]",Uwe Kreis,3
STAT 270,OL01,fall,2024,"or Corequisite: MATH 152 or 155 or 158, with a minimum grade of C-. Students wishing an intuitive appreciation of a broad range of statistical strategies may wish to take STAT 100 first.",MATH 152;STAT 100,False,[],Tim Swartz,3
STAT 271,D100,fall,2024,CMPT 210 with a minimum grade of C-.,CMPT 210,False,"[{'days': 'We', 'startTime': '11:30', 'endTime': '12:20', 'campus': 'Burnaby'}, {'days': 'Fr', 'startTime': '10:30', 'endTime': '12:20', 'campus': 'Burnaby'}]",Gary Parker,3
STAT 310,D100,fall,2024,"60 units in subjects outside of the Faculties of Science and Applied Sciences and one of STAT 201, STAT 203, STAT 205, STAT 270, BUS 232, ECON 233, or POL 201, with a minimum grade of C-.",STAT 201;STAT 203;STAT 205;STAT 270;BUS 232;ECON 233;POL 201,False,"[{'days': 'Mo', 'startTime': '10:30', 'endTime': '12:20', 'campus': 'Burnaby'}, {'days': 'Tu', 'startTime': '10:30', 'endTime': '12:20', 'campus': 'Burnaby'}]",Haolun Shi,4
CHIN 390,OL01,fall,2024,CHIN 291 or permission of the instructor.,CHIN 291,False,[],Cynthia Xie,3
CMPT 276,D200,fall,2024,"One W course, CMPT 225, (MACM 101 or (ENSC 251 and ENSC 252)) and (MATH 151 or MATH 150), all with a minimum grade of C-. MATH 154 or MATH 157 with at least a B+ may be substituted for MATH 151 or MATH 150.",CMPT 225;MACM 101;ENSC 251;ENSC 252;MATH 151;MATH 150;MATH 154;MATH 157,False,"[{'days': 'Tu', 'startTime': '8:30', 'endTime': '10:20', 'campus': 'Surrey'}, {'days': 'Fr', 'startTime': '8:30', 'endTime': '9:20', 'campus': 'Surrey'}]",Parsa Rajabi,3
CMPT 225,D200,fall,2024,"(MACM 101 and (CMPT 125, CMPT 129 or CMPT 135)) or (ENSC 251 and ENSC 252), all with a minimum grade of C-.",MACM 101;CMPT 125;CMPT 129;CMPT 135;ENSC 251;ENSC 252,False,"[{'days': 'Tu', 'startTime': '14:30', 'endTime': '16:20', 'campus': 'Surrey'}, {'days': 'Fr', 'startTime': '14:30', 'endTime': '15:20', 'campus': 'Surrey'}]",David Chou,3
CMPT 409,D100,fall,2024,CMPT 307 with a minimum grade of C-.,CMPT 307,False,"[{'days': 'Tu', 'startTime': '13:30', 'endTime': '14:20', 'campus': 'Burnaby'}, {'days': 'Th', 'startTime': '12:30', 'endTime': '14:20', 'campus': 'Burnaby'}]",Sharan Vaswani;Oliver Schulte,3
CMPT 475,E100,fall,2024,"CMPT 275 or CMPT 276, (MACM 201 or CMPT 210) , all with a minimum grade of C- and 15 units of upper division courses. Recommended: Co-op experience.",CMPT 275;CMPT 276;MACM 201;CMPT 210,False,"[{'days': 'We', 'startTime': '16:30', 'endTime': '19:20', 'campus': 'Burnaby'}]",Dan Ridinger,3
CMPT 489,D100,fall,2024,CMPT 383 with a minimum grade of C-.,CMPT 383,False,"[{'days': 'We', 'startTime': '11:30', 'endTime': '12:20', 'campus': 'Burnaby'}, {'days': 'Fr', 'startTime': '10:30', 'endTime': '12:20', 'campus': 'Burnaby'}]",Yuepeng Wang,3
ENSC 395,D100,fall,2024,ENSC 295 or 296 and a minimum of 75 units.,ENSC 295,False,"[{'days': 'Mo, Tu, We, Th, Fr', 'startTime': '8:00', 'endTime': '20:00', 'campus': None}]",Cristina Eftenaru,3
MSE 393,D100,fall,2024,MSE 293 or 294.,MSE 293,False,"[{'days': 'Mo, Tu, We, Th, Fr', 'startTime': '8:30', 'endTime': '16:50', 'campus': None}]",Ryan McDonald;Stephanie DeRapp,3
MSE 490,D100,fall,2024,"To be determined by the instructor subject to approval by the department
chair.",,True,"[{'days': 'Mo', 'startTime': '9:30', 'endTime': '12:20', 'campus': 'Surrey'}, {'days': 'Tu', 'startTime': '9:30', 'endTime': '12:20', 'campus': 'Surrey'}]",Ramtin Rakhsha,3
SEE 464,D100,fall,2024,SEE 310 and SEE 324. MSE students who completed MSE 321 can take this course upon approval of the course instructor.,SEE 310;SEE 324;MSE 321,False,"[{'days': 'Tu', 'startTime': '12:30', 'endTime': '14:20', 'campus': 'Surrey'}, {'days': 'Fr', 'startTime': '12:30', 'endTime': '13:20', 'campus': 'Surrey'}]",Mehran Ahmadi,3
CHIN 110,B100,fall,2024,CHIN 100 or equivalent.,CHIN 100,False,[],Billie Ng,3
CRIM 410,D900,fall,2024,CRIM 131.,CRIM 131,False,"[{'days': 'Tu', 'startTime': '8:30', 'endTime': '11:20', 'campus': 'Surrey'}]",Curt Griffiths,3
CRIM 417,D900,fall,2024,CRIM 101.,CRIM 101,False,"[{'days': 'Fr', 'startTime': '9:30', 'endTime': '12:20', 'campus': 'Surrey'}]",Chisen Goto;Ryan Prox,3
CRIM 318,D900,fall,2024,CRIM 101.,CRIM 101,False,"[{'days': 'Mo', 'startTime': '8:30', 'endTime': '10:20', 'campus': 'Surrey'}, {'days': 'Tu', 'startTime': '8:30', 'endTime': '10:20', 'campus': 'Surrey'}]",Curt Griffiths,3
CRIM 344,D100,fall,2024,CRIM 101 and CRIM 135.,CRIM 101;CRIM 135,False,"[{'days': 'Tu', 'startTime': '12:30', 'endTime': '14:20', 'campus': 'Burnaby'}]",David Macalister,3
CRIM 441,D100,fall,2024,CRIM 220.,CRIM 220,False,"[{'days': 'Mo', 'startTime': '9:30', 'endTime': '12:20', 'campus': 'Burnaby'}, {'days': 'Tu', 'startTime': '9:30', 'endTime': '12:20', 'campus': 'Burnaby'}]",Jennifer Wong,3
ECON 220W,D300,fall,2024,"ECON 201 with a minimum grade of C-, minimum 30 units and no more than 80 units.",ECON 201,False,"[{'days': 'Mo, We', 'startTime': '12:30', 'endTime': '13:20', 'campus': 'Burnaby'}, {'days': 'Tu', 'startTime': '12:30', 'endTime': '13:20', 'campus': 'Burnaby'}]",Sepideh Fotovatian;Maliha Nazir,4
ECON 291,D100,fall,2024,"ECON 103 or ECON 113, with a minimum grade of C-; ECON 105 or ECON 115, with a minimum grade of C-.",ECON 103;ECON 113;ECON 105;ECON 115,False,"[{'days': 'Th', 'startTime': '14:30', 'endTime': '16:20', 'campus': 'Burnaby'}]",Vasyl Golovetskyy,3
ECON 342,D100,fall,2024,ECON 103 with a minimum grade of C- or ECON 113 with a minimum grade of A-; ECON 105 with a minimum grade of C- or ECON 115 with a minimum grade of A-; 60 units or permission of the department.,ECON 103;ECON 113;ECON 105;ECON 115,False,"[{'days': 'Mo, We', 'startTime': '9:30', 'endTime': '10:20', 'campus': 'Burnaby'}, {'days': 'Tu', 'startTime': '9:30', 'endTime': '10:20', 'campus': 'Burnaby'}]",Kevin Laughren,3
ECON 410,D100,fall,2024,"ECON 201 and ECON 305, all with a minimum grade of C-.",ECON 201;ECON 305,False,"[{'days': 'Th', 'startTime': '14:30', 'endTime': '17:20', 'campus': 'Burnaby'}]",Yan Yan,3
ECON 446,D100,fall,2024,"ECON 201, ECON 305 and ECON 345, all with a minimum grade of C-.",ECON 201;ECON 305;ECON 345,False,"[{'days': 'Fr', 'startTime': '14:30', 'endTime': '17:20', 'campus': 'Burnaby'}]",Minjie Deng,3
ECON 460,D100,fall,2024,ECON 302 with a minimum grade of C-.,ECON 302,False,"[{'days': 'Tu', 'startTime': '14:30', 'endTime': '17:20', 'campus': 'Burnaby'}]",Kevin Wainwright,3
ECON 482,D100,fall,2024,To be determined by the instructor subject to approval by the department chair.,,True,"[{'days': 'We', 'startTime': '14:30', 'endTime': '17:20', 'campus': 'Burnaby'}]",Sev Hou;Chenyu Hou,3
ECON 260,D100,fall,2024,ECON 103 with a minimum grade of C- or ECON 113 with a minimum grade of A-.,ECON 103;ECON 113,False,"[{'days': 'Fr', 'startTime': '10:30', 'endTime': '12:20', 'campus': 'Burnaby'}]",John Gilraine,3
ECON 325,D100,fall,2024,ECON 201 with a minimum grade of C-; 60 units.,ECON 201,False,"[{'days': 'Th', 'startTime': '12:30', 'endTime': '14:20', 'campus': 'Burnaby'}]",Marie Rekkas,3
ECON 453,D100,fall,2024,"ECON 201 and ECON (or BUEC) 333, all with a minimum grade of C-.",ECON 201,False,"[{'days': 'Fr', 'startTime': '9:30', 'endTime': '12:20', 'campus': 'Burnaby'}]",Pierre Mouganie,3
ENGL 362,D100,fall,2024,30 units or two 200-division English courses.,,False,"[{'days': 'Tu, Th', 'startTime': '14:30', 'endTime': '16:20', 'campus': 'Burnaby'}]",Joanne Leow,4
FREN 455,D100,fall,2024,,,False,[],Sarah Henzi,3
FREN 491,D100,fall,2024,,,False,[],Joel Akinwumi,3
GA 304,D100,fall,2024,45 units. Recommended: GA 101.,,False,"[{'days': 'Tu', 'startTime': '14:30', 'endTime': '17:20', 'campus': 'Burnaby'}]",Rupak Shrestha,4
GA 301,D100,fall,2024,45 units.,,False,"[{'days': 'Th', 'startTime': '11:30', 'endTime': '14:20', 'campus': 'Burnaby'}]",Jade Ho,3
GA 302,D100,fall,2024,45 units. Recommended: GA 101.,,False,"[{'days': 'Mo', 'startTime': '14:30', 'endTime': '17:20', 'campus': 'Burnaby'}, {'days': 'Tu', 'startTime': '14:30', 'endTime': '17:20', 'campus': 'Burnaby'}]",Shuyu Kong,3
GA 388,D100,fall,2024,15 units.,,False,"[{'days': 'We, Fr', 'startTime': '10:30', 'endTime': '12:20', 'campus': 'Burnaby'}]",Nadine Attewell,4
HIST 300,D100,fall,2024,"45 units, including six units of lower division history.",,False,"[{'days': 'Th', 'startTime': '14:30', 'endTime': '17:20', 'campus': 'Burnaby'}]",Hilmar Pabel,4
HIST 400,D100,fall,2024,Admission to the honours program in history.,,False,"[{'days': 'We', 'startTime': '9:30', 'endTime': '12:20', 'campus': 'Burnaby'}]",Roxanne Panchasi,4
HUM 321W,OL01,fall,2024,45 units.,,False,"[{'days': 'Th', 'startTime': '11:30', 'endTime': '14:20', 'campus': 'Burnaby'}]",Paul Garfinkel,4
HUM 309,D900,fall,2024,45 units.,,False,"[{'days': 'Fr', 'startTime': '12:30', 'endTime': '16:20', 'campus': 'Surrey'}]",Alessandra Capperdoni,4
JAPN 200,D100,fall,2024,JAPN 110 (or JAPN 101) or equivalent.,JAPN 110;JAPN 101,False,"[{'days': 'We, Fr', 'startTime': '10:30', 'endTime': '12:20', 'campus': 'Burnaby'}]",RIMA IBATA,3
JAPN 301,D100,fall,2024,JAPN 300 or by permission of the department.,JAPN 300,False,"[{'days': 'Tu, Th', 'startTime': '15:30', 'endTime': '17:20', 'campus': 'Vancouver'}]",Naoko Takei,3
LING 282W,D100,fall,2024,LING 220.,LING 220,False,"[{'days': 'Mo, We', 'startTime': '15:30', 'endTime': '16:50', 'campus': 'Burnaby'}, {'days': 'Tu', 'startTime': '15:30', 'endTime': '16:50', 'campus': 'Burnaby'}]",Ivelina Koleva Tchizmarova,3
PHIL 300,D100,fall,2024,At least 60 units.,,False,"[{'days': 'Th', 'startTime': '14:30', 'endTime': '17:20', 'campus': 'Burnaby'}]",Lyle Crawford,3
POL 463,E100,fall,2024,Eight upper division units in political science or permission of the department.,,True,"[{'days': 'Mo', 'startTime': '17:30', 'endTime': '21:20', 'campus': 'Vancouver'}, {'days': 'Tu', 'startTime': '17:30', 'endTime': '21:20', 'campus': 'Vancouver'}]",Aude-Claire Fourot,4
PSYC 352,D100,fall,2024,PSYC 201 and PSYC 250.,PSYC 201;PSYC 250,False,"[{'days': 'Tu', 'startTime': '8:30', 'endTime': '11:20', 'campus': 'Burnaby'}]",Yitong Wang,3
CMPT 428,D300,fall,2024,"CMPT 427, CGPA of 2.50.",CMPT 427,False,"[{'days': 'Mo, Tu, We, Th, Fr', 'startTime': '8:00', 'endTime': '20:00', 'campus': None}]",Tanya Behrisch;Cristina Eftenaru;Stephanie Greaves,3
ENSC 196,D100,fall,2024,,,False,"[{'days': 'Mo, Tu, We, Th, Fr', 'startTime': '8:00', 'endTime': '20:00', 'campus': None}]",Cristina Eftenaru,3
MSE 100,D100,fall,2024,,,False,"[{'days': 'Mo', 'startTime': '14:30', 'endTime': '16:20', 'campus': 'Surrey'}, {'days': 'Tu', 'startTime': '14:30', 'endTime': '16:20', 'campus': 'Surrey'}, {'days': 'We', 'startTime': '14:30', 'endTime': '15:20', 'campus': 'Surrey'}]",Ahad Armin,3
CRIM 489,D100,fall,2024,"CRIM 485, a minimum of 90 units and CGPA of 2.75, and/or permission of the School. Applicants must be declared Criminology majors. Corequisite: CRIM 487. A criminal record check may be required dependent on agency.",CRIM 485;CRIM 487,False,[],Dawn Rault,8
CRIM 491,D100,fall,2024,Open only to students who have been admitted to the Criminology Honours Program.,,False,"[{'days': 'We', 'startTime': '9:30', 'endTime': '12:20', 'campus': 'Burnaby'}]",Danielle Murdoch,4
CRIM 487,D100,fall,2024,"CRIM 485, a minimum of 90 units and CGPA of 2.75, and/or permission of the School. Applicants must be declared Criminology majors. Corequisite: CRIM 489. A criminal record check may be required dependent on agency.",CRIM 485;CRIM 489,False,[],Dawn Rault,4
CRIM 490,D100,fall,2024,Open only to students who have been admitted to the Criminology Honours Program,,False,[],Danielle Murdoch,3
ECON 302,D100,fall,2024,ECON 201 with a minimum grade of C-; 60 units.,ECON 201,False,"[{'days': 'Mo', 'startTime': '10:30', 'endTime': '12:20', 'campus': 'Burnaby'}, {'days': 'Tu', 'startTime': '10:30', 'endTime': '12:20', 'campus': 'Burnaby'}, {'days': 'We', 'startTime': '10:30', 'endTime': '11:20', 'campus': 'Burnaby'}]",Shih En Lu,4
HIST 438W,D100,fall,2024,,,False,[],Bidisha Ray,4
HUM 360,B900,fall,2024,45 units.,,False,"[{'days': 'Fr', 'startTime': '9:30', 'endTime': '12:20', 'campus': 'Surrey'}]",James Horncastle,4
HUM 375,B200,fall,2024,,,False,[],Adrian Ivakhiv,4
IS 410,D100,fall,2024,90 units.,,False,"[{'days': 'We', 'startTime': '9:30', 'endTime': '12:20', 'campus': 'Vancouver'}]",Gerardo Otero,4
JAPN 210,D100,fall,2024,JAPN 200 or equivalent.,JAPN 200,False,"[{'days': 'We, Fr', 'startTime': '14:30', 'endTime': '16:20', 'campus': 'Burnaby'}]",RIMA IBATA,3
LING 250,D100,fall,2024,,,False,"[{'days': 'Tu, Th', 'startTime': '10:30', 'endTime': '12:20', 'campus': 'Burnaby'}]",Yifang Yuan,4
SA 302W,D100,fall,2024,,,False,"[{'days': 'Mo', 'startTime': '9:30', 'endTime': '12:20', 'campus': 'Burnaby'}, {'days': 'Tu', 'startTime': '9:30', 'endTime': '12:20', 'campus': 'Burnaby'}]",Amanda Watson,4
URB 463,E100,fall,2024,30 units.,,False,"[{'days': 'Mo', 'startTime': '17:30', 'endTime': '21:20', 'campus': 'Vancouver'}, {'days': 'Tu', 'startTime': '17:30', 'endTime': '21:20', 'campus': 'Vancouver'}]",Aude-Claire Fourot,4
BUS 207,D200,fall,2024,"ECON 103 or ECON 113, ECON 105 or ECON 115, MATH 157, all with a minimum grade of C-; 15 units.",ECON 103;ECON 113;ECON 105;ECON 115;MATH 157,False,"[{'days': 'Mo', 'startTime': '14:30', 'endTime': '17:20', 'campus': 'Surrey'}, {'days': 'Tu', 'startTime': '14:30', 'endTime': '17:20', 'campus': 'Surrey'}]",Mohamad Sadri Karami,3
BUS 478,D600,fall,2024,"BUS 207 (or ECON 201 or ECON 301), BUS 312, 343, 360W and either BUS 374 or 381, all with a minimum grade of C-; 90 units.",BUS 207;ECON 201;ECON 301;BUS 312;BUS 374,False,"[{'days': 'Tu', 'startTime': '11:30', 'endTime': '14:20', 'campus': 'Burnaby'}]",Yifan Wei,3
CA 240,D100,fall,2024,"CA 140, 144, 146.",CA 140,False,"[{'days': 'Tu', 'startTime': '13:30', 'endTime': '15:20', 'campus': 'GOLDCORP'}]",Nancy Tam,3
CA 245,D100,fall,2024,"CA 140, 144, and achieving a B (or higher) in CA 145 and CA 146.",CA 140;CA 145;CA 146,False,"[{'days': 'Th', 'startTime': '9:30', 'endTime': '11:20', 'campus': 'GOLDCORP'}]",Stefan Maier;Aram Bajakian,3
CA 247,D100,fall,2024,"CA 140, 144, 146 or permission of instructor.",CA 140,False,"[{'days': 'Mo, We', 'startTime': '10:30', 'endTime': '12:20', 'campus': 'GOLDCORP'}, {'days': 'Tu', 'startTime': '10:30', 'endTime': '12:20', 'campus': 'GOLDCORP'}]",Sessional;Nancy Tam,3
CMNS 488,D100,fall,2024,Depends on topic; published before enrollment.,,False,"[{'days': 'Tu', 'startTime': '11:30', 'endTime': '14:20', 'campus': 'Burnaby'}]",Frederik Lesage,4
CMNS 258,D100,fall,2024,,,False,"[{'days': 'Mo', 'startTime': '10:30', 'endTime': '12:20', 'campus': 'Burnaby'}, {'days': 'Tu', 'startTime': '10:30', 'endTime': '12:20', 'campus': 'Burnaby'}]",David Murphy,3
IAT 336,D100,fall,2024,IAT 233 with a minimum grade of C-.,IAT 233,False,"[{'days': 'Mo', 'startTime': '12:30', 'endTime': '14:20', 'campus': 'Surrey'}, {'days': 'Tu', 'startTime': '12:30', 'endTime': '14:20', 'campus': 'Surrey'}]",Kenneth Zupan,4
EDUC 437,E200,fall,2024,60 units including 3 units in Education.,,False,"[{'days': 'We', 'startTime': '16:30', 'endTime': '20:20', 'campus': 'Burnaby'}]",Zuzana Vasko,4
EDUC 405,D016,fall,2024,EDUC 401/402 or EDUC 402/403. Students must successfully complete a Criminal Record Check.,EDUC 401;EDUC 402,False,[],Angela Connelly;Rob Dempsey,15
EVSC 206,D100,fall,2024,"One of EASC 101, EVSC 100, GEOG 111, GEOG 118, or REM 100. Prerequisite or Corequisite: One of BISC 101, BISC 102, CHEM 121, PHYS 101, or PHYS 120; or permission of the instructor.",EASC 101;EVSC 100;GEOG 111;GEOG 118;REM 100;BISC 101;BISC 102;CHEM 121;PHYS 101;PHYS 120,False,"[{'days': 'We', 'startTime': '12:30', 'endTime': '13:20', 'campus': 'Burnaby'}]",Ruth Joy,3
GEOG 412W,D100,fall,2024,"60 units, including GEOG 213; GEOG 313 and
EASC 201 recommended",GEOG 213;GEOG 313;EASC 201,False,"[{'days': 'Fr', 'startTime': '10:30', 'endTime': '12:20', 'campus': 'Burnaby'}]",Andrew Perkins,4
PLAN 495,D100,fall,2024,"PLAN 300, PLAN 302 or ENV 302, and 75 units; or with instructor permission. Students must be enrolled in the bachelor of environment in resource and environmental (planning) program.",PLAN 300;PLAN 302;ENV 302,False,"[{'days': 'Fr', 'startTime': '8:30', 'endTime': '12:20', 'campus': 'Burnaby'}]",Tom Gunton,4
BISC 106,B100,fall,2024,Enrolled in the MSE program.,,False,[],Liz Steves,3
BISC 498,D003,fall,2024,Completion of lower division course requirements.,,False,[],Gordon Rintoul,3
EASC 209W,D100,fall,2024,EASC 101 with a grade of C- or better.,EASC 101,False,"[{'days': 'Mo', 'startTime': '8:30', 'endTime': '10:20', 'campus': 'Burnaby'}, {'days': 'Tu', 'startTime': '8:30', 'endTime': '10:20', 'campus': 'Burnaby'}, {'days': 'We', 'startTime': '8:30', 'endTime': '9:20', 'campus': 'Burnaby'}]",Brent Ward,4
EASC 304,D100,fall,2024,"EASC 101 and PHYS 102 or 121 or 126 or 141; and 12 additional units in earth sciences, physical geography or environmental science. All with a grade of C- or better.",EASC 101;PHYS 102,False,"[{'days': 'Tu', 'startTime': '10:30', 'endTime': '12:20', 'campus': 'Burnaby'}]",Gwenn Flowers,3
EASC 315W,D100,fall,2024,CHEM 122 and 126. Corequisite or prerequisite: EASC 304. All with a grade of C- or better.,CHEM 122;EASC 304,False,"[{'days': 'Th', 'startTime': '8:30', 'endTime': '10:20', 'campus': 'Burnaby'}]",Diana Allen,3
PHYS 465,D100,fall,2024,"PHYS 385 or CHEM 364, with a minimum grade of C-.",PHYS 385;CHEM 364,False,"[{'days': 'Mo, We, Fr', 'startTime': '11:30', 'endTime': '12:20', 'campus': 'Burnaby'}, {'days': 'Tu', 'startTime': '11:30', 'endTime': '12:20', 'campus': 'Burnaby'}]",Jeff Sonier,3
CA 449,D100,fall,2024,CA 241 or permission of instructor.,CA 241,False,"[{'days': 'Tu', 'startTime': '9:30', 'endTime': '13:20', 'campus': 'GOLDCORP'}]",Judy Radul,3
CMNS 395,D100,fall,2024,"Complete Bridging Online at least two terms before anticipated co-op placement. Students must then enroll with the co-op program by the second week of the term preceding the work term of application, and have a minimum GPA of 2.7.",,True,[],Liesl Jurock,3
IAT 373,D200,fall,2024,IAT 272 (or WKTM 200).,IAT 272;WKTM 200,False,"[{'days': 'Mo, Tu, We, Th, Fr', 'startTime': '8:00', 'endTime': '19:50', 'campus': None}]",Afshan Basaria,3
HSCI 351,D100,fall,2024,Completion of HSCI 350 Co-op Practicum I.,HSCI 350,False,[],Isabella Silvestre,3
BISC 498,D001,fall,2024,Completion of lower division course requirements.,,False,[],Inigo Novales Flamarique,3
BISC 498,D002,fall,2024,Completion of lower division course requirements.,,False,[],Julian Christians,3
BISC 443,D100,fall,2024,BISC 342 and readmission to the Science Co-op Education Program.,BISC 342,False,[],Natalia Bussard,3
BISC 446,D100,fall,2024,BISC 444 and readmission to the Science Co-op Education Program.,BISC 444,False,[],Natalia Bussard,3
BISC 498,D008,fall,2024,Completion of lower division course requirements.,,False,[],David Green,3
BPK 496,D100,fall,2024,"BPK 304W (may be taken concurrently) or PSYC 210, and permission from the chair of the undergraduate program committee. Usually, upper level standing with at least 75 units in the Biomedical Physiology and Kinesiology program will be required.",BPK 304W;PSYC 210,False,[],,3
BPK 352,D100,fall,2024,BPK 351.,BPK 351,False,[],Natalia Bussard,3
BPK 498,D100,fall,2024,"BPK 304W (may be taken concurrently) or PSYC 210, and permission from the chair of the undergraduate program committee. Usually, upper level standing with at least 75 units in the Biomedical Physiology and Kinesiology program will be required.",BPK 304W;PSYC 210,False,[],,3
CHEM 216,LA02,fall,2024,"CHEM 122 and CHEM 126, both with a minimum grade of C-. Corequisite: CHEM 210.",CHEM 122;CHEM 126;CHEM 210,False,"[{'days': 'Fr', 'startTime': '13:30', 'endTime': '17:20', 'campus': 'Burnaby'}]",Dev Sharma,2
CHEM 307,D100,fall,2024,CHEM 306 and completion of 42 units toward a BSc degree. Minimum CGPA 2.67 (or permission of co-op co-ordinator).,CHEM 306,False,[],Natalie Erickson;Susan Wiggins,3
CHEM 452,D100,fall,2024,"CHEM 380 and MBB 222, both with a minimum grade of C-, or permission of the Department.",CHEM 380;MBB 222,False,"[{'days': 'We, Fr', 'startTime': '14:30', 'endTime': '16:20', 'campus': 'Burnaby'}]",Erika Plettner,3
CHEM 236W,LA02,fall,2024,CHEM 126 with a minimum grade of C-. Corequisite: CHEM 230.,CHEM 126;CHEM 230,False,"[{'days': 'Th', 'startTime': '13:30', 'endTime': '17:20', 'campus': 'Burnaby'}]",Carla Pretorius,3
CHEM 306,D100,fall,2024,"Completion of 28 units in a science program, including first-year calculus, chemistry and physics. Minimum CGPA 2.67 (or permission of co-op co-ordinator).",,True,[],Natalie Erickson;Susan Wiggins,3
MATH 437,D100,fall,2024,MATH 436 and permission of the co-op co-ordinator; students must apply at least one term in advance.,MATH 436,False,[],Magnus Billings;Natalia Bussard;Natalie Erickson,3
MBB 151,D100,fall,2024,Acceptance in the Science Co-operative Education Program.,,True,[],Susan Wiggins,3
PHYS 432,D100,fall,2024,All students interested in taking this course must consult with their faculty supervisor regarding prerequisites.,,False,[],Erol Girt,6
STAT 336,D100,fall,2024,Students must apply and receive permission from the co-op co-ordinator at least one but preferably two terms in advance. They will normally be required to have completed 45 units with a GPA of 2.5 before they may take this practicum course.,,True,[],Natalie Erickson,3
ENSC 295,D200,fall,2024,ENSC 195 or 196.,ENSC 195,False,"[{'days': 'Mo, Tu, We, Th, Fr', 'startTime': '8:00', 'endTime': '20:00', 'campus': None}]",Cristina Eftenaru,3
ENSC 195,D200,fall,2024,,,False,"[{'days': 'Mo, Tu, We, Th, Fr', 'startTime': '8:00', 'endTime': '20:00', 'campus': None}]",Cristina Eftenaru,3
ENSC 395,D200,fall,2024,ENSC 295 or 296 and a minimum of 75 units.,ENSC 295,False,"[{'days': 'Mo, Tu, We, Th, Fr', 'startTime': '8:00', 'endTime': '20:00', 'campus': None}]",Cristina Eftenaru,3
MSE 293,D100,fall,2024,,,False,"[{'days': 'Mo, Tu, We, Th, Fr', 'startTime': '8:30', 'endTime': '16:50', 'campus': None}]",Ryan McDonald;Stephanie DeRapp,3
MSE 493,I100,fall,2024,MSE 393 or 394 and a minimum of 75 units.,MSE 393,False,"[{'days': 'Mo, Tu, We, Th, Fr', 'startTime': '8:30', 'endTime': '16:50', 'campus': None}]",Ryan McDonald;Stephanie DeRapp,3
MSE 393,D200,fall,2024,MSE 293 or 294.,MSE 293,False,"[{'days': 'Mo, Tu, We, Th, Fr', 'startTime': '8:30', 'endTime': '16:50', 'campus': None}]",Ryan McDonald;Stephanie DeRapp,3
CHIN 460,B101,fall,2024,"CHIN 330, CHIN 390 or equivalent.",CHIN 330;CHIN 390,False,"[{'days': 'Tu', 'startTime': '10:30', 'endTime': '12:20', 'campus': 'Burnaby'}]",Jia Fei,3
GERM 110,L100,fall,2024,GERM 100 (or GERM 102) or equivalent.,GERM 100;GERM 102,False,[],Claudia Hein,3
HIST 489,D200,fall,2024,45 units including nine units of lower division history. Recommended: at least three upper division courses in history.,,False,[],Lauren Rossi,4
JAPN 110,D100,fall,2024,JAPN 100 or equivalent. Students who took Japanese courses in secondary school and/or with previous knowledge of Japanese may need to be evaluated for placement into JAPN 110 or higher level of courses and are required to contact the instructor before enrollment.,JAPN 100;JAPN 110,False,"[{'days': 'We, Fr', 'startTime': '14:30', 'endTime': '16:20', 'campus': 'Burnaby'}]",Motoki Nozawa,3
LBST 307,D100,fall,2024,,,False,[],Maureen Kihika,3
BUS 360W,D200,fall,2024,"This course is open to students admitted prior to Fall 2014 to the business administration major, honours, or second degree program and who have 45 units, OR to students admitted Fall 2014 - Summer 2017 to the business administration major, honours, or second degree program and who have 45 units and BUS 130 or (BUS 201 or BUS 202) or BUS 301, with a minimum grade of C-, OR to students admitted Fall 2017 – Summer 2022 to the business administration major, honours, or second degree program and who have 45 units and BUS 130 or (BUS 201 or BUS 202) or BUS 301, and BUS 217W, both with a minimum grade of C-, OR to students admitted Fall 2022 onwards to the business administration major, honours, or second degree program, and who have 45 units; BUS 217W and (BUS 201 or BUS 202), both with a minimum grade of C-; and BUS 300, OR to business administration joint major or joint honours students with BUS 217W with a minimum grade of C- and 45 units, OR to business and economics joint major students with ECON 220W with a minimum grade of C- and 45 units, OR to mechatronic systems engineering and business administration double degree students with 45 units, OR to management systems science or actuarial science majors with 45 units OR to data science major with BUS 217W with a minimum grade of C- and 45 units.",BUS 130;BUS 201;BUS 202;BUS 301;BUS 217W;BUS 300;ECON 220W,False,"[{'days': 'We', 'startTime': '14:30', 'endTime': '17:20', 'campus': 'Surrey'}]",Christian Venhuizen,4
CMPT 426,I100,fall,2024,"Students must complete Bridging Online (visit www.sfu.ca/coop/bol for further details) at least two terms before their anticipated co-op placement. Students must then enroll with the co-op program by the second week of the term preceding the work term. Normally, students will have completed a minimum of 45 units by the end of the term of application, CMPT 275 or 276, and have a minimum CGPA of 2.50.",CMPT 275,False,"[{'days': 'Mo, Tu, We, Th, Fr', 'startTime': '8:00', 'endTime': '20:00', 'campus': None}]",Tanya Behrisch;Cristina Eftenaru;Stephanie Greaves,3
CMPT 426,D200,fall,2024,"Students must complete Bridging Online (visit www.sfu.ca/coop/bol for further details) at least two terms before their anticipated co-op placement. Students must then enroll with the co-op program by the second week of the term preceding the work term. Normally, students will have completed a minimum of 45 units by the end of the term of application, CMPT 275 or 276, and have a minimum CGPA of 2.50.",CMPT 275,False,"[{'days': 'Mo, Tu, We, Th, Fr', 'startTime': '8:00', 'endTime': '20:00', 'campus': None}]",Tanya Behrisch;Cristina Eftenaru;Stephanie Greaves,3
ENSC 195,D100,fall,2024,,,False,"[{'days': 'Mo, Tu, We, Th, Fr', 'startTime': '8:00', 'endTime': '20:00', 'campus': None}]",Cristina Eftenaru,3
SEE 494,D100,fall,2024,SEE 390 or SEE 394.,SEE 390;SEE 394,False,"[{'days': 'Mo, Tu, We, Th, Fr', 'startTime': '8:00', 'endTime': '20:00', 'campus': None}]",Tyler Schwartz;Wendy McKay,3
CRIM 486,D100,fall,2024,"Permission of the school, and minimum 90 units and CGPA of 2.75. Applicants must be declared Criminology majors and must be enrolled in or have completed CRIM 320, 321 and 485. Corequisite: CRIM 488. A criminal record check may be required dependent on agency.",CRIM 320;CRIM 488,False,[],Dawn Rault,1
CRIM 488,D100,fall,2024,"Permission of the school, CRIM 485, a minimum of 90 units and CGPA of 2.75. Applicants must be declared Criminology majors. Corequisite: CRIM 486. A criminal record check may be required dependent on agency.",CRIM 485;CRIM 486,False,[],Dawn Rault,4
HIST 489,D100,fall,2024,45 units including nine units of lower division history. Recommended: at least three upper division courses in history.,,False,[],Paul Sedra,4
IS 350W,D100,fall,2024,60 units. International Studies major or honours students.,,False,"[{'days': 'Mo', 'startTime': '9:30', 'endTime': '12:20', 'campus': 'Vancouver'}, {'days': 'Tu', 'startTime': '9:30', 'endTime': '12:20', 'campus': 'Vancouver'}]",Megan MacKenzie,4
BUS 217W,D500,fall,2024,"BUS 201 with a minimum grade of C- and 15 units; OR 45 units and corequisite: BUS 202; OR business administration joint major, joint honours, or double degree students with 45 units; OR data science students with 15 units; OR actuarial science students with 15 units.",BUS 201;BUS 202,False,"[{'days': 'Th', 'startTime': '14:30', 'endTime': '16:20', 'campus': 'Burnaby'}]",Luana Carcano,3
CA 247,D200,fall,2024,"CA 140, 144, 146 or permission of instructor.",CA 140,False,"[{'days': 'Mo, We', 'startTime': '12:30', 'endTime': '14:20', 'campus': 'GOLDCORP'}, {'days': 'Tu', 'startTime': '12:30', 'endTime': '14:20', 'campus': 'GOLDCORP'}]",Sessional;Nancy Tam,3
CA 269,D100,fall,2024,CA (or FPA) 160. A course materials fee is required.,,False,"[{'days': 'Mo, We', 'startTime': '14:30', 'endTime': '17:20', 'campus': 'DT VSAR'}, {'days': 'Tu', 'startTime': '14:30', 'endTime': '17:20', 'campus': 'DT VSAR'}]",Taryn Walker,3
CA 400,D300,fall,2024,"60 units plus a minimum standing of completion of second year in any of the programs offered in the School for the Contemporary Arts, and prior approval.",,False,[],,3
IAT 309W,D200,fall,2024,IAT 206W with a minimum grade of C- and completion of 48 units.,IAT 206W,False,"[{'days': 'Tu', 'startTime': '8:30', 'endTime': '11:20', 'campus': 'Surrey'}]",Sylvain Moreno;Johann Colomba,4
EDUC 410,F100,fall,2024,,,False,"[{'days': 'We', 'startTime': '14:30', 'endTime': '17:20', 'campus': 'Burnaby'}]",Monica Tang,4
CENV 302,D100,fall,2024,Admission into Environment Co-operative Education Program.,,True,[],Natalia Bussard,3
CENV 303,D100,fall,2024,Readmission into Environment Co-operative Education Program.,,True,[],Natalia Bussard,3
EVSC 395,D100,fall,2024,,,False,"[{'days': 'We', 'startTime': '12:30', 'endTime': '13:20', 'campus': 'Burnaby'}]",Ruth Joy,3
HSCI 350,D100,fall,2024,Students must be accepted into the Health Sciences Co-op program and complete Bridging Online.,,True,[],Isabella Silvestre,3
BPK 351,D100,fall,2024,"Students must complete Bridging Online (visit www.sfu.ca/coop/bol for further details) at least two terms before co-op placement. Students must then apply to the BPK co-op program by Week 1 of the term prior; a minimum of 45 units, BPK 142, plus at least two other BPK courses and have a minimum GPA of 2.50.",BPK 142,False,[],Natalia Bussard,3
EASC 206,D100,fall,2024,EASC 101 with a grade of C- or better. Corequisite: EASC 210.,EASC 101;EASC 210,False,"[{'days': 'Fr', 'startTime': '8:30', 'endTime': '10:20', 'campus': 'Burnaby'}]",Reid Staples,3
MATH 436,D100,fall,2024,MATH 337 and permission of the co-op co-ordinator; students must apply at least one term in advance.,MATH 337,False,[],Magnus Billings;Natalia Bussard;Natalie Erickson,3
MBB 452,D100,fall,2024,Acceptance in the Science Co-operative Education Program.,,True,[],Susan Wiggins,3
STAT 490,D100,fall,2024,Dependent on the topic covered.,,False,"[{'days': 'Tu', 'startTime': '10:30', 'endTime': '12:20', 'campus': 'Burnaby'}, {'days': 'Th', 'startTime': '10:30', 'endTime': '11:20', 'campus': 'Burnaby'}, {'days': 'Fr', 'startTime': '9:30', 'endTime': '11:20', 'campus': 'Burnaby'}]",Jean-Francois Begin,3
CMPT 272,E100,fall,2024,"CMPT 120 or CMPT 130 or CMPT 128, with a minimum grade of C-.",CMPT 120;CMPT 130;CMPT 128,False,"[{'days': 'Mo', 'startTime': '16:30', 'endTime': '18:20', 'campus': 'Burnaby'}, {'days': 'Tu', 'startTime': '16:30', 'endTime': '18:20', 'campus': 'Burnaby'}, {'days': 'We', 'startTime': '16:30', 'endTime': '17:20', 'campus': 'Burnaby'}]",Shervin Shirmohammadi,3
CMPT 263,D100,fall,2024,"CMPT 125 or CMPT 135, with a minimum grade of C-.",CMPT 125;CMPT 135,False,"[{'days': 'Tu', 'startTime': '14:30', 'endTime': '16:20', 'campus': 'Burnaby'}, {'days': 'Fr', 'startTime': '14:30', 'endTime': '15:20', 'campus': 'Burnaby'}]",Victor Cheung,3
SEE 290,D100,fall,2024,,,False,"[{'days': 'Mo, Tu, We, Th, Fr', 'startTime': '8:30', 'endTime': '16:30', 'campus': None}]",Tyler Schwartz;Wendy McKay;Stephanie Greaves,3
ECON 220W,D400,fall,2024,"ECON 201 with a minimum grade of C-, minimum 30 units and no more than 80 units.",ECON 201,False,"[{'days': 'Mo, We', 'startTime': '11:30', 'endTime': '12:20', 'campus': 'Burnaby'}, {'days': 'Tu', 'startTime': '11:30', 'endTime': '12:20', 'campus': 'Burnaby'}]",Sepideh Fotovatian;Maliha Nazir,4
GRK 200,B100,fall,2024,GRK 111 (or GRK 192) or equivalent.,GRK 111;GRK 192,False,[],Dionysia Eirini Kotsovili,3
ITAL 110,D100,fall,2024,,,False,[],Vlad Vintila,3
CA 210W,D100,fall,2024,21 units including six in CA (or FPA) history/theory courses and CA (or FPA) 168 or CA 118.,CA 118,False,"[{'days': 'Tu', 'startTime': '14:30', 'endTime': '17:20', 'campus': 'Vancouver'}]",Tatiana Mellema,3
CA 260,D100,fall,2024,CA (or FPA) 118 (or 168) and 161. A course materials fee is required.,,False,"[{'days': 'Tu, Th', 'startTime': '9:30', 'endTime': '12:20', 'campus': 'DT VSAR'}]",David Biddle,3
IAT 375,D100,fall,2024,IAT 374 (or WKTM 400).,IAT 374;WKTM 400,False,"[{'days': 'Mo, Tu, We, Th, Fr', 'startTime': '8:00', 'endTime': '19:50', 'campus': None}]",Afshan Basaria,3
EDUC 404,D001,fall,2024,EDUC 401/402 or corequisite EDUC 403.,EDUC 401;EDUC 403,False,[],,0
CENV 403,D100,fall,2024,Readmission into Environment Co-operative Education Program.,,True,[],Natalia Bussard,3
CENV 402,D100,fall,2024,Readmission into Environment Co-operative Education Program.,,True,[],Natalia Bussard,3
HSCI 351,D200,fall,2024,Completion of HSCI 350 Co-op Practicum I.,HSCI 350,False,[],Isabella Silvestre,3
ACMA 336,D100,fall,2024,Students must apply and receive permission from the co-op coordinator at least one but preferably two terms in advance. They will normally be required to have completed 45 units with a GPA of 2.50 before they may take this practicum course.,,True,[],Natalie Erickson,3
BISC 342,D100,fall,2024,BISC 341 and readmission to the Science Co-op Education Program.,BISC 341,False,[],Natalia Bussard,3
CHEM 285,LB03,fall,2024,"CHEM 120 and CHEM 125, both with a minimum grade of C-, or CHEM 121 with a minimum grade of C-. Corequisite: CHEM 122 and CHEM 280.",CHEM 120;CHEM 125;CHEM 121;CHEM 122;CHEM 280,False,"[{'days': 'Tu', 'startTime': '13:30', 'endTime': '17:20', 'campus': 'Burnaby'}]",Nabyl Merbouh,1
MATH 251,D200,fall,2024,MATH 152 with a minimum grade of C-; or MATH 155 or MATH 158 with a grade of at least B. Recommended: It is recommended that MATH 240 or 232 be taken before or concurrently with MATH 251.,MATH 152;MATH 155;MATH 158,False,"[{'days': 'Mo, We, Fr', 'startTime': '8:30', 'endTime': '9:20', 'campus': 'Burnaby'}, {'days': 'Tu', 'startTime': '8:30', 'endTime': '9:20', 'campus': 'Burnaby'}]",Justin Gray,3
HSCI 350,I100,fall,2024,Students must be accepted into the Health Sciences Co-op program and complete Bridging Online.,,True,[],Isabella Silvestre,3
BISC 499,D001,fall,2024,Completion of lower division course requirements.,,False,[],Chris Kennedy,3
MASC 401,D100,fall,2024,"Prerequisites are set by Bamfield Marine Science Centre, and normally include completion of lower division core courses.",,False,[],,3
MASC 415,D100,fall,2024,"Prerequisites are set by Bamfield Marine Science Centre, and normally include completion of lower division core courses.",,False,[],,3
MASC 436,D100,fall,2024,"Prerequisites are set by Bamfield Marine Science Centre, and normally include completion of lower division core courses.",,False,[],,3
MASC 425,D100,fall,2024,"Prerequisites are set by Bamfield Marine Science Centre, and normally include completion of lower division core courses.",,False,[],,3
MASC 437,D100,fall,2024,"Prerequisites are set by Bamfield Marine Science Centre, and normally include completion of lower division core courses.",,False,[],,3
MATH 336,D100,fall,2024,"Students must apply to and receive permission from the co-op co-ordinator at least one, preferably two, terms in advance. They will normally be required to have completed 45 units with a GPA of 2.5. This course will be graded on a pass/withdraw basis. A course fee is required.",,True,[],Magnus Billings;Natalia Bussard;Natalie Erickson,3
CMPT 429,D200,fall,2024,"CMPT 428, CGPA of 2.50.",CMPT 428,False,"[{'days': 'Mo, Tu, We, Th, Fr', 'startTime': '8:00', 'endTime': '20:00', 'campus': None}]",Tanya Behrisch;Cristina Eftenaru;Stephanie Greaves,3
CMPT 427,D200,fall,2024,"CMPT 426, CGPA of 2.50.",CMPT 426,False,"[{'days': 'Mo, Tu, We, Th, Fr', 'startTime': '8:00', 'endTime': '20:00', 'campus': None}]",Tanya Behrisch;Cristina Eftenaru;Stephanie Greaves,3
MSE 394,D100,fall,2024,"MSE 293 or 294 and approval of
internship co-ordinator required.",MSE 293,False,"[{'days': 'Mo, Tu, We, Th, Fr', 'startTime': '8:30', 'endTime': '16:50', 'campus': None}]",Ryan McDonald;Stephanie DeRapp,3
ECON 220W,D200,fall,2024,"ECON 201 with a minimum grade of C-, minimum 30 units and no more than 80 units.",ECON 201,False,"[{'days': 'Mo, We', 'startTime': '15:30', 'endTime': '16:20', 'campus': 'Burnaby'}, {'days': 'Tu', 'startTime': '15:30', 'endTime': '16:20', 'campus': 'Burnaby'}]",Gulriz Barkin;Sepideh Fotovatian,4
GRK 111,B100,fall,2024,GRK 100 (or GRK 191) or equivalent.,GRK 100;GRK 191,False,[],Dionysia Eirini Kotsovili,3
GSWS 316,B200,fall,2024,30 units.,,False,"[{'days': 'Tu', 'startTime': '10:30', 'endTime': '12:20', 'campus': 'Burnaby'}]",Alice Nye,4
JAPN 100,D400,fall,2024,,,False,"[{'days': 'We, Fr', 'startTime': '10:30', 'endTime': '12:20', 'campus': 'Burnaby'}]",Naoko Takei,3
SA 450,E100,fall,2024,"Minimum of 72 units including SA 350, and consent of the instructor.",SA 350,False,"[{'days': 'Fr', 'startTime': '16:30', 'endTime': '20:20', 'campus': 'Burnaby'}]",Yildiz Atasoy,4
IAT 272,D100,fall,2024,IAT 271 (or WKTM 100).,IAT 271;WKTM 100,False,"[{'days': 'Mo, Tu, We, Th, Fr', 'startTime': '8:00', 'endTime': '19:50', 'campus': None}]",Afshan Basaria,3
EDUC 250,D200,fall,2024,,,False,"[{'days': 'Mo', 'startTime': '14:30', 'endTime': '17:20', 'campus': 'Burnaby'}, {'days': 'Tu', 'startTime': '14:30', 'endTime': '17:20', 'campus': 'Burnaby'}]",Charles Bingham,3
CHIN 290,B100,fall,2024,"CHIN 191 or equivalent. This course is for students of Chinese origin who have near native speaking ability in Chinese (Mandarin or other dialects), but basic knowledge of written Chinese.",CHIN 191,False,[],Cynthia Xie,3
MSE 112,D100,fall,2024,CMPT 120.,CMPT 120,False,"[{'days': 'Tu', 'startTime': '11:30', 'endTime': '13:20', 'campus': 'Surrey'}, {'days': 'Th', 'startTime': '11:30', 'endTime': '12:20', 'campus': 'Surrey'}]",Mohammad Narimani,3
CHIN 200,B100,fall,2024,CHIN 110 (or CHIN 101) or equivalent.,CHIN 110;CHIN 101,False,[],Billie Ng,3
BISC 444,D100,fall,2024,BISC 443 and re-admission to the science co-operative education program.,BISC 443,False,[],Natalia Bussard,3
BISC 498,D004,fall,2024,Completion of lower division course requirements.,,False,[],Chris Kennedy,3
EASC 202,D100,fall,2024,EASC 101 and CHEM 121. All with a grade of C- or better.,EASC 101;CHEM 121,False,"[{'days': 'Mo, We', 'startTime': '12:30', 'endTime': '13:20', 'campus': 'Burnaby'}, {'days': 'Tu', 'startTime': '12:30', 'endTime': '13:20', 'campus': 'Burnaby'}]",Kevin Cameron,3
MSE 494,D100,fall,2024,"MSE 393 or 394, a minimum of 75 units and approval of internship co-ordinator required.",MSE 393,False,"[{'days': 'Mo, Tu, We, Th, Fr', 'startTime': '8:30', 'endTime': '16:50', 'campus': None}]",Ryan McDonald;Stephanie DeRapp,3
SEE 394,D100,fall,2024,SEE 290 or SEE 294.,SEE 290;SEE 294,False,"[{'days': 'Mo, Tu, We, Th, Fr', 'startTime': '8:00', 'endTime': '20:00', 'campus': None}]",Tyler Schwartz;Wendy McKay;Stephanie Greaves,3
IS 304,D200,fall,2024,45 units. Recommended: IS 200 and HIST 335.,,False,"[{'days': 'Mo', 'startTime': '9:30', 'endTime': '12:20', 'campus': 'Vancouver'}, {'days': 'Tu', 'startTime': '9:30', 'endTime': '12:20', 'campus': 'Vancouver'}]",Alsu Tagirova,4
EDUC 402W,D002,fall,2024,Admission to PDP or PLP program. Students must successfully complete a Criminal Record Check.,,False,[],Tammy McDiarmid,7
EDUC 407,D002,fall,2024,,,False,[],Tammy McDiarmid;Susan Montabello,3
CENV 302,D200,fall,2024,Admission into Environment Co-operative Education Program.,,True,[],Natalia Bussard,3
MBB 351,D100,fall,2024,Acceptance in the Science Co-operative Education Program.,,True,[],Susan Wiggins,3
CMNS 452,D200,fall,2024,26 CMNS units with a minimum grade of C- or 60 units with a minimum CGPA of 2.00.,,False,"[{'days': 'We', 'startTime': '9:30', 'endTime': '12:20', 'campus': 'Burnaby'}]",Hoornaz Keshavarzian,4
IAT 102,E100,fall,2024,,,False,"[{'days': 'Tu', 'startTime': '16:30', 'endTime': '19:20', 'campus': 'Surrey'}, {'days': 'We', 'startTime': '16:30', 'endTime': '19:20', 'campus': 'Surrey'}]",Andrew Hawryshkewich,3
FEP 200,D100,fall,2024,,,False,[],,12
FEP 225,D100,fall,2024,,,False,[],,15
BISC 498,D005,fall,2024,Completion of lower division course requirements.,,False,[],Michel Leroux,3
CHEM 285,LB05,fall,2024,"CHEM 120 and CHEM 125, both with a minimum grade of C-, or CHEM 121 with a minimum grade of C-. Corequisite: CHEM 122 and CHEM 280.",CHEM 120;CHEM 125;CHEM 121;CHEM 122;CHEM 280,False,"[{'days': 'Th', 'startTime': '8:30', 'endTime': '12:20', 'campus': 'Burnaby'}]",Nabyl Merbouh,1
CHEM 121,D600,fall,2024,"Chemistry 12 with a minimum grade of B, or CHEM 109 or 111 with a minimum grade of C-.",CHEM 109,False,"[{'days': 'Mo, We, Fr', 'startTime': '8:30', 'endTime': '9:20', 'campus': 'Surrey'}, {'days': 'Tu', 'startTime': '8:30', 'endTime': '9:20', 'campus': 'Surrey'}]",Rebecca Goyan,4
CMPT 415,D100,fall,2024,Permission of Instructor and School.,,True,[],Nicholas Vincent,3
ENGL 494,D100,fall,2024,"Permission of the department, plus normally a minimum of 90 units, including credit or standing in two 100-division English courses, two 200-division English courses, and four 300 or 400-division English courses, one of which must be ENGL 364.",ENGL 364,False,"[{'days': 'Mo', 'startTime': '10:30', 'endTime': '12:20', 'campus': 'Burnaby'}, {'days': 'Tu', 'startTime': '10:30', 'endTime': '12:20', 'campus': 'Burnaby'}]",Diana Solomon,4
SA 499,D100,fall,2024,"SA 495, permission from the SA department, and prior agreement from an SA faculty member who has agreed to supervise the honours essay.",SA 495,False,[],Kathleen Millar,4
CENV 303,D200,fall,2024,Readmission into Environment Co-operative Education Program.,,True,[],Natalia Bussard,3
HSCI 350,D200,fall,2024,Students must be accepted into the Health Sciences Co-op program and complete Bridging Online.,,True,[],Isabella Silvestre,3
ACMA 336,D200,fall,2024,Students must apply and receive permission from the co-op coordinator at least one but preferably two terms in advance. They will normally be required to have completed 45 units with a GPA of 2.50 before they may take this practicum course.,,True,[],Natalie Erickson,3
BISC 444,D200,fall,2024,BISC 443 and re-admission to the science co-operative education program.,BISC 443,False,[],Natalia Bussard,3
BISC 342,D200,fall,2024,BISC 341 and readmission to the Science Co-op Education Program.,BISC 341,False,[],Natalia Bussard,3
BISC 497W,D001,fall,2024,"Completion of lower division course
requirements.",,False,[],Isabelle Cote,3
CHEM 406,D100,fall,2024,CHEM 307 and completion of 56 units toward a BSc degree. Minimum CGPA of 2.67 (or permission of co-op co-ordinator).,CHEM 307,False,[],Natalie Erickson;Susan Wiggins,3
CHEM 125,LA05,fall,2024,"Chemistry 12 with a minimum grade of C, or CHEM 109 or CHEM 111 with a minimum grade of C-. Corequisite: CHEM 120.",CHEM 109;CHEM 111;CHEM 120,False,"[{'days': 'Th', 'startTime': '8:30', 'endTime': '12:20', 'campus': 'Burnaby'}]",Garry Mund,1
CHEM 306,D200,fall,2024,"Completion of 28 units in a science program, including first-year calculus, chemistry and physics. Minimum CGPA 2.67 (or permission of co-op co-ordinator).",,True,[],Natalie Erickson;Susan Wiggins,3
MATH 486,D100,fall,2024,MATH 437 and permission of the co-op co-ordinator. Students must apply at least one term in advance.,MATH 437,False,[],Magnus Billings;Natalia Bussard;Natalie Erickson,3
MBB 229,LA03,fall,2024,or Corequisite: MBB 222.,MBB 222,False,"[{'days': 'We', 'startTime': '13:30', 'endTime': '17:20', 'campus': 'Burnaby'}]",Irina Kovalyova;Sophie Sneddon,2
CMPT 430,D300,fall,2024,"CMPT 429, CGPA of 2.50.",CMPT 429,False,"[{'days': 'Mo, Tu, We, Th, Fr', 'startTime': '8:00', 'endTime': '20:00', 'campus': None}]",Tanya Behrisch;Cristina Eftenaru;Stephanie Greaves,3
MSE 293,D200,fall,2024,,,False,"[{'days': 'Mo, Tu, We, Th, Fr', 'startTime': '8:30', 'endTime': '16:50', 'campus': None}]",Ryan McDonald;Stephanie DeRapp,3
INLG 334,A970,fall,2024,Completion of Certificate in Indigenous Language Proficiency including INLG (or FNLG) 333 (or as corequisite); or permission of instructor.,,True,[],Leah Meunier,3
INLG 335,A970,fall,2024,"INLG (or FNLG) 130, INLG (or FNLG) 133, INLG (or FNLG) 233 or permission of instructor. Recommended: LING 360.",,True,[],,3
INLG 435,A970,fall,2024,"LING 220, INLG (or FNLG) 332 or permission of instructor. Recommended: LING 360, 431 and 432.",LING 220,False,[],,3
EDUC 406,D001,fall,2024,Permission will not be given to students without previous teaching experience. Students must successfully complete a Criminal Record Check.,,True,[],Robert Grantham,12
EDUC 407,D001,fall,2024,,,False,[],Daniel Vecchio;Susan Montabello,3
EDUC 402W,D001,fall,2024,Admission to PDP or PLP program. Students must successfully complete a Criminal Record Check.,,False,[],Daniel Vecchio,7
EDUC 404,D002,fall,2024,EDUC 401/402 or corequisite EDUC 403.,EDUC 401;EDUC 403,False,[],,0
EDUC 404,D003,fall,2024,EDUC 401/402 or corequisite EDUC 403.,EDUC 401;EDUC 403,False,[],,0
EDUC 472,D100,fall,2024,EDUC 401/402 or corequisite EDUC 403.,EDUC 401;EDUC 403,False,[],Angela Connelly,4
EDUC 472,E100,fall,2024,EDUC 401/402 or corequisite EDUC 403.,EDUC 401;EDUC 403,False,"[{'days': 'Tu', 'startTime': '16:30', 'endTime': '20:20', 'campus': 'Burnaby'}]",Susan Barber,4
BUS 327,D200,fall,2024,,,False,[],Shauna Tonsaker,3
CMNS 494,D100,fall,2024,CMNS 396.,CMNS 396,False,[],Liesl Jurock,3
PHYS 100,D300,fall,2024,"BC Pre-Calculus 12 (or equivalent) or MATH 100, with a minimum grade of C-. BC Physics 11 (or equivalent) is recommended.",MATH 100,False,"[{'days': 'Mo, We, Fr', 'startTime': '13:30', 'endTime': '14:20', 'campus': 'Surrey'}, {'days': 'Tu', 'startTime': '13:30', 'endTime': '14:20', 'campus': 'Surrey'}]",Eldon Emberly,3
SEE 390,D200,fall,2024,SEE 290 or SEE 294.,SEE 290;SEE 294,False,"[{'days': 'Mo, Tu, We, Th, Fr', 'startTime': '8:00', 'endTime': '20:00', 'campus': None}]",Tyler Schwartz;Wendy McKay;Stephanie Greaves,3
CA 306,D100,fall,2024,45 units including CA 304 and permission of Internship Coordinator.,CA 304,False,[],Kay Higgins,3
PSYC 250,BLS1,fall,2024,PSYC 102.,PSYC 102,False,"[{'days': 'Mo', 'startTime': '16:30', 'endTime': '18:20', 'campus': 'Burnaby'}, {'days': 'Tu', 'startTime': '16:30', 'endTime': '18:20', 'campus': 'Burnaby'}]",Hali Kil,3
CMPT 415,D200,fall,2024,Permission of Instructor and School.,,True,[],Mo Chen,3
INLG 130,A770,fall,2024,Students in the Indigenous Studies program should complete INLG 133 before INLG 130.,INLG 133;INLG 130,False,[],,3
INLG 133,A770,fall,2024,,,False,[],,3
INLG 134,A770,fall,2024,INLG (or FNLG) 133.,,False,[],,3
INLG 158,A770,fall,2024,,,False,[],,3
FAN X99,D300,fall,2024,,,False,"[{'days': 'Tu', 'startTime': '14:30', 'endTime': '16:20', 'campus': 'Burnaby'}, {'days': 'Th', 'startTime': '14:30', 'endTime': '16:20', 'campus': 'Burnaby'}]",Sebastian Moraga Scheuermann,4
POL 496,D100,fall,2024,90 units. By application to the undergraduate chair.,,False,[],Mark Pickup,1
HSCI 491,D200,fall,2024,HSCI 490 with a minimum grade of C-.,HSCI 490,False,[],Elizabeth King,3
HSCI 492,D100,fall,2024,"One of HSCI 491, HSCI 493, HSCI 494, with a minimum grade of C-.",HSCI 491;HSCI 493;HSCI 494,False,[],Pablo Nepomnaschy,3
HSCI 492,D200,fall,2024,"One of HSCI 491, HSCI 493, HSCI 494, with a minimum grade of C-.",HSCI 491;HSCI 493;HSCI 494,False,[],Elizabeth King,3
HSCI 491,D100,fall,2024,HSCI 490 with a minimum grade of C-.,HSCI 490,False,[],Maya Gislason,3
BISC 491,D001,fall,2024,"Completion of all lower division biological sciences courses, plus upper division BISC courses appropriate to the subject of the intended research as determined by the departmental undergraduate curriculum committee; completion of all physics, chemistry and mathematics requirements for the major or honours program; at the time of application, students will normally have a CGPA of 3.00 (B standing). Corequisite: BISC 490 and 492.",BISC 490,False,[],Bernard Crespi,5
BISC 492W,D001,fall,2024,"Completion of all lower division biological sciences courses, plus upper division BISC courses appropriate to the subject of the intended research as determined by the departmental undergraduate curriculum committee; completion of all physics, chemistry and mathematics requirements for the major or honours program; at the time of application, students will normally have a CGPA of 3.00 (B standing). Corequisite: BISC 490 and BISC 491.",BISC 490;BISC 491,False,[],Bernard Crespi,5
BISC 499,D002,fall,2024,Completion of lower division course requirements.,,False,[],Gordon Rintoul,3
MATH 499W,D100,fall,2024,18 units of upper division MATH or MACM courses. Must be in an honours program with a GPA of at least 3.0. Corequisite: MATH 498. Students must have an approved project prior to enrollment.,MATH 498,False,[],,5
MATH 498,D100,fall,2024,,,False,"[{'days': 'Th', 'startTime': '12:30', 'endTime': '14:20', 'campus': 'Burnaby'}]",Amarpreet Rattan,1
CMPT 376W,E100,fall,2024,"CMPT 105W and (CMPT 275 or CMPT 276), with a minimum grade of C-.",CMPT 105W;CMPT 275;CMPT 276,False,"[{'days': 'We', 'startTime': '17:30', 'endTime': '20:20', 'campus': 'Burnaby'}]",Felix Lo,3
CMPT 310,D200,fall,2024,"CMPT 225 and (MACM 101 or (ENSC 251 and ENSC 252)), all with a minimum grade of C-.",CMPT 225;MACM 101;ENSC 251;ENSC 252,False,"[{'days': 'Th', 'startTime': '8:30', 'endTime': '11:20', 'campus': 'Burnaby'}]",Ahmadreza Nezami,3
SEE 290,D200,fall,2024,,,False,"[{'days': 'Mo, Tu, We, Th, Fr', 'startTime': '8:30', 'endTime': '16:30', 'campus': None}]",Tyler Schwartz;Wendy McKay;Stephanie Greaves,3
HSCI 493,D100,fall,2024,HSCI 490 with a minimum grade of C-.,HSCI 490,False,[],Rochelle Tucker,6
INLG 130,A320,fall,2024,Students in the Indigenous Studies program should complete INLG 133 before INLG 130.,INLG 133;INLG 130,False,[],Sally Hart,3
INLG 133,A320,fall,2024,,,False,[],Marlene Tommy,3
INLG 134,A320,fall,2024,INLG (or FNLG) 133.,,False,[],Marlene Tommy,3
INLG 158,A320,fall,2024,,,False,[],Donna Gerdts,3
CMNS 497,D100,fall,2024,Students accepted into honours program only.,,False,[],Chris Jeschelnik,5
CMNS 314,D400,fall,2024,17 CMNS units with a minimum grade of C- or 45 units with a minimum CGPA of 2.00.,,False,"[{'days': 'Th', 'startTime': '14:30', 'endTime': '17:20', 'campus': 'Burnaby'}]",Steven Malcic,4
CMNS 495,D100,fall,2024,CMNS 494.,CMNS 494,False,[],Liesl Jurock,3
CMNS 496,D100,fall,2024,CMNS 495.,CMNS 495,False,[],Liesl Jurock,3
CMNS 396,D100,fall,2024,CMNS 395.,CMNS 395,False,[],Liesl Jurock,3
EVSC 201W,B100,fall,2024,EVSC 100.,EVSC 100,False,"[{'days': 'We', 'startTime': '14:30', 'endTime': '16:20', 'campus': 'Burnaby'}]",Anna Hippmann,3
CMPT 415,D300,fall,2024,Permission of Instructor and School.,,True,[],Anders Miltner,3
FASS 302,D100,fall,2024,Open only to students accepted to the FASS Co-op Program.,,True,[],Liesl Jurock,3
CHEM 296,D001,fall,2024,"30 units, including five units of 2nd year CHEM courses. A student may enroll in this course only with prior written agreement of a faculty member to act as a research supervisor.",,False,[],Paul Li,1
CHEM 396,D001,fall,2024,"50 units, including one 3rd year CHEM core course (CHEM 316, 332, 336, 360, 366, 380 or NUSC 341). A student may enroll in this course only with prior written agreement of a faculty member to act as a research supervisor.",CHEM 316;NUSC 341,False,[],Tim Storr,1
CHEM 396,D002,fall,2024,"50 units, including one 3rd year CHEM core course (CHEM 316, 332, 336, 360, 366, 380 or NUSC 341). A student may enroll in this course only with prior written agreement of a faculty member to act as a research supervisor.",CHEM 316;NUSC 341,False,[],Tim Storr,1
CMPT 426,D300,fall,2024,"Students must complete Bridging Online (visit www.sfu.ca/coop/bol for further details) at least two terms before their anticipated co-op placement. Students must then enroll with the co-op program by the second week of the term preceding the work term. Normally, students will have completed a minimum of 45 units by the end of the term of application, CMPT 275 or 276, and have a minimum CGPA of 2.50.",CMPT 275,False,"[{'days': 'Mo, Tu, We, Th, Fr', 'startTime': '8:00', 'endTime': '20:00', 'campus': None}]",Tanya Behrisch;Cristina Eftenaru;Stephanie Greaves,3
CRIM 370,D100,fall,2024,"CRIM 320 and 330, and written application to the school no later than the last day of classes of the preceding term. CRIM 370 and 470 may not be taken concurrently.",CRIM 320;CRIM 370,False,[],Curt Griffiths,3
PSYC 457,D100,fall,2024,"75 units, including PSYC 301 with a minimum grade of B and permission of a Co-Chair of the Behavioural Neuroscience Program Committee.",PSYC 301,False,"[{'days': 'Tu, Th', 'startTime': '10:30', 'endTime': '12:20', 'campus': 'Burnaby'}]",Rebecca Cobb,3
BUS 425,D100,fall,2024,,,False,[],Shauna Tonsaker,3
BUS 225,I100,fall,2024,,,False,[],Shauna Tonsaker,3
FAL X99,D300,fall,2024,,,False,"[{'days': 'Tu, Th', 'startTime': '12:30', 'endTime': '14:20', 'campus': 'Burnaby'}]",Olessya Akimenko;Sessional,4
CMPT 427,D400,fall,2024,"CMPT 426, CGPA of 2.50.",CMPT 426,False,"[{'days': 'Mo, Tu, We, Th, Fr', 'startTime': '8:00', 'endTime': '20:00', 'campus': None}]",Tanya Behrisch;Cristina Eftenaru;Stephanie Greaves,3
CMPT 429,D300,fall,2024,"CMPT 428, CGPA of 2.50.",CMPT 428,False,"[{'days': 'Mo, Tu, We, Th, Fr', 'startTime': '8:00', 'endTime': '20:00', 'campus': None}]",Tanya Behrisch;Cristina Eftenaru;Stephanie Greaves,3
SPAN 210,L100,fall,2024,SPAN 200 (or SPAN 201) or equivalent.,SPAN 200;SPAN 201,False,[],Isabel Mayo-Harp,3
EDUC 414,D100,fall,2024,EDUC 401/402 or corequisite EDUC 403.,EDUC 401;EDUC 403,False,[],Rob Dempsey,4
EDUC 474,D100,fall,2024,EDUC 401/402 or corequisite EDUC 403.,EDUC 401;EDUC 403,False,[],Rob Dempsey,4
EDUC 412W,D100,fall,2024,EDUC 401/402 or corequisite EDUC 403.,EDUC 401;EDUC 403,False,[],Angela Connelly,4
CENV 404,D100,fall,2024,Readmission into Environment Co-operative Education Program.,,True,[],Natalia Bussard,3
CHEM 296,D002,fall,2024,"30 units, including five units of 2nd year CHEM courses. A student may enroll in this course only with prior written agreement of a faculty member to act as a research supervisor.",,False,[],Gary Leach,1
CHEM 481,D001,fall,2024,Permission of the Department; knowledge of chemistry at an advanced level. Normally taken after completion of 300-level course requirements.,,True,[],Loren Kaake,5
SEE 290,I100,fall,2024,,,False,"[{'days': 'Mo, Tu, We, Th, Fr', 'startTime': '8:30', 'endTime': '16:30', 'campus': None}]",Tyler Schwartz;Wendy McKay;Stephanie Greaves,3
SEE 490,D200,fall,2024,SEE 390 or SEE 394.,SEE 390;SEE 394,False,"[{'days': 'Mo, Tu, We, Th, Fr', 'startTime': '8:00', 'endTime': '20:00', 'campus': None}]",Tyler Schwartz;Wendy McKay;Stephanie Greaves,3
CRIM 370,D200,fall,2024,"CRIM 320 and 330, and written application to the school no later than the last day of classes of the preceding term. CRIM 370 and 470 may not be taken concurrently.",CRIM 320;CRIM 370,False,[],Garth Davies,3
FASS 201,D200,fall,2024,Open only to students accepted to the FASS Co-op Program.,,True,[],Liesl Jurock,3
FASS 301,D100,fall,2024,Open only to students accepted to the FASS Co-op Program.,,True,[],Liesl Jurock,3
FASS 401,D200,fall,2024,Open only to students accepted to the FASS Co-op Program.,,True,[],Liesl Jurock,3
FASS 201,D100,fall,2024,Open only to students accepted to the FASS Co-op Program.,,True,[],Liesl Jurock,3
FASS 301,D200,fall,2024,Open only to students accepted to the FASS Co-op Program.,,True,[],Liesl Jurock,3
FASS 401,D100,fall,2024,Open only to students accepted to the FASS Co-op Program.,,True,[],Liesl Jurock,3
EVSC 391,D100,fall,2024,"60 units, 3.0 cumulative grade point average.",,False,[],Jeremy Venditti,2
REM 491,D200,fall,2024,90 units.,,False,[],Sophie Wilkinson,4
CMPT 415,D400,fall,2024,Permission of Instructor and School.,,True,[],Brian Fraser,3
CMPT 416,D100,fall,2024,Permission of the department.,,True,[],Parmit Kaur Chilana,3
CMPT 415,D500,fall,2024,Permission of Instructor and School.,,True,[],Parmit Kaur Chilana,3
CMPT 498,D100,fall,2024,"Students must have completed 90 units, including 15 units of upper division CMPT courses, and have a GPA of at least 3.00. The proposal must be submitted to the Undergraduate Chair at least 15 days in advance of the term. The proposal must be signed by the supervisor(s) and the undergraduate chair.",,False,[],Nicholas Vincent;Parsa Rajabi,6
PSYC 393,D200,fall,2024,"PSYC 201, 60 units, a UDGPA of at least 2.5, and permission of the department. Tri-council ethics certificate.",PSYC 201,False,[],,2
BISC 499,D004,fall,2024,Completion of lower division course requirements.,,False,[],Vicki Marlatt,3
BISC 499,D003,fall,2024,Completion of lower division course requirements.,,False,[],Megan Barker,3
CHEM 296,D003,fall,2024,"30 units, including five units of 2nd year CHEM courses. A student may enroll in this course only with prior written agreement of a faculty member to act as a research supervisor.",,False,[],Charles Walsby,1
CHEM 296,D004,fall,2024,"30 units, including five units of 2nd year CHEM courses. A student may enroll in this course only with prior written agreement of a faculty member to act as a research supervisor.",,False,[],Samira Siahrostami,1
MATH 337,D100,fall,2024,MATH 336 and permission of the co-op co-ordinator; students must apply at least one term in advance.,MATH 336,False,[],Magnus Billings;Natalia Bussard;Natalie Erickson,3
MSE 493,D200,fall,2024,MSE 393 or 394 and a minimum of 75 units.,MSE 393,False,"[{'days': 'Mo, Tu, We, Th, Fr', 'startTime': '8:30', 'endTime': '16:50', 'campus': None}]",Ryan McDonald;Stephanie DeRapp,3
INDG 447,D100,fall,2024,15 units of INDG (or FNST) courses; permission of an instructor and department approval. Corequisite: Varies depending on topic.,,True,[],Zoe Todd,3
SD 491,D400,fall,2024,60 units and permission of the department.,,True,[],Andres Cisneros-Montemayor,4
HSCI 489,D100,fall,2024,,,False,[],Elizabeth King,3
MBB 351,D200,fall,2024,Acceptance in the Science Co-operative Education Program.,,True,[],Susan Wiggins,3
MBB 490,D001,fall,2024,"MBB 231, with a minimum grade of C, and permission of the molecular biology and biochemistry department. Usually, upper level standing with at least 60 units in a Biochemistry major, minor or honours program will be required.",MBB 231,False,[],Nancy Hawkins,2
MBB 490,D002,fall,2024,"MBB 231, with a minimum grade of C, and permission of the molecular biology and biochemistry department. Usually, upper level standing with at least 60 units in a Biochemistry major, minor or honours program will be required.",MBB 231,False,[],Dheva Setiaputra,2
MBB 491,D001,fall,2024,"MBB 308 or MBB 309W and permission of the MBB department. Upper level standing in an MBB major, minor or honours program is required.",MBB 308;MBB 309W,False,[],Mani Larijani,5
MBB 491,D002,fall,2024,"MBB 308 or MBB 309W and permission of the MBB department. Upper level standing in an MBB major, minor or honours program is required.",MBB 308;MBB 309W,False,[],Dheva Setiaputra;Mani Larijani,5
MBB 492,D001,fall,2024,"MBB 491, MBB 308, MBB 309W and MBB 331, enrollment in the MBB honours program, a minimum 3.0 CGPA and 3.0 UDGPA and permission of the department.",MBB 491;MBB 308;MBB 309W;MBB 331,False,[],Fiona Brinkman,10
MBB 491,D003,fall,2024,"MBB 308 or MBB 309W and permission of the MBB department. Upper level standing in an MBB major, minor or honours program is required.",MBB 308;MBB 309W,False,[],Valentin Jaumouille,5
CMPT 415,D700,fall,2024,Permission of Instructor and School.,,True,[],Bobby Chan,3
CMPT 495,D200,fall,2024,CMPT 494 with a minimum grade of C-. CMPT 495 must be taken in the term immediately following the successful completion of CMPT 494 and must be for the same project and faculty supervisor.,CMPT 494;CMPT 495,False,[],Ke Li,3
INLG 130,A300,fall,2024,Students in the Indigenous Studies program should complete INLG 133 before INLG 130.,INLG 133;INLG 130,False,[],,3
INLG 134,A300,fall,2024,INLG (or FNLG) 133.,,False,[],,3
EDUC 323,D200,fall,2024,60 units including EDUC 220.,EDUC 220,False,"[{'days': 'We', 'startTime': '14:30', 'endTime': '17:20', 'campus': 'Surrey'}]",Sharalyn Jordan,3
HSCI 490,D100,fall,2024,,,False,[],Zabrina Brumme,3
CMPT 415,D600,fall,2024,Permission of Instructor and School.,,True,[],Steven Ko,3
CMPT 415,D800,fall,2024,Permission of Instructor and School.,,True,[],Martin Ester,3
CMPT 430,D200,fall,2024,"CMPT 429, CGPA of 2.50.",CMPT 429,False,"[{'days': 'Mo, Tu, We, Th, Fr', 'startTime': '8:00', 'endTime': '20:00', 'campus': None}]",Tanya Behrisch;Cristina Eftenaru;Stephanie Greaves,3
CMPT 495,D100,fall,2024,CMPT 494 with a minimum grade of C-. CMPT 495 must be taken in the term immediately following the successful completion of CMPT 494 and must be for the same project and faculty supervisor.,CMPT 494;CMPT 495,False,[],Keval Vora;William Sumner,3
SEE 490,I100,fall,2024,SEE 390 or SEE 394.,SEE 390;SEE 394,False,"[{'days': 'Mo, Tu, We, Th, Fr', 'startTime': '8:00', 'endTime': '20:00', 'campus': None}]",Tyler Schwartz;Wendy McKay;Stephanie Greaves,3
MATH 336,D200,fall,2024,"Students must apply to and receive permission from the co-op co-ordinator at least one, preferably two, terms in advance. They will normally be required to have completed 45 units with a GPA of 2.5. This course will be graded on a pass/withdraw basis. A course fee is required.",,True,[],Magnus Billings;Natalia Bussard;Natalie Erickson,3
ECON 392,D100,fall,2024,ECON 201 with a minimum grade of C-; 60 units.,ECON 201,False,"[{'days': 'Tu', 'startTime': '14:30', 'endTime': '16:20', 'campus': 'Burnaby'}]",Yan Yan,3
SA 499,D200,fall,2024,"SA 495, permission from the SA department, and prior agreement from an SA faculty member who has agreed to supervise the honours essay.",SA 495,False,[],Kendra Strauss,4
BUS 225,D200,fall,2024,,,False,[],Shauna Tonsaker,3
EDUC 400,D001,fall,2024,Admission to Professional Programs and successful completion of a Criminal Record Check.,,False,[],Alexandra Gillis,15
EDUC 400,D002,fall,2024,Admission to Professional Programs and successful completion of a Criminal Record Check.,,False,[],Alexandra Gillis,15
EDUC 400,D005,fall,2024,Admission to Professional Programs and successful completion of a Criminal Record Check.,,False,[],Paula Rosehart,15
EDUC 400,D006,fall,2024,Admission to Professional Programs and successful completion of a Criminal Record Check.,,False,[],Paula Rosehart,15
EDUC 400,D009,fall,2024,Admission to Professional Programs and successful completion of a Criminal Record Check.,,False,[],Laura D'amico,15
EDUC 400,D010,fall,2024,Admission to Professional Programs and successful completion of a Criminal Record Check.,,False,[],Lilach Marom,15
EDUC 400,D011,fall,2024,Admission to Professional Programs and successful completion of a Criminal Record Check.,,False,[],Ann Chinnery,15
EDUC 400,F014,fall,2024,Admission to Professional Programs and successful completion of a Criminal Record Check.,,False,[],Isabelle Cote;Monica Tang,15
EDUC 400,D003,fall,2024,Admission to Professional Programs and successful completion of a Criminal Record Check.,,False,[],Jessica Deitcher,15
EDUC 400,D004,fall,2024,Admission to Professional Programs and successful completion of a Criminal Record Check.,,False,[],Jessica Deitcher,15
EDUC 400,D007,fall,2024,Admission to Professional Programs and successful completion of a Criminal Record Check.,,False,[],Greg Sutherland,15
EDUC 400,D008,fall,2024,Admission to Professional Programs and successful completion of a Criminal Record Check.,,False,[],Greg Sutherland,15
EDUC 400,D012,fall,2024,Admission to Professional Programs and successful completion of a Criminal Record Check.,,False,"[{'days': 'Tu', 'startTime': '9:00', 'endTime': '12:20', 'campus': 'Vancouver'}, {'days': 'Tu', 'startTime': '12:30', 'endTime': '15:20', 'campus': 'Vancouver'}, {'days': 'Th', 'startTime': '12:30', 'endTime': '15:20', 'campus': 'Vancouver'}]",Pooja Dharamshi,15
EDUC 400,D013,fall,2024,Admission to Professional Programs and successful completion of a Criminal Record Check.,,False,[],Cher Hill,15
EDUC 400,D015,fall,2024,Admission to Professional Programs and successful completion of a Criminal Record Check.,,False,[],Colleen Elderton,15
ARCH 436,D100,fall,2024,ARCH 373 and permission of the department. Normally taken concurrently with ARCH 433 and ARCH 434.,ARCH 373;ARCH 433;ARCH 434,False,"[{'days': 'Fr', 'startTime': '13:30', 'endTime': '15:20', 'campus': 'Burnaby'}]",Dongya Yang,6
BISC 298,D001,fall,2024,,,False,[],Megan Barker,3
CMPT 426,D400,fall,2024,"Students must complete Bridging Online (visit www.sfu.ca/coop/bol for further details) at least two terms before their anticipated co-op placement. Students must then enroll with the co-op program by the second week of the term preceding the work term. Normally, students will have completed a minimum of 45 units by the end of the term of application, CMPT 275 or 276, and have a minimum CGPA of 2.50.",CMPT 275,False,"[{'days': 'Mo, Tu, We, Th, Fr', 'startTime': '8:00', 'endTime': '20:00', 'campus': None}]",Tanya Behrisch;Cristina Eftenaru;Stephanie Greaves,3
MSE 494,I100,fall,2024,"MSE 393 or 394, a minimum of 75 units and approval of internship co-ordinator required.",MSE 393,False,"[{'days': 'Mo, Tu, We, Th, Fr', 'startTime': '8:30', 'endTime': '16:50', 'campus': None}]",Ryan McDonald;Stephanie DeRapp,3
PHYS 490,D100,fall,2024,"PHYS 313 and PHYS 384, both with a minimum grade of C-.",PHYS 313;PHYS 384,False,"[{'days': 'Mo, We', 'startTime': '16:30', 'endTime': '17:50', 'campus': 'Burnaby'}, {'days': 'Tu', 'startTime': '16:30', 'endTime': '17:50', 'campus': 'Burnaby'}]",Andrei Frolov,3
BUS 326,D200,fall,2024,,,False,[],Shauna Tonsaker,3
IAT 387,D100,fall,2024,"Completion of 45 units, and permission of the School and the instructor is required. No more than six units of Directed Studies may be taken.",,True,[], Nilay Yalcin;Steve DiPaola,3
IAT 487,D100,fall,2024,"Completion of 69 units, and permission of the instructor and School are required. No more than six units of Directed Studies may be taken.",,True,[],Steve DiPaola;Kenneth Zupan,3
EDUC 475,D100,fall,2024,EDUC 401/402 or corequisite EDUC 403. Students must successfully complete an SFU criminal records check.,EDUC 401;EDUC 403,False,[],Barb Wagner,4
ACMA 436,D200,fall,2024,ACMA 337 or Job Practicum II from another department. Students must apply and receive permission from the co-op coordinator at least one term in advance.,ACMA 337,False,[],Natalie Erickson,3
CMPT 427,I100,fall,2024,"CMPT 426, CGPA of 2.50.",CMPT 426,False,"[{'days': 'Mo, Tu, We, Th, Fr', 'startTime': '8:00', 'endTime': '20:00', 'campus': None}]",Tanya Behrisch;Cristina Eftenaru;Stephanie Greaves,3
IAT 386,D100,fall,2024,"Completion of 45 units, and permission of the instructor and of the School is required. No more than six units of Directed Studies may be taken.",,True,[],Gillian Russell;Steve DiPaola,3
CMPT 276,D400,fall,2024,"One W course, CMPT 225, (MACM 101 or (ENSC 251 and ENSC 252)) and (MATH 151 or MATH 150), all with a minimum grade of C-. MATH 154 or MATH 157 with at least a B+ may be substituted for MATH 151 or MATH 150.",CMPT 225;MACM 101;ENSC 251;ENSC 252;MATH 151;MATH 150;MATH 154;MATH 157,False,"[{'days': 'Mo', 'startTime': '16:30', 'endTime': '19:20', 'campus': 'Burnaby'}, {'days': 'Tu', 'startTime': '16:30', 'endTime': '19:20', 'campus': 'Burnaby'}]",Herbert Tsang,3
CMPT 479,D300,fall,2024,CMPT 300 with a minimum grade of C-.,CMPT 300,False,"[{'days': 'Tu', 'startTime': '16:30', 'endTime': '19:20', 'campus': 'Burnaby'}]",Deepak Rout,3
CMPT 479,D200,fall,2024,CMPT 300 with a minimum grade of C-.,CMPT 300,False,"[{'days': 'We', 'startTime': '16:30', 'endTime': '19:20', 'campus': 'Burnaby'}]",Deepak Rout,3
CMPT 496,D100,fall,2024,"Students must have completed 90 units, including 15 units of upper division CMPT courses, and have a GPA of at least 3.00. The proposal must be submitted to the undergraduate chair at least 15 days in advance of the term. The proposal must be signed by the supervisor(s) and the undergraduate chair.",,False,[],Brian Fraser,3
INLG 435,A320,fall,2024,"LING 220, INLG (or FNLG) 332 or permission of instructor. Recommended: LING 360, 431 and 432.",LING 220,False,[],,3
INLG 335,A320,fall,2024,"INLG (or FNLG) 130, INLG (or FNLG) 133, INLG (or FNLG) 233 or permission of instructor. Recommended: LING 360.",,True,[],,3
INLG 435,A315,fall,2024,"LING 220, INLG (or FNLG) 332 or permission of instructor. Recommended: LING 360, 431 and 432.",LING 220,False,[],,3
STAT 436,D100,fall,2024,STAT 337 or Job Practicum II from another department. Students must apply and receive permission from the co-op co-ordinator at least one term in advance.,STAT 337,False,[],Natalie Erickson,3
INLG 335,A325,fall,2024,"INLG (or FNLG) 130, INLG (or FNLG) 133, INLG (or FNLG) 233 or permission of instructor. Recommended: LING 360.",,True,[],,3
INLG 458,A320,fall,2024,Completion of Certificate in Indigenous Language Proficiency including INLG (or FNLG) 358; or permission of instructor.,,True,[],Donna Gerdts,3
IS 490,D100,fall,2024,Admission is by permission of the instructor and the School.,,True,[],,5
LING 190,A320,fall,2024,,,False,[],,3
SPAN 110,L100,fall,2024,"SPAN 100 (or SPAN 102), grade 12 Spanish, or equivalent.",SPAN 100;SPAN 102,False,[],Isabel Mayo-Harp,3
SPAN 200,L100,fall,2024,SPAN 110 (or SPAN 103) or equivalent.,SPAN 110;SPAN 103,False,[],Isabel Mayo-Harp,3
IAT 271,D200,fall,2024,,,False,"[{'days': 'Mo, Tu, We, Th, Fr', 'startTime': '8:00', 'endTime': '19:50', 'campus': None}]",Afshan Basaria,3
IAT 272,D200,fall,2024,IAT 271 (or WKTM 100).,IAT 271;WKTM 100,False,"[{'days': 'Mo, Tu, We, Th, Fr', 'startTime': '8:00', 'endTime': '19:50', 'campus': None}]",Afshan Basaria,3
HSCI 489,D200,fall,2024,,,False,[],Timothy Beischlag,3
HSCI 489,D300,fall,2024,,,False,[],Travis Salway,3
HSCI 490,D200,fall,2024,,,False,[],Kaylee Byers,3
FASS 121,P100,fall,2024,Program approval.,,False,"[{'days': 'We', 'startTime': '9:30', 'endTime': '23:20', 'campus': 'Burnaby'}]",Lydia du Bois,2
INDG 101,P100,fall,2024,,,False,"[{'days': 'Mo', 'startTime': '9:30', 'endTime': '12:20', 'campus': 'Burnaby'}, {'days': 'Tu', 'startTime': '9:30', 'endTime': '12:20', 'campus': 'Burnaby'}]",Sandra Dielissen,3
INLG 333,A320,fall,2024,Completion of Certificate in Indigenous Language Proficiency; or with permission of instructor.,,True,[],Marlene Tommy,3
INLG 334,A320,fall,2024,Completion of Certificate in Indigenous Language Proficiency including INLG (or FNLG) 333 (or as corequisite); or permission of instructor.,,True,[],Donna Gerdts,3
INLG 433,A320,fall,2024,INLG (or FNLG) 332 or permission of course supervisor.,,True,[],Donna Gerdts,3
CA 400,D600,fall,2024,"60 units plus a minimum standing of completion of second year in any of the programs offered in the School for the Contemporary Arts, and prior approval.",,False,[],,6
CA 400,D400,fall,2024,"60 units plus a minimum standing of completion of second year in any of the programs offered in the School for the Contemporary Arts, and prior approval.",,False,[],,4
CA 406,D100,fall,2024,60 units including CA 304 and permission of Internship Coordinator.,CA 304,False,[],Kay Higgins,4
FAL X99,D900,fall,2024,,,False,"[{'days': 'We, Fr', 'startTime': '12:30', 'endTime': '14:20', 'campus': 'Burnaby'}]",Ena Lee;Jan Maclean,4
INLG 300,A970,fall,2024,"Completion of Certificate in Indigenous Language Proficiency offered in the same language as INLG (or FNLG) 300, including INLG (or FNLG) 200 or LING 220; or with permission of instructor.",LING 220,False,[],,3
INLG 458,A970,fall,2024,Completion of Certificate in Indigenous Language Proficiency including INLG (or FNLG) 358; or permission of instructor.,,True,[],,3
SA 499,D300,fall,2024,"SA 495, permission from the SA department, and prior agreement from an SA faculty member who has agreed to supervise the honours essay.",SA 495,False,[],Kyle Willmott,4
BISC 497W,D002,fall,2024,"Completion of lower division course
requirements.",,False,[],Gerhard Gries,3
BISC 490,D002,fall,2024,"Completion of all lower division biological sciences courses, plus upper division BISC courses appropriate to the subject of the intended research as determined by the departmental undergraduate curriculum committee; completion of all physics, chemistry and mathematics requirements for the major or honours program.",,False,[],Gerhard Gries,5
BISC 491,D002,fall,2024,"Completion of all lower division biological sciences courses, plus upper division BISC courses appropriate to the subject of the intended research as determined by the departmental undergraduate curriculum committee; completion of all physics, chemistry and mathematics requirements for the major or honours program; at the time of application, students will normally have a CGPA of 3.00 (B standing). Corequisite: BISC 490 and 492.",BISC 490,False,[],Gerhard Gries,5
BISC 492W,D002,fall,2024,"Completion of all lower division biological sciences courses, plus upper division BISC courses appropriate to the subject of the intended research as determined by the departmental undergraduate curriculum committee; completion of all physics, chemistry and mathematics requirements for the major or honours program; at the time of application, students will normally have a CGPA of 3.00 (B standing). Corequisite: BISC 490 and BISC 491.",BISC 490;BISC 491,False,[],Gerhard Gries,5
CHEM 481,D002,fall,2024,Permission of the Department; knowledge of chemistry at an advanced level. Normally taken after completion of 300-level course requirements.,,True,[],Charles Walsby,5
CHEM 483,D001,fall,2024,CHEM 481 and permission of the Department. This course cannot be counted towards the 400-level CHEM unit requirement for the Chemistry Majors program.,CHEM 481,False,[],Jeffrey Warren,5
FAN X91,P100,fall,2024,,,False,"[{'days': 'Tu, Th', 'startTime': '10:30', 'endTime': '12:20', 'campus': 'Burnaby'}]",Olga Shipulina,2
CMPT 415,D900,fall,2024,Permission of Instructor and School.,,True,[],Ouldooz Baghban Karimi,3
CMPT 416,D200,fall,2024,Permission of the department.,,True,[],Ouldooz Baghban Karimi,3
CMPT 428,I100,fall,2024,"CMPT 427, CGPA of 2.50.",CMPT 427,False,"[{'days': 'Mo, Tu, We, Th, Fr', 'startTime': '8:00', 'endTime': '20:00', 'campus': None}]",Tanya Behrisch;Cristina Eftenaru;Stephanie Greaves,3
CMNS 479,D002,fall,2024,Two upper division CMNS courses with a minimum grade of C- and permission of the instructor.,,True,[],Peter Chow-White,1
BISC 498,D006,fall,2024,Completion of lower division course requirements.,,False,[],Leah Bendell,3
CHEM 296,D005,fall,2024,"30 units, including five units of 2nd year CHEM courses. A student may enroll in this course only with prior written agreement of a faculty member to act as a research supervisor.",,False,[],Samira Siahrostami,1
MBB 498,D001,fall,2024,"MBB 308 or 309W; Students may not take MBB 498 concurrently with MBB 481, 482, 483, 491 or 492 or BISC 490, 491, 492W, 498 or 499.",MBB 308;MBB 498;MBB 481;BISC 490,False,[],Valentin Jaumouille,3
PSYC 393,D300,fall,2024,"PSYC 201, 60 units, a UDGPA of at least 2.5, and permission of the department. Tri-council ethics certificate.",PSYC 201,False,[],,3
CMNS 240,OL02,fall,2024,Nine CMNS units with a minimum grade of C-.,,False,[],Xiaoxing Zhang,3
IAT 486,D100,fall,2024,"Completion of 69 units, and permission of the instructor and School are required. No more than six units of Directed Studies may be taken.",,True,[],Steve DiPaola,3
BISC 298,D002,fall,2024,,,False,[],Inigo Novales Flamarique,3
BISC 498,D007,fall,2024,Completion of lower division course requirements.,,False,[],Michael Silverman,3
BISC 498,D009,fall,2024,Completion of lower division course requirements.,,False,[],Megan Barker,3
MBB 490,D003,fall,2024,"MBB 231, with a minimum grade of C, and permission of the molecular biology and biochemistry department. Usually, upper level standing with at least 60 units in a Biochemistry major, minor or honours program will be required.",MBB 231,False,[],David Vocadlo,2
MBB 492,D002,fall,2024,"MBB 491, MBB 308, MBB 309W and MBB 331, enrollment in the MBB honours program, a minimum 3.0 CGPA and 3.0 UDGPA and permission of the department.",MBB 491;MBB 308;MBB 309W;MBB 331,False,[],Amy Lee,10
MBB 498,D002,fall,2024,"MBB 308 or 309W; Students may not take MBB 498 concurrently with MBB 481, 482, 483, 491 or 492 or BISC 490, 491, 492W, 498 or 499.",MBB 308;MBB 498;MBB 481;BISC 490,False,[],Tim Storr,3
MBB 491,D004,fall,2024,"MBB 308 or MBB 309W and permission of the MBB department. Upper level standing in an MBB major, minor or honours program is required.",MBB 308;MBB 309W,False,[],Lorena Braid;Nancy Forde,5
CMPT 416,D300,fall,2024,Permission of the department.,,True,[],Lawrence Kim,3
SEE 486,D100,fall,2024,A minimum of 100 units and permission of the chair of the undergraduate curriculum committee. The specific prerequisite courses will be identified by the course supervisor.,,True,[],Vincenzo Pecunia,3
CMNS 210,E200,fall,2024,Nine CMNS units with a minimum grade of C-.,,False,"[{'days': 'Tu', 'startTime': '16:30', 'endTime': '18:20', 'campus': 'Burnaby'}]",Caitlin McKinney,3
CMNS 479,D003,fall,2024,Two upper division CMNS courses with a minimum grade of C- and permission of the instructor.,,True,[],Svitlana Matviyenko,1
IAT 488,D200,fall,2024,"Completion of 69 units. No more than six units of Directed Studies may be taken, and permission of the instructor and school are required.",,True,[],Steve DiPaola,3
EDUC 405,D001,fall,2024,EDUC 401/402 or EDUC 402/403. Students must successfully complete a Criminal Record Check.,EDUC 401;EDUC 402,False,[],Pat Bathurst;Andrea DeTerra,15
EDUC 405,D002,fall,2024,EDUC 401/402 or EDUC 402/403. Students must successfully complete a Criminal Record Check.,EDUC 401;EDUC 402,False,[],Ryan Lee;Deborah Terris,15
EDUC 405,D007,fall,2024,EDUC 401/402 or EDUC 402/403. Students must successfully complete a Criminal Record Check.,EDUC 401;EDUC 402,False,[],Kelly Proznick;Stephanie Nuo Hernandez,15
EDUC 405,D008,fall,2024,EDUC 401/402 or EDUC 402/403. Students must successfully complete a Criminal Record Check.,EDUC 401;EDUC 402,False,[],Deanna Gestrin,15
EDUC 405,D011,fall,2024,EDUC 401/402 or EDUC 402/403. Students must successfully complete a Criminal Record Check.,EDUC 401;EDUC 402,False,[],Mary Messer;Navdeep Aujla,15
EDUC 405,D004,fall,2024,EDUC 401/402 or EDUC 402/403. Students must successfully complete a Criminal Record Check.,EDUC 401;EDUC 402,False,[],Lauren Rotzien;Judith Hightower,15
EDUC 405,D005,fall,2024,EDUC 401/402 or EDUC 402/403. Students must successfully complete a Criminal Record Check.,EDUC 401;EDUC 402,False,[],Salma Jaffer;Sherry Reed,15
EDUC 405,D006,fall,2024,EDUC 401/402 or EDUC 402/403. Students must successfully complete a Criminal Record Check.,EDUC 401;EDUC 402,False,[],Donna Dunn;Lori Anna Driussi;Megan Hardie,15
EDUC 405,D009,fall,2024,EDUC 401/402 or EDUC 402/403. Students must successfully complete a Criminal Record Check.,EDUC 401;EDUC 402,False,[],Dana MacKay;Mark Humphries,15
EDUC 405,D010,fall,2024,EDUC 401/402 or EDUC 402/403. Students must successfully complete a Criminal Record Check.,EDUC 401;EDUC 402,False,[],Krista Rutschmann;Jasmeet Hothi,15
EDUC 405,D012,fall,2024,EDUC 401/402 or EDUC 402/403. Students must successfully complete a Criminal Record Check.,EDUC 401;EDUC 402,False,[],Terai Short;Herjote Ahluwalia,15
EDUC 405,D013,fall,2024,EDUC 401/402 or EDUC 402/403. Students must successfully complete a Criminal Record Check.,EDUC 401;EDUC 402,False,[],Robert Grantham,15
CHEM 285,LB04,fall,2024,"CHEM 120 and CHEM 125, both with a minimum grade of C-, or CHEM 121 with a minimum grade of C-. Corequisite: CHEM 122 and CHEM 280.",CHEM 120;CHEM 125;CHEM 121;CHEM 122;CHEM 280,False,"[{'days': 'We', 'startTime': '13:30', 'endTime': '17:20', 'campus': 'Burnaby'}]",Nabyl Merbouh,1
CMPT 416,D400,fall,2024,Permission of the department.,,True,[],Gregory Baker,3
INLG 434,A320,fall,2024,INLG (or FNLG) 433 or permission of course supervisor. Recommended: LING 431 and 432.,,True,[],Donna Gerdts,3
EDUC 405,D014,fall,2024,EDUC 401/402 or EDUC 402/403. Students must successfully complete a Criminal Record Check.,EDUC 401;EDUC 402,False,[],Paul Borchert;Patricia Fischer,15
EDUC 405,F003,fall,2024,EDUC 401/402 or EDUC 402/403. Students must successfully complete a Criminal Record Check.,EDUC 401;EDUC 402,False,[],Amanda Wardrop;Cynthia Ramamonjisoa,15
REM 491,D100,fall,2024,90 units.,,False,[],Scott Harrison,1
BISC 499,D005,fall,2024,Completion of lower division course requirements.,,False,[],Gerhard Gries,3
BISC 498,D010,fall,2024,Completion of lower division course requirements.,,False,[],Isabelle Cote,3
BPK 457,D100,fall,2024,"75 units, with a minimum CGPA of 3.00, PSYC 301 or BPK 304W with a minimum grade of B, and permission from one of the Co-chairs of the Behavioural Neuroscience Program Committee.",PSYC 301;BPK 304W,False,[],,3
BPK 491,D100,fall,2024,"90 units, BPK 304W (may be taken concurrently) and permission of the chair of the undergraduate program committee. A minimum grade of B in this course is needed to register in BPK 495 or BPK 499.",BPK 304W;BPK 495;BPK 499,False,[],,3
CHEM 396,D003,fall,2024,"50 units, including one 3rd year CHEM core course (CHEM 316, 332, 336, 360, 366, 380 or NUSC 341). A student may enroll in this course only with prior written agreement of a faculty member to act as a research supervisor.",CHEM 316;NUSC 341,False,[],Byron Gates,1
CHEM 396,D004,fall,2024,"50 units, including one 3rd year CHEM core course (CHEM 316, 332, 336, 360, 366, 380 or NUSC 341). A student may enroll in this course only with prior written agreement of a faculty member to act as a research supervisor.",CHEM 316;NUSC 341,False,[],Byron Gates,1
MBB 490,D004,fall,2024,"MBB 231, with a minimum grade of C, and permission of the molecular biology and biochemistry department. Usually, upper level standing with at least 60 units in a Biochemistry major, minor or honours program will be required.",MBB 231,False,[],Dheva Setiaputra,2
MBB 491,D005,fall,2024,"MBB 308 or MBB 309W and permission of the MBB department. Upper level standing in an MBB major, minor or honours program is required.",MBB 308;MBB 309W,False,[],Michel Leroux,5
ENSC 395,I100,fall,2024,ENSC 295 or 296 and a minimum of 75 units.,ENSC 295,False,"[{'days': 'Mo, Tu, We, Th, Fr', 'startTime': '8:00', 'endTime': '20:00', 'campus': None}]",Cristina Eftenaru,3
CMNS 479,D004,fall,2024,Two upper division CMNS courses with a minimum grade of C- and permission of the instructor.,,True,[],Chris Jeschelnik,1
HSCI 452,D100,fall,2024,Completion of HSCI 451 Co-op Practicum IV.,HSCI 451,False,[],Isabella Silvestre,3
HSCI 488,D100,fall,2024,,,False,[],Jean-Christophe Belisle-Pipon,3
BPK 452,D100,fall,2024,BPK 451.,BPK 451,False,[],Natalia Bussard,3
BPK 495,D100,fall,2024,BPK 491 (minimum grade of B). Corequisite: BPK 499. Only students in the honours program may enroll in BPK 495.,BPK 491;BPK 499;BPK 495,False,[],,6
BPK 499,D100,fall,2024,BPK 491 (minimum grade of B). Corequisite: BPK 495. Only students in the honours program may enroll in BPK 499.,BPK 491;BPK 495;BPK 499,False,[],,6
CMPT 494,D100,fall,2024,Students must have completed at least 15 units of upper division CMPT courses. Successful Capstone Project Proposal.,,False,[],Keval Vora,3
POL 496,D200,fall,2024,90 units. By application to the undergraduate chair.,,False,[],Aude-Claire Fourot,1
PSYC 393,D100,fall,2024,"PSYC 201, 60 units, a UDGPA of at least 2.5, and permission of the department. Tri-council ethics certificate.",PSYC 201,False,[],,1
PSYC 393,D400,fall,2024,"PSYC 201, 60 units, a UDGPA of at least 2.5, and permission of the department. Tri-council ethics certificate.",PSYC 201,False,[],,3
PSYC 493,D100,fall,2024,"PSYC 201, 210, 60 units, a UDGPA of at least 3.0, and permission of the department.",PSYC 201,False,[],,3
MATH 337,D200,fall,2024,MATH 336 and permission of the co-op co-ordinator; students must apply at least one term in advance.,MATH 336,False,[],Magnus Billings;Natalia Bussard;Natalie Erickson,3
MATH 436,D200,fall,2024,MATH 337 and permission of the co-op co-ordinator; students must apply at least one term in advance.,MATH 337,False,[],Magnus Billings;Natalia Bussard;Natalie Erickson,3
ENSC 296,D100,fall,2024,ENSC 195 or 196 and approval of internship co-ordinator required.,ENSC 195,False,"[{'days': 'Mo, Tu, We, Th, Fr', 'startTime': '8:00', 'endTime': '20:00', 'campus': None}]",Cristina Eftenaru,3
HUM 151,B100,fall,2024,,,False,[],David Mirhady,3
CMPT 494,D200,fall,2024,Students must have completed at least 15 units of upper division CMPT courses. Successful Capstone Project Proposal.,,False,[],Keval Vora;William Sumner,3
CMPT 494,D300,fall,2024,Students must have completed at least 15 units of upper division CMPT courses. Successful Capstone Project Proposal.,,False,[],Steven Ko;William Sumner,3
ENSC 403,D100,fall,2024,A minimum of 100 units and permission of the chair of the undergraduate curriculum committee.,,True,[],Lesley Shannon,3
HIST 489,D300,fall,2024,45 units including nine units of lower division history. Recommended: at least three upper division courses in history.,,False,[],Luke Clossey,4
HSCI 488,D200,fall,2024,,,False,[],Frank Lee,3
BISC 491,D003,fall,2024,"Completion of all lower division biological sciences courses, plus upper division BISC courses appropriate to the subject of the intended research as determined by the departmental undergraduate curriculum committee; completion of all physics, chemistry and mathematics requirements for the major or honours program; at the time of application, students will normally have a CGPA of 3.00 (B standing). Corequisite: BISC 490 and 492.",BISC 490,False,[],Harald Hutter,5
BISC 492W,D003,fall,2024,"Completion of all lower division biological sciences courses, plus upper division BISC courses appropriate to the subject of the intended research as determined by the departmental undergraduate curriculum committee; completion of all physics, chemistry and mathematics requirements for the major or honours program; at the time of application, students will normally have a CGPA of 3.00 (B standing). Corequisite: BISC 490 and BISC 491.",BISC 490;BISC 491,False,[],Harald Hutter,5
BISC 499,D006,fall,2024,Completion of lower division course requirements.,,False,[],Julian Guttman,3
CHEM 484,D001,fall,2024,Permission of the Department; knowledge of chemistry at an advanced level. Normally taken after completion of 300-level course requirements.,,True,[],Byron Gates,10
HUM 381,D100,fall,2024,45 units.,,False,[],David Mirhady,4
HSCI 488,D300,fall,2024,,,False,[],Scott Lear,3
HSCI 489,D400,fall,2024,,,False,[],Jean-Christophe Belisle-Pipon,3
BISC 498,D012,fall,2024,Completion of lower division course requirements.,,False,[],Harald Hutter,3
BISC 498,D014,fall,2024,Completion of lower division course requirements.,,False,[],Gerhard Gries,3
CHEM 296,D006,fall,2024,"30 units, including five units of 2nd year CHEM courses. A student may enroll in this course only with prior written agreement of a faculty member to act as a research supervisor.",,False,[],,1
CHEM 396,D005,fall,2024,"50 units, including one 3rd year CHEM core course (CHEM 316, 332, 336, 360, 366, 380 or NUSC 341). A student may enroll in this course only with prior written agreement of a faculty member to act as a research supervisor.",CHEM 316;NUSC 341,False,[],Daniel Leznoff,1
CMPT 429,D400,fall,2024,"CMPT 428, CGPA of 2.50.",CMPT 428,False,"[{'days': 'Mo, Tu, We, Th, Fr', 'startTime': '8:00', 'endTime': '20:00', 'campus': None}]",Tanya Behrisch;Cristina Eftenaru;Stephanie Greaves,3
CMPT 416,D500,fall,2024,Permission of the department.,,True,[],Ke Li,3
HUM 390,D100,fall,2024,"Two of any 300-division global humanities courses or permission of the chair plus permission of instructor. This course may be used only once for credit towards a degree and is reserved for global humanities major, joint major, extended minor, minor and PBD students.",,True,[],James Horncastle,3
BUS 425,D200,fall,2024,,,False,[],Shauna Tonsaker,3
HSCI 488,D400,fall,2024,,,False,[],Robert Hogg,3
STAT 495,D100,fall,2024,Written permission of the department undergraduate studies committee.,,True,[],Joan Hu,3
CMPT 416,D600,fall,2024,Permission of the department.,,True,[],Martin Ester,3
INLG 333,A770,fall,2024,Completion of Certificate in Indigenous Language Proficiency; or with permission of instructor.,,True,[],,3
INLG 300,A770,fall,2024,"Completion of Certificate in Indigenous Language Proficiency offered in the same language as INLG (or FNLG) 300, including INLG (or FNLG) 200 or LING 220; or with permission of instructor.",LING 220,False,[],,3
INLG 358,A770,fall,2024,Completion of Certificate in Indigenous Language Proficiency including INLG (or FNLG) 258; or permission of instructor.,,True,[],,3
INLG 433,A770,fall,2024,INLG (or FNLG) 332 or permission of course supervisor.,,True,[],,3
PSYC 494,D100,fall,2024,"PSYC 201, 210, 60 units, a UDGPA of at least 3.0, and permission of the department.",PSYC 201,False,[],,3
BISC 490,D003,fall,2024,"Completion of all lower division biological sciences courses, plus upper division BISC courses appropriate to the subject of the intended research as determined by the departmental undergraduate curriculum committee; completion of all physics, chemistry and mathematics requirements for the major or honours program.",,False,[],Harald Hutter,5
ENSC 498,D100,fall,2024,At least 115 units or permission of the academic supervisor.,,True,[],,1
POL 496,D300,fall,2024,90 units. By application to the undergraduate chair.,,False,[],Aaron Hoffman,1
HSCI 489,D600,fall,2024,,,False,[],Timothy Beischlag,3
HSCI 488,D500,fall,2024,,,False,[],Timothy Beischlag,3
SEE 294,D100,fall,2024,,,False,"[{'days': 'Mo, Tu, We, Th, Fr', 'startTime': '8:00', 'endTime': '20:00', 'campus': None}]",Tyler Schwartz;Wendy McKay;Stephanie Greaves,3
INLG 133,A900,fall,2024,,,False,[],,3
INLG 130,A900,fall,2024,Students in the Indigenous Studies program should complete INLG 133 before INLG 130.,INLG 133;INLG 130,False,[],,3
INLG 358,A330,fall,2024,Completion of Certificate in Indigenous Language Proficiency including INLG (or FNLG) 258; or permission of instructor.,,True,[],,3
HSCI 488,D600,fall,2024,,,False,[],Jean-Christophe Belisle-Pipon,3
MBB 492,D003,fall,2024,"MBB 491, MBB 308, MBB 309W and MBB 331, enrollment in the MBB honours program, a minimum 3.0 CGPA and 3.0 UDGPA and permission of the department.",MBB 491;MBB 308;MBB 309W;MBB 331,False,[],Dheva Setiaputra,10
ENSC 195,I100,fall,2024,,,False,"[{'days': 'Mo, Tu, We, Th, Fr', 'startTime': '8:00', 'endTime': '20:00', 'campus': None}]",Cristina Eftenaru,3
ENSC 295,I100,fall,2024,ENSC 195 or 196.,ENSC 195,False,"[{'days': 'Mo, Tu, We, Th, Fr', 'startTime': '8:00', 'endTime': '20:00', 'campus': None}]",Cristina Eftenaru,3
BUS 325,I100,fall,2024,,,False,[],Shauna Tonsaker,3
HSCI 489,D500,fall,2024,,,False,[],William Hsiao,3
GA 401,D100,fall,2024,45 units.,,False,[],Jade Ho,3
INLG 233,A330,fall,2024,INLG (or FNLG) 134.,,False,[],,3
CA 400,D200,fall,2024,"60 units plus a minimum standing of completion of second year in any of the programs offered in the School for the Contemporary Arts, and prior approval.",,False,[],,2
