course,section,term,year,prereq_text,prereq_codes,prereq_unparseable,schedule,instructors,units
CHIN 190,D100,fall,2021,"This course is for students of Chinese origin who have native or near native speaking ability in Chinese (Mandarin or other dialects), but limited knowledge of written Chinese.",,False,"[{'days': 'Tu', 'startTime': '10:30', 'endTime': '12:20', 'campus': 'Burnaby'}]",Cynthia Xie,3
CMPT 105W,D100,fall,2021,,,False,"[{'days': 'Mo', 'startTime': '12:30', 'endTime': '14:20', 'campus': 'Burnaby'}, {'days': 'We', 'startTime': '12:30', 'endTime': '13:20', 'campus': 'Burnaby'}]",Jacqueline Nelsen,3
CMPT 105W,E100,fall,2021,,,False,"[{'days': 'Mo, We, Fr', 'startTime': '17:30', 'endTime': '18:20', 'campus': 'Surrey'}]",Milan Tofiloski,3
CMPT 120,D100,fall,2021,BC Math 12 or equivalent is recommended.,,False,"[{'days': 'Mo', 'startTime': '14:30', 'endTime': '16:20', 'campus': 'Burnaby'}, {'days': 'We', 'startTime': '14:30', 'endTime': '15:20', 'campus': 'Burnaby'}]",Victor Cheung,3
CMPT 120,D200,fall,2021,BC Math 12 or equivalent is recommended.,,False,"[{'days': 'Mo, We, Fr', 'startTime': '9:30', 'endTime': '10:20', 'campus': 'Burnaby'}]",Diana Cukierman,3
CMPT 120,D300,fall,2021,BC Math 12 or equivalent is recommended.,,False,"[{'days': 'Mo, We, Fr', 'startTime': '11:30', 'endTime': '12:20', 'campus': 'Burnaby'}]",Angelica Lim,3
CMPT 125,D100,fall,2021,CMPT 120 with a minimum grade of C-.,CMPT 120,False,"[{'days': 'Mo', 'startTime': '14:30', 'endTime': '16:20', 'campus': 'Burnaby'}, {'days': 'We', 'startTime': '14:30', 'endTime': '15:20', 'campus': 'Burnaby'}]",Igor Shinkar,3
CMPT 128,E100,fall,2021,"BC Math 12 (or equivalent, or any of MATH 100, 150, 151, 154, or 157, with a minimum grade of C-).",MATH 100,False,"[{'days': 'Mo, We', 'startTime': '17:30', 'endTime': '18:20', 'campus': 'Burnaby'}, {'days': 'Fr', 'startTime': '17:30', 'endTime': '18:20', 'campus': 'Burnaby'}]",Anne Lavergne,3
CMPT 130,D100,fall,2021,"BC Math 12 (or equivalent, or any of MATH 100, 150, 151, 154, or 157, with a minimum grade of C-).",MATH 100,False,"[{'days': 'Mo, We, Fr', 'startTime': '10:30', 'endTime': '11:20', 'campus': 'Surrey'}]",John Edgar,3
CMPT 213,D100,fall,2021,CMPT 225 with a minimum grade of C-.,CMPT 225,False,"[{'days': 'Tu', 'startTime': '14:30', 'endTime': '16:20', 'campus': 'Burnaby'}, {'days': 'Fr', 'startTime': '14:30', 'endTime': '15:20', 'campus': 'Burnaby'}]",Victor Cheung,3
CMPT 225,D100,fall,2021,"(MACM 101 and (CMPT 125, CMPT 129 or CMPT 135)) or (ENSC 251 and ENSC 252), all with a minimum grade of C-.",MACM 101;CMPT 125;CMPT 129;CMPT 135;ENSC 251;ENSC 252,False,"[{'days': 'Mo, We, Fr', 'startTime': '10:30', 'endTime': '11:20', 'campus': 'Burnaby'}]",David Mitchell,3
CMPT 225,D200,fall,2021,"(MACM 101 and (CMPT 125, CMPT 129 or CMPT 135)) or (ENSC 251 and ENSC 252), all with a minimum grade of C-.",MACM 101;CMPT 125;CMPT 129;CMPT 135;ENSC 251;ENSC 252,False,"[{'days': 'Mo, We, Fr', 'startTime': '10:30', 'endTime': '11:20', 'campus': 'Burnaby'}]",Thomas Shermer,3
CMPT 275,E100,fall,2021,"One W course, CMPT 225, (MACM 101 or (ENSC 251 and ENSC 252)) and (MATH 151 or MATH 150), all with a minimum grade of C-. MATH 154 or MATH 157 with at least a B+ may be substituted for MATH 151 or MATH 150.",CMPT 225;MACM 101;ENSC 251;ENSC 252;MATH 151;MATH 150;MATH 154;MATH 157,False,"[{'days': 'Mo', 'startTime': '16:30', 'endTime': '19:20', 'campus': 'Burnaby'}]",,4
CMPT 276,D100,fall,2021,"One W course, CMPT 225, (MACM 101 or (ENSC 251 and ENSC 252)) and (MATH 151 or MATH 150), all with a minimum grade of C-. MATH 154 or MATH 157 with at least a B+ may be substituted for MATH 151 or MATH 150.",CMPT 225;MACM 101;ENSC 251;ENSC 252;MATH 151;MATH 150;MATH 154;MATH 157,False,"[{'days': 'Mo', 'startTime': '8:30', 'endTime': '10:20', 'campus': 'Burnaby'}, {'days': 'We', 'startTime': '8:30', 'endTime': '9:20', 'campus': 'Burnaby'}]",Saba Alimadadi Jani,3
CMPT 276,D200,fall,2021,"One W course, CMPT 225, (MACM 101 or (ENSC 251 and ENSC 252)) and (MATH 151 or MATH 150), all with a minimum grade of C-. MATH 154 or MATH 157 with at least a B+ may be substituted for MATH 151 or MATH 150.",CMPT 225;MACM 101;ENSC 251;ENSC 252;MATH 151;MATH 150;MATH 154;MATH 157,False,"[{'days': 'Mo, We, Fr', 'startTime': '10:30', 'endTime': '11:20', 'campus': 'Surrey'}]",Brian Fraser,3
CMPT 295,D100,fall,2021,"Either (MACM 101 and (CMPT 125 or CMPT 135)) or (MATH 151 and CMPT 102 for students in an Applied Physics program), all with a minimum grade of C-.",MACM 101;CMPT 125;CMPT 135;MATH 151;CMPT 102,False,"[{'days': 'Mo, We, Fr', 'startTime': '9:30', 'endTime': '10:20', 'campus': 'Burnaby'}]",Anne Lavergne,3
CMPT 295,D200,fall,2021,"Either (MACM 101 and (CMPT 125 or CMPT 135)) or (MATH 151 and CMPT 102 for students in an Applied Physics program), all with a minimum grade of C-.",MACM 101;CMPT 125;CMPT 135;MATH 151;CMPT 102,False,"[{'days': 'Mo', 'startTime': '8:30', 'endTime': '9:20', 'campus': 'Surrey'}, {'days': 'Th', 'startTime': '8:30', 'endTime': '10:20', 'campus': 'Surrey'}]",Arrvindh Shriraman,3
CMPT 300,D100,fall,2021,"CMPT 225 and (CMPT 295 or (ENSC 251 and ENSC 252)), all with a minimum grade of C-.",CMPT 225;CMPT 295;ENSC 251;ENSC 252,False,"[{'days': 'Mo, We, Fr', 'startTime': '11:30', 'endTime': '12:20', 'campus': 'Surrey'}]",Harinder Khangura,3
CMPT 300,D200,fall,2021,"CMPT 225 and (CMPT 295 or (ENSC 251 and ENSC 252)), all with a minimum grade of C-.",CMPT 225;CMPT 295;ENSC 251;ENSC 252,False,"[{'days': 'Tu', 'startTime': '10:30', 'endTime': '12:20', 'campus': 'Burnaby'}, {'days': 'Fr', 'startTime': '10:30', 'endTime': '11:20', 'campus': 'Burnaby'}]",Janice Regan,3
CMPT 307,D100,fall,2021,"CMPT 225, MACM 201, (MATH 150 or MATH 151), and (MATH 232 or MATH 240), all with a minimum grade of C-. MATH 154 or MATH 157 with a grade of at least B+ may be substituted for MATH 150 or MATH 151.",CMPT 225;MACM 201;MATH 150;MATH 151;MATH 232;MATH 240;MATH 154;MATH 157,False,"[{'days': 'Mo, We, Fr', 'startTime': '13:30', 'endTime': '14:20', 'campus': 'Burnaby'}]",David Mitchell,3
CMPT 307,D200,fall,2021,"CMPT 225, MACM 201, (MATH 150 or MATH 151), and (MATH 232 or MATH 240), all with a minimum grade of C-. MATH 154 or MATH 157 with a grade of at least B+ may be substituted for MATH 150 or MATH 151.",CMPT 225;MACM 201;MATH 150;MATH 151;MATH 232;MATH 240;MATH 154;MATH 157,False,"[{'days': 'Mo, We, Fr', 'startTime': '15:30', 'endTime': '16:20', 'campus': 'Burnaby'}]",Thomas Shermer,3
CMPT 308,D100,fall,2021,MACM 201 with a minimum grade of C-.,MACM 201,False,"[{'days': 'Mo', 'startTime': '10:30', 'endTime': '12:20', 'campus': 'Burnaby'}, {'days': 'We', 'startTime': '10:30', 'endTime': '11:20', 'campus': 'Burnaby'}]",Valentine Kabanets,3
CMPT 310,D100,fall,2021,"CMPT 225 and (MACM 101 or (ENSC 251 and ENSC 252)), all with a minimum grade of C-.",CMPT 225;MACM 101;ENSC 251;ENSC 252,False,"[{'days': 'Mo', 'startTime': '12:30', 'endTime': '13:20', 'campus': 'Burnaby'}, {'days': 'Th', 'startTime': '12:30', 'endTime': '14:20', 'campus': 'Burnaby'}]",,3
CMPT 318,D100,fall,2021,CMPT 225 with a minimum grade of C-. Additional prerequisites to be determined by the instructor subject to approval by the undergraduate program chair.,CMPT 225,False,"[{'days': 'Tu', 'startTime': '14:30', 'endTime': '16:20', 'campus': 'Burnaby'}, {'days': 'Fr', 'startTime': '14:30', 'endTime': '15:20', 'campus': 'Burnaby'}]",Uwe Glaesser,3
CMPT 320,D100,fall,2021,A CMPT course with a minimum grade of C- and 45 units.,,False,"[{'days': 'Mo', 'startTime': '10:30', 'endTime': '12:20', 'campus': 'Burnaby'}, {'days': 'We', 'startTime': '10:30', 'endTime': '11:20', 'campus': 'Burnaby'}]",,3
CMPT 353,D100,fall,2021,"CMPT 225 and (STAT 101, STAT 270, ENSC 280, or MSE 210), with a minimum grade of C-.",CMPT 225;STAT 101;STAT 270;ENSC 280;MSE 210,False,"[{'days': 'Tu', 'startTime': '12:30', 'endTime': '14:20', 'campus': 'Burnaby'}, {'days': 'Fr', 'startTime': '12:30', 'endTime': '13:20', 'campus': 'Burnaby'}]",,3
CMPT 354,D100,fall,2021,"CMPT 225 and (MACM 101 or (ENSC 251 and ENSC 252)), all with a minimum grade of C-.",CMPT 225;MACM 101;ENSC 251;ENSC 252,False,"[{'days': 'Mo', 'startTime': '8:30', 'endTime': '9:20', 'campus': 'Burnaby'}, {'days': 'Th', 'startTime': '8:30', 'endTime': '10:20', 'campus': 'Burnaby'}]",Jian Pei,3
CMPT 354,D200,fall,2021,"CMPT 225 and (MACM 101 or (ENSC 251 and ENSC 252)), all with a minimum grade of C-.",CMPT 225;MACM 101;ENSC 251;ENSC 252,False,"[{'days': 'Mo, We, Fr', 'startTime': '12:30', 'endTime': '13:20', 'campus': 'Surrey'}]",John Edgar,3
CMPT 361,D100,fall,2021,"CMPT 225 and MATH 232 or 240, all with a minimum grade of C-.",CMPT 225;MATH 232,False,"[{'days': 'Mo', 'startTime': '14:30', 'endTime': '15:20', 'campus': 'Burnaby'}, {'days': 'Th', 'startTime': '14:30', 'endTime': '16:20', 'campus': 'Burnaby'}]",Manolis Savva;Yagiz Aksoy,3
CMPT 363,E100,fall,2021,CMPT 225 with a minimum grade of C-.,CMPT 225,False,"[{'days': 'Tu', 'startTime': '16:30', 'endTime': '17:20', 'campus': 'Burnaby'}, {'days': 'Th', 'startTime': '16:30', 'endTime': '18:20', 'campus': 'Burnaby'}]",,3
CMPT 363,E200,fall,2021,CMPT 225 with a minimum grade of C-.,CMPT 225,False,"[{'days': 'Tu', 'startTime': '14:30', 'endTime': '16:20', 'campus': 'Burnaby'}, {'days': 'Th', 'startTime': '14:30', 'endTime': '15:30', 'campus': 'Burnaby'}]",Paul Hibbitts,3
CMPT 371,E100,fall,2021,"CMPT 225 and (MATH 151 or MATH 150), with a minimum grade of C-. MATH 154 or MATH 157 with a grade of at least B+ may be substituted for MATH 151 (MATH 150).",CMPT 225;MATH 151;MATH 150;MATH 154;MATH 157,False,"[{'days': 'Mo, We, Fr', 'startTime': '16:30', 'endTime': '17:20', 'campus': 'Burnaby'}]",Janice Regan,3
CMPT 373,D100,fall,2021,"CMPT 276 or 275, with a minimum grade of C-.",CMPT 276,False,"[{'days': 'We, Fr', 'startTime': '14:30', 'endTime': '15:20', 'campus': 'Surrey'}]",Brian Fraser,3
CMPT 376W,D100,fall,2021,"CMPT 105W and (CMPT 275 or CMPT 276), with a minimum grade of C-.",CMPT 105W;CMPT 275;CMPT 276,False,"[{'days': 'Mo', 'startTime': '8:30', 'endTime': '10:20', 'campus': 'Burnaby'}, {'days': 'We', 'startTime': '8:30', 'endTime': '9:20', 'campus': 'Burnaby'}]",Jacqueline Nelsen,3
CMPT 379,D100,fall,2021,"MACM 201, (CMPT 295 or ENSC 215) and CMPT 225, all with a minimum grade of C-.",MACM 201;CMPT 295;ENSC 215;CMPT 225,False,"[{'days': 'Mo, We, Fr', 'startTime': '9:30', 'endTime': '10:20', 'campus': 'Burnaby'}]",Anoop Sarkar,3
CMPT 383,D100,fall,2021,"CMPT 225 and (MACM 101 or (ENSC 251 and ENSC 252)), all with a minimum grade of C-.",CMPT 225;MACM 101;ENSC 251;ENSC 252,False,"[{'days': 'Tu', 'startTime': '14:30', 'endTime': '16:20', 'campus': 'Surrey'}, {'days': 'Fr', 'startTime': '14:30', 'endTime': '15:20', 'campus': 'Surrey'}]",Toby Donaldson,3
CMPT 405,D100,fall,2021,CMPT 307 with a minimum grade of C-.,CMPT 307,False,"[{'days': 'Mo', 'startTime': '14:30', 'endTime': '16:20', 'campus': 'Burnaby'}, {'days': 'We', 'startTime': '14:30', 'endTime': '15:20', 'campus': 'Burnaby'}]",Valentine Kabanets,3
CMPT 412,D100,fall,2021,"MATH 152 with a minimum grade of C-, and nine units in Computing upper division courses or permission of the instructor.",MATH 152,False,"[{'days': 'Mo', 'startTime': '12:30', 'endTime': '14:20', 'campus': 'Burnaby'}, {'days': 'We', 'startTime': '12:30', 'endTime': '13:20', 'campus': 'Burnaby'}]",Yasutaka Furukawa,3
CMPT 413,E100,fall,2021,"Completion of nine units in Computing Science upper division courses or, in exceptional cases, permission of the instructor.",,True,"[{'days': 'Tu', 'startTime': '17:30', 'endTime': '18:20', 'campus': 'Burnaby'}, {'days': 'Th', 'startTime': '16:30', 'endTime': '18:20', 'campus': 'Burnaby'}]",Angel Chang,3
CMPT 417,D100,fall,2021,CMPT 225 with a minimum grade of C-.,CMPT 225,False,"[{'days': 'Mo, We, Fr', 'startTime': '13:30', 'endTime': '14:20', 'campus': 'Burnaby'}]",Hang Ma,3
CMPT 426,D100,fall,2021,"Students must complete Bridging Online (visit www.sfu.ca/coop/bol for further details) at least two terms before their anticipated co-op placement. Students must then enroll with the co-op program by the second week of the term preceding the work term. Normally, students will have completed a minimum of 45 units by the end of the term of application, CMPT 275 or 276, and have a minimum CGPA of 2.50.",CMPT 275,False,"[{'days': 'Mo, Tu, We, Th, Fr', 'startTime': '8:00', 'endTime': '20:00', 'campus': None}]",,3
CMPT 427,D200,fall,2021,"CMPT 426, CGPA of 2.50.",CMPT 426,False,"[{'days': 'Mo, Tu, We, Th, Fr', 'startTime': '8:00', 'endTime': '20:00', 'campus': None}]",,3
CMPT 427,I100,fall,2021,"CMPT 426, CGPA of 2.50.",CMPT 426,False,"[{'days': 'Mo, Tu, We, Th, Fr', 'startTime': '8:00', 'endTime': '20:00', 'campus': None}]",,3
CMPT 428,D100,fall,2021,"CMPT 427, CGPA of 2.50.",CMPT 427,False,"[{'days': 'Mo, Tu, We, Th, Fr', 'startTime': '8:00', 'endTime': '20:00', 'campus': None}]",,3
CMPT 431,D100,fall,2021,"CMPT 300, 371, both with a minimum grade of C-.",CMPT 300,False,"[{'days': 'Mo', 'startTime': '14:30', 'endTime': '16:20', 'campus': 'Burnaby'}, {'days': 'We', 'startTime': '14:30', 'endTime': '15:20', 'campus': 'Burnaby'}]",Keval Vora,3
CMPT 441,D100,fall,2021,CMPT 307 with a minimum grade of C-.,CMPT 307,False,"[{'days': 'Mo', 'startTime': '12:30', 'endTime': '13:20', 'campus': 'Burnaby'}, {'days': 'Th', 'startTime': '12:30', 'endTime': '14:20', 'campus': 'Burnaby'}]",Kay C Wiese,3
CMPT 450,D100,fall,2021,CMPT 295 with a minimum grade of C-.,CMPT 295,False,"[{'days': 'We', 'startTime': '15:30', 'endTime': '16:50', 'campus': 'Burnaby'}, {'days': 'Fr', 'startTime': '15:30', 'endTime': '16:50', 'campus': 'Burnaby'}]",Alaa Alameldeen;Arrvindh Shriraman,3
CMPT 454,D100,fall,2021,"CMPT 300 and 354, with a minimum grade of C-.",CMPT 300,False,"[{'days': 'Mo', 'startTime': '14:30', 'endTime': '15:20', 'campus': 'Burnaby'}, {'days': 'Th', 'startTime': '14:30', 'endTime': '16:20', 'campus': 'Burnaby'}]",Tianzheng Wang,3
CMPT 464,D100,fall,2021,"CMPT 361, MACM 316, both with a minimum grade of C-.",CMPT 361;MACM 316,False,"[{'days': 'Tu', 'startTime': '10:30', 'endTime': '12:20', 'campus': 'Burnaby'}, {'days': 'Fr', 'startTime': '10:30', 'endTime': '11:20', 'campus': 'Burnaby'}]",Richard Zhang,3
CMPT 469,D100,fall,2021,CMPT 361 with a minimum grade of C-.,CMPT 361,False,"[{'days': 'We', 'startTime': '9:30', 'endTime': '12:20', 'campus': 'Burnaby'}]",Sheelagh Carpendale,3
CMPT 470,D100,fall,2021,"(CMPT 275 or CMPT 276) and CMPT 354, with a minimum grade of C-.",CMPT 275;CMPT 276;CMPT 354,False,"[{'days': 'Tu', 'startTime': '14:30', 'endTime': '17:20', 'campus': 'Burnaby'}]",Gregory Baker,3
CMPT 474,D100,fall,2021,CMPT 371 with a minimum grade of C-.,CMPT 371,False,"[{'days': 'Mo', 'startTime': '14:30', 'endTime': '15:20', 'campus': 'Surrey'}, {'days': 'Th', 'startTime': '14:30', 'endTime': '16:20', 'campus': 'Surrey'}]",Ouldooz Baghban Karimi,3
CMPT 475,E100,fall,2021,"CMPT 275 or 276, MACM 201, all with a minimum grade of C- and 15 units of upper division courses. Recommended: Co-op experience.",CMPT 275;MACM 201,False,"[{'days': 'We', 'startTime': '17:30', 'endTime': '20:20', 'campus': 'Burnaby'}]",,3
CMPT 479,D100,fall,2021,CMPT 300 with a minimum grade of C-.,CMPT 300,False,"[{'days': 'Mo', 'startTime': '10:30', 'endTime': '12:20', 'campus': 'Burnaby'}, {'days': 'We', 'startTime': '10:30', 'endTime': '11:20', 'campus': 'Burnaby'}]",Keval Vora,3
CMPT 479,D200,fall,2021,CMPT 300 with a minimum grade of C-.,CMPT 300,False,"[{'days': 'Mo', 'startTime': '16:30', 'endTime': '17:20', 'campus': 'Burnaby'}, {'days': 'Th', 'startTime': '16:30', 'endTime': '18:20', 'campus': 'Burnaby'}]",Steven Ko,3
ENSC 100W,D100,fall,2021,,,False,"[{'days': 'Mo', 'startTime': '12:30', 'endTime': '14:20', 'campus': 'Burnaby'}, {'days': 'We', 'startTime': '12:30', 'endTime': '13:20', 'campus': 'Burnaby'}]",,3
ENSC 105W,D100,fall,2021,,,False,"[{'days': 'Mo, We, Fr', 'startTime': '10:30', 'endTime': '11:20', 'campus': 'Burnaby'}]",,3
ENSC 120,E100,fall,2021,BC Pre-Calculus 12 and BC Physics 12 (or equivalents).,,False,"[{'days': 'Th', 'startTime': '16:30', 'endTime': '18:20', 'campus': 'Burnaby'}]",,2
ENSC 196,I100,fall,2021,,,False,"[{'days': 'Mo, Tu, We, Th, Fr', 'startTime': '8:00', 'endTime': '20:00', 'campus': None}]",,3
ENSC 204,D100,fall,2021,,,False,"[{'days': 'We', 'startTime': '15:30', 'endTime': '16:20', 'campus': 'Burnaby'}]",,1
ENSC 225,D100,fall,2021,"(ENSC 220 or MSE 250), MATH 232, and (MATH 260 or MATH 310), all with a minimum grade of C-.",ENSC 220;MSE 250;MATH 232;MATH 260;MATH 310,False,"[{'days': 'Tu', 'startTime': '14:30', 'endTime': '16:20', 'campus': 'Burnaby'}, {'days': 'Th', 'startTime': '14:30', 'endTime': '16:20', 'campus': 'Burnaby'}]",,4
ENSC 251,D100,fall,2021,"CMPT 128 or CMPT 135 or (CMPT 125 and CMPT 127), all with a minimum grade of C-.",CMPT 128;CMPT 135;CMPT 125;CMPT 127,False,"[{'days': 'Tu, Th', 'startTime': '10:30', 'endTime': '12:20', 'campus': 'Burnaby'}]",,4
ENSC 252,D100,fall,2021,"CMPT 128 or CMPT 125 or CMPT 126 or CMPT 135, with a minimum grade of C-. ENSC 252 is a required course for all Engineering Science Majors and Honours Students (no course substitutions are permitted).",CMPT 128;CMPT 125;CMPT 126;CMPT 135;ENSC 252,False,"[{'days': 'Tu', 'startTime': '12:30', 'endTime': '14:20', 'campus': 'Burnaby'}, {'days': 'Th', 'startTime': '12:30', 'endTime': '14:20', 'campus': 'Burnaby'}]",,4
ENSC 316,E100,fall,2021,"MATH 251 and (ENSC 220 or MSE 250), all with a minimum grade of C-.",MATH 251;ENSC 220;MSE 250,False,"[{'days': 'Tu', 'startTime': '16:30', 'endTime': '18:20', 'campus': 'Burnaby'}, {'days': 'Th', 'startTime': '16:30', 'endTime': '18:20', 'campus': 'Burnaby'}]",,3
ENSC 324,D100,fall,2021,"(ENSC 220 or MSE 250), MATH 232, and (MATH 260 or MATH 310), all with a minimum grade of C-.",ENSC 220;MSE 250;MATH 232;MATH 260;MATH 310,False,"[{'days': 'Tu', 'startTime': '8:30', 'endTime': '10:20', 'campus': 'Burnaby'}, {'days': 'Th', 'startTime': '8:30', 'endTime': '10:20', 'campus': 'Burnaby'}]",,3
ENSC 351,D100,fall,2021,"(CMPT 128 and ENSC 215 and ENSC 250) or ENSC 254 or (CMPT 225 and (CMPT 250 or CMPT 295)), all with a minimum grade of C- and a minimum of 60 units. ENSC 351 is a required course for all Engineering Science Major and Honours students (no course substitutions are permitted).",CMPT 128;ENSC 215;ENSC 250;ENSC 254;CMPT 225;CMPT 250;CMPT 295;ENSC 351,False,"[{'days': 'Tu', 'startTime': '12:30', 'endTime': '14:20', 'campus': 'Burnaby'}, {'days': 'Th', 'startTime': '12:30', 'endTime': '14:20', 'campus': 'Burnaby'}]",,4
ENSC 370,D100,fall,2021,Completion of at least 25 units of engineering science (ENSC) courses.,,False,"[{'days': 'Mo', 'startTime': '10:30', 'endTime': '12:20', 'campus': 'Burnaby'}]",,3
ENSC 380,D100,fall,2021,"ENSC 180, ENSC 220 (or MSE 250) and (MATH 260 or MATH 310), all with a minimum grade of C-.",ENSC 180;ENSC 220;MSE 250;MATH 260;MATH 310,False,"[{'days': 'Tu, Th', 'startTime': '14:30', 'endTime': '16:20', 'campus': 'Burnaby'}]",,3
ENSC 385,D100,fall,2021,"(PHYS 120 or PHYS 140) and MATH 152, all with a minimum grade of C-.",PHYS 120;PHYS 140;MATH 152,False,"[{'days': 'We, Fr', 'startTime': '10:30', 'endTime': '12:20', 'campus': 'Burnaby'}]",,3
ENSC 395,D100,fall,2021,ENSC 295 or 296 and a minimum of 75 units.,ENSC 295,False,"[{'days': 'Mo, Tu, We, Th, Fr', 'startTime': '8:00', 'endTime': '20:00', 'campus': None}]",,3
ENSC 395,D200,fall,2021,ENSC 295 or 296 and a minimum of 75 units.,ENSC 295,False,"[{'days': 'Mo, Tu, We, Th, Fr', 'startTime': '8:00', 'endTime': '20:00', 'campus': None}]",,3
ENSC 395,I100,fall,2021,ENSC 295 or 296 and a minimum of 75 units.,ENSC 295,False,"[{'days': 'Mo, Tu, We, Th, Fr', 'startTime': '8:00', 'endTime': '20:00', 'campus': None}]",,3
ENSC 424,D100,fall,2021,"ENSC 380 or MSE 280, with a minimum grade of C- and a minimum of 80 units.",ENSC 380;MSE 280,False,"[{'days': 'We, Fr', 'startTime': '8:30', 'endTime': '10:20', 'campus': 'Burnaby'}]",,4
ENSC 426,D100,fall,2021,"Completion of 80 units including (ENSC 416 or PHYS 421) and ENSC 325, with a minimum grade of C-.",ENSC 416;PHYS 421;ENSC 325,False,"[{'days': 'Mo, We', 'startTime': '12:30', 'endTime': '14:20', 'campus': 'Burnaby'}]",,4
ENSC 440,D100,fall,2021,ENSC 405W with a minimum grade of C-. Students will be automatically enrolled in ENSC 440 in the term immediately following successful completion of ENSC 405W.,ENSC 405W;ENSC 440,False,"[{'days': 'Fr', 'startTime': '14:30', 'endTime': '16:20', 'campus': 'Burnaby'}]",,3
ENSC 477,D100,fall,2021,(ENSC 380 or MSE 280) with a minimum grade of C- and a minimum of 80 units.,ENSC 380;MSE 280,False,"[{'days': 'Tu', 'startTime': '14:30', 'endTime': '16:20', 'campus': 'Burnaby'}, {'days': 'Th', 'startTime': '14:30', 'endTime': '16:20', 'campus': 'Burnaby'}]",,4
MACM 101,D100,fall,2021,"BC Math 12 (or equivalent), or any of MATH 100, 150, 151, 154, 157.",MATH 100,False,"[{'days': 'Mo', 'startTime': '8:30', 'endTime': '9:20', 'campus': 'Burnaby'}, {'days': 'Th', 'startTime': '8:30', 'endTime': '10:20', 'campus': 'Burnaby'}]",Andrei Bulatov,3
MACM 101,D200,fall,2021,"BC Math 12 (or equivalent), or any of MATH 100, 150, 151, 154, 157.",MATH 100,False,"[{'days': 'Mo, We, Fr', 'startTime': '13:30', 'endTime': '14:20', 'campus': 'Surrey'}]",Harinder Khangura,3
MACM 101,D300,fall,2021,"BC Math 12 (or equivalent), or any of MATH 100, 150, 151, 154, 157.",MATH 100,False,"[{'days': 'Mo', 'startTime': '14:30', 'endTime': '16:20', 'campus': 'Burnaby'}, {'days': 'We', 'startTime': '14:30', 'endTime': '15:20', 'campus': 'Burnaby'}]",,3
MSE 100,D100,fall,2021,,,False,"[{'days': 'Mo, We, Fr', 'startTime': '13:30', 'endTime': '14:20', 'campus': 'Surrey'}]",Krishna Vijayaraghavan,3
MSE 110,D100,fall,2021,,,False,"[{'days': 'Tu', 'startTime': '14:30', 'endTime': '16:20', 'campus': 'Surrey'}, {'days': 'Fr', 'startTime': '14:30', 'endTime': '15:20', 'campus': 'Surrey'}]",Mohammad Narimani,3
MSE 220,D100,fall,2021,CHEM 120 or 121; PHYS 140 or 120.,CHEM 120;PHYS 140,False,"[{'days': 'We', 'startTime': '11:30', 'endTime': '12:20', 'campus': 'Surrey'}, {'days': 'Fr', 'startTime': '10:30', 'endTime': '12:20', 'campus': 'Surrey'}]",Woo Soo Kim,3
MSE 221,D100,fall,2021,"PHYS 140, MATH 152.",PHYS 140;MATH 152,False,"[{'days': 'Mo', 'startTime': '14:30', 'endTime': '15:20', 'campus': 'Surrey'}, {'days': 'Th', 'startTime': '14:30', 'endTime': '16:20', 'campus': 'Surrey'}]",Helen Bailey,4
MSE 250,D100,fall,2021,"PHYS 141 or (PHYS 121 and 131), and MATH 232 and (MATH 260 or MATH 310). (MATH 260 or MATH 310) may be taken concurrently.",PHYS 141;PHYS 121;MATH 232;MATH 260;MATH 310,False,"[{'days': 'Mo', 'startTime': '10:30', 'endTime': '11:20', 'campus': 'Surrey'}, {'days': 'Th', 'startTime': '10:30', 'endTime': '12:20', 'campus': 'Surrey'}]",Ahmad Rad,4
MSE 310,D100,fall,2021,"MSE 221, MSE 222, MSE 251, MSE 280.",MSE 221;MSE 222;MSE 251;MSE 280,False,"[{'days': 'Tu', 'startTime': '16:30', 'endTime': '18:20', 'campus': 'Surrey'}, {'days': 'Fr', 'startTime': '16:30', 'endTime': '17:20', 'campus': 'Surrey'}]",,4
MSE 320,D100,fall,2021,"MSE 100 or ENSC 104, MSE 220 or ENSC 231, MSE 221 or ENSC 281. MSE 100 may be taken concurrently.",MSE 100;ENSC 104;MSE 220;ENSC 231;MSE 221;ENSC 281,False,"[{'days': 'Mo', 'startTime': '14:30', 'endTime': '16:20', 'campus': 'Surrey'}, {'days': 'We', 'startTime': '14:30', 'endTime': '15:20', 'campus': 'Surrey'}]",Ramtin Rakhsha,4
MSE 321,D100,fall,2021,"MATH 251, PHYS 140, and MSE 223.",MATH 251;PHYS 140;MSE 223,False,"[{'days': 'Mo', 'startTime': '8:30', 'endTime': '9:20', 'campus': 'Surrey'}, {'days': 'Th', 'startTime': '8:30', 'endTime': '10:20', 'campus': 'Surrey'}]",Shervin Jannesar,4
MSE 352,D100,fall,2021,CMPT 130 and either MSE 251 or ENSC 226.,CMPT 130;MSE 251;ENSC 226,False,"[{'days': 'Mo', 'startTime': '12:30', 'endTime': '14:20', 'campus': 'Surrey'}, {'days': 'We', 'startTime': '12:30', 'endTime': '13:20', 'campus': 'Surrey'}]",Mohammad Narimani,4
MSE 380,D100,fall,2021,"MSE 221 (or ENSC 281 or SEE 221), MSE 222 (or ENSC 282), MSE 280 (or ENSC 380 or SEE 341).",MSE 221;ENSC 281;SEE 221;MSE 222;ENSC 282;MSE 280;ENSC 380;SEE 341,False,"[{'days': 'Tu', 'startTime': '10:30', 'endTime': '12:20', 'campus': 'Surrey'}, {'days': 'Fr', 'startTime': '10:30', 'endTime': '11:20', 'campus': 'Surrey'}]",Mohammad Narimani,3
MSE 393,D100,fall,2021,MSE 293 or 294.,MSE 293,False,"[{'days': 'Mo, Tu, We, Th, Fr', 'startTime': '8:30', 'endTime': '16:50', 'campus': None}]",,3
MSE 402,D100,fall,2021,"100 units including one of MSE 102, ENSC 100, ENSC 106, or CMPT 106. MSE 102 may be taken concurrently.",MSE 102;ENSC 100;ENSC 106;CMPT 106,False,"[{'days': 'Mo', 'startTime': '12:30', 'endTime': '14:20', 'campus': 'Burnaby'}]",,2
MSE 410,D100,fall,2021,Completion of at least 24 units from the upper division list of MSE curriculum courses and completion of two co-op terms (MSE 293 or MSE 294 and MSE 393 or MSE 394). Must not be taken concurrently with MSE 493 or MSE 494.,MSE 293;MSE 294;MSE 393;MSE 394;MSE 493;MSE 494,False,"[{'days': 'We', 'startTime': '9:30', 'endTime': '12:20', 'campus': 'Surrey'}]",,3
MSE 421,D100,fall,2021,"MSE 222 (or ENSC 282), MSE 380 and a minimum of 80 units.",MSE 222;ENSC 282;MSE 380,False,"[{'days': 'Mo', 'startTime': '14:30', 'endTime': '15:20', 'campus': 'Surrey'}, {'days': 'Th', 'startTime': '14:30', 'endTime': '16:20', 'campus': 'Surrey'}]",Siamak Arzanpour,3
MSE 480,D100,fall,2021,MSE 310 (or ENSC 387)and a minimum of 80 credits.,MSE 310;ENSC 387,False,"[{'days': 'Mo', 'startTime': '10:30', 'endTime': '11:20', 'campus': 'Surrey'}, {'days': 'Th', 'startTime': '10:30', 'endTime': '12:20', 'campus': 'Surrey'}]",,3
MSE 490,D100,fall,2021,To be determined by the instructor subject to approval by the department chair.,,True,"[{'days': 'Tu', 'startTime': '12:30', 'endTime': '14:20', 'campus': 'Surrey'}, {'days': 'Fr', 'startTime': '12:30', 'endTime': '13:20', 'campus': 'Surrey'}]",Helen Bailey,3
MSE 491,D100,fall,2021,To be determined by instructor subject to approval by the department chair.,,True,"[{'days': 'Tu', 'startTime': '14:30', 'endTime': '16:20', 'campus': 'Burnaby'}, {'days': 'Fr', 'startTime': '14:30', 'endTime': '15:20', 'campus': 'Burnaby'}]",Ramtin Rakhsha,3
MSE 493,I100,fall,2021,MSE 393 or 394 and a minimum of 75 units.,MSE 393,False,"[{'days': 'Mo, Tu, We, Th, Fr', 'startTime': '8:30', 'endTime': '16:50', 'campus': None}]",,3
SEE 100,D100,fall,2021,,,False,"[{'days': 'Mo', 'startTime': '14:30', 'endTime': '15:20', 'campus': 'Surrey'}, {'days': 'Th', 'startTime': '14:30', 'endTime': '16:20', 'campus': 'Surrey'}]",,3
SEE 101W,D100,fall,2021,,,False,"[{'days': 'Tu', 'startTime': '14:30', 'endTime': '16:20', 'campus': 'Surrey'}, {'days': 'Fr', 'startTime': '14:30', 'endTime': '15:20', 'campus': 'Surrey'}]",,3
SEE 110,D100,fall,2021,,,False,"[{'days': 'Tu', 'startTime': '12:30', 'endTime': '14:20', 'campus': 'Surrey'}, {'days': 'Fr', 'startTime': '12:30', 'endTime': '13:20', 'campus': 'Surrey'}]",,3
CHIN 100,D100,fall,2021,,,False,[],Jia Fei,3
CHIN 100,D700,fall,2021,,,False,[],Jia Fei,3
COGS 100,D100,fall,2021,Open to all students.,,False,"[{'days': 'We, Fr', 'startTime': '14:30', 'endTime': '15:20', 'campus': 'Burnaby'}]",Jeremy Turner,3
COGS 100,D200,fall,2021,Open to all students.,,False,"[{'days': 'We', 'startTime': '14:30', 'endTime': '17:20', 'campus': 'Vancouver'}]",Koichi Haseyama,3
COGS 110,D100,fall,2021,,,False,"[{'days': 'Mo', 'startTime': '12:30', 'endTime': '14:20', 'campus': 'Burnaby'}, {'days': 'We', 'startTime': '12:30', 'endTime': '13:20', 'campus': 'Burnaby'}]",Mark Blair,3
COGS 110,D200,fall,2021,,,False,"[{'days': 'We', 'startTime': '13:30', 'endTime': '14:20', 'campus': 'Burnaby'}, {'days': 'Fr', 'startTime': '12:30', 'endTime': '14:20', 'campus': 'Burnaby'}]",Mark Blair,3
COGS 300,D100,fall,2021,60 credits.,,False,"[{'days': 'Mo', 'startTime': '10:30', 'endTime': '11:20', 'campus': 'Burnaby'}, {'days': 'Th', 'startTime': '10:30', 'endTime': '12:20', 'campus': 'Burnaby'}]",Jennifer Hinnell,3
COGS 310,D100,fall,2021,COGS 100 and 200 (or permission of the instructor).,COGS 100,False,"[{'days': 'Tu', 'startTime': '10:30', 'endTime': '12:20', 'campus': 'Burnaby'}, {'days': 'Fr', 'startTime': '10:30', 'endTime': '11:20', 'campus': 'Burnaby'}]",Kathleen Akins,3
CRIM 101,C100,fall,2021,,,False,[],David Macalister,3
CRIM 101,D100,fall,2021,,,False,"[{'days': 'Th', 'startTime': '12:30', 'endTime': '14:20', 'campus': 'Burnaby'}]",Valerie Spicer,3
CRIM 101,D900,fall,2021,,,False,"[{'days': 'Tu', 'startTime': '10:30', 'endTime': '12:20', 'campus': 'Surrey'}]",Zachary Rowan,3
CRIM 103,C100,fall,2021,PSYC 100 and 102 are recommended.,PSYC 100,False,[],Jennifer Wong,3
CRIM 103,D100,fall,2021,PSYC 100 and 102 are recommended.,PSYC 100,False,"[{'days': 'Th', 'startTime': '10:30', 'endTime': '12:20', 'campus': 'Burnaby'}]",Evan Mccuish,3
CRIM 103,D900,fall,2021,PSYC 100 and 102 are recommended.,PSYC 100,False,"[{'days': 'Th', 'startTime': '12:30', 'endTime': '14:20', 'campus': 'Surrey'}]",Maaike Helmus,3
CRIM 104,C100,fall,2021,SA 150 is recommended.,SA 150,False,[],Farzana Kara,3
CRIM 104,D100,fall,2021,SA 150 is recommended.,SA 150,False,"[{'days': 'Th', 'startTime': '8:30', 'endTime': '10:20', 'campus': 'Burnaby'}]",Stephanie Wiley,3
CRIM 131,D100,fall,2021,,,False,"[{'days': 'Fr', 'startTime': '14:30', 'endTime': '16:20', 'campus': 'Burnaby'}]",Danielle Murdoch,3
CRIM 135,C100,fall,2021,,,False,[],Helene Love,3
CRIM 135,D100,fall,2021,,,False,"[{'days': 'Tu', 'startTime': '10:30', 'endTime': '12:20', 'campus': 'Burnaby'}]",Helene Love,3
CRIM 135,D900,fall,2021,,,False,"[{'days': 'Th', 'startTime': '10:30', 'endTime': '12:20', 'campus': 'Surrey'}]",Tamara O'Doherty;Helene Love,3
CRIM 203,D100,fall,2021,Any 100 division CRIM course.,,False,"[{'days': 'Tu', 'startTime': '12:30', 'endTime': '14:20', 'campus': 'Burnaby'}]",Bryan Kinney,3
CRIM 210,D100,fall,2021,CRIM 101 and CRIM 131.,CRIM 101;CRIM 131,False,"[{'days': 'Th', 'startTime': '12:30', 'endTime': '14:20', 'campus': 'Burnaby'}]",Stephanie Wiley,3
CRIM 220,D100,fall,2021,Any 100 division CRIM course is recommended.,,False,"[{'days': 'Th', 'startTime': '10:30', 'endTime': '12:20', 'campus': 'Burnaby'}]",Valerie Spicer,3
CRIM 230,D900,fall,2021,CRIM 135.,CRIM 135,False,"[{'days': 'We', 'startTime': '16:30', 'endTime': '18:20', 'campus': 'Burnaby'}]",Colton Fehr,3
CRIM 230,OL01,fall,2021,CRIM 135.,CRIM 135,False,[],Tamara O'Doherty;Amy Conroy,3
CRIM 241,OL01,fall,2021,CRIM 131.,CRIM 131,False,[],Danielle Murdoch,3
CRIM 251,D100,fall,2021,CRIM 131.,CRIM 131,False,"[{'days': 'Th', 'startTime': '16:30', 'endTime': '18:20', 'campus': 'Burnaby'}]",Rylan Simpson,3
CRIM 300W,C100,fall,2021,CRIM 101.,CRIM 101,False,[],Alexandra Lysova,3
CRIM 300W,D100,fall,2021,CRIM 101.,CRIM 101,False,"[{'days': 'Fr', 'startTime': '12:30', 'endTime': '14:20', 'campus': 'Burnaby'}]",Alexandra Lysova,3
CRIM 313,D100,fall,2021,CRIM 101.,CRIM 101,False,"[{'days': 'Tu', 'startTime': '11:30', 'endTime': '14:20', 'campus': 'Burnaby'}]",Alexandra Lysova,3
CRIM 315,D100,fall,2021,45 units.,,False,"[{'days': 'Mo', 'startTime': '10:30', 'endTime': '12:20', 'campus': 'Burnaby'}]",Brenda Morrison,4
CRIM 316,D100,fall,2021,CRIM 101 and 103.,CRIM 101,False,"[{'days': 'Mo', 'startTime': '10:30', 'endTime': '12:20', 'campus': 'Burnaby'}]",Eric Beauregard,3
CRIM 320,C100,fall,2021,CRIM 101; one of CRIM 120 or 220. CRIM 320 may be taken concurrently with CRIM 321.,CRIM 101;CRIM 120;CRIM 320;CRIM 321,False,[],Cristina Pastia,3
CRIM 320,D100,fall,2021,CRIM 101; one of CRIM 120 or 220. CRIM 320 may be taken concurrently with CRIM 321.,CRIM 101;CRIM 120;CRIM 320;CRIM 321,False,"[{'days': 'Tu', 'startTime': '14:30', 'endTime': '16:20', 'campus': 'Burnaby'}]",Garth Davies,3
CRIM 321,C100,fall,2021,CRIM 101; one of CRIM 120 or 220. This course may be taken concurrently with CRIM 320.,CRIM 101;CRIM 120;CRIM 320,False,[],Jennifer Kusz,3
CRIM 330,C100,fall,2021,CRIM 101 and 230.,CRIM 101,False,[],Helene Love,3
CRIM 330,D100,fall,2021,CRIM 101 and 230.,CRIM 101,False,"[{'days': 'Th', 'startTime': '12:30', 'endTime': '14:20', 'campus': 'Burnaby'}]",Colton Fehr,3
CRIM 332,D100,fall,2021,CRIM 101 and 135.,CRIM 101,False,"[{'days': 'Fr', 'startTime': '12:30', 'endTime': '14:20', 'campus': 'Burnaby'}]",Amy Conroy,3
CRIM 335,OL01,fall,2021,CRIM 101 and CRIM 135.,CRIM 101;CRIM 135,False,[],Tamara O'Doherty;Amy Conroy,3
CRIM 338,D100,fall,2021,CRIM 101 and 135.,CRIM 101,False,"[{'days': 'Tu', 'startTime': '14:30', 'endTime': '16:20', 'campus': 'Burnaby'}]",Amy Conroy,3
CRIM 340,D100,fall,2021,CRIM 101 and 220.,CRIM 101,False,"[{'days': 'We', 'startTime': '9:30', 'endTime': '12:20', 'campus': 'Burnaby'}]",Jennifer Wong,3
CRIM 343,D100,fall,2021,CRIM 101. Recommended: CRIM 241.,CRIM 101,False,"[{'days': 'Th', 'startTime': '14:30', 'endTime': '16:20', 'campus': 'Burnaby'}]",Danielle Murdoch,3
CRIM 350,D100,fall,2021,CRIM 101.,CRIM 101,False,"[{'days': 'Mo', 'startTime': '16:30', 'endTime': '18:20', 'campus': 'Burnaby'}]",Martin Andresen,3
CRIM 351,D100,fall,2021,CRIM 101 and 251.,CRIM 101,False,"[{'days': 'We', 'startTime': '9:30', 'endTime': '12:20', 'campus': 'Burnaby'}]",Nikolay Shchitov,3
CRIM 352,D100,fall,2021,CRIM 101.,CRIM 101,False,"[{'days': 'Mo', 'startTime': '14:30', 'endTime': '16:20', 'campus': 'Burnaby'}]",Martin Andresen,3
CRIM 355,C100,fall,2021,45 units.,,False,[],Momoko Ueda,3
CRIM 355,D100,fall,2021,45 units.,,False,"[{'days': 'Tu', 'startTime': '14:30', 'endTime': '16:20', 'campus': 'Burnaby'}]",Suzanna Michener,3
CRIM 356,D100,fall,2021,45 units.,,False,"[{'days': 'Tu', 'startTime': '8:30', 'endTime': '10:20', 'campus': 'Burnaby'}]",Lynne Bell,3
CRIM 357,D100,fall,2021,CRIM 101.,CRIM 101,False,"[{'days': 'Mo', 'startTime': '14:30', 'endTime': '17:20', 'campus': 'Burnaby'}]",Lynne Bell,3
CRIM 380,C100,fall,2021,CRIM 101.,CRIM 101,False,[],Richard Frank,3
CRIM 380,D900,fall,2021,CRIM 101.,CRIM 101,False,"[{'days': 'Th', 'startTime': '8:30', 'endTime': '10:20', 'campus': 'Surrey'}]",Richard Frank,3
CRIM 402,C100,fall,2021,CRIM 101.,CRIM 101,False,[],Momoko Ueda,3
CRIM 410,D900,fall,2021,CRIM 131.,CRIM 131,False,"[{'days': 'Mo', 'startTime': '9:30', 'endTime': '12:20', 'campus': 'Surrey'}]",Curt Griffiths,3
CRIM 413,C100,fall,2021,CRIM 101.,CRIM 101,False,[],Edith Wu,3
CRIM 414,D100,fall,2021,CRIM 101.,CRIM 101,False,"[{'days': 'Tu', 'startTime': '11:30', 'endTime': '14:20', 'campus': 'Burnaby'}]",David Macalister,3
CRIM 414,D200,fall,2021,CRIM 101.,CRIM 101,False,"[{'days': 'Th', 'startTime': '14:30', 'endTime': '17:20', 'campus': 'Burnaby'}]",Evan Mccuish,3
CRIM 414,E900,fall,2021,CRIM 101.,CRIM 101,False,"[{'days': 'Mo', 'startTime': '16:30', 'endTime': '19:20', 'campus': 'Surrey'}]",Graeme Bowbrick,3
CRIM 416,D100,fall,2021,CRIM 101.,CRIM 101,False,"[{'days': 'Th', 'startTime': '14:30', 'endTime': '17:20', 'campus': 'Burnaby'}]",Zachary Rowan,3
CRIM 417,D100,fall,2021,CRIM 101.,CRIM 101,False,"[{'days': 'Tu', 'startTime': '14:30', 'endTime': '17:20', 'campus': 'Burnaby'}]",Ted Palys,3
CRIM 417,D900,fall,2021,CRIM 101.,CRIM 101,False,"[{'days': 'Fr', 'startTime': '9:30', 'endTime': '12:20', 'campus': 'Surrey'}]",Chisen Goto;Ryan Prox,3
CRIM 451,D100,fall,2021,CRIM 101. Recommended: CRIM 355.,CRIM 101,False,"[{'days': 'Fr', 'startTime': '14:30', 'endTime': '17:20', 'campus': 'Burnaby'}]",Gail Anderson,3
CRIM 453,C100,fall,2021,CRIM 101.,CRIM 101,False,[],Martin Bouchard,3
CRIM 454,D100,fall,2021,CRIM 101.,CRIM 101,False,"[{'days': 'Mo', 'startTime': '14:30', 'endTime': '17:20', 'campus': 'Burnaby'}]",Eric Beauregard,3
CRIM 455,D900,fall,2021,"CRIM 101, 131 and 251.",CRIM 101,False,"[{'days': 'Tu', 'startTime': '8:30', 'endTime': '11:20', 'campus': 'Surrey'}]",Curt Griffiths,3
CRIM 460,D100,fall,2021,CRIM 101.,CRIM 101,False,"[{'days': 'Tu', 'startTime': '12:30', 'endTime': '14:20', 'campus': 'Burnaby'}]",Shannon Linning,3
DIAL 390W,D100,fall,2021,"45 units. Students should apply prior to the term in which they wish to enroll. Students can be accepted into either the Summer Institute in Dialogue (DIAL 390W and 391W, 10 units) or the Semester in Dialogue (fall or spring term, DIAL 390W, 391W and 392W, 15 units), but not both.",DIAL 390W,False,"[{'days': 'Mo, Tu, We, Th, Fr', 'startTime': '9:30', 'endTime': '15:20', 'campus': 'Vancouver'}]",,5
DIAL 391W,D100,fall,2021,"45 units. Students should apply prior to the term in which they wish to enroll. Students can be accepted into either the Summer Institute in Dialogue (DIAL 390W and 391W, 10 units) or the Semester in Dialogue (fall or spring semester, DIAL 390W, 391W and 392W, 15 units) but not both.",DIAL 390W,False,[],,5
DIAL 392W,D100,fall,2021,"45 units. Students should apply prior to the term in which they wish to enroll. Students can be accepted into either the Summer Institute in Dialogue (DIAL 390W and 391W, 10 units) or the Semester in Dialogue (fall or spring semester, DIAL 390W, 391W and 392W, 15 units), but not both.",DIAL 390W,False,[],,5
ECON 102,D100,fall,2021,,,False,"[{'days': 'Mo', 'startTime': '14:30', 'endTime': '17:20', 'campus': 'Burnaby'}]",Nicolas Schmitt,3
ECON 103,D100,fall,2021,,,False,"[{'days': 'Mo', 'startTime': '12:30', 'endTime': '14:20', 'campus': 'Burnaby'}, {'days': 'We', 'startTime': '12:30', 'endTime': '13:20', 'campus': 'Burnaby'}]",Douglas Allen,4
ECON 103,D200,fall,2021,,,False,"[{'days': 'Mo', 'startTime': '10:30', 'endTime': '11:20', 'campus': 'Burnaby'}, {'days': 'Th', 'startTime': '10:30', 'endTime': '12:20', 'campus': 'Burnaby'}]",Marie Rekkas,4
ECON 103,D900,fall,2021,,,False,"[{'days': 'Tu, Th', 'startTime': '14:30', 'endTime': '16:20', 'campus': 'Surrey'}]",Rabia Aziz,4
ECON 105,D100,fall,2021,,,False,"[{'days': 'Tu', 'startTime': '12:30', 'endTime': '14:20', 'campus': 'Burnaby'}, {'days': 'Fr', 'startTime': '12:30', 'endTime': '13:20', 'campus': 'Burnaby'}]",Martin Santamaria,4
ECON 105,D200,fall,2021,,,False,"[{'days': 'We', 'startTime': '14:30', 'endTime': '17:20', 'campus': 'Burnaby'}]",Seong Choi,4
ECON 105,D900,fall,2021,,,False,"[{'days': 'We, Fr', 'startTime': '10:30', 'endTime': '12:20', 'campus': 'Surrey'}]",Vasyl Golovetskyy,4
ECON 201,D100,fall,2021,"ECON 103 and 105, with a minimum grade of C-; MATH 157 with a minimum grade of C-.",ECON 103;MATH 157,False,"[{'days': 'Tu', 'startTime': '10:30', 'endTime': '12:20', 'campus': 'Burnaby'}, {'days': 'Fr', 'startTime': '10:30', 'endTime': '11:20', 'campus': 'Burnaby'}]",Christoph Luelfesmann,4
ECON 220W,D100,fall,2021,"ECON 201 with a minimum grade of C-, minimum 30 units and no more than 80 units.",ECON 201,False,"[{'days': 'Mo, We', 'startTime': '9:30', 'endTime': '10:20', 'campus': 'Burnaby'}]",Sepideh Fotovatian;Thomas Vigie,4
ECON 220W,D300,fall,2021,"ECON 201 with a minimum grade of C-, minimum 30 units and no more than 80 units.",ECON 201,False,"[{'days': 'Mo, We', 'startTime': '15:30', 'endTime': '16:20', 'campus': 'Burnaby'}]",Sepideh Fotovatian;Thomas Vigie,4
ECON 233,D100,fall,2021,"MATH 150, MATH 151, MATH 154, or MATH 157, with a minimum grade of C-; 15 units. MATH 150, MATH 151, MATH 154, or MATH 157 may be taken concurrently with ECON 233.",MATH 150;MATH 151;MATH 154;MATH 157;ECON 233,False,"[{'days': 'Mo', 'startTime': '12:30', 'endTime': '13:20', 'campus': 'Burnaby'}, {'days': 'Th', 'startTime': '12:30', 'endTime': '14:20', 'campus': 'Burnaby'}]",Brian Krauth,4
ECON 260,D100,fall,2021,"ECON 103 or 200, with a minimum grade of C-.",ECON 103,False,"[{'days': 'We', 'startTime': '14:30', 'endTime': '17:20', 'campus': 'Burnaby'}]",Gulriz Barkin,3
ECON 302,D100,fall,2021,"ECON 201 or 301, with a minimum grade of C-; 60 units.",ECON 201,False,"[{'days': 'Mo', 'startTime': '18:30', 'endTime': '19:20', 'campus': 'Burnaby'}, {'days': 'We', 'startTime': '17:30', 'endTime': '19:20', 'campus': 'Burnaby'}]",Shih En Lu,4
ECON 302,D200,fall,2021,"ECON 201 or 301, with a minimum grade of C-; 60 units.",ECON 201,False,"[{'days': 'Tu', 'startTime': '8:30', 'endTime': '11:20', 'campus': 'Burnaby'}]",Thomas Vigie,4
ECON 305,D100,fall,2021,"ECON 201 or 301, with a minimum grade of C-; 60 units. Students with a minimum grade of A- in ECON 103 and 105 at Simon Fraser University at their first attempt can complete ECON 305 concurrently with ECON 201 after 30 units. Students seeking permission to enroll on this basis must contact the undergraduate advisor in economics.",ECON 201;ECON 103;ECON 305,False,"[{'days': 'Mo', 'startTime': '12:30', 'endTime': '13:20', 'campus': 'Burnaby'}, {'days': 'Th', 'startTime': '12:30', 'endTime': '14:20', 'campus': 'Burnaby'}]",Kenneth Kasa,4
ECON 305,D200,fall,2021,"ECON 201 or 301, with a minimum grade of C-; 60 units. Students with a minimum grade of A- in ECON 103 and 105 at Simon Fraser University at their first attempt can complete ECON 305 concurrently with ECON 201 after 30 units. Students seeking permission to enroll on this basis must contact the undergraduate advisor in economics.",ECON 201;ECON 103;ECON 305,False,"[{'days': 'We', 'startTime': '13:30', 'endTime': '14:20', 'campus': 'Burnaby'}, {'days': 'Fr', 'startTime': '12:30', 'endTime': '14:20', 'campus': 'Burnaby'}]",Lucas Herrenbrueck,4
ECON 310,D100,fall,2021,"ECON 103 and 105, with a minimum grade of C-; 60 units.",ECON 103,False,"[{'days': 'Tu', 'startTime': '12:30', 'endTime': '14:20', 'campus': 'Burnaby'}]",John Knowles,3
ECON 325,D100,fall,2021,"ECON 201 or 301, with a minimum grade of C-; 60 units.",ECON 201,False,"[{'days': 'Fr', 'startTime': '12:30', 'endTime': '14:20', 'campus': 'Burnaby'}]",Christoph Luelfesmann,3
ECON 333,D200,fall,2021,,,False,[],Simon Woodcock,4
ECON 334,D100,fall,2021,"ECON 233 or BUS 232 or STAT 270 or POL 201, ECON 103 or ECON 105, all with a minimum grade of C-.",ECON 233;BUS 232;STAT 270;POL 201;ECON 103;ECON 105,False,"[{'days': 'Th', 'startTime': '10:30', 'endTime': '12:20', 'campus': 'Burnaby'}]",Kevin Schnepel,3
ECON 342,D100,fall,2021,"ECON 103 or 200 and 105 or 205, all with a minimum grade of C-; 60 units or permission of the department.",ECON 103,False,"[{'days': 'Tu', 'startTime': '8:30', 'endTime': '10:20', 'campus': 'Burnaby'}]",Stephen Easton;Maarij Rehman,3
ECON 345,D100,fall,2021,"ECON 103 or 200 and 105 or 205, all with a minimum grade of C-; 60 units or permission of the department.",ECON 103,False,"[{'days': 'Tu', 'startTime': '8:30', 'endTime': '10:20', 'campus': 'Burnaby'}]",Martin Santamaria,3
ECON 355W,D100,fall,2021,"ECON 103 or 200 and 105 or 205, all with a minimum grade of C-; 60 units.",ECON 103,False,"[{'days': 'Th', 'startTime': '8:30', 'endTime': '11:30', 'campus': 'Burnaby'}]",Martin Santamaria,4
ECON 362,E100,fall,2021,"ECON 103 and 105, with a minimum grade of C-; 60 units.",ECON 103,False,"[{'days': 'Fr', 'startTime': '16:30', 'endTime': '18:20', 'campus': 'Burnaby'}]",Fernando Aragon Sanchez,3
ECON 381,D100,fall,2021,"ECON 201 or 301, with a minimum grade of C-; 60 units.",ECON 201,False,"[{'days': 'Mo, We', 'startTime': '14:30', 'endTime': '15:20', 'campus': 'Burnaby'}]",Brian Krauth,3
ECON 383,E100,fall,2021,To be determined by the instructor subject to approval by the department chair.,,True,"[{'days': 'Th', 'startTime': '16:30', 'endTime': '19:20', 'campus': 'Burnaby'}]",Vasyl Golovetskyy,3
ECON 426W,D100,fall,2021,ECON 302 with a minimum grade of C-.,ECON 302,False,"[{'days': 'Tu', 'startTime': '10:30', 'endTime': '12:20', 'campus': 'Burnaby'}, {'days': 'Fr', 'startTime': '10:30', 'endTime': '11:20', 'campus': 'Burnaby'}]",Greg Dow,3
ECON 433,D100,fall,2021,"ECON 333 and ECON 305, with a minimum grade of C-; 60 units.",ECON 333;ECON 305,False,"[{'days': 'Th', 'startTime': '11:30', 'endTime': '14:20', 'campus': 'Burnaby'}]",Bertille Antoine,3
ECON 434,D100,fall,2021,"ECON 333 (or BUEC 333) and ECON 302, all with a minimum grade of C-.",ECON 333;BUEC 333;ECON 302,False,"[{'days': 'We', 'startTime': '14:30', 'endTime': '17:20', 'campus': 'Burnaby'}]",Xiaoting Sun,3
ECON 435,D100,fall,2021,"ECON 201 or 301 and ECON (or BUEC) 333, all with a minimum grade of C-. Entry into this course requires a minimum CGPA of 3.0 or permission of the department.",ECON 201,False,"[{'days': 'We', 'startTime': '9:30', 'endTime': '12:20', 'campus': 'Burnaby'}]",Dongwoo Kim,5
ECON 450W,D100,fall,2021,"ECON 201 or 301 and ECON 305, all with a minimum grade of C-.",ECON 201;ECON 305,False,"[{'days': 'Fr', 'startTime': '14:30', 'endTime': '17:20', 'campus': 'Burnaby'}]",Stephen Easton,3
ECON 484,D100,fall,2021,To be determined by the instructor subject to approval by the department chair.,,True,"[{'days': 'Tu', 'startTime': '14:30', 'endTime': '17:20', 'campus': 'Burnaby'}]",Joshua Boitnott,3
ECON 494,D100,fall,2021,"ECON 302, 305 and ECON (or BUEC) 333, all with a minimum grade of C-. A minimum CGPA of 3.0.",ECON 302,False,"[{'days': 'Mo', 'startTime': '9:30', 'endTime': '12:20', 'campus': 'Burnaby'}]",Fernando Aragon Sanchez,3
ENGL 111W,D100,fall,2021,,,False,"[{'days': 'Tu', 'startTime': '10:30', 'endTime': '12:20', 'campus': 'Burnaby'}]",Leith Davis,3
ENGL 112W,C100,fall,2021,,,False,[],Torsten Kehler,3
ENGL 112W,D100,fall,2021,,,False,"[{'days': 'Mo, We', 'startTime': '9:30', 'endTime': '10:20', 'campus': 'Burnaby'}]",Nicky Didicher,3
ENGL 115W,D100,fall,2021,,,False,"[{'days': 'Mo, We', 'startTime': '14:30', 'endTime': '15:20', 'campus': 'Burnaby'}]",David Coley,3
ENGL 199W,C100,fall,2021,12 units.,,False,[],Daniel Dunford;Carolyn Lesjak,3
ENGL 199W,D100,fall,2021,12 units.,,False,"[{'days': 'Mo', 'startTime': '12:30', 'endTime': '14:20', 'campus': 'Burnaby'}]",Daniel Dunford,3
ENGL 209,D100,fall,2021,12 units or one 100 division English course.,,False,"[{'days': 'Mo, We', 'startTime': '11:30', 'endTime': '12:20', 'campus': 'Burnaby'}]",Michael Everton,3
ENGL 210,D100,fall,2021,12 units or one 100 division English course.,,False,"[{'days': 'We, Fr', 'startTime': '12:30', 'endTime': '13:20', 'campus': 'Burnaby'}]",Jon Smith,3
ENGL 214,D100,fall,2021,12 units or one 100 division English course.,,False,"[{'days': 'Tu', 'startTime': '14:30', 'endTime': '17:20', 'campus': 'Burnaby'}]",Peter Cramer,3
ENGL 216,D100,fall,2021,12 units or one 100 division English course.,,False,"[{'days': 'Mo', 'startTime': '14:30', 'endTime': '16:20', 'campus': 'Burnaby'}]",JD Fleming,3
ENGL 312,D100,fall,2021,30 units or two 200 division English courses.,,False,"[{'days': 'Mo', 'startTime': '12:30', 'endTime': '14:20', 'campus': 'Burnaby'}]",Torsten Kehler,4
ENGL 320,E100,fall,2021,30 units or two 200 division English courses.,,False,"[{'days': 'Mo', 'startTime': '16:30', 'endTime': '20:20', 'campus': 'Burnaby'}]",Michelle Levy,4
ENGL 330,OL01,fall,2021,30 units or two 200 division English courses.,,False,[],Carolyn Lesjak,4
ENGL 355,E100,fall,2021,30 units or two 200 division English courses.,,False,"[{'days': 'Tu', 'startTime': '16:30', 'endTime': '20:20', 'campus': 'Burnaby'}]",Sophie McCall,4
ENGL 362,E100,fall,2021,30 units or two 200 division English courses.,,False,"[{'days': 'We', 'startTime': '16:30', 'endTime': '20:20', 'campus': 'Burnaby'}]",Colette Colligan,4
ENGL 372,D100,fall,2021,30 units; or two 200 division English courses; or formal declaration in the creative writing minor and ENGL 272.,ENGL 272,False,"[{'days': 'Tu, Th', 'startTime': '12:30', 'endTime': '14:20', 'campus': 'Burnaby'}]",Stephen Collis,4
ENGL 383,D100,fall,2021,30 units or two 200 division English courses.,,False,"[{'days': 'Tu, Th', 'startTime': '10:30', 'endTime': '12:20', 'campus': 'Burnaby'}]",Paul Budra,4
ENGL 385,D100,fall,2021,30 units or two 200 division English courses.,,False,"[{'days': 'We, Fr', 'startTime': '14:30', 'endTime': '16:20', 'campus': 'Burnaby'}]",Jon Smith,4
ENGL 387,D100,fall,2021,30 units or two 200 division English courses.,,False,"[{'days': 'We, Fr', 'startTime': '12:30', 'endTime': '14:20', 'campus': 'Burnaby'}]",Nicky Didicher,4
ENGL 414W,D100,fall,2021,45 units or two 300 division English courses.,,False,"[{'days': 'We, Fr', 'startTime': '10:30', 'endTime': '12:20', 'campus': 'Burnaby'}]",Paul Budra,4
ENGL 417W,D100,fall,2021,45 units or two 300 division English courses.,,False,"[{'days': 'Fr', 'startTime': '12:30', 'endTime': '16:20', 'campus': 'Burnaby'}]",Colette Colligan,4
ENGL 437W,D100,fall,2021,45 units or two 300 division English courses.,,False,"[{'days': 'Tu', 'startTime': '14:30', 'endTime': '16:20', 'campus': 'Burnaby'}, {'days': 'Th', 'startTime': '14:30', 'endTime': '16:20', 'campus': 'Burnaby'}]",Michael Everton,4
ENGL 472W,E100,fall,2021,ENGL 372 or 374.,ENGL 372,False,"[{'days': 'We', 'startTime': '16:30', 'endTime': '20:20', 'campus': 'Burnaby'}]",Stephen Collis,4
FREN 120,D200,fall,2021,Never studied or experienced French before.,,False,"[{'days': 'Tu, Th', 'startTime': '14:30', 'endTime': '16:20', 'campus': 'Burnaby'}]",Linda Bruneau-jolly,3
FREN 120,OL01,fall,2021,Never studied or experienced French before.,,False,[],Linda Bruneau-jolly,3
FREN 121,D100,fall,2021,FREN 120 or grade 10 French (or equivalent based on placement test). May not be taken for credit by students with French 11 or 12.,FREN 120,False,"[{'days': 'We', 'startTime': '10:30', 'endTime': '12:20', 'campus': 'Burnaby'}, {'days': 'Fr', 'startTime': '10:30', 'endTime': '12:20', 'campus': 'Burnaby'}]",Paola De Rycke,3
FREN 210,D100,fall,2021,"FREN 122 or grade 12 French (or equivalent based on placement test). May not be taken by students from French immersion, programme cadre or IB students.",FREN 122,False,"[{'days': 'We, Fr', 'startTime': '10:30', 'endTime': '12:20', 'campus': 'Burnaby'}]",Claire Bossavit,3
FREN 210,E100,fall,2021,"FREN 122 or grade 12 French (or equivalent based on placement test). May not be taken by students from French immersion, programme cadre or IB students.",FREN 122,False,"[{'days': 'Mo, We', 'startTime': '16:30', 'endTime': '18:20', 'campus': 'Burnaby'}]",Claire Bossavit,3
FREN 211,D100,fall,2021,Grade 12 French with a grade of A or FREN 122 with a grade of A or FREN 210 (or equivalent based on placement test).,FREN 122;FREN 210,False,"[{'days': 'Tu, Th', 'startTime': '10:30', 'endTime': '12:20', 'campus': 'Burnaby'}]",Claire Bossavit,3
FREN 211,D200,fall,2021,,,False,[],Claire Bossavit,3
FREN 212,F100,fall,2021,Grade 12 French immersion (or equivalent based on placement test).,,False,"[{'days': 'Tu, Th', 'startTime': '10:30', 'endTime': '12:20', 'campus': 'Burnaby'}]",Paola De Rycke,3
FREN 215,D100,fall,2021,FREN 211. May be taken concurrently with FREN 212 and 221.,FREN 211;FREN 212,False,"[{'days': 'Tu, Th', 'startTime': '10:30', 'endTime': '12:20', 'campus': 'Burnaby'}]",Linda Bruneau-jolly,3
FREN 221,D100,fall,2021,,,False,[],Paola De Rycke,3
FREN 221,F100,fall,2021,"FREN 211 or 212, or with a grade of A, FREN 210. In the latter case, FREN 211 and 221 may be taken concurrently.",FREN 211;FREN 210,False,"[{'days': 'We, Fr', 'startTime': '10:30', 'endTime': '12:20', 'campus': 'Burnaby'}]",Paola De Rycke,3
FREN 245,D100,fall,2021,FREN 222 (students with B+ in FREN 221 can take 222 concurrently with 245).,FREN 222;FREN 221,False,"[{'days': 'Tu', 'startTime': '14:30', 'endTime': '17:20', 'campus': 'Burnaby'}]",Jorge Calderon,3
FREN 275,D100,fall,2021,FREN 222 (students with B+ in FREN 221 can take 222 concurrently with FREN 275).,FREN 222;FREN 221;FREN 275,False,"[{'days': 'We, Fr', 'startTime': '12:30', 'endTime': '14:20', 'campus': 'Burnaby'}]",Christian Guilbault,3
FREN 301W,D100,fall,2021,"FREN 222 or, with a grade of A, FREN 221.",FREN 222;FREN 221,False,"[{'days': 'Mo', 'startTime': '9:30', 'endTime': '12:20', 'campus': 'Burnaby'}]",Catherine Black,3
FREN 307,D100,fall,2021,FREN 222.,FREN 222,False,"[{'days': 'Fr', 'startTime': '9:30', 'endTime': '12:20', 'campus': 'Burnaby'}]",Catherine Black,3
FREN 330,D100,fall,2021,FREN 222 or permission of instructor.,FREN 222,False,"[{'days': 'Tu', 'startTime': '11:30', 'endTime': '14:20', 'campus': 'Burnaby'}]",Cecile Vigouroux,3
FREN 344,D100,fall,2021,FREN 245 or 230 or 240.,FREN 245,False,"[{'days': 'We', 'startTime': '14:30', 'endTime': '17:20', 'campus': 'Burnaby'}]",Stephen Steele,3
FREN 352,D100,fall,2021,FREN 222. Students with B+ in FREN 221 may take FREN 222 and FREN 352 concurrently.,FREN 222;FREN 221;FREN 352,False,"[{'days': 'Tu', 'startTime': '8:30', 'endTime': '11:20', 'campus': 'Burnaby'}]",Gaelle Planchenault,3
FREN 355,D100,fall,2021,FREN 245 and FREN 301W.,FREN 245;FREN 301W,False,"[{'days': 'Mo', 'startTime': '14:30', 'endTime': '17:20', 'campus': 'Burnaby'}]",Sarah Henzi,3
FREN 416,D100,fall,2021,"FREN 270 or 275 or LING 222, FREN 301W, and at least one 300-level group A (ling.) course.",FREN 270;LING 222;FREN 301W,False,"[{'days': 'We', 'startTime': '9:30', 'endTime': '12:20', 'campus': 'Burnaby'}]",Gaelle Planchenault,3
FREN 440,D100,fall,2021,"FREN 230 or 240 or 245, FREN 301W, and at least one 300-level group B (lit.) course.",FREN 230;FREN 301W,False,"[{'days': 'Mo', 'startTime': '9:30', 'endTime': '12:20', 'campus': 'Burnaby'}]",Stephen Steele,3
GA 101,D100,fall,2021,,,False,"[{'days': 'Fr', 'startTime': '10:30', 'endTime': '12:20', 'campus': 'Burnaby'}]",Anushay Malik,3
GA 200,E100,fall,2021,15 units.,,False,"[{'days': 'Tu', 'startTime': '17:30', 'endTime': '20:20', 'campus': 'Burnaby'}]",Simon Nantais,3
GERM 100,D100,fall,2021,,,False,"[{'days': 'Tu, Th', 'startTime': '10:30', 'endTime': '12:20', 'campus': 'Burnaby'}]",Claudia Hein,3
GERM 100,D200,fall,2021,,,False,"[{'days': 'We, Fr', 'startTime': '10:30', 'endTime': '12:20', 'campus': 'Burnaby'}]",Claudia Hein,3
GERM 100,D300,fall,2021,,,False,"[{'days': 'We, Fr', 'startTime': '12:30', 'endTime': '14:20', 'campus': 'Burnaby'}]",Claudia Hein,3
GERO 300,E100,fall,2021,60 units.,,False,"[{'days': 'Mo', 'startTime': '17:00', 'endTime': '19:50', 'campus': 'Vancouver'}]",Laura Kadowaki,3
GERO 301,OL01,fall,2021,60 units.,,False,[],,3
GERO 410,E100,fall,2021,60 units. Recommended: GERO 300.,,False,"[{'days': 'Th', 'startTime': '16:30', 'endTime': '19:20', 'campus': 'Vancouver'}]",Sharon Koehn,3
GERO 420,C100,fall,2021,60 units. Recommended: GERO 300.,,False,[],Andrew Wister,4
GRK 111,D100,fall,2021,GRK 100 (or GRK 191) or equivalent.,GRK 100;GRK 191,False,[],Dionysia Eirini Kotsovili,3
GSWS 100,D100,fall,2021,,,False,"[{'days': 'Tu', 'startTime': '10:30', 'endTime': '12:20', 'campus': 'Burnaby'}]",Helen Leung,3
GSWS 100,OL01,fall,2021,,,False,[],Mary Shearman,3
GSWS 101,D900,fall,2021,,,False,"[{'days': 'Mo', 'startTime': '10:30', 'endTime': '12:20', 'campus': 'Surrey'}]",Natasha Patterson,3
GSWS 101,OL01,fall,2021,,,False,[],Mary Shearman,3
GSWS 102,OL01,fall,2021,,,False,[],,3
GSWS 208,D100,fall,2021,,,False,"[{'days': 'Tu', 'startTime': '14:30', 'endTime': '17:20', 'campus': 'Burnaby'}]",Coleman Nye,3
GSWS 305,D100,fall,2021,30 units including three units in GSWS or WS or GDST or LBST.,,False,"[{'days': 'Tu', 'startTime': '8:30', 'endTime': '11:20', 'campus': 'Burnaby'}]",Jeannie Morgan,4
GSWS 312,D100,fall,2021,15 units.,,False,"[{'days': 'Tu, Th', 'startTime': '12:30', 'endTime': '14:20', 'campus': 'Burnaby'}]",May Farrales,4
GSWS 314,D100,fall,2021,15 units.,,False,"[{'days': 'Fr', 'startTime': '12:30', 'endTime': '16:20', 'campus': 'Vancouver'}]",Habiba Zaman,4
GSWS 320,E100,fall,2021,15 units.,,False,"[{'days': 'Fr', 'startTime': '16:30', 'endTime': '20:20', 'campus': 'Vancouver'}]",Vaibhav Saria,4
GSWS 321,D100,fall,2021,15 units.,,False,"[{'days': 'We', 'startTime': '10:30', 'endTime': '12:20', 'campus': 'Burnaby'}, {'days': 'Fr', 'startTime': '10:30', 'endTime': '12:20', 'campus': 'Burnaby'}]",Nadine Attewell,4
GSWS 321,E100,fall,2021,15 units.,,False,"[{'days': 'Tu', 'startTime': '16:30', 'endTime': '20:20', 'campus': 'Burnaby'}]",Vaibhav Saria,4
GSWS 322,E100,fall,2021,"30 units, including three units in GSWS or WS or GDST.",,False,"[{'days': 'Mo', 'startTime': '16:30', 'endTime': '20:20', 'campus': 'Burnaby'}]",Coleman Nye,4
GSWS 333,D100,fall,2021,30 units including three units in GSWS or WS or GDST.,,False,"[{'days': 'Tu, Th', 'startTime': '10:30', 'endTime': '12:20', 'campus': 'Burnaby'}]",Shalimujiang Gulidana,4
GSWS 411,D100,fall,2021,"45 units, including six units in GSWS.",,False,"[{'days': 'Fr', 'startTime': '12:30', 'endTime': '16:20', 'campus': 'Burnaby'}]",Tiffany Muller Myrdahl,4
GSWS 433,E100,fall,2021,"45 units, including six units in GSWS or WS or GDST.",,False,"[{'days': 'Th', 'startTime': '16:30', 'endTime': '20:20', 'campus': 'Surrey'}]",Jen Marchbank,4
HIST 101,D100,fall,2021,,,False,"[{'days': 'Th', 'startTime': '12:30', 'endTime': '14:20', 'campus': 'Burnaby'}]",Willeen Keough,3
HIST 102W,F100,fall,2021,,,False,"[{'days': 'Th', 'startTime': '14:30', 'endTime': '17:20', 'campus': 'Burnaby'}]",Nicolas Kenny,3
HIST 106,D100,fall,2021,,,False,"[{'days': 'Mo', 'startTime': '14:30', 'endTime': '16:20', 'campus': 'Burnaby'}]",Evdoxios Doxiadis,3
HIST 130,D100,fall,2021,,,False,"[{'days': 'Tu', 'startTime': '10:30', 'endTime': '12:20', 'campus': 'Burnaby'}]",Luke Clossey,3
HIST 130,D900,fall,2021,,,False,"[{'days': 'Tu', 'startTime': '10:30', 'endTime': '12:20', 'campus': 'Burnaby'}]",Luke Clossey,3
HIST 146,D100,fall,2021,,,False,"[{'days': 'Th', 'startTime': '8:30', 'endTime': '10:20', 'campus': 'Burnaby'}]",Sarah Walshaw,3
HIST 151,D100,fall,2021,,,False,"[{'days': 'Tu', 'startTime': '14:30', 'endTime': '16:20', 'campus': 'Burnaby'}]",Thomas Kuehn,3
HIST 200,D100,fall,2021,,,False,"[{'days': 'Fr', 'startTime': '10:30', 'endTime': '12:20', 'campus': 'Burnaby'}]",Jennifer Spear,3
HIST 212,D100,fall,2021,Recommended: HIST 104.,,False,"[{'days': 'Tu', 'startTime': '8:30', 'endTime': '10:20', 'campus': 'Burnaby'}]",Joseph Taylor,3
HIST 220,D100,fall,2021,,,False,"[{'days': 'Tu', 'startTime': '10:30', 'endTime': '12:20', 'campus': 'Burnaby'}]",Emily O'Brien,3
HIST 223,D100,fall,2021,,,False,"[{'days': 'Th', 'startTime': '14:30', 'endTime': '17:20', 'campus': 'Burnaby'}]",Hilmar Pabel,3
HIST 224,D100,fall,2021,,,False,"[{'days': 'Tu', 'startTime': '12:30', 'endTime': '14:20', 'campus': 'Burnaby'}]",Ilya Vinkovetsky,3
HIST 254,E100,fall,2021,,,False,"[{'days': 'We', 'startTime': '16:30', 'endTime': '18:20', 'campus': 'Burnaby'}]",Niping Yan,3
HIST 254,E200,fall,2021,,,False,"[{'days': 'We', 'startTime': '16:30', 'endTime': '18:20', 'campus': 'Burnaby'}]",Niping Yan,3
HIST 265,D100,fall,2021,,,False,"[{'days': 'We', 'startTime': '14:30', 'endTime': '17:20', 'campus': 'Burnaby'}]",Anushay Malik,3
HIST 300,D100,fall,2021,"45 units, including six units of lower division history.",,False,"[{'days': 'Tu', 'startTime': '14:30', 'endTime': '17:20', 'campus': 'Burnaby'}]",Jennifer Spear,4
HIST 325,D100,fall,2021,"45 units, including six units of lower division history.",,False,"[{'days': 'Mo', 'startTime': '14:30', 'endTime': '17:20', 'campus': 'Burnaby'}]",Nicholas May,4
HIST 336,D100,fall,2021,"45 units, including six units of lower division history. Recommended: HIST 223 or 224.",,False,"[{'days': 'Tu', 'startTime': '11:30', 'endTime': '14:20', 'campus': 'Burnaby'}]",Hilmar Pabel,4
HIST 338,OL01,fall,2021,"45 units, including six units of lower division history. Recommended: HIST 225.",,False,[],Lauren Rossi,4
HIST 348,D100,fall,2021,"45 units, including six units of lower division history. Recommended: at least one of HIST 146, 231.",,False,"[{'days': 'Tu', 'startTime': '8:30', 'endTime': '11:20', 'campus': 'Burnaby'}]",Sarah Walshaw,4
HIST 352,D100,fall,2021,"45 units, including six units of lower division history. Recommended: one of HIST 151, 249.",,False,"[{'days': 'Th', 'startTime': '14:30', 'endTime': '17:20', 'campus': 'Burnaby'}]",AR Rezamand,4
HIST 358,D100,fall,2021,"45 units, including six units of lower division history.",,False,"[{'days': 'Mo', 'startTime': '14:30', 'endTime': '17:20', 'campus': 'Burnaby'}]",Anushay Malik,4
HIST 373,D100,fall,2021,"45 units including six units of lower division History and one of HIST 101, 104, or 212, or permission of the department.",HIST 101,False,"[{'days': 'Tu', 'startTime': '14:30', 'endTime': '17:20', 'campus': 'Burnaby'}]",Joseph Taylor,4
HIST 390,D100,fall,2021,"45 units, including six units of lower division history.",,False,"[{'days': 'Mo', 'startTime': '14:30', 'endTime': '17:20', 'campus': 'Burnaby'}]",Roxanne Panchasi,4
HIST 400,D100,fall,2021,Admission to the honours program in history.,,False,"[{'days': 'Fr', 'startTime': '9:30', 'endTime': '12:20', 'campus': 'Burnaby'}]",Jeremy Brown,4
HIST 401,D100,fall,2021,"45 units, including nine units of lower division history and one of HIST 224, 225, 332 or permission of the department.",HIST 224,False,"[{'days': 'Mo', 'startTime': '9:30', 'endTime': '12:20', 'campus': 'Burnaby'}]",Lauren Rossi,4
HIST 424,D100,fall,2021,"45 units including nine units of lower division history. Recommended: HIST 101, 102W.",,False,"[{'days': 'Tu', 'startTime': '14:30', 'endTime': '17:20', 'campus': 'Burnaby'}]",Nicholas May,4
HIST 425W,D100,fall,2021,45 units including nine units of lower division history.,,False,"[{'days': 'Tu', 'startTime': '11:30', 'endTime': '14:20', 'campus': 'Burnaby'}]",Willeen Keough,4
HIST 438W,D100,fall,2021,45 units including 9 units of lower division history.,,False,"[{'days': 'We', 'startTime': '9:30', 'endTime': '12:20', 'campus': 'Burnaby'}]",Bidisha Ray,4
HIST 445,D100,fall,2021,45 units including nine units of lower division history.,,False,"[{'days': 'Th', 'startTime': '14:30', 'endTime': '17:20', 'campus': 'Burnaby'}]",Paul Garfinkel,4
HIST 456,D100,fall,2021,45 units including nine units of lower division history. Recommended: HIST 151 and 249.,,False,"[{'days': 'We', 'startTime': '9:30', 'endTime': '12:20', 'campus': 'Burnaby'}]",Thomas Kuehn,4
HIST 463W,D100,fall,2021,45 units including nine units of lower division history.,,False,"[{'days': 'We', 'startTime': '9:30', 'endTime': '12:20', 'campus': 'Burnaby'}]",Stevan Bozanich,4
HIST 467,D100,fall,2021,"45 units including nine units of lower division history and one of HIST 151, 249, 350, 354, 355 or permission of the department.",HIST 151,False,"[{'days': 'Fr', 'startTime': '8:30', 'endTime': '12:20', 'campus': 'Burnaby'}]",Paul Sedra,4
HIST 469,D100,fall,2021,45 units including nine units of lower division history. Recommended: one of HIST 249 or 352.,,False,"[{'days': 'Fr', 'startTime': '12:30', 'endTime': '16:20', 'campus': 'Burnaby'}]",AR Rezamand,4
HUM 101W,D100,fall,2021,,,False,"[{'days': 'Tu', 'startTime': '14:30', 'endTime': '16:20', 'campus': 'Burnaby'}]",Samir Gandesha,3
HUM 102W,C100,fall,2021,,,False,[],David Mirhady,3
HUM 102W,C200,fall,2021,,,False,[],David Mirhady,3
HUM 105,D100,fall,2021,,,False,"[{'days': 'Mo', 'startTime': '10:30', 'endTime': '12:20', 'campus': 'Burnaby'}]",Emily O'Brien,3
HUM 110,D100,fall,2021,,,False,"[{'days': 'Fr', 'startTime': '14:30', 'endTime': '17:20', 'campus': 'Burnaby'}]",David Mirhady;Sabrina Higgins;Eirini Kotsovili;James Horncastle;Dionysia Eirini Kotsovili,3
HUM 130,D100,fall,2021,,,False,"[{'days': 'Th', 'startTime': '12:30', 'endTime': '14:20', 'campus': 'Burnaby'}]",Jason Brown,3
HUM 130,OL01,fall,2021,,,False,[],,3
HUM 150,D900,fall,2021,,,False,"[{'days': 'Th', 'startTime': '14:30', 'endTime': '17:20', 'campus': 'Surrey'}]",James Horncastle,3
HUM 203,D100,fall,2021,,,False,"[{'days': 'We', 'startTime': '14:30', 'endTime': '17:20', 'campus': 'Burnaby'}]",Paul Crowe,3
HUM 204,D100,fall,2021,HUM 130 (HUM 230 prior to 2007) is recommended.,HUM 130;HUM 230,False,"[{'days': 'Tu', 'startTime': '14:30', 'endTime': '17:20', 'campus': 'Burnaby'}]",Antone Minard,3
HUM 231,D100,fall,2021,,,False,"[{'days': 'Mo, We', 'startTime': '15:30', 'endTime': '16:50', 'campus': 'Burnaby'}]",Sabrina Higgins,3
HUM 305,D100,fall,2021,45 units.,,False,"[{'days': 'Th', 'startTime': '16:30', 'endTime': '20:20', 'campus': 'Burnaby'}]",Antone Minard,4
HUM 309,D100,fall,2021,45 units.,,False,"[{'days': 'Mo', 'startTime': '16:30', 'endTime': '20:20', 'campus': 'Burnaby'}]",Alessandra Capperdoni,4
HUM 330,D100,fall,2021,45 units.,,False,"[{'days': 'Fr', 'startTime': '12:30', 'endTime': '16:20', 'campus': 'Burnaby'}]",Niall Mackenzie,4
HUM 331,D100,fall,2021,45 units.,,False,"[{'days': 'Fr', 'startTime': '16:30', 'endTime': '20:20', 'campus': 'Vancouver'}]",Paul Crowe,4
HUM 340,D900,fall,2021,45 units.,,False,"[{'days': 'Fr', 'startTime': '8:30', 'endTime': '12:20', 'campus': 'Surrey'}]",Wayne Knights,4
HUM 350,D100,fall,2021,45 units.,,False,[],James Horncastle,4
HUM 360,D100,fall,2021,45 units.,,False,"[{'days': 'Th', 'startTime': '17:30', 'endTime': '21:20', 'campus': 'Vancouver'}]",Samir Gandesha,4
HUM 387,D100,fall,2021,,,False,[],Alessandra Capperdoni,4
INDG 101,D100,fall,2021,,,False,"[{'days': 'Tu', 'startTime': '10:30', 'endTime': '12:20', 'campus': 'Burnaby'}, {'days': 'Fr', 'startTime': '10:30', 'endTime': '11:20', 'campus': 'Burnaby'}]",Joyce Schneider,3
INDG 101,D200,fall,2021,,,False,"[{'days': 'Tu', 'startTime': '14:30', 'endTime': '17:20', 'campus': 'Burnaby'}]",Bryan Myles,3
INDG 101,D900,fall,2021,,,False,"[{'days': 'Th', 'startTime': '14:30', 'endTime': '17:20', 'campus': 'Surrey'}]",Bryan Myles,3
INDG 101,F100,fall,2021,,,False,"[{'days': 'We', 'startTime': '14:30', 'endTime': '17:20', 'campus': 'Burnaby'}]",Sarah Henzi,3
INDG 101,OL01,fall,2021,,,False,[],,3
INDG 111,D100,fall,2021,INDG (or FNST) 101 or 201W.,,False,"[{'days': 'We', 'startTime': '13:30', 'endTime': '14:20', 'campus': 'Burnaby'}, {'days': 'Fr', 'startTime': '12:30', 'endTime': '14:20', 'campus': 'Burnaby'}]",Natahnee Winder,3
INDG 201W,D100,fall,2021,,,False,"[{'days': 'Mo', 'startTime': '14:30', 'endTime': '17:20', 'campus': 'Vancouver'}]",Sandie Dielissen,3
INDG 212,D100,fall,2021,INDG (or FNST) 101 or 201W.,,False,"[{'days': 'Tu', 'startTime': '14:30', 'endTime': '17:20', 'campus': 'Burnaby'}]",Rudy Reimer,3
INDG 222,D100,fall,2021,Vary according to topic. Consult course outline on prerequisite(s) of each topic offering.,,False,"[{'days': 'Th', 'startTime': '14:30', 'endTime': '17:20', 'campus': 'Burnaby'}]",Jeannie Morgan,3
INDG 232,D100,fall,2021,INDG (or FNST) 101 or 201W.,,False,"[{'days': 'We', 'startTime': '14:30', 'endTime': '17:20', 'campus': 'Burnaby'}]",Chelsey Armstrong,3
INDG 286,D100,fall,2021,Recommended: INDG 101.,,False,"[{'days': 'Fr', 'startTime': '14:30', 'endTime': '17:20', 'campus': 'Burnaby'}]",Joyce Schneider,3
INDG 301,D100,fall,2021,INDG (or FNST) 101 or 201W.,,False,"[{'days': 'We', 'startTime': '9:30', 'endTime': '12:20', 'campus': 'Burnaby'}]",Sandie Dielissen,3
INDG 353W,D100,fall,2021,45 units or permission of the instructor.,,True,"[{'days': 'Mo', 'startTime': '9:30', 'endTime': '12:20', 'campus': 'Burnaby'}]",Eldon Yellowhorn,3
INDG 360,D100,fall,2021,45 units.,,False,"[{'days': 'Tu, Th', 'startTime': '12:30', 'endTime': '14:20', 'campus': 'Burnaby'}]",Alix Shield,4
INDG 383,D100,fall,2021,,,False,[],annie ross,4
INDG 401,OL01,fall,2021,INDG (or FNST) 101 and 201W. Recommended: POL 221.,,False,[],Natahnee Winder,3
INDG 462,D100,fall,2021,60 units including INDG (or FNST) 101 or INDG (or FNST) 201W and permission of the instructor.,,True,"[{'days': 'Fr', 'startTime': '8:30', 'endTime': '12:20', 'campus': 'Burnaby'}]",annie ross,4
IS 101,D100,fall,2021,,,False,[],Brenda Lyshaug,3
IS 101,D700,fall,2021,,,False,[],Brenda Lyshaug,3
IS 105,D100,fall,2021,,,False,"[{'days': 'Th', 'startTime': '14:30', 'endTime': '16:20', 'campus': 'Burnaby'}]",Darren Byler,3
IS 220,D100,fall,2021,,,False,"[{'days': 'Mo', 'startTime': '10:30', 'endTime': '12:20', 'campus': 'Burnaby'}]",Sumercan Bozkurt-Gungen,3
IS 265,D100,fall,2021,,,False,"[{'days': 'We', 'startTime': '14:30', 'endTime': '17:20', 'campus': 'Burnaby'}]",Anushay Malik,3
IS 300,E100,fall,2021,IS 101 and 45 units.,IS 101,False,"[{'days': 'We', 'startTime': '9:30', 'endTime': '12:20', 'campus': 'Vancouver'}]",Joseph Dasovic,4
IS 305,E100,fall,2021,45 units.,,False,"[{'days': 'Mo', 'startTime': '17:30', 'endTime': '21:20', 'campus': 'Vancouver'}]",David Matijasevich,4
IS 307,E100,fall,2021,45 units.,,False,"[{'days': 'Th', 'startTime': '17:30', 'endTime': '21:20', 'campus': 'Vancouver'}]",David Matijasevich,4
IS 310,D100,fall,2021,45 units.,,False,"[{'days': 'Tu', 'startTime': '11:30', 'endTime': '14:20', 'campus': 'Vancouver'}]",Megan MacKenzie,4
IS 323,D100,fall,2021,45 units.,,False,"[{'days': 'We', 'startTime': '14:30', 'endTime': '17:20', 'campus': 'Vancouver'}]",Elizabeth Cooper,4
IS 333,E100,fall,2021,45 units.,,False,"[{'days': 'Tu', 'startTime': '17:30', 'endTime': '21:20', 'campus': 'Vancouver'}]",Logan Masilamani,4
IS 350W,D100,fall,2021,60 units. International Studies major or honours students.,,False,"[{'days': 'Tu', 'startTime': '14:30', 'endTime': '17:20', 'campus': 'Vancouver'}]",Amyn Sajoo,4
IS 358,D100,fall,2021,45 units.,,False,"[{'days': 'Mo', 'startTime': '14:30', 'endTime': '17:20', 'campus': 'Burnaby'}]",Anushay Malik,4
IS 402,D100,fall,2021,45 units.,,False,"[{'days': 'Th', 'startTime': '8:30', 'endTime': '11:20', 'campus': 'Burnaby'}]",Nicole Jackson,4
IS 409,D100,fall,2021,45 units.,,False,"[{'days': 'Th', 'startTime': '11:30', 'endTime': '14:20', 'campus': 'Vancouver'}]",Jason Stearns,4
IS 427,D100,fall,2021,45 units.,,False,"[{'days': 'Fr', 'startTime': '9:30', 'endTime': '12:20', 'campus': 'Vancouver'}]",Sumercan Bozkurt-Gungen,4
IS 428,D200,fall,2021,By application to the undergraduate chair. May only be taken once for credit towards a degree or diploma.,,False,[],,4
IS 451,D100,fall,2021,90 units. International Studies major or honours students.,,False,"[{'days': 'Th', 'startTime': '14:30', 'endTime': '17:20', 'campus': 'Vancouver'}]",Amyn Sajoo,4
ITAL 100,D100,fall,2021,,,False,[],Vlad Vintila,3
ITAL 110,D100,fall,2021,ITAL 100 or equivalent.,ITAL 100,False,[],Elena Caselli,3
ITAL 400,D100,fall,2021,ITAL 300 or permission from the instructor.,ITAL 300,False,[],Elena Caselli,4
JAPN 100,D100,fall,2021,,,False,"[{'days': 'Tu, Th', 'startTime': '10:30', 'endTime': '12:20', 'campus': 'Burnaby'}]",Chie Furukawa,3
JAPN 100,D200,fall,2021,,,False,"[{'days': 'Tu, Th', 'startTime': '14:30', 'endTime': '16:20', 'campus': 'Vancouver'}]",Chie Furukawa,3
JAPN 100,D300,fall,2021,,,False,"[{'days': 'We, Fr', 'startTime': '10:30', 'endTime': '12:20', 'campus': 'Vancouver'}]",Chie Furukawa,3
JAPN 100,D700,fall,2021,,,False,"[{'days': 'We, Fr', 'startTime': '14:30', 'endTime': '16:20', 'campus': 'Burnaby'}]",Chie Furukawa,3
JAPN 110,D200,fall,2021,JAPN 100 or equivalent: students of Japanese grade 12 may enroll directly into JAPN 110.,JAPN 100;JAPN 110,False,"[{'days': 'We, Fr', 'startTime': '10:30', 'endTime': '12:20', 'campus': 'Burnaby'}]",RIMA IBATA,3
JAPN 200,D100,fall,2021,JAPN 110 (or JAPN 101) or equivalent.,JAPN 110;JAPN 101,False,"[{'days': 'We, Fr', 'startTime': '10:30', 'endTime': '12:20', 'campus': 'Burnaby'}]",Eri Hato,3
JAPN 210,D100,fall,2021,JAPN 200 or equivalent.,JAPN 200,False,"[{'days': 'We, Fr', 'startTime': '14:30', 'endTime': '16:20', 'campus': 'Burnaby'}]",RIMA IBATA,3
JAPN 301,D100,fall,2021,JAPN 300 or by permission of the department.,JAPN 300,False,"[{'days': 'Tu, Th', 'startTime': '14:30', 'endTime': '16:20', 'campus': 'Burnaby'}]",Chie Furukawa,3
LBST 100,D100,fall,2021,,,False,"[{'days': 'Tu', 'startTime': '14:30', 'endTime': '17:20', 'campus': 'Burnaby'}]",Kendra Strauss,3
LBST 101,D100,fall,2021,,,False,"[{'days': 'Th', 'startTime': '12:30', 'endTime': '14:20', 'campus': 'Burnaby'}]",Evelyn Encalada Grez,3
LBST 201,E100,fall,2021,Strongly Recommended: LBST 101.,,False,"[{'days': 'Th', 'startTime': '17:30', 'endTime': '20:20', 'campus': 'Burnaby'}]",Maureen Kihika,3
LBST 202,D100,fall,2021,LBST 100 or LBST 101 or with permission of instructor.,LBST 100;LBST 101,False,"[{'days': 'We', 'startTime': '14:30', 'endTime': '17:20', 'campus': 'Burnaby'}]",Edward Haddon,3
LBST 301W,D100,fall,2021,LBST 100 or LBST 101 or on permission of instructor.,LBST 100;LBST 101,False,"[{'days': 'Mo', 'startTime': '9:30', 'endTime': '12:20', 'campus': 'Burnaby'}]",,3
LBST 313,E100,fall,2021,Strongly Recommended: LBST 101.,,False,"[{'days': 'Mo', 'startTime': '17:30', 'endTime': '20:20', 'campus': 'Burnaby'}]",Sonya Sabet-Rasekh,3
LING 100,D100,fall,2021,,,False,"[{'days': 'Fr', 'startTime': '14:30', 'endTime': '17:20', 'campus': 'Burnaby'}]",Trude Heift,3
LING 111,D100,fall,2021,,,False,"[{'days': 'Mo', 'startTime': '14:30', 'endTime': '15:20', 'campus': 'Burnaby'}]",Wei Wah Wong,3
LING 200,D100,fall,2021,,,False,"[{'days': 'We', 'startTime': '14:30', 'endTime': '17:20', 'campus': 'Burnaby'}]",Wei Wah Wong,3
LING 220,D100,fall,2021,,,False,[],Ivelina Koleva Tchizmarova,3
LING 290,D100,fall,2021,,,False,"[{'days': 'Tu', 'startTime': '14:30', 'endTime': '17:20', 'campus': 'Burnaby'}]",,3
LING 309W,D100,fall,2021,LING 282W. Recommended: LING 160 or LING 260.,LING 282W,False,"[{'days': 'We, Fr', 'startTime': '15:30', 'endTime': '16:50', 'campus': 'Burnaby'}]",Suzanne Hilgendorf,3
LING 322,D100,fall,2021,LING 282W; or LING 222 and any lower division W course.,LING 282W;LING 222,False,"[{'days': 'Mo', 'startTime': '8:30', 'endTime': '10:20', 'campus': 'Burnaby'}, {'days': 'We', 'startTime': '8:30', 'endTime': '9:20', 'campus': 'Burnaby'}]",Chung-hye Han,3
LING 323,D100,fall,2021,"One of LING 301W, 309W or 482W.",LING 301W,False,"[{'days': 'Mo', 'startTime': '10:30', 'endTime': '11:20', 'campus': 'Burnaby'}, {'days': 'Th', 'startTime': '10:30', 'endTime': '12:20', 'campus': 'Burnaby'}]",John Alderete,3
LING 330,D100,fall,2021,LING 282W; or LING 221 and any lower division W course.,LING 282W;LING 221,False,"[{'days': 'Tu', 'startTime': '14:30', 'endTime': '17:20', 'campus': 'Burnaby'}]",Murray Munro,3
LING 350,E100,fall,2021,"One of LING 301W, 309W or 482W.",LING 301W,False,"[{'days': 'Mo', 'startTime': '17:30', 'endTime': '19:20', 'campus': 'Burnaby'}, {'days': 'We', 'startTime': '17:30', 'endTime': '18:20', 'campus': 'Burnaby'}]",Dean Mellow,3
LING 360,D100,fall,2021,LING 282W.,LING 282W,False,"[{'days': 'Th', 'startTime': '14:30', 'endTime': '17:20', 'campus': 'Burnaby'}]",Trude Heift,3
LING 362,D100,fall,2021,LING 282W; or LING 221 and any lower division W course.,LING 282W;LING 221,False,"[{'days': 'Tu', 'startTime': '11:30', 'endTime': '14:20', 'campus': 'Burnaby'}]",Wei Wah Wong,3
LING 411,D100,fall,2021,"LING 321 or 330, and 9 additional units of upper division Linguistics.",LING 321,False,"[{'days': 'We', 'startTime': '14:30', 'endTime': '17:20', 'campus': 'Burnaby'}]",Murray Munro,3
PHIL 100W,D100,fall,2021,,,False,"[{'days': 'Tu', 'startTime': '12:30', 'endTime': '14:20', 'campus': 'Burnaby'}]",David Heide,3
PHIL 105,D100,fall,2021,,,False,"[{'days': 'Th', 'startTime': '14:30', 'endTime': '16:20', 'campus': 'Burnaby'}]",David Heide,3
PHIL 105,E900,fall,2021,,,False,"[{'days': 'We', 'startTime': '17:30', 'endTime': '20:20', 'campus': 'Burnaby'}]",Simon Pollon,3
PHIL 110,D100,fall,2021,,,False,"[{'days': 'Mo, We', 'startTime': '11:30', 'endTime': '12:20', 'campus': 'Burnaby'}]",Thomas Donaldson,3
PHIL 120W,D100,fall,2021,,,False,"[{'days': 'Mo, We', 'startTime': '9:30', 'endTime': '10:20', 'campus': 'Burnaby'}]",Bruno Guindon,3
PHIL 120W,D900,fall,2021,,,False,"[{'days': 'Fr', 'startTime': '14:30', 'endTime': '17:20', 'campus': 'Surrey'}]",Brian Thomas,3
PHIL 144,D100,fall,2021,,,False,"[{'days': 'We', 'startTime': '9:30', 'endTime': '10:20', 'campus': 'Burnaby'}, {'days': 'Fr', 'startTime': '9:30', 'endTime': '10:20', 'campus': 'Burnaby'}]",Holly Andersen,3
PHIL 150,D100,fall,2021,,,False,"[{'days': 'Mo', 'startTime': '16:30', 'endTime': '18:20', 'campus': 'Burnaby'}, {'days': 'We', 'startTime': '16:30', 'endTime': '17:20', 'campus': 'Burnaby'}]",Nicolas Bommarito,3
PHIL 201,D100,fall,2021,"One of PHIL 100W (or equivalent), 120W (or equivalent), 121, 144, 150, 151, or COGS 100.",PHIL 100W;COGS 100,False,"[{'days': 'Tu', 'startTime': '14:30', 'endTime': '17:20', 'campus': 'Burnaby'}]",Martin Hahn,3
PHIL 221,D100,fall,2021,"One of: PHIL 100W (or equivalent), PHIL 120W (or equivalent), PHIL 121, PHIL 144, PHIL 150 or PHIL 151.",PHIL 100W;PHIL 120W;PHIL 121;PHIL 144;PHIL 150;PHIL 151,False,"[{'days': 'Mo', 'startTime': '12:30', 'endTime': '14:20', 'campus': 'Burnaby'}, {'days': 'We', 'startTime': '12:30', 'endTime': '13:20', 'campus': 'Burnaby'}]",Bruno Guindon,3
PHIL 300,E100,fall,2021,At least 60 units.,,False,"[{'days': 'Mo', 'startTime': '17:30', 'endTime': '20:20', 'campus': 'Burnaby'}]",Brian Thomas,3
PHIL 320,E100,fall,2021,"One of PHIL 120W (or equivalent), 121, 220, 221, ENV 320W, or REM 320W.",PHIL 120W;ENV 320W;REM 320W,False,"[{'days': 'We', 'startTime': '16:30', 'endTime': '19:20', 'campus': 'Burnaby'}]",Chelsea Rosenthal,3
PHIL 326,D100,fall,2021,"One of PHIL 120W (or equivalent), 121, 220, 221, ENV 320W, REM 320W, or with permission of instructor.",PHIL 120W;ENV 320W;REM 320W,False,"[{'days': 'Fr', 'startTime': '9:30', 'endTime': '12:20', 'campus': 'Burnaby'}]",Bruno Guindon,3
PHIL 328,D100,fall,2021,"One of PHIL 120W (or equivalent), 121, 220, 221, ENV 320W, or REM 320W.",PHIL 120W;ENV 320W;REM 320W,False,"[{'days': 'Mo', 'startTime': '9:30', 'endTime': '12:20', 'campus': 'Burnaby'}]",Simon Pollon,3
PHIL 329,D100,fall,2021,"One of PHIL 120W (or equivalent), 121, 220, 221, ENV 320W, or with permission of instructor.",PHIL 120W;ENV 320W,False,"[{'days': 'Th', 'startTime': '11:30', 'endTime': '14:20', 'campus': 'Burnaby'}]",Sam Black,3
PHIL 332,D100,fall,2021,As stated by department at time of offering.,,False,"[{'days': 'Tu', 'startTime': '10:30', 'endTime': '12:20', 'campus': 'Burnaby'}, {'days': 'Fr', 'startTime': '10:30', 'endTime': '11:20', 'campus': 'Burnaby'}]",Kathleen Akins,3
PHIL 342,D100,fall,2021,"One prior philosophy course (not including PHIL 110, PHIL 105, PHIL 310, PHIL 314, or PHIL 315). (This prerequisite may be waived in some cases, at the discretion of the instructor.)",PHIL 110;PHIL 105;PHIL 310;PHIL 314;PHIL 315,False,"[{'days': 'Mo', 'startTime': '12:30', 'endTime': '14:20', 'campus': 'Burnaby'}, {'days': 'We', 'startTime': '12:30', 'endTime': '13:20', 'campus': 'Burnaby'}]",Nicolas Bommarito,3
PHIL 421W,E100,fall,2021,two 300 level PHIL courses; it is strongly recommended that students have taken some prior course in moral theory.,,False,"[{'days': 'Tu', 'startTime': '16:30', 'endTime': '20:20', 'campus': 'Burnaby'}]",Chelsea Rosenthal,4
PHIL 451W,E100,fall,2021,two 300 level PHIL courses.,,False,"[{'days': 'Th', 'startTime': '16:30', 'endTime': '20:20', 'campus': 'Burnaby'}]",Martin Hahn,4
PHIL 455W,E100,fall,2021,Two 300 division PHIL courses.,,False,"[{'days': 'Mo', 'startTime': '16:30', 'endTime': '20:20', 'campus': 'Burnaby'}]",Jennifer Wang,4
PHIL 478,D100,fall,2021,PHIL 478 is a requisite for all honours students. It must be taken concurrently with or consecutively to PHIL 477.,PHIL 478;PHIL 477,False,[],Kathleen Akins,5
POL 100,D100,fall,2021,,,False,"[{'days': 'Th', 'startTime': '14:30', 'endTime': '16:20', 'campus': 'Burnaby'}]",Eline de Rooij,3
POL 100,D900,fall,2021,,,False,"[{'days': 'Fr', 'startTime': '10:30', 'endTime': '12:20', 'campus': 'Surrey'}]",Stewart Prest,3
POL 100,F100,fall,2021,,,False,"[{'days': 'Tu', 'startTime': '14:30', 'endTime': '16:20', 'campus': 'Burnaby'}]",Remi Leger,3
POL 121,D100,fall,2021,,,False,"[{'days': 'Mo', 'startTime': '8:30', 'endTime': '10:20', 'campus': 'Burnaby'}]",Stewart Prest,3
POL 131,D100,fall,2021,,,False,"[{'days': 'Th', 'startTime': '8:30', 'endTime': '11:20', 'campus': 'Burnaby'}]",Richard Gbedoah,3
POL 141,D100,fall,2021,,,False,"[{'days': 'Tu', 'startTime': '14:30', 'endTime': '16:20', 'campus': 'Burnaby'}]",,3
POL 151,D100,fall,2021,,,False,"[{'days': 'Mo', 'startTime': '12:30', 'endTime': '14:20', 'campus': 'Burnaby'}]",Clare McGovern,3
POL 200W,D100,fall,2021,,,False,"[{'days': 'Tu', 'startTime': '10:30', 'endTime': '12:20', 'campus': 'Burnaby'}]",Stewart Prest,4
POL 201,D100,fall,2021,,,False,"[{'days': 'We', 'startTime': '12:30', 'endTime': '13:20', 'campus': 'Burnaby'}]",Mark Pickup,4
POL 210,D100,fall,2021,POL 100 or permission of department.,POL 100,False,"[{'days': 'Fr', 'startTime': '10:30', 'endTime': '12:20', 'campus': 'Burnaby'}]",Cara Camcastle,3
POL 310,D100,fall,2021,Six lower division units in political science or permission of the department.,,True,"[{'days': 'Mo', 'startTime': '14:30', 'endTime': '17:20', 'campus': 'Burnaby'}]",Eline de Rooij,4
POL 322,D100,fall,2021,Six lower division units in political science or permission of the department.,,True,"[{'days': 'Tu', 'startTime': '11:30', 'endTime': '14:20', 'campus': 'Burnaby'}]",Cara Camcastle,4
POL 332,D100,fall,2021,Six lower division units in political science or permission of the department.,,True,"[{'days': 'Th', 'startTime': '14:30', 'endTime': '17:20', 'campus': 'Burnaby'}]",Clare McGovern,4
POL 341,D100,fall,2021,POL 141 and three lower division units in political science or permission of the department.,POL 141,False,"[{'days': 'Mo', 'startTime': '14:30', 'endTime': '17:20', 'campus': 'Burnaby'}]",Tsuyoshi Kawasaki,4
POL 346,D100,fall,2021,Six lower division units in political science or permission of the department.,,True,"[{'days': 'Fr', 'startTime': '9:30', 'endTime': '12:20', 'campus': 'Burnaby'}]",Tyler Chamberlain,4
POL 348,D100,fall,2021,POL 141 and three lower division units in political science or permission of the department.,POL 141,False,"[{'days': 'Mo, We', 'startTime': '15:30', 'endTime': '16:50', 'campus': 'Burnaby'}]",Elis Vllasi,4
POL 349,D100,fall,2021,Six lower division units in Political Science or permission of the department.,,True,"[{'days': 'Th', 'startTime': '14:30', 'endTime': '17:20', 'campus': None}]",Radoslav Dimitrov,4
POL 351,D100,fall,2021,Six lower division units in political science or permission of the department.,,True,"[{'days': 'Tu', 'startTime': '14:30', 'endTime': '17:20', 'campus': 'Vancouver'}]",Aude-Claire Fourot,4
POL 359,D100,fall,2021,Six lower division units in political science or permission of the department.,,True,"[{'days': 'We', 'startTime': '9:30', 'endTime': '12:20', 'campus': 'Burnaby'}]",Laurel Weldon,4
POL 359,F100,fall,2021,Six lower division units in political science or permission of the department.,,True,"[{'days': 'Tu', 'startTime': '14:30', 'endTime': '17:20', 'campus': 'Burnaby'}]",Valerie Vezina,4
POL 416W,E100,fall,2021,Eight upper division units in political science or permission of the department.,,True,"[{'days': 'Fr', 'startTime': '16:30', 'endTime': '20:20', 'campus': 'Vancouver'}]",Genevieve Fuji Johnson,4
POL 421W,D100,fall,2021,Eight upper division units in political science or permission of the department.,,True,"[{'days': 'Tu', 'startTime': '14:30', 'endTime': '17:20', 'campus': 'Burnaby'}]",Clare McGovern,4
POL 422,D100,fall,2021,Eight upper division units in political science or permission of the department.,,True,"[{'days': 'Tu, Th', 'startTime': '10:30', 'endTime': '12:20', 'campus': 'Burnaby'}]",Elis Vllasi,4
POL 445W,D100,fall,2021,Eight upper division units in Political Science or permission of the department.,,True,"[{'days': 'We', 'startTime': '9:30', 'endTime': '12:20', 'campus': 'Burnaby'}]",Aaron Hoffman,4
POL 454,D100,fall,2021,Eight upper division units in political science or permission of the department.,,True,"[{'days': 'Tu', 'startTime': '11:30', 'endTime': '14:20', 'campus': 'Burnaby'}]",Patrick Smith,4
PSYC 100,D100,fall,2021,,,False,"[{'days': 'Th', 'startTime': '12:30', 'endTime': '14:20', 'campus': 'Burnaby'}]",George Alder,3
PSYC 100,D200,fall,2021,,,False,"[{'days': 'We, Fr', 'startTime': '13:30', 'endTime': '14:20', 'campus': 'Burnaby'}]",Russell Day,3
PSYC 100,D300,fall,2021,,,False,"[{'days': 'Mo', 'startTime': '10:30', 'endTime': '11:20', 'campus': 'Burnaby'}, {'days': 'Th', 'startTime': '10:30', 'endTime': '12:20', 'campus': 'Burnaby'}]",Diana Lim,3
PSYC 100,D900,fall,2021,,,False,"[{'days': 'Mo', 'startTime': '10:30', 'endTime': '11:20', 'campus': 'Surrey'}, {'days': 'Th', 'startTime': '10:30', 'endTime': '12:20', 'campus': 'Surrey'}]",Sarah Coupland,3
PSYC 102,D100,fall,2021,,,False,"[{'days': 'We', 'startTime': '14:30', 'endTime': '17:20', 'campus': 'Burnaby'}]",Diana Lim,3
PSYC 102,D900,fall,2021,,,False,"[{'days': 'Mo', 'startTime': '14:30', 'endTime': '15:20', 'campus': 'Surrey'}, {'days': 'Th', 'startTime': '14:30', 'endTime': '16:20', 'campus': 'Surrey'}]",Diana Lim,3
PSYC 106,D100,fall,2021,,,False,"[{'days': 'Th', 'startTime': '16:30', 'endTime': '19:20', 'campus': 'Burnaby'}]",Ralph Mistlberger,3
PSYC 201W,C200,fall,2021,PSYC 100 or 102.,PSYC 100,False,[],George Alder,4
PSYC 201W,D100,fall,2021,PSYC 100 or 102.,PSYC 100,False,"[{'days': 'Tu', 'startTime': '10:30', 'endTime': '12:20', 'campus': 'Burnaby'}]",George Alder,4
PSYC 210,D100,fall,2021,PSYC 201W and BC high school Math 12 with a minimum grade of C (2.0) or BC high school Math 11 with a minimum grade of B- (2.67) or any level MATH or STAT course with a C- (1.67) or FAN X99 taken at SFU with a minimum grade of C (2.00).,PSYC 201W,False,"[{'days': 'Th', 'startTime': '10:30', 'endTime': '12:20', 'campus': 'Burnaby'}]",Matthew Sigal,4
PSYC 221,D100,fall,2021,PSYC 100.,PSYC 100,False,"[{'days': 'Tu', 'startTime': '14:30', 'endTime': '17:20', 'campus': 'Burnaby'}]",Richard Wright,3
PSYC 241,OL01,fall,2021,PSYC 102.,PSYC 102,False,[],,3
PSYC 250,D100,fall,2021,PSYC 102.,PSYC 102,False,"[{'days': 'We', 'startTime': '14:30', 'endTime': '17:20', 'campus': 'Burnaby'}]",Sherrie Atwood,3
PSYC 260,D100,fall,2021,PSYC 102.,PSYC 102,False,"[{'days': 'Th', 'startTime': '14:30', 'endTime': '17:20', 'campus': 'Burnaby'}]",Lara Aknin,3
PSYC 268,D100,fall,2021,PSYC 102.,PSYC 102,False,"[{'days': 'Mo', 'startTime': '12:30', 'endTime': '14:20', 'campus': 'Burnaby'}, {'days': 'We', 'startTime': '12:30', 'endTime': '13:20', 'campus': 'Burnaby'}]",Ronald Roesch,3
PSYC 280,C100,fall,2021,PSYC 100. Recommended: BISC 101.,PSYC 100,False,[],Neil Watson,3
PSYC 300W,D100,fall,2021,PSYC 201W.,PSYC 201W,False,"[{'days': 'Tu', 'startTime': '12:30', 'endTime': '14:20', 'campus': 'Burnaby'}]",Gordon Rose,4
PSYC 301,D100,fall,2021,PSYC 201 and 210 and a minimum CGPA of 2.67.,PSYC 201,False,"[{'days': 'Mo', 'startTime': '10:30', 'endTime': '12:20', 'campus': 'Burnaby'}]",Matthew Sigal,4
PSYC 303,D100,fall,2021,PSYC 201 and 221 (or 335).,PSYC 201,False,"[{'days': 'Tu', 'startTime': '14:30', 'endTime': '17:20', 'campus': 'Burnaby'}]",Tom Spalek,3
PSYC 330,D100,fall,2021,PSYC 201 and 221.,PSYC 201,False,"[{'days': 'Th', 'startTime': '14:30', 'endTime': '17:20', 'campus': 'Burnaby'}]",Richard Wright,3
PSYC 354,D100,fall,2021,PSYC 201 and 250.,PSYC 201,False,"[{'days': 'Tu', 'startTime': '14:30', 'endTime': '16:20', 'campus': 'Burnaby'}]",Jeremy Carpendale,3
PSYC 362,C100,fall,2021,PSYC 201 and 260.,PSYC 201,False,[],Rebecca Cobb;Lauren McRae,3
PSYC 362,C200,fall,2021,PSYC 201 and 260.,PSYC 201,False,[],Rebecca Cobb;Lauren McRae,3
PSYC 365,D100,fall,2021,PSYC 201.,PSYC 201,False,"[{'days': 'We', 'startTime': '14:30', 'endTime': '17:20', 'campus': 'Burnaby'}]",David Cox,3
PSYC 366,D100,fall,2021,PSYC 201 and PSYC 260.,PSYC 201;PSYC 260,False,"[{'days': 'Mo', 'startTime': '14:30', 'endTime': '17:20', 'campus': 'Burnaby'}]",Gulnaz Anjum,3
PSYC 367,D100,fall,2021,"PSYC 201, PSYC 260, PSYC 362.",PSYC 201;PSYC 260;PSYC 362,False,"[{'days': 'Th', 'startTime': '14:30', 'endTime': '17:20', 'campus': 'Burnaby'}]",Jessica Ferreira,3
PSYC 370,D100,fall,2021,PSYC 201.,PSYC 201,False,"[{'days': 'We', 'startTime': '9:30', 'endTime': '12:20', 'campus': 'Burnaby'}]",Bob Ley,3
PSYC 376,D100,fall,2021,PSYC 201W and PSYC 268. Recommended: PSYC 210.,PSYC 201W;PSYC 268,False,"[{'days': 'Mo', 'startTime': '14:30', 'endTime': '17:20', 'campus': 'Burnaby'}]",Ryan Fitzgerald,3
PSYC 382,D100,fall,2021,"PSYC 201, 221, and 280.",PSYC 201,False,"[{'days': 'Th', 'startTime': '11:30', 'endTime': '14:20', 'campus': 'Burnaby'}]",Evan Caldbick,3
PSYC 385,D100,fall,2021,PSYC 201W.,PSYC 201W,False,"[{'days': 'We', 'startTime': '9:30', 'endTime': '12:20', 'campus': 'Burnaby'}]",Timothy Racine,3
PSYC 386,D100,fall,2021,PSYC 201 and 280.,PSYC 201,False,"[{'days': 'Tu', 'startTime': '10:30', 'endTime': '12:20', 'campus': 'Burnaby'}]",John Joseph McDonald,4
PSYC 388,D100,fall,2021,PSYC 201 and 280.,PSYC 201,False,"[{'days': 'Mo', 'startTime': '14:30', 'endTime': '17:20', 'campus': 'Burnaby'}]",Ralph Mistlberger,3
PSYC 391,D100,fall,2021,PSYC 201. Other prerequisites vary by topic offering.,PSYC 201,False,"[{'days': 'Fr', 'startTime': '9:30', 'endTime': '12:20', 'campus': 'Burnaby'}]",Lara Aknin,3
PSYC 410,D100,fall,2021,"PSYC 201, 210, 301, 60 units, and a CGPA of 3.0.",PSYC 201,False,"[{'days': 'Tu', 'startTime': '14:30', 'endTime': '17:20', 'campus': 'Burnaby'}]",Rachel Fouladi,4
PSYC 476,D100,fall,2021,"PSYC 201, 210, 268, 60 units, and a CGPA of 3.0. Other prerequisites vary by topic offering.",PSYC 201,False,"[{'days': 'Fr', 'startTime': '9:30', 'endTime': '12:20', 'campus': 'Burnaby'}]",Ryan Fitzgerald,4
PSYC 490,D100,fall,2021,"75 units, PSYC 300 and 301, both with a minimum grade of 3.0, CGPA 3.33, and permission of the department.",PSYC 300,False,"[{'days': 'Th', 'startTime': '8:30', 'endTime': '12:20', 'campus': 'Burnaby'}]",,4
PUNJ 100,E900,fall,2021,,,False,"[{'days': 'Tu, Th', 'startTime': '16:30', 'endTime': '18:20', 'campus': 'Burnaby'}]",Parvinder Dhariwal,3
SA 101,D200,fall,2021,,,False,"[{'days': 'Tu', 'startTime': '10:30', 'endTime': '12:20', 'campus': 'Burnaby'}]",Natasha Ferenczi,4
SA 101,D900,fall,2021,,,False,"[{'days': 'Fr', 'startTime': '8:30', 'endTime': '10:20', 'campus': 'Surrey'}]",Bascom Guffin,4
SA 101,OL01,fall,2021,,,False,[],Cristina Moretti,4
SA 150,D100,fall,2021,,,False,"[{'days': 'Mo', 'startTime': '14:30', 'endTime': '16:20', 'campus': 'Burnaby'}]",Kyle Willmott,4
SA 150,OL01,fall,2021,,,False,[],Suzanna Crage,4
SA 200W,OL01,fall,2021,,,False,[],Amanda Watson,4
SA 201W,D100,fall,2021,Recommended: SA 101.,,False,"[{'days': 'We', 'startTime': '9:30', 'endTime': '12:20', 'campus': 'Burnaby'}]",Pamela Stern,4
SA 231,D100,fall,2021,,,False,"[{'days': 'Th', 'startTime': '11:30', 'endTime': '14:20', 'campus': 'Burnaby'}]",Barbara Mitchell,4
SA 250,D100,fall,2021,SA 150.,SA 150,False,"[{'days': 'We', 'startTime': '9:30', 'endTime': '12:20', 'campus': 'Burnaby'}]",Cynthia Patton,4
SA 255,D100,fall,2021,SA 101 or 150.,SA 101,False,"[{'days': 'Tu', 'startTime': '8:30', 'endTime': '10:20', 'campus': 'Burnaby'}]",Gagun Chhina,4
SA 257,D100,fall,2021,SA 101 or 150.,SA 101,False,"[{'days': 'Mo', 'startTime': '10:30', 'endTime': '12:20', 'campus': 'Burnaby'}]",Suzanna Crage,4
SA 301,D100,fall,2021,SA 201W.,SA 201W,False,"[{'days': 'We', 'startTime': '9:30', 'endTime': '12:20', 'campus': 'Burnaby'}]",Natasha Ferenczi,4
SA 302W,D100,fall,2021,,,False,"[{'days': 'Mo', 'startTime': '9:30', 'endTime': '12:20', 'campus': 'Burnaby'}]",Amanda Watson,4
SA 304,D100,fall,2021,SA 101 or 150 or 201W.,SA 101,False,"[{'days': 'We', 'startTime': '14:30', 'endTime': '17:20', 'campus': 'Burnaby'}]",Agnes MacDonald,4
SA 315,D100,fall,2021,,,False,"[{'days': 'Tu', 'startTime': '10:30', 'endTime': '12:20', 'campus': 'Burnaby'}, {'days': 'Th', 'startTime': '10:30', 'endTime': '12:20', 'campus': 'Burnaby'}]",Gary Teeple,4
SA 316,C100,fall,2021,SA 101 or 150 or 201w.,SA 101,False,[],Agnes MacDonald,4
SA 322,D100,fall,2021,SA 101 or 150 or 201W.,SA 101,False,"[{'days': 'We', 'startTime': '14:30', 'endTime': '17:20', 'campus': 'Vancouver'}]",Bascom Guffin,4
SA 325,D100,fall,2021,SA 101 or 150 or 201W.,SA 101,False,"[{'days': 'Tu, Th', 'startTime': '14:30', 'endTime': '16:20', 'campus': 'Burnaby'}]",Gary Teeple,4
SA 335,OL01,fall,2021,SA 101 or 150 or 201W.,SA 101,False,[],Wendy Chan,4
SA 345,OL01,fall,2021,SA 101 or 150 or 201W.,SA 101,False,[],Wendy Chan,4
SA 350,D100,fall,2021,SA 250.,SA 250,False,"[{'days': 'Fr', 'startTime': '12:30', 'endTime': '16:20', 'campus': 'Burnaby'}]",Agnes MacDonald,4
SA 355,D100,fall,2021,SA 255 and SA 257.,SA 255;SA 257,False,"[{'days': 'Th', 'startTime': '14:30', 'endTime': '17:20', 'campus': 'Burnaby'}]",Katherine Watson,4
SA 356W,D100,fall,2021,SA 255.,SA 255,False,"[{'days': 'Fr', 'startTime': '9:30', 'endTime': '12:20', 'campus': 'Burnaby'}]",Pamela Stern,4
SA 359,D100,fall,2021,SA 101 or 150 or 201W.,SA 101,False,"[{'days': 'We', 'startTime': '16:30', 'endTime': '20:20', 'campus': 'Burnaby'}]",Dara Culhane,4
SA 420,C100,fall,2021,"72 units including SA 101 or 150 or SA 201W, or acceptance into the diploma program in gerontology, or by consent of instructor.",SA 101;SA 201W,False,[],,4
SA 442,E100,fall,2021,Minimum of 72 units including either SA 101 or SA 150.,SA 101;SA 150,False,"[{'days': 'Tu', 'startTime': '16:30', 'endTime': '20:20', 'campus': 'Burnaby'}]",Kyle Willmott,4
SA 450,E100,fall,2021,"Minimum of 72 units including SA 350, a GPA of at least 3.25 and consent of the instructor.",SA 350,False,"[{'days': 'We', 'startTime': '16:30', 'endTime': '20:20', 'campus': 'Burnaby'}]",Cynthia Patton,4
SA 451,E100,fall,2021,"Minimum of 72 units including SA 301, a GPA of at least 3.25 and consent of the instructor.",SA 301,False,"[{'days': 'Mo', 'startTime': '16:30', 'endTime': '20:20', 'campus': 'Burnaby'}]",Jie Yang,4
SA 495,D100,fall,2021,"72 units, SA 355 or SA 356W, and departmental consent.",SA 355;SA 356W,False,"[{'days': 'Th', 'startTime': '14:30', 'endTime': '17:20', 'campus': 'Burnaby'}]",Suzanna Crage,4
SPAN 100,D100,fall,2021,,,False,[],Isabel Mayo-Harp,3
SPAN 100,D700,fall,2021,,,False,[],Isabel Mayo-Harp,3
SPAN 110,D100,fall,2021,"SPAN 100 (or SPAN 102), grade 12 Spanish, or equivalent.",SPAN 100;SPAN 102,False,[],Isabel Mayo-Harp,3
SPAN 110,D700,fall,2021,"SPAN 100 (or SPAN 102), grade 12 Spanish, or equivalent.",SPAN 100;SPAN 102,False,[],Isabel Mayo-Harp,3
SPAN 200,D100,fall,2021,SPAN 110 (or SPAN 103) or equivalent.,SPAN 110;SPAN 103,False,[],Isabel Mayo-Harp,3
WL 100,D100,fall,2021,,,False,"[{'days': 'Fr', 'startTime': '10:30', 'endTime': '12:20', 'campus': 'Burnaby'}]",Mark Deggan,3
WL 101W,D100,fall,2021,,,False,"[{'days': 'Mo', 'startTime': '12:30', 'endTime': '14:20', 'campus': 'Burnaby'}]",Kenneth Seigneurie,3
WL 104W,D100,fall,2021,,,False,"[{'days': 'Tu', 'startTime': '12:30', 'endTime': '14:20', 'campus': 'Burnaby'}]",Mark Deggan,3
WL 200,D100,fall,2021,"six units in World Literature, including one W course.",,False,"[{'days': 'Th', 'startTime': '14:30', 'endTime': '17:20', 'campus': 'Burnaby'}]",Mark Deggan,3
WL 202,D100,fall,2021,,,False,"[{'days': 'We', 'startTime': '14:30', 'endTime': '17:20', 'campus': 'Burnaby'}]",Maria Barraza,3
WL 301W,D100,fall,2021,,,False,[],Azadeh Yamini-Hamedani,4
WL 303,D100,fall,2021,45 units.,,False,"[{'days': 'Fr', 'startTime': '9:30', 'endTime': '12:20', 'campus': 'Burnaby'}]",Maria Barraza,4
WL 400,D100,fall,2021,"60 units including two 300-level courses in World Literature, English, and/or Humanities.",,False,"[{'days': 'Tu, Th', 'startTime': '16:30', 'endTime': '18:20', 'campus': 'Burnaby'}]",Kenneth Seigneurie,4
BUS 200,D100,fall,2021,,,False,"[{'days': 'Th', 'startTime': '14:30', 'endTime': '17:20', 'campus': 'Burnaby'}]",,3
BUS 200,E100,fall,2021,,,False,"[{'days': 'We', 'startTime': '17:30', 'endTime': '20:20', 'campus': 'Burnaby'}]",,3
BUS 201,D100,fall,2021,This course is only open to approved Business Administration majors admitted to the faculty through the Business Foundation Program - High School Stream.,,False,"[{'days': 'We', 'startTime': '14:30', 'endTime': '17:20', 'campus': 'Burnaby'}]",,3
BUS 201,D300,fall,2021,This course is only open to approved Business Administration majors admitted to the faculty through the Business Foundation Program - High School Stream.,,False,"[{'days': 'Fr', 'startTime': '14:30', 'endTime': '17:20', 'campus': 'Surrey'}]",,3
BUS 201,D400,fall,2021,This course is only open to approved Business Administration majors admitted to the faculty through the Business Foundation Program - High School Stream.,,False,"[{'days': 'We', 'startTime': '14:30', 'endTime': '17:20', 'campus': 'Burnaby'}]",,3
BUS 201,D500,fall,2021,This course is only open to approved Business Administration majors admitted to the faculty through the Business Foundation Program - High School Stream.,,False,"[{'days': 'Fr', 'startTime': '14:30', 'endTime': '17:20', 'campus': 'Burnaby'}]",,3
BUS 201,E100,fall,2021,This course is only open to approved Business Administration majors admitted to the faculty through the Business Foundation Program - High School Stream.,,False,"[{'days': 'We', 'startTime': '19:30', 'endTime': '22:20', 'campus': 'Burnaby'}]",,3
BUS 202,D100,fall,2021,"This course is only open to approved Business Administration majors, joint majors, or second degree students admitted to the faculty through the Business Foundation Program - Transfer Stream.",,False,"[{'days': 'Th', 'startTime': '11:30', 'endTime': '14:20', 'campus': 'Burnaby'}]",,3
BUS 202,E100,fall,2021,"This course is only open to approved Business Administration majors, joint majors, or second degree students admitted to the faculty through the Business Foundation Program - Transfer Stream.",,False,"[{'days': 'We', 'startTime': '17:30', 'endTime': '20:20', 'campus': 'Burnaby'}]",,3
BUS 207,D100,fall,2021,"ECON 103, 105, MATH 157, all with a minimum grade of C-; 15 units.",ECON 103;MATH 157,False,"[{'days': 'Mo', 'startTime': '14:30', 'endTime': '17:20', 'campus': 'Burnaby'}]",,3
BUS 207,E100,fall,2021,"ECON 103, 105, MATH 157, all with a minimum grade of C-; 15 units.",ECON 103;MATH 157,False,"[{'days': 'Tu', 'startTime': '17:30', 'endTime': '20:20', 'campus': 'Burnaby'}]",,3
BUS 217W,D100,fall,2021,"BUS 201 with a minimum grade of C- and 15 units; OR 45 units and corequisite: BUS 202; OR Business Administration joint major, joint honours, or double degree students with 45 units; OR Data Science majors with 15 units.",BUS 201;BUS 202,False,"[{'days': 'Tu', 'startTime': '14:30', 'endTime': '17:20', 'campus': 'Burnaby'}]",,3
BUS 217W,D300,fall,2021,"BUS 201 with a minimum grade of C- and 15 units; OR 45 units and corequisite: BUS 202; OR Business Administration joint major, joint honours, or double degree students with 45 units; OR Data Science majors with 15 units.",BUS 201;BUS 202,False,"[{'days': 'Th', 'startTime': '14:30', 'endTime': '17:20', 'campus': 'Burnaby'}]",,3
BUS 217W,D600,fall,2021,"BUS 201 with a minimum grade of C- and 15 units; OR 45 units and corequisite: BUS 202; OR Business Administration joint major, joint honours, or double degree students with 45 units; OR Data Science majors with 15 units.",BUS 201;BUS 202,False,"[{'days': 'We', 'startTime': '14:30', 'endTime': '17:20', 'campus': 'Burnaby'}]",,3
BUS 217W,E100,fall,2021,"BUS 201 with a minimum grade of C- and 15 units; OR 45 units and corequisite: BUS 202; OR Business Administration joint major, joint honours, or double degree students with 45 units; OR Data Science majors with 15 units.",BUS 201;BUS 202,False,"[{'days': 'Tu', 'startTime': '17:30', 'endTime': '20:20', 'campus': 'Burnaby'}]",,3
BUS 217W,E200,fall,2021,"BUS 201 with a minimum grade of C- and 15 units; OR 45 units and corequisite: BUS 202; OR Business Administration joint major, joint honours, or double degree students with 45 units; OR Data Science majors with 15 units.",BUS 201;BUS 202,False,"[{'days': 'Th', 'startTime': '17:30', 'endTime': '20:20', 'campus': 'Burnaby'}]",,3
BUS 221,D100,fall,2021,,,False,"[{'days': 'We', 'startTime': '14:30', 'endTime': '17:20', 'campus': 'Burnaby'}]",,3
BUS 221,D200,fall,2021,,,False,"[{'days': 'Fr', 'startTime': '14:30', 'endTime': '17:20', 'campus': 'Surrey'}]",,3
BUS 225,D100,fall,2021,,,False,[],,3
BUS 232,D100,fall,2021,"MATH 150, MATH 151, MATH 154, or MATH 157, with a minimum grade of C-; 15 units. MATH 150, MATH 151, MATH 154, or MATH 157 may be taken concurrently with BUS 232.",MATH 150;MATH 151;MATH 154;MATH 157;BUS 232,False,"[{'days': 'Tu, Th', 'startTime': '14:30', 'endTime': '16:20', 'campus': 'Burnaby'}]",,4
BUS 232,D200,fall,2021,"MATH 150, MATH 151, MATH 154, or MATH 157, with a minimum grade of C-; 15 units. MATH 150, MATH 151, MATH 154, or MATH 157 may be taken concurrently with BUS 232.",MATH 150;MATH 151;MATH 154;MATH 157;BUS 232,False,"[{'days': 'Fr', 'startTime': '12:30', 'endTime': '16:20', 'campus': 'Surrey'}]",,4
BUS 232,E100,fall,2021,"MATH 150, MATH 151, MATH 154, or MATH 157, with a minimum grade of C-; 15 units. MATH 150, MATH 151, MATH 154, or MATH 157 may be taken concurrently with BUS 232.",MATH 150;MATH 151;MATH 154;MATH 157;BUS 232,False,"[{'days': 'Tu, Th', 'startTime': '18:00', 'endTime': '19:50', 'campus': 'Burnaby'}]",,4
BUS 233,E100,fall,2021,12 units.,,False,"[{'days': 'Mo', 'startTime': '17:30', 'endTime': '20:20', 'campus': 'Burnaby'}]",,3
BUS 237,D100,fall,2021,12 units.,,False,"[{'days': 'Tu', 'startTime': '8:30', 'endTime': '10:20', 'campus': 'Burnaby'}]",,3
BUS 237,D200,fall,2021,12 units.,,False,"[{'days': 'Tu', 'startTime': '14:30', 'endTime': '16:20', 'campus': 'Surrey'}]",,3
BUS 237,E100,fall,2021,12 units.,,False,"[{'days': 'Th', 'startTime': '18:30', 'endTime': '20:20', 'campus': 'Burnaby'}]",,3
BUS 238,D200,fall,2021,12 units.,,False,"[{'days': 'Tu', 'startTime': '14:30', 'endTime': '17:20', 'campus': 'Surrey'}]",,3
BUS 251,D100,fall,2021,12 units.,,False,"[{'days': 'Th', 'startTime': '12:30', 'endTime': '14:20', 'campus': 'Burnaby'}]",,3
BUS 251,D200,fall,2021,12 units.,,False,"[{'days': 'Fr', 'startTime': '10:30', 'endTime': '12:20', 'campus': 'Surrey'}]",,3
BUS 251,E100,fall,2021,12 units.,,False,"[{'days': 'Th', 'startTime': '16:30', 'endTime': '18:20', 'campus': 'Burnaby'}]",,3
BUS 254,D100,fall,2021,BUS 251 with a minimum grade of C-; 15 units.,BUS 251,False,"[{'days': 'Fr', 'startTime': '10:30', 'endTime': '12:20', 'campus': 'Burnaby'}]",,3
BUS 254,D200,fall,2021,BUS 251 with a minimum grade of C-; 15 units.,BUS 251,False,"[{'days': 'Th', 'startTime': '14:30', 'endTime': '16:20', 'campus': 'Surrey'}]",,3
BUS 272,D100,fall,2021,12 units.,,False,"[{'days': 'Mo', 'startTime': '12:30', 'endTime': '14:20', 'campus': 'Burnaby'}]",,3
BUS 272,D200,fall,2021,12 units.,,False,"[{'days': 'Tu', 'startTime': '14:30', 'endTime': '16:20', 'campus': 'Surrey'}]",,3
BUS 272,D300,fall,2021,12 units.,,False,"[{'days': 'Th', 'startTime': '14:30', 'endTime': '16:20', 'campus': 'Burnaby'}]",,3
BUS 272,E100,fall,2021,12 units.,,False,"[{'days': 'Mo', 'startTime': '17:30', 'endTime': '19:20', 'campus': 'Burnaby'}]",,3
BUS 303,D100,fall,2021,45 units.,,False,"[{'days': 'Tu', 'startTime': '11:30', 'endTime': '14:20', 'campus': 'Burnaby'}]",,3
BUS 303,D200,fall,2021,45 units.,,False,"[{'days': 'We', 'startTime': '14:30', 'endTime': '17:20', 'campus': 'Burnaby'}]",,3
BUS 303,D300,fall,2021,45 units.,,False,"[{'days': 'Fr', 'startTime': '9:30', 'endTime': '12:20', 'campus': 'Burnaby'}]",,3
BUS 303,D500,fall,2021,45 units.,,False,"[{'days': 'We', 'startTime': '9:30', 'endTime': '12:20', 'campus': 'Surrey'}]",,3
BUS 307,D100,fall,2021,"45 units; BUS 207 or ECON 201, with a minimum grade of C-.",BUS 207;ECON 201,False,"[{'days': 'We', 'startTime': '9:30', 'endTime': '12:20', 'campus': 'Burnaby'}]",,3
BUS 311,D100,fall,2021,"This course is only open to students admitted to the Business Administration Minor between Fall 2012 - Summer 2016 and who have credit for BUS 251 with a minimum grade of C- and 45 units, OR to students admitted to the Business Administration Minor Fall 2016 - onwards and who have credit for BUS 251 with a minimum grade of C-, 45 units, and corequisite BUS 200.",BUS 251;BUS 200,False,"[{'days': 'Tu, Th', 'startTime': '8:30', 'endTime': '10:20', 'campus': 'Burnaby'}]",,4
BUS 312,D100,fall,2021,"BUS 254 (or 324) with a minimum grade of C-; 45 units. Recommended: BUS 207, ECON 201, or ECON 301.",BUS 254,False,"[{'days': 'We, Fr', 'startTime': '12:30', 'endTime': '14:20', 'campus': 'Burnaby'}]",,4
BUS 312,D200,fall,2021,"BUS 254 (or 324) with a minimum grade of C-; 45 units. Recommended: BUS 207, ECON 201, or ECON 301.",BUS 254,False,"[{'days': 'Fr', 'startTime': '8:30', 'endTime': '12:20', 'campus': 'Surrey'}]",,4
BUS 312,E100,fall,2021,"BUS 254 (or 324) with a minimum grade of C-; 45 units. Recommended: BUS 207, ECON 201, or ECON 301.",BUS 254,False,"[{'days': 'We', 'startTime': '17:30', 'endTime': '21:20', 'campus': 'Burnaby'}]",,4
BUS 314,E100,fall,2021,"BUS 238 or BUS 254, with a minimum grade of C-; 45 units.",BUS 238;BUS 254,False,"[{'days': 'Th', 'startTime': '17:30', 'endTime': '20:20', 'campus': 'Burnaby'}]",,3
BUS 315,D100,fall,2021,"BUS 312, BUS 336 and BUS 207 or ECON 201 or ECON 301, all with a minimum grade of C-; 45 units.",BUS 312;BUS 336;BUS 207;ECON 201;ECON 301,False,"[{'days': 'Fr', 'startTime': '12:30', 'endTime': '16:20', 'campus': 'Burnaby'}]",,4
BUS 315,E100,fall,2021,"BUS 312, BUS 336 and BUS 207 or ECON 201 or ECON 301, all with a minimum grade of C-; 45 units.",BUS 312;BUS 336;BUS 207;ECON 201;ECON 301,False,"[{'days': 'Tu', 'startTime': '16:30', 'endTime': '20:20', 'campus': 'Burnaby'}]",,4
BUS 316,D100,fall,2021,"BUS 312, 336, both with a minimum grade of C-; 45 units.",BUS 312,False,"[{'days': 'Mo', 'startTime': '9:30', 'endTime': '12:20', 'campus': 'Burnaby'}]",,3
BUS 316,E100,fall,2021,"BUS 312, 336, both with a minimum grade of C-; 45 units.",BUS 312,False,"[{'days': 'Mo', 'startTime': '16:30', 'endTime': '19:20', 'campus': 'Burnaby'}]",,3
BUS 320,D100,fall,2021,BUS 254 with a minimum grade of C-; 45 units.,BUS 254,False,"[{'days': 'Fr', 'startTime': '14:30', 'endTime': '17:20', 'campus': 'Burnaby'}]",,3
BUS 320,E100,fall,2021,BUS 254 with a minimum grade of C-; 45 units.,BUS 254,False,"[{'days': 'We', 'startTime': '17:30', 'endTime': '20:20', 'campus': 'Burnaby'}]",,3
BUS 321,D100,fall,2021,BUS 320 with a minimum grade of C-; 45 units.,BUS 320,False,"[{'days': 'Mo', 'startTime': '14:30', 'endTime': '17:20', 'campus': 'Burnaby'}]",,3
BUS 321,E100,fall,2021,BUS 320 with a minimum grade of C-; 45 units.,BUS 320,False,"[{'days': 'Mo', 'startTime': '18:30', 'endTime': '21:20', 'campus': 'Burnaby'}]",,3
BUS 322,D100,fall,2021,"BUS 254 with a minimum grade of C-, 45 units.",BUS 254,False,"[{'days': 'Mo', 'startTime': '14:30', 'endTime': '17:20', 'campus': 'Burnaby'}]",,3
BUS 326,D100,fall,2021,,,False,[],,3
BUS 330,D100,fall,2021,,,False,"[{'days': 'Fr', 'startTime': '9:30', 'endTime': '12:20', 'campus': 'Burnaby'}]",,3
BUS 331,D100,fall,2021,"BUS 330 (or BUS 329) with a minimum grade of C-, 45 units.",BUS 330;BUS 329,False,"[{'days': 'We', 'startTime': '9:30', 'endTime': '12:20', 'campus': 'Burnaby'}]",,3
BUS 336,D100,fall,2021,"MATH 150, MATH 151, MATH 154, or MATH 157, with a minimum grade of C-; BUS 232, ECON 233, or STAT 270, with a minimum grade of C-; 45 units.",MATH 150;MATH 151;MATH 154;MATH 157;BUS 232;ECON 233;STAT 270,False,"[{'days': 'We, Fr', 'startTime': '12:30', 'endTime': '14:20', 'campus': 'Burnaby'}]",,4
BUS 336,E100,fall,2021,"MATH 150, MATH 151, MATH 154, or MATH 157, with a minimum grade of C-; BUS 232, ECON 233, or STAT 270, with a minimum grade of C-; 45 units.",MATH 150;MATH 151;MATH 154;MATH 157;BUS 232;ECON 233;STAT 270,False,"[{'days': 'Tu, Th', 'startTime': '20:00', 'endTime': '21:50', 'campus': 'Burnaby'}]",,4
BUS 338,D100,fall,2021,"BUS 238 or BUS 254, with a minimum grade of C-; 45 units.",BUS 238;BUS 254,False,"[{'days': 'Mo', 'startTime': '14:30', 'endTime': '17:20', 'campus': 'Surrey'}]",,3
BUS 341,D100,fall,2021,"This course is only open to students admitted to the Business Administration Minor between Fall 2012 - Summer 2016 and who have 45 units, OR to students admitted to the Business Administration Minor Fall 2016 - onwards and who have 45 units, and corequisite BUS 200.",BUS 200,False,"[{'days': 'Fr', 'startTime': '8:30', 'endTime': '12:20', 'campus': 'Burnaby'}]",,4
BUS 343,D100,fall,2021,45 units.,,False,"[{'days': 'Tu', 'startTime': '12:30', 'endTime': '14:20', 'campus': 'Burnaby'}]",,3
BUS 343,E100,fall,2021,45 units.,,False,"[{'days': 'Tu', 'startTime': '16:30', 'endTime': '18:20', 'campus': 'Burnaby'}]",,3
BUS 345,D100,fall,2021,"BUS 343, 336, both with a minimum grade of C-; 45 units; OR Data Science majors with BUS 343 with a minimum grade of C- and 45 units.",BUS 343,False,"[{'days': 'Fr', 'startTime': '14:30', 'endTime': '17:20', 'campus': 'Burnaby'}]",,3
BUS 345,D200,fall,2021,"BUS 343, 336, both with a minimum grade of C-; 45 units; OR Data Science majors with BUS 343 with a minimum grade of C- and 45 units.",BUS 343,False,"[{'days': 'Th', 'startTime': '11:30', 'endTime': '14:20', 'campus': 'Burnaby'}]",,3
BUS 346,D100,fall,2021,45 units.,,False,"[{'days': 'Th', 'startTime': '8:30', 'endTime': '11:20', 'campus': 'Burnaby'}]",,3
BUS 346,E100,fall,2021,45 units.,,False,"[{'days': 'Mo', 'startTime': '17:30', 'endTime': '20:20', 'campus': 'Burnaby'}]",,3
BUS 347,D100,fall,2021,BUS 343 with a minimum grade of C-; 45 units.,BUS 343,False,"[{'days': 'Tu', 'startTime': '14:30', 'endTime': '17:20', 'campus': 'Burnaby'}]",,3
BUS 347,D200,fall,2021,BUS 343 with a minimum grade of C-; 45 units.,BUS 343,False,"[{'days': 'Th', 'startTime': '14:30', 'endTime': '17:20', 'campus': 'Burnaby'}]",,3
BUS 360W,D100,fall,2021,"This course is open to students admitted prior to Fall 2014 to the Business Administration major, honours, or second degree program and who have 45 units, OR to students admitted Fall 2014 - Summer 2017 to the Business Administration major, honours, or second degree program and who have 45 units and BUS 130 or 201 or 202 or 301, with a minimum grade of C-, OR to student admitted Fall 2017 - onwards to the Business Administration major, honours, or second degree program and who have 45 units and BUS 130 or 201 or 202 or 301, with a minimum grade of C- and BUS 217W with a minimum grade of C-, OR to Business Administration joint major or joint honours students with BUS 217W with a minimum grade of C- and 45 units, OR to Business and Economics Joint Major students with ECON 220W with a minimum grade of C- and 45 units, OR to Mechatronic Systems Engineering and Business Administration double degree students with 45 units, OR to Management Systems Science or Actuarial Science majors with 45 units OR to Data Science major with BUS 217W with a minimum grade of C- and 45 units.",BUS 130;BUS 217W;ECON 220W,False,"[{'days': 'Tu', 'startTime': '11:30', 'endTime': '14:20', 'campus': 'Burnaby'}]",,4
BUS 360W,D300,fall,2021,"This course is open to students admitted prior to Fall 2014 to the Business Administration major, honours, or second degree program and who have 45 units, OR to students admitted Fall 2014 - Summer 2017 to the Business Administration major, honours, or second degree program and who have 45 units and BUS 130 or 201 or 202 or 301, with a minimum grade of C-, OR to student admitted Fall 2017 - onwards to the Business Administration major, honours, or second degree program and who have 45 units and BUS 130 or 201 or 202 or 301, with a minimum grade of C- and BUS 217W with a minimum grade of C-, OR to Business Administration joint major or joint honours students with BUS 217W with a minimum grade of C- and 45 units, OR to Business and Economics Joint Major students with ECON 220W with a minimum grade of C- and 45 units, OR to Mechatronic Systems Engineering and Business Administration double degree students with 45 units, OR to Management Systems Science or Actuarial Science majors with 45 units OR to Data Science major with BUS 217W with a minimum grade of C- and 45 units.",BUS 130;BUS 217W;ECON 220W,False,"[{'days': 'Th', 'startTime': '14:30', 'endTime': '17:20', 'campus': 'Surrey'}]",,4
BUS 360W,D500,fall,2021,"This course is open to students admitted prior to Fall 2014 to the Business Administration major, honours, or second degree program and who have 45 units, OR to students admitted Fall 2014 - Summer 2017 to the Business Administration major, honours, or second degree program and who have 45 units and BUS 130 or 201 or 202 or 301, with a minimum grade of C-, OR to student admitted Fall 2017 - onwards to the Business Administration major, honours, or second degree program and who have 45 units and BUS 130 or 201 or 202 or 301, with a minimum grade of C- and BUS 217W with a minimum grade of C-, OR to Business Administration joint major or joint honours students with BUS 217W with a minimum grade of C- and 45 units, OR to Business and Economics Joint Major students with ECON 220W with a minimum grade of C- and 45 units, OR to Mechatronic Systems Engineering and Business Administration double degree students with 45 units, OR to Management Systems Science or Actuarial Science majors with 45 units OR to Data Science major with BUS 217W with a minimum grade of C- and 45 units.",BUS 130;BUS 217W;ECON 220W,False,"[{'days': 'Th', 'startTime': '8:30', 'endTime': '11:20', 'campus': 'Burnaby'}]",,4
BUS 360W,D600,fall,2021,"This course is open to students admitted prior to Fall 2014 to the Business Administration major, honours, or second degree program and who have 45 units, OR to students admitted Fall 2014 - Summer 2017 to the Business Administration major, honours, or second degree program and who have 45 units and BUS 130 or 201 or 202 or 301, with a minimum grade of C-, OR to student admitted Fall 2017 - onwards to the Business Administration major, honours, or second degree program and who have 45 units and BUS 130 or 201 or 202 or 301, with a minimum grade of C- and BUS 217W with a minimum grade of C-, OR to Business Administration joint major or joint honours students with BUS 217W with a minimum grade of C- and 45 units, OR to Business and Economics Joint Major students with ECON 220W with a minimum grade of C- and 45 units, OR to Mechatronic Systems Engineering and Business Administration double degree students with 45 units, OR to Management Systems Science or Actuarial Science majors with 45 units OR to Data Science major with BUS 217W with a minimum grade of C- and 45 units.",BUS 130;BUS 217W;ECON 220W,False,"[{'days': 'Th', 'startTime': '11:30', 'endTime': '14:20', 'campus': 'Burnaby'}]",,4
BUS 360W,E100,fall,2021,"This course is open to students admitted prior to Fall 2014 to the Business Administration major, honours, or second degree program and who have 45 units, OR to students admitted Fall 2014 - Summer 2017 to the Business Administration major, honours, or second degree program and who have 45 units and BUS 130 or 201 or 202 or 301, with a minimum grade of C-, OR to student admitted Fall 2017 - onwards to the Business Administration major, honours, or second degree program and who have 45 units and BUS 130 or 201 or 202 or 301, with a minimum grade of C- and BUS 217W with a minimum grade of C-, OR to Business Administration joint major or joint honours students with BUS 217W with a minimum grade of C- and 45 units, OR to Business and Economics Joint Major students with ECON 220W with a minimum grade of C- and 45 units, OR to Mechatronic Systems Engineering and Business Administration double degree students with 45 units, OR to Management Systems Science or Actuarial Science majors with 45 units OR to Data Science major with BUS 217W with a minimum grade of C- and 45 units.",BUS 130;BUS 217W;ECON 220W,False,"[{'days': 'We', 'startTime': '17:30', 'endTime': '20:20', 'campus': 'Burnaby'}]",,4
BUS 360W,E200,fall,2021,"This course is open to students admitted prior to Fall 2014 to the Business Administration major, honours, or second degree program and who have 45 units, OR to students admitted Fall 2014 - Summer 2017 to the Business Administration major, honours, or second degree program and who have 45 units and BUS 130 or 201 or 202 or 301, with a minimum grade of C-, OR to student admitted Fall 2017 - onwards to the Business Administration major, honours, or second degree program and who have 45 units and BUS 130 or 201 or 202 or 301, with a minimum grade of C- and BUS 217W with a minimum grade of C-, OR to Business Administration joint major or joint honours students with BUS 217W with a minimum grade of C- and 45 units, OR to Business and Economics Joint Major students with ECON 220W with a minimum grade of C- and 45 units, OR to Mechatronic Systems Engineering and Business Administration double degree students with 45 units, OR to Management Systems Science or Actuarial Science majors with 45 units OR to Data Science major with BUS 217W with a minimum grade of C- and 45 units.",BUS 130;BUS 217W;ECON 220W,False,"[{'days': 'Th', 'startTime': '17:30', 'endTime': '20:20', 'campus': 'Burnaby'}]",,4
BUS 361,D100,fall,2021,45 units.,,False,"[{'days': 'Th', 'startTime': '8:30', 'endTime': '11:20', 'campus': 'Burnaby'}]",,3
BUS 361,D200,fall,2021,45 units.,,False,"[{'days': 'We', 'startTime': '14:30', 'endTime': '17:20', 'campus': 'Surrey'}]",,3
BUS 362,D100,fall,2021,BUS 237 with a minimum grade of C-; 45 units; OR Data Science majors with 45 units.,BUS 237,False,"[{'days': 'Mo', 'startTime': '8:30', 'endTime': '10:20', 'campus': 'Burnaby'}]",,4
BUS 371,D100,fall,2021,45 units; BUS 217W with a minimum grade of C-.,BUS 217W,False,"[{'days': 'Tu', 'startTime': '14:30', 'endTime': '17:20', 'campus': 'Burnaby'}]",,3
BUS 374,D100,fall,2021,45 units; BUS 272 (or 372) with a minimum grade of C-.,BUS 272,False,"[{'days': 'Fr', 'startTime': '9:30', 'endTime': '12:20', 'campus': 'Burnaby'}]",Aneesh Sharma,3
BUS 381,D100,fall,2021,BUS 272 (or 372) with a minimum grade of C-; 45 units.,BUS 272,False,"[{'days': 'Th', 'startTime': '8:30', 'endTime': '11:20', 'campus': 'Burnaby'}]",,3
BUS 381,E100,fall,2021,BUS 272 (or 372) with a minimum grade of C-; 45 units.,BUS 272,False,"[{'days': 'We', 'startTime': '17:30', 'endTime': '20:20', 'campus': 'Burnaby'}]",,3
BUS 393,D100,fall,2021,45 units. BUEC 391 is not to be taken concurrently with BUS 393.,BUEC 391;BUS 393,False,"[{'days': 'Th', 'startTime': '10:30', 'endTime': '12:20', 'campus': 'Burnaby'}]",,3
BUS 393,D200,fall,2021,45 units. BUEC 391 is not to be taken concurrently with BUS 393.,BUEC 391;BUS 393,False,"[{'days': 'Fr', 'startTime': '12:30', 'endTime': '14:20', 'campus': 'Burnaby'}]",,3
BUS 393,D300,fall,2021,45 units. BUEC 391 is not to be taken concurrently with BUS 393.,BUEC 391;BUS 393,False,"[{'days': 'Mo', 'startTime': '10:30', 'endTime': '12:20', 'campus': 'Burnaby'}]",,3
BUS 393,D400,fall,2021,45 units. BUEC 391 is not to be taken concurrently with BUS 393.,BUEC 391;BUS 393,False,"[{'days': 'Th', 'startTime': '14:30', 'endTime': '16:20', 'campus': 'Surrey'}]",,3
BUS 410,D100,fall,2021,"BUS 315, 316, 360W, all with a minimum grade of C-; 60 units.",BUS 315,False,"[{'days': 'We', 'startTime': '14:30', 'endTime': '17:20', 'campus': 'Burnaby'}]",,3
BUS 410,E100,fall,2021,"BUS 315, 316, 360W, all with a minimum grade of C-; 60 units.",BUS 315,False,"[{'days': 'Tu', 'startTime': '17:30', 'endTime': '20:20', 'campus': 'Burnaby'}]",,3
BUS 413,D100,fall,2021,"BUS 315, 316, 360W, all with a minimum grade of C-; 60 units.",BUS 315,False,"[{'days': 'Tu, Th', 'startTime': '10:30', 'endTime': '12:20', 'campus': 'Burnaby'}]",,4
BUS 413,D200,fall,2021,"BUS 315, 316, 360W, all with a minimum grade of C-; 60 units.",BUS 315,False,"[{'days': 'Tu, Th', 'startTime': '14:30', 'endTime': '16:20', 'campus': 'Burnaby'}]",,4
BUS 414,E100,fall,2021,"BUS 315, BUS 360W, both with a minimum grade of C-; 60 units.",BUS 315;BUS 360W,False,"[{'days': 'We', 'startTime': '17:30', 'endTime': '20:20', 'campus': 'Burnaby'}]",,3
BUS 417,D100,fall,2021,"BUS 315, 360W, both with a minimum grade of C-; 60 units. Recommended: BUS 221.",BUS 315,False,"[{'days': 'Fr', 'startTime': '8:30', 'endTime': '12:20', 'campus': 'Burnaby'}]",,4
BUS 418,D100,fall,2021,"BUS 315, 316, 360W, all with a minimum grade of C-; 60 units.",BUS 315,False,"[{'days': 'Mo', 'startTime': '9:30', 'endTime': '12:20', 'campus': 'Burnaby'}]",,3
BUS 418,E100,fall,2021,"BUS 315, 316, 360W, all with a minimum grade of C-; 60 units.",BUS 315,False,"[{'days': 'Mo', 'startTime': '16:30', 'endTime': '19:20', 'campus': 'Burnaby'}]",,3
BUS 419,E100,fall,2021,"BUS 315, 316, 360W, all with a minimum grade of C-; 60 units.",BUS 315,False,"[{'days': 'Tu', 'startTime': '17:30', 'endTime': '20:20', 'campus': 'Burnaby'}]",,3
BUS 420,D100,fall,2021,"BUS 321, 360W, both with a minimum grade of C-; 60 units.",BUS 321,False,"[{'days': 'Tu', 'startTime': '11:30', 'endTime': '14:20', 'campus': 'Burnaby'}]",,3
BUS 421,D100,fall,2021,"BUS 207 (or ECON 201 or ECON 301), BUS 321, BUS 360W, all with a minimum grade of C-; 60 units.",BUS 207;ECON 201;ECON 301;BUS 321;BUS 360W,False,"[{'days': 'We', 'startTime': '14:30', 'endTime': '17:20', 'campus': 'Burnaby'}]",,3
BUS 424,D100,fall,2021,"BUS 322 or 319, 336, 360W, all with a minimum grade of C-; 60 units.",BUS 322,False,"[{'days': 'Mo', 'startTime': '9:30', 'endTime': '12:20', 'campus': 'Burnaby'}]",,3
BUS 426,D100,fall,2021,"BUS 321, 360W, both with a minimum grade of C-; 60 units.",BUS 321,False,"[{'days': 'Tu', 'startTime': '11:30', 'endTime': '14:20', 'campus': 'Burnaby'}]",,3
BUS 426,D200,fall,2021,"BUS 321, 360W, both with a minimum grade of C-; 60 units.",BUS 321,False,"[{'days': 'Th', 'startTime': '11:30', 'endTime': '14:20', 'campus': 'Burnaby'}]",,3
BUS 431,D100,fall,2021,BUS 360W with a minimum grade of C-; 60 units. Recommended: BUS 346.,BUS 360W,False,"[{'days': 'Tu', 'startTime': '14:30', 'endTime': '17:20', 'campus': 'Burnaby'}]",,3
BUS 432,D100,fall,2021,"BUS 360W and one of BUS 272 or 381, all with a minimum grade of C-; 60 units. Recommended: BUS 346.",BUS 360W;BUS 272,False,"[{'days': 'Th', 'startTime': '11:30', 'endTime': '14:20', 'campus': 'Burnaby'}]",,3
BUS 434,E100,fall,2021,BUS 360W with a minimum grade of C-; 60 units. Recommended: BUS 346.,BUS 360W,False,"[{'days': 'Th', 'startTime': '17:30', 'endTime': '20:20', 'campus': 'Burnaby'}]",,3
BUS 435,D100,fall,2021,BUS 360W with a minimum grade of C-; 60 units. Recommended: BUS 346.,BUS 360W,False,"[{'days': 'Th', 'startTime': '11:30', 'endTime': '14:20', 'campus': 'Burnaby'}]",,3
BUS 437,D100,fall,2021,"BUS 336, 360W, both with a minimum grade of C-; 60 units; OR Data Science majors with BUS 360W with a minimum grade of C- and 60 units.",BUS 336;BUS 360W,False,"[{'days': 'Tu', 'startTime': '14:30', 'endTime': '17:20', 'campus': 'Burnaby'}]",,3
BUS 439,D100,fall,2021,"BUS 345 or BUS 440, BUS 360W, BUS 437 or BUS 441, BUS 445, BUS 462, and BUS 464, all with a minimum grade of C-; 90 units; OR Data Science majors with BUS 360W, BUS 445, CMPT 354, all with a minimum grade of C- and 90 units.",BUS 345;BUS 440;BUS 360W;BUS 437;BUS 441;BUS 445;BUS 462;BUS 464;CMPT 354,False,"[{'days': 'We', 'startTime': '14:30', 'endTime': '17:20', 'campus': 'Burnaby'}]",,3
BUS 443,D100,fall,2021,"BUS 360W (or another upper division Writing (W) course), 343, both with a minimum grade of C-; 60 units.",BUS 360W,False,"[{'days': 'We', 'startTime': '9:30', 'endTime': '12:20', 'campus': 'Burnaby'}]",,3
BUS 444,D100,fall,2021,"BUS 343, 360W, both with a minimum grade of C-; 60 units.",BUS 343,False,"[{'days': 'Mo', 'startTime': '9:30', 'endTime': '12:20', 'campus': 'Burnaby'}]",,3
BUS 445,D100,fall,2021,"BUS 343, 336, 360W, all with a minimum grade of C-, 60 units; OR Data Science majors with BUS 343, 360W, both with a minimum grade of C-, and 60 units.",BUS 343,False,"[{'days': 'Th', 'startTime': '14:30', 'endTime': '17:20', 'campus': 'Burnaby'}]",,3
BUS 445,D200,fall,2021,"BUS 343, 336, 360W, all with a minimum grade of C-, 60 units; OR Data Science majors with BUS 343, 360W, both with a minimum grade of C-, and 60 units.",BUS 343,False,"[{'days': 'Mo', 'startTime': '14:30', 'endTime': '17:20', 'campus': 'Burnaby'}]",,3
BUS 447,D100,fall,2021,"BUS 343, 360W, both with a minimum grade of C-; 60 units. Recommended: BUS 346.",BUS 343,False,"[{'days': 'Fr', 'startTime': '14:30', 'endTime': '17:20', 'campus': 'Burnaby'}]",,3
BUS 449,D100,fall,2021,"BUS 343, 360W, both with a minimum grade of C-; 60 units.",BUS 343,False,"[{'days': 'Mo', 'startTime': '14:30', 'endTime': '17:20', 'campus': 'Burnaby'}]",,3
BUS 455,D100,fall,2021,"BUS 254, BUS 343, BUS 360W, all with a minimum grade of C-; 90 units.",BUS 254;BUS 343;BUS 360W,False,"[{'days': 'We', 'startTime': '9:30', 'endTime': '12:20', 'campus': 'Burnaby'}]",,3
BUS 462,D100,fall,2021,"BUS 336, 360W, both with a minimum grade of C-; 60 units. Corequisite: BUS 336 can be taken concurrently.",BUS 336,False,"[{'days': 'We', 'startTime': '9:30', 'endTime': '12:20', 'campus': 'Burnaby'}]",,3
BUS 462,E100,fall,2021,"BUS 336, 360W, both with a minimum grade of C-; 60 units. Corequisite: BUS 336 can be taken concurrently.",BUS 336,False,"[{'days': 'Tu', 'startTime': '17:30', 'endTime': '20:20', 'campus': 'Burnaby'}]",,3
BUS 464,D100,fall,2021,"BUS 360W, 362, both with a minimum grade of C-; 60 units.",BUS 360W,False,"[{'days': 'Th', 'startTime': '11:30', 'endTime': '14:20', 'campus': 'Burnaby'}]",,3
BUS 464,D200,fall,2021,"BUS 360W, 362, both with a minimum grade of C-; 60 units.",BUS 360W,False,"[{'days': 'Fr', 'startTime': '14:30', 'endTime': '17:20', 'campus': 'Burnaby'}]",,3
BUS 466,D100,fall,2021,"BUS 237, 360W, both with a minimum grade of C-; 60 units.",BUS 237,False,"[{'days': 'Tu', 'startTime': '11:30', 'endTime': '14:20', 'campus': 'Burnaby'}]",,3
BUS 468,D100,fall,2021,"BUS 237, 360W, both with a minimum grade of C-; 90 units. Recommended: BUS 362.",BUS 237,False,"[{'days': 'Fr', 'startTime': '14:30', 'endTime': '17:20', 'campus': 'Burnaby'}]",,3
BUS 468,E100,fall,2021,"BUS 237, 360W, both with a minimum grade of C-; 90 units. Recommended: BUS 362.",BUS 237,False,"[{'days': 'Mo', 'startTime': '18:00', 'endTime': '20:50', 'campus': 'Burnaby'}]",,3
BUS 471,D100,fall,2021,60 units; BUS 360W with a minimum grade of C-.,BUS 360W,False,"[{'days': 'Mo', 'startTime': '9:30', 'endTime': '12:20', 'campus': 'Burnaby'}]",,3
BUS 473,D100,fall,2021,"BUS 336, 360W, both with a minimum grade of C-; 60 units.",BUS 336,False,"[{'days': 'Tu, Th', 'startTime': '10:30', 'endTime': '12:20', 'campus': 'Burnaby'}]",,4
BUS 473,D200,fall,2021,"BUS 336, 360W, both with a minimum grade of C-; 60 units.",BUS 336,False,"[{'days': 'Fr', 'startTime': '12:30', 'endTime': '16:20', 'campus': 'Burnaby'}]",,4
BUS 475,D100,fall,2021,BUS 360W with a minimum grade of C-; 60 units.,BUS 360W,False,"[{'days': 'Fr', 'startTime': '14:30', 'endTime': '17:20', 'campus': 'Burnaby'}]",,3
BUS 477,D100,fall,2021,"BUS 338, BUS 360W (or another upper division Writing (W) course), both with a minimum grade of C-; 60 units. Recommended: BUS 314, BUS 361.",BUS 338;BUS 360W,False,"[{'days': 'Fr', 'startTime': '12:30', 'endTime': '16:20', 'campus': 'Surrey'}]",,4
BUS 478,D200,fall,2021,"BUS 207 (or ECON 201 or ECON 301), BUS 312, 343, 360W and either BUS 374 or 381, all with a minimum grade of C-; 90 units.",BUS 207;ECON 201;ECON 301;BUS 312;BUS 374,False,"[{'days': 'Mo', 'startTime': '14:30', 'endTime': '17:20', 'campus': 'Burnaby'}]",,3
BUS 478,D300,fall,2021,"BUS 207 (or ECON 201 or ECON 301), BUS 312, 343, 360W and either BUS 374 or 381, all with a minimum grade of C-; 90 units.",BUS 207;ECON 201;ECON 301;BUS 312;BUS 374,False,"[{'days': 'Tu', 'startTime': '11:30', 'endTime': '14:20', 'campus': 'Burnaby'}]",,3
BUS 478,D400,fall,2021,"BUS 207 (or ECON 201 or ECON 301), BUS 312, 343, 360W and either BUS 374 or 381, all with a minimum grade of C-; 90 units.",BUS 207;ECON 201;ECON 301;BUS 312;BUS 374,False,"[{'days': 'Th', 'startTime': '11:30', 'endTime': '14:20', 'campus': 'Burnaby'}]",,3
BUS 478,D500,fall,2021,"BUS 207 (or ECON 201 or ECON 301), BUS 312, 343, 360W and either BUS 374 or 381, all with a minimum grade of C-; 90 units.",BUS 207;ECON 201;ECON 301;BUS 312;BUS 374,False,"[{'days': 'Tu', 'startTime': '8:30', 'endTime': '11:20', 'campus': 'Burnaby'}]",,3
BUS 478,D700,fall,2021,"BUS 207 (or ECON 201 or ECON 301), BUS 312, 343, 360W and either BUS 374 or 381, all with a minimum grade of C-; 90 units.",BUS 207;ECON 201;ECON 301;BUS 312;BUS 374,False,"[{'days': 'Th', 'startTime': '14:30', 'endTime': '17:20', 'campus': 'Surrey'}]",,3
BUS 478,E100,fall,2021,"BUS 207 (or ECON 201 or ECON 301), BUS 312, 343, 360W and either BUS 374 or 381, all with a minimum grade of C-; 90 units.",BUS 207;ECON 201;ECON 301;BUS 312;BUS 374,False,"[{'days': 'Tu', 'startTime': '17:30', 'endTime': '20:20', 'campus': 'Burnaby'}]",,3
BUS 481,D100,fall,2021,"BUS 381 and 360W, with a minimum grade of C-; 60 units.",BUS 381,False,"[{'days': 'Fr', 'startTime': '9:30', 'endTime': '12:20', 'campus': 'Burnaby'}]",,3
BUS 484,D100,fall,2021,"BUS 381 and 360W, with a minimum grade of C-; 60 units.",BUS 381,False,"[{'days': 'We', 'startTime': '14:30', 'endTime': '17:20', 'campus': 'Burnaby'}]",,3
BUS 485,D100,fall,2021,"BUS 272, 360W, and either 374 or 381, all with a minimum grade of C-; 60 units.",BUS 272,False,"[{'days': 'Tu', 'startTime': '11:30', 'endTime': '14:20', 'campus': 'Burnaby'}]",,3
BUS 486,D100,fall,2021,"BUS 272, 360W, and either 374 or 381, all with a minimum grade of C-; 60 units.",BUS 272,False,"[{'days': 'We', 'startTime': '9:30', 'endTime': '12:20', 'campus': 'Burnaby'}]",,3
BUS 489,D100,fall,2021,"BUS 360W and (BUS 381 or BUS 374), all with a minimum grade of C-; 60 units.",BUS 360W;BUS 381;BUS 374,False,"[{'days': 'Fr', 'startTime': '9:30', 'endTime': '12:20', 'campus': 'Burnaby'}]",,3
CA 104,OL01,fall,2021,,,False,[],Janet Danielson,3
CA 117,E100,fall,2021,,,False,"[{'days': 'Th', 'startTime': '18:30', 'endTime': '21:20', 'campus': 'Vancouver'}]",Dorothy Barenscott,3
CA 120,E200,fall,2021,,,False,"[{'days': 'Tu, Th', 'startTime': '17:30', 'endTime': '19:20', 'campus': 'Burnaby'}]",,3
CA 122,D100,fall,2021,Prior approval as a result of an audition. Corequisite: CA 122 and CA 129 must be taken concurrently.,CA 122;CA 129,False,"[{'days': 'Mo, We, Fr', 'startTime': '9:30', 'endTime': '11:20', 'campus': 'GOLDCORP'}, {'days': 'Mo, We, Fr', 'startTime': '12:30', 'endTime': '14:20', 'campus': 'GOLDCORP'}, {'days': 'Tu, Th', 'startTime': '9:30', 'endTime': '11:20', 'campus': 'GOLDCORP'}]",,5
CA 127,D100,fall,2021,12 units.,,False,"[{'days': 'Th', 'startTime': '14:30', 'endTime': '17:20', 'campus': 'GOLDCORP'}]",Henry Daniel,3
CA 129,D100,fall,2021,,,False,"[{'days': 'Mo, We', 'startTime': '14:30', 'endTime': '16:20', 'campus': 'GOLDCORP'}]",Megan Andrews,3
CA 130,D100,fall,2021,Prior approval through formal application.,,False,"[{'days': 'We', 'startTime': '9:30', 'endTime': '12:20', 'campus': 'GOLDCORP'}]",,4
CA 135,E100,fall,2021,,,False,"[{'days': 'We', 'startTime': '17:30', 'endTime': '20:20', 'campus': 'Burnaby'}]",,3
CA 136,D100,fall,2021,,,False,"[{'days': 'Mo', 'startTime': '14:30', 'endTime': '17:20', 'campus': 'Burnaby'}]",Christopher Pavsek,3
CA 140,OL01,fall,2021,,,False,[],Arne Eigenfeldt,3
CA 142,OL01,fall,2021,,,False,[],Arne Eigenfeldt,3
CA 149,E100,fall,2021,,,False,[],,3
CA 152,D100,fall,2021,By audition.,,False,"[{'days': 'Tu, Th', 'startTime': '9:30', 'endTime': '12:20', 'campus': None}]",Erika Latta,3
CA 160,D100,fall,2021,,,False,"[{'days': 'Tu, Th', 'startTime': '14:30', 'endTime': '17:20', 'campus': 'GOLDCORP'}]",Elspeth Pratt,3
CA 170,D100,fall,2021,,,False,"[{'days': 'We', 'startTime': '12:30', 'endTime': '14:20', 'campus': 'GOLDCORP'}]",,3
CA 186,E100,fall,2021,,,False,"[{'days': 'Mo', 'startTime': '18:30', 'endTime': '20:20', 'campus': 'Burnaby'}]",,3
CA 210W,D100,fall,2021,21 units including six in the history or theory of the fine or performing arts and CA (or FPA) 168.,,False,"[{'days': 'Tu', 'startTime': '14:30', 'endTime': '17:20', 'campus': 'Vancouver'}]",Denise Oleksijczuk,3
CA 220,D100,fall,2021,"CA (or FPA) 122, 123, 124, 129 and prior approval by interview.",,False,"[{'days': 'Mo, We, Fr', 'startTime': '12:30', 'endTime': '14:20', 'campus': 'GOLDCORP'}, {'days': 'Tu, Th', 'startTime': '12:30', 'endTime': '14:20', 'campus': 'GOLDCORP'}]",,4
CA 238W,E100,fall,2021,"One of CA (or FPA) 136, 137 or 253 and prior approval.",,False,"[{'days': 'Th', 'startTime': '17:30', 'endTime': '20:20', 'campus': 'Vancouver'}]",Kathleen Hepburn,3
CA 253,D100,fall,2021,CA (or FPA) 150 or CA 152 or CA 153.,CA 152;CA 153,False,"[{'days': 'Tu, Th', 'startTime': '14:30', 'endTime': '17:20', 'campus': 'GOLDCORP'}]",Erika Latta,3
CA 257W,D100,fall,2021,,,False,"[{'days': 'Fr', 'startTime': '9:30', 'endTime': '12:20', 'campus': 'Vancouver'}]",Joshua Hite ECUAD Faculty,3
CA 260,D100,fall,2021,CA (or FPA) 118 (or 168) and 161. A course materials fee is required.,,False,"[{'days': 'Tu, Th', 'startTime': '9:30', 'endTime': '12:20', 'campus': 'DT VSAR'}]",Kathleen Slade,3
CA 270,D100,fall,2021,CA (or FPA) 170.,,False,"[{'days': 'Tu, Th', 'startTime': '9:30', 'endTime': '12:20', 'campus': 'GOLDCORP'}]",,6
CA 285,D100,fall,2021,"One of CA (or FPA) 122, 130, 145, 150, 160, 170.",,False,"[{'days': 'Mo, We', 'startTime': '14:30', 'endTime': '17:20', 'campus': 'GOLDCORP'}]",Mauricio Pauly;Robert Kitsos,3
CA 316,E100,fall,2021,Nine units in CA (or FPA) courses including CA (or FPA) 136 or 137.,,False,"[{'days': 'Mo', 'startTime': '17:30', 'endTime': '20:20', 'campus': 'GOLDCORP'}]",Laura Marks,4
CA 320,D100,fall,2021,CA (or FPA) 221.,,False,"[{'days': 'Mo, We, Fr', 'startTime': '12:30', 'endTime': '14:20', 'campus': 'GOLDCORP'}, {'days': 'Tu, Th', 'startTime': '12:30', 'endTime': '14:20', 'campus': 'GOLDCORP'}]",,4
CA 322,D100,fall,2021,"Acceptance into the dance major or extended minor program, or prior approval.",,False,"[{'days': 'Tu, Th, Fr', 'startTime': '9:30', 'endTime': '11:20', 'campus': 'GOLDCORP'}]",,3
CA 324,D100,fall,2021,"CA (or FPA) 124, 228W, and 285.",,False,"[{'days': 'Tu, Th', 'startTime': '14:30', 'endTime': '17:20', 'campus': 'GOLDCORP'}]",Robert Kitsos,3
CA 326,D100,fall,2021,"Acceptance into the dance major or extended minor, and prior approval. Corequisite: Students must be concurrently enrolled in a technique course at an appropriate level. These courses include CA 220, CA 320, CA 322, CA 420, and CA 421.",CA 220;CA 320;CA 322;CA 420;CA 421,False,"[{'days': 'Mo, We', 'startTime': '14:30', 'endTime': '18:20', 'campus': 'GOLDCORP'}, {'days': 'Fr', 'startTime': '14:30', 'endTime': '16:20', 'campus': 'GOLDCORP'}]",Henry Daniel,5
CA 338W,D100,fall,2021,One of CA (or FPA) 238 or 353 or 457 and prior approval. Strongly recommended for all students developing projects for production in CA (or FPA) 430.,,False,"[{'days': 'Tu', 'startTime': '9:30', 'endTime': '12:20', 'campus': 'Vancouver'}]",,3
CA 341,E100,fall,2021,45 units.,,False,"[{'days': 'Tu', 'startTime': '18:30', 'endTime': '21:20', 'campus': 'GOLDCORP'}]",Sutrisno Setya Hartana,3
CA 350,D100,fall,2021,"CA (or FPA) 149, 186, 251, 255 and 285. Corequisite: CA 354.",CA 354,False,"[{'days': 'Tu, Th', 'startTime': '11:30', 'endTime': '14:20', 'campus': 'GOLDCORP'}]",James Long,3
CA 352,D200,fall,2021,CA (or FPA) 251.,,False,"[{'days': 'Mo, We', 'startTime': '14:30', 'endTime': '17:20', 'campus': 'GOLDCORP'}]",Ryan Tacata,3
CA 354,D100,fall,2021,,,False,"[{'days': 'Tu, Th', 'startTime': '9:30', 'endTime': '11:20', 'campus': 'GOLDCORP'}]",Justine Chambers,2
CA 360,D100,fall,2021,"CA (or FPA) 117 (or 167), 118 (or 168), 210W (or 210), 261 and status as an approved Visual Art Major. Corequisite: CA 366.",CA 366,False,"[{'days': 'Th', 'startTime': '9:30', 'endTime': '15:20', 'campus': 'DT VSAR'}]",,4
CA 362,D100,fall,2021,CA (or FPA) 160. A course materials fee is required.,,False,"[{'days': 'Mo, We', 'startTime': '9:30', 'endTime': '12:20', 'campus': 'DT VSAR'}]",Neil Wedman,3
CA 381,E100,fall,2021,45 units.,,False,"[{'days': 'We', 'startTime': '17:30', 'endTime': '20:20', 'campus': 'GOLDCORP'}]",Dani Fecko;Kenji Maeda;Norman Armour,3
CA 386,C100,fall,2021,60 credit hours.,,False,[],Martin Gotfrit,3
CA 390,D100,fall,2021,CA (or FPA) 231 or approval of instructor.,,True,"[{'days': 'Tu', 'startTime': '14:30', 'endTime': '17:20', 'campus': 'GOLDCORP'}]",Elisa Gonzalez,4
CA 412W,D100,fall,2021,"Eight upper division units; and one of CA (or FPA) 210W (or 210), 316 (or 337), 318 (or 335), or 357W.",,False,"[{'days': 'We', 'startTime': '14:30', 'endTime': '17:20', 'campus': 'GOLDCORP'}]",Claudette Lauzon,4
CA 460,D100,fall,2021,"CA (or FPA) 361, 367 and status as an approved major in visual art.",,False,"[{'days': 'Tu, Th', 'startTime': '14:30', 'endTime': '17:20', 'campus': 'DT VSAR'}]",Raymond Boisjoly,4
CMNS 110,D100,fall,2021,,,False,"[{'days': 'Tu', 'startTime': '10:30', 'endTime': '12:20', 'campus': 'Burnaby'}]",Daniel Ahadi,3
CMNS 110,OL01,fall,2021,,,False,[],TBD TBD;Vincci Li,3
CMNS 130,C100,fall,2021,,,False,[],Pippa Adams,3
CMNS 130,D100,fall,2021,,,False,"[{'days': 'Th', 'startTime': '10:30', 'endTime': '12:20', 'campus': 'Burnaby'}]",Svitlana Matviyenko,3
CMNS 201W,D100,fall,2021,"24 units, and CMNS 110 and 130, with a minimum grade of C-.",CMNS 110,False,"[{'days': 'Tu', 'startTime': '10:30', 'endTime': '12:20', 'campus': 'Burnaby'}]",Ahmed Al-Rawi,4
CMNS 202,D100,fall,2021,"24 units, and CMNS 110 and 130, with a minimum grade of C-.",CMNS 110,False,"[{'days': 'Th', 'startTime': '10:30', 'endTime': '12:20', 'campus': 'Burnaby'}]",Byron Hauck;Taeyoung Kim,4
CMNS 210,D100,fall,2021,CMNS 110 with a minimum grade of C-.,CMNS 110,False,"[{'days': 'Tu', 'startTime': '12:30', 'endTime': '14:20', 'campus': 'Burnaby'}]",Caitlin McKinney,3
CMNS 221,D100,fall,2021,"CMNS 110 and 130, with a minimum grade of C-.",CMNS 110,False,"[{'days': 'Tu', 'startTime': '14:30', 'endTime': '16:20', 'campus': 'Vancouver'}]",Martin Laba;Benjamin Anderson,3
CMNS 226,D100,fall,2021,"CMNS 110 and 130, with a minimum grade of C-. CMNS 220 recommended.",CMNS 110;CMNS 220,False,"[{'days': 'Th', 'startTime': '10:30', 'endTime': '12:20', 'campus': 'Burnaby'}]",David Murphy,3
CMNS 230,D100,fall,2021,CMNS 130 with a minimum grade of C-.,CMNS 130,False,"[{'days': 'Fr', 'startTime': '12:30', 'endTime': '14:20', 'campus': 'Burnaby'}]",Taeyoung Kim;Matthew Greaves,3
CMNS 235,D100,fall,2021,CMNS 130 with a minimum grade of C-.,CMNS 130,False,"[{'days': 'Mo', 'startTime': '14:30', 'endTime': '16:20', 'campus': 'Vancouver'}]",Adel Farag,3
CMNS 240,D100,fall,2021,"CMNS 110 and 130, with a minimum grade of C-.",CMNS 110,False,"[{'days': 'Fr', 'startTime': '10:30', 'endTime': '12:20', 'campus': 'Burnaby'}]",Taeyoung Kim;Matthew Greaves,3
CMNS 253W,C100,fall,2021,"CMNS 110 or 130, with a minimum grade of C-.",CMNS 110,False,[],Richard Smith,3
CMNS 253W,C200,fall,2021,"CMNS 110 or 130, with a minimum grade of C-.",CMNS 110,False,[],Richard Smith,3
CMNS 253W,D100,fall,2021,"CMNS 110 or 130, with a minimum grade of C-.",CMNS 110,False,"[{'days': 'Th', 'startTime': '14:30', 'endTime': '16:20', 'campus': 'Vancouver'}]",Sun-ha Hong,3
CMNS 304W,D100,fall,2021,"45 units, including one of CMNS 220, 221, 223, 223W, 235, with a minimum grade of C-.",CMNS 220,False,"[{'days': 'Fr', 'startTime': '9:30', 'endTime': '12:20', 'campus': 'Burnaby'}]",Andrew Hillan,4
CMNS 310,E100,fall,2021,"Two of CMNS 210, 221, 240, both with a minimum grade of C-.",CMNS 210,False,"[{'days': 'Th', 'startTime': '16:30', 'endTime': '19:20', 'campus': 'Burnaby'}]",Siyuan Yin,4
CMNS 332,E100,fall,2021,"45 units including one of CMNS 220, 221, 223W, or 235, with a minimum grade of C-.",CMNS 220,False,"[{'days': 'Tu', 'startTime': '17:30', 'endTime': '20:20', 'campus': 'Vancouver'}]",Gary McCarron,4
CMNS 333,D100,fall,2021,"One of CMNS 230 or 240, with a minimum grade of C-; and one of CMNS 202 (or 262) or 261, with a minimum grade of C-.",CMNS 230;CMNS 202,False,"[{'days': 'Fr', 'startTime': '12:30', 'endTime': '16:20', 'campus': 'Burnaby'}]",,4
CMNS 346,E100,fall,2021,"60 units including CMNS 240 or 247, with a minimum grade of C-.",CMNS 240,False,"[{'days': 'We', 'startTime': '16:30', 'endTime': '20:20', 'campus': 'Burnaby'}]",,4
CMNS 349,D100,fall,2021,"45 units, including at least one upper division course in CMNS, DIAL, ENV, EVSC, GEOG or BlSC, with a minimum grade of C-.",,False,"[{'days': 'Fr', 'startTime': '9:30', 'endTime': '12:20', 'campus': 'Burnaby'}]",Svitlana Matviyenko,4
CMNS 353,D100,fall,2021,"CMNS 253W with a minimum grade of C- and one of CMNS 201W (201 or 260) or CMNS 202 (or 262), with a minimum grade of C-. Recommended: CMNS 362.",CMNS 253W;CMNS 201W;CMNS 202,False,"[{'days': 'Mo', 'startTime': '9:30', 'endTime': '12:20', 'campus': 'Vancouver'}]",Peter Chow-White,4
CMNS 353,E100,fall,2021,"CMNS 253W with a minimum grade of C- and one of CMNS 201W (201 or 260) or CMNS 202 (or 262), with a minimum grade of C-. Recommended: CMNS 362.",CMNS 253W;CMNS 201W;CMNS 202,False,"[{'days': 'Mo', 'startTime': '17:30', 'endTime': '21:20', 'campus': 'Burnaby'}]",Stephanie Dick,4
CMNS 355,D100,fall,2021,60 units.,,False,"[{'days': 'Fr', 'startTime': '10:30', 'endTime': '12:20', 'campus': 'Burnaby'}]",Alicia Massie,4
CMNS 362,D100,fall,2021,"60 units including CMNS 253 (or 253W) with a minimum grade of C-, and two of CMNS 201W (201 or 260), CMNS 202 (or 262) or CMNS 261, both with a minimum grade of C-.",CMNS 253;CMNS 201W;CMNS 202;CMNS 261,False,"[{'days': 'We', 'startTime': '9:30', 'endTime': '12:20', 'campus': 'Burnaby'}]",Byron Hauck;Taeyoung Kim,6
CMNS 386,D100,fall,2021,,,False,[],Steven Malcic,4
CMNS 410,E100,fall,2021,"75 units, including CMNS 310 with a minimum grade of C-. CMNS 331 and SA 327 recommended.",CMNS 310;CMNS 331;SA 327,False,"[{'days': 'Th', 'startTime': '16:30', 'endTime': '20:20', 'campus': 'Vancouver'}]",,4
CMNS 425,D100,fall,2021,"75 units, including CMNS 221 with a minimum grade of C-; and one of CMNS 201W (201 or 260), CMNS 202 (or 262) or CMNS 261, with a minimum grade of C-.",CMNS 221;CMNS 201W;CMNS 202;CMNS 261,False,"[{'days': 'Th', 'startTime': '14:30', 'endTime': '17:20', 'campus': 'Vancouver'}]",Martin Laba,4
CMNS 432,E100,fall,2021,"75 units including at least two CMNS or DIAL upper division courses, with a minimum grade of C-.",,False,"[{'days': 'Mo', 'startTime': '16:30', 'endTime': '20:20', 'campus': 'Burnaby'}]",Daniel Ahadi,4
CMNS 452,D100,fall,2021,"75 units including one of CMNS 202 (or 262), 220, 221, 223 (or 223W), with a minimum grade of C-, and at least two CMNS upper division courses with a minimum grade of C-.",CMNS 202,False,"[{'days': 'We', 'startTime': '14:30', 'endTime': '17:20', 'campus': 'Vancouver'}]",Tahmina Inoyatova,4
CMNS 453,OL01,fall,2021,"75 units, including CMNS 253W, 353 or 354, with a minimum grade of C-. CMNS 362 is recommended.",CMNS 253W;CMNS 362,False,[],TBD TBD;Nicole Stewart,4
CMNS 453,OL02,fall,2021,,,False,[],Richard Smith,4
CMNS 455W,D100,fall,2021,"60 units, including CMNS 253W with a minimum grade of C-.",CMNS 253W,False,"[{'days': 'Fr', 'startTime': '12:30', 'endTime': '16:20', 'campus': 'Burnaby'}]",TBD TBD;Layla Cameron,4
CMNS 486,D100,fall,2021,,,False,[],Steven Malcic,4
CMNS 487,E100,fall,2021,Depends on topic; published before enrollment.,,False,"[{'days': 'Th', 'startTime': '17:30', 'endTime': '20:20', 'campus': 'Vancouver'}]",Sun Ha Hong,4
CMNS 488,E100,fall,2021,Depends on topic; published before enrollment.,,False,"[{'days': 'Tu', 'startTime': '16:30', 'endTime': '19:20', 'campus': 'Burnaby'}]",Stephanie Dick,4
IAT 100,D100,fall,2021,,,False,"[{'days': 'We', 'startTime': '10:30', 'endTime': '11:20', 'campus': 'Burnaby'}]",Susan Clements-Vivian,3
IAT 102,E100,fall,2021,,,False,"[{'days': 'We', 'startTime': '16:30', 'endTime': '18:20', 'campus': 'Burnaby'}]",Diane Gromala,3
IAT 103W,D100,fall,2021,,,False,"[{'days': 'Th', 'startTime': '14:30', 'endTime': '17:20', 'campus': 'Burnaby'}]",Wynnie Chung,3
IAT 106,D100,fall,2021,,,False,"[{'days': 'Th', 'startTime': '10:30', 'endTime': '12:20', 'campus': 'Burnaby'}]",Naghmi Shireen,3
IAT 110,D100,fall,2021,,,False,"[{'days': 'Fr', 'startTime': '14:30', 'endTime': '17:20', 'campus': 'Burnaby'}]",Emily Ip,3
IAT 201,D100,fall,2021,"Completion of 21 units, including at least one lower division ""W"" course.",,False,"[{'days': 'Fr', 'startTime': '12:30', 'endTime': '14:20', 'campus': 'Surrey'}]",Brian Fisher,3
IAT 202,D100,fall,2021,IAT 100 with a minimum grade of C- and a minimum of 21 units.,IAT 100,False,"[{'days': 'Mo', 'startTime': '14:30', 'endTime': '16:20', 'campus': 'Surrey'}]",Susan Clements-Vivian,3
IAT 206W,D100,fall,2021,IAT 103W with a minimum grade of C- and completion of 21 units.,IAT 103W,False,"[{'days': 'Th', 'startTime': '10:30', 'endTime': '12:20', 'campus': 'Burnaby'}]",Shannon Cuykendall,3
IAT 210,D100,fall,2021,Completion of 21 units.,,False,"[{'days': 'Th', 'startTime': '14:30', 'endTime': '17:20', 'campus': 'Burnaby'}]",Ashu Adhikari,3
IAT 222,D100,fall,2021,Completion of 21 units.,,False,"[{'days': 'Fr', 'startTime': '10:30', 'endTime': '12:20', 'campus': 'Surrey'}]",Gabriela Aceves-Sepulveda,3
IAT 233,D100,fall,2021,"Completion of 21 units, IAT 102, and IAT 106, both with a minimum grade of C-.",IAT 102;IAT 106,False,"[{'days': 'Mo', 'startTime': '10:30', 'endTime': '12:20', 'campus': 'Surrey'}]",Halil Erhan,3
IAT 235,D100,fall,2021,Completion of 21 units and IAT 102 with a minimum grade of C-.,IAT 102,False,"[{'days': 'Th', 'startTime': '12:30', 'endTime': '14:20', 'campus': 'Surrey'}]",Andrew Hawryshkewich,3
IAT 265,D100,fall,2021,"Completion of 21 units and IAT 167 with a minimum grade of C- and one of MATH 130, MACM 101, MATH 150, MATH 151, MATH 154, or MATH 157, with a minimum grade of C-.",IAT 167;MATH 130;MACM 101;MATH 150;MATH 151;MATH 154;MATH 157,False,"[{'days': 'Fr', 'startTime': '14:30', 'endTime': '16:20', 'campus': 'Surrey'}]",Yingchen Yang,3
IAT 267,D100,fall,2021,"Completion of 21 units and IAT 167 with a minimum grade of C- and one of MATH 130, MACM 101, MATH 150, MATH 151, MATH 154, or MATH 157, with a minimum grade of C-. Recommended: IAT 265.",IAT 167;MATH 130;MACM 101;MATH 150;MATH 151;MATH 154;MATH 157,False,"[{'days': 'Mo', 'startTime': '12:30', 'endTime': '14:20', 'campus': 'Surrey'}]",Yingchen Yang,3
IAT 271,I100,fall,2021,,,False,"[{'days': 'Mo, Tu, We, Th, Fr, Sa, Su', 'startTime': '8:00', 'endTime': '19:50', 'campus': None}]",,3
IAT 309W,D100,fall,2021,IAT 206W with a minimum grade of C- and completion of 48 units.,IAT 206W,False,"[{'days': 'We', 'startTime': '9:30', 'endTime': '12:20', 'campus': 'Surrey'}]",Chantal Gibson,3
IAT 309W,D200,fall,2021,IAT 206W with a minimum grade of C- and completion of 48 units.,IAT 206W,False,"[{'days': 'Tu', 'startTime': '8:30', 'endTime': '11:20', 'campus': 'Surrey'}]",Chantal Gibson,3
IAT 312,D100,fall,2021,"Completion of 48 units, including IAT 265 with a minimum grade of C-.",IAT 265,False,"[{'days': 'Mo', 'startTime': '12:30', 'endTime': '14:20', 'campus': 'Surrey'}]",,3
IAT 313,E100,fall,2021,Completion of 48 units.,,False,"[{'days': 'We', 'startTime': '16:30', 'endTime': '19:20', 'campus': 'Burnaby'}]",Michael Filimowicz,3
IAT 333,D100,fall,2021,"Completion of 48 units, including IAT 265 with a minimum grade of C-. Recommended: IAT 102 or 233.",IAT 265,False,"[{'days': 'Th', 'startTime': '8:30', 'endTime': '11:20', 'campus': 'Surrey'}]",Herbert Tsang,3
IAT 334,D100,fall,2021,"Completion of 48 units, including IAT 235 with a minimum grade of C-.",IAT 235,False,"[{'days': 'Tu', 'startTime': '10:30', 'endTime': '12:20', 'campus': 'Surrey'}]",Andrew Hawryshkewich;Wolfgang Stuerzlinger,3
IAT 336,E100,fall,2021,IAT 233 with a minimum grade of C-.,IAT 233,False,"[{'days': 'Mo', 'startTime': '16:30', 'endTime': '18:20', 'campus': 'Surrey'}]",,3
IAT 343,D100,fall,2021,"Minimum of 24 units, including MATH 130 or MACM 101 or MATH 150 or MATH 151 or MATH 154 or MATH 157, with a minimum grade of C-.",MATH 130;MACM 101;MATH 150;MATH 151;MATH 154;MATH 157,False,"[{'days': 'Th', 'startTime': '14:30', 'endTime': '16:20', 'campus': 'Surrey'}]",Steve DiPaola,3
IAT 351,E100,fall,2021,"Completion of 48 units, including IAT 201 and IAT 265, with a minimum grade of C-. Strongly recommended: IAT 267.",IAT 201;IAT 265,False,"[{'days': 'We', 'startTime': '16:30', 'endTime': '18:20', 'campus': 'Surrey'}]",Brian Fisher,3
IAT 352,D100,fall,2021,"Completion of 48 units, including IAT 235 and IAT 265, with a minimum grade of C-.",IAT 235;IAT 265,False,"[{'days': 'Th', 'startTime': '12:30', 'endTime': '14:20', 'campus': 'Surrey'}]",Marek Hatala,3
IAT 355,D100,fall,2021,"IAT 201 and IAT 267 and either IAT 265 or CMPT 225, all with a minimum grade of C-. Recommended: IAT 235.",IAT 201;IAT 267;IAT 265;CMPT 225,False,"[{'days': 'Mo', 'startTime': '10:30', 'endTime': '12:20', 'campus': 'Surrey'}]",Wolfgang Stuerzlinger;Christopher Shaw,3
IAT 359,D100,fall,2021,"Completion of 48 units, including IAT 265 and IAT 267, with a minimum grade of C-.",IAT 265;IAT 267,False,"[{'days': 'Tu', 'startTime': '12:30', 'endTime': '14:20', 'campus': 'Surrey'}]",Amal Vincent,3
IAT 410,E100,fall,2021,"Completion of 60 units, including IAT 265 and IAT 312, with a minimum grade of C-.",IAT 265;IAT 312,False,"[{'days': 'We', 'startTime': '16:30', 'endTime': '18:20', 'campus': 'Surrey'}]",Yingchen Yang,3
IAT 431,D100,fall,2021,Completion of 60 units.,,False,"[{'days': 'Fr', 'startTime': '9:30', 'endTime': '12:20', 'campus': 'Surrey'}]",Jordan Eshpeter,3
IAT 445,D100,fall,2021,"Completion of 60 units, including IAT 343 with a minimum grade of C-.",IAT 343,False,"[{'days': 'Th', 'startTime': '12:30', 'endTime': '14:20', 'campus': 'Surrey'}]",Bernhard Riecke,3
PUB 131,E100,fall,2021,,,False,"[{'days': 'We', 'startTime': '17:30', 'endTime': '18:20', 'campus': 'Burnaby'}]",,3
PUB 331,D100,fall,2021,PUB 231.,PUB 231,False,"[{'days': 'Mo', 'startTime': '10:30', 'endTime': '12:20', 'campus': 'Vancouver'}]",,4
PUB 350,D100,fall,2021,60 units.,,False,"[{'days': 'Fr', 'startTime': '13:30', 'endTime': '17:20', 'campus': 'Vancouver'}]",,4
PUB 371,D100,fall,2021,60 units.,,False,"[{'days': 'Tu', 'startTime': '14:30', 'endTime': '17:20', 'campus': 'Vancouver'}]",,4
PUB 375,E100,fall,2021,60 units.,,False,"[{'days': 'Tu', 'startTime': '16:30', 'endTime': '18:20', 'campus': 'Vancouver'}]",,4
EDUC 100W,D100,fall,2021,,,False,"[{'days': 'We', 'startTime': '14:30', 'endTime': '17:20', 'campus': 'Surrey'}]",Celeste Snowber,3
EDUC 100W,D200,fall,2021,,,False,"[{'days': 'We', 'startTime': '14:30', 'endTime': '17:20', 'campus': 'Burnaby'}]",Michele Schmidt,3
EDUC 100W,D400,fall,2021,,,False,"[{'days': 'Th', 'startTime': '11:30', 'endTime': '14:20', 'campus': 'Burnaby'}]",Michael Ling,3
EDUC 100W,D500,fall,2021,,,False,"[{'days': 'Th', 'startTime': '14:30', 'endTime': '17:20', 'campus': 'Burnaby'}]",Michele Schmidt,3
EDUC 100W,E100,fall,2021,,,False,"[{'days': 'We', 'startTime': '17:30', 'endTime': '20:20', 'campus': 'Burnaby'}]",Cary Campbell,3
EDUC 100W,OL01,fall,2021,,,False,[],Zuzana Vasko,3
EDUC 100W,OL02,fall,2021,,,False,[],Cary Campbell,3
EDUC 100W,OL03,fall,2021,,,False,[],Daniel Chang,3
EDUC 199,C100,fall,2021,,,False,[],Carolyn Mamchur,4
EDUC 199,C200,fall,2021,,,False,[],Carolyn Mamchur,4
EDUC 199,C300,fall,2021,,,False,[],Carolyn Mamchur,4
EDUC 211,D100,fall,2021,"Students who have credit for MATH 150, MATH 151, MATH 154, MATH 157 need permission of the instructor to participate in EDUC 211 and EDUC 212.",MATH 150;MATH 151;MATH 154;MATH 157;EDUC 211;EDUC 212,False,"[{'days': 'Tu', 'startTime': '14:30', 'endTime': '17:20', 'campus': 'Burnaby'}]",Sean Chorney,3
EDUC 220,D100,fall,2021,,,False,"[{'days': 'We, Fr', 'startTime': '15:30', 'endTime': '16:20', 'campus': 'Burnaby'}]",John Nesbit,3
EDUC 220,OL01,fall,2021,,,False,[],Daniel Chang,3
EDUC 222,D100,fall,2021,,,False,"[{'days': 'Th', 'startTime': '14:30', 'endTime': '17:20', 'campus': 'Burnaby'}]",John Nesbit,3
EDUC 230,C100,fall,2021,,,False,[],Ann Chinnery,3
EDUC 230,C200,fall,2021,,,False,[],Ann Chinnery,3
EDUC 240,D100,fall,2021,,,False,"[{'days': 'Th', 'startTime': '12:30', 'endTime': '14:20', 'campus': 'Burnaby'}]",Charles Bingham,3
EDUC 252,OL01,fall,2021,,,False,[],Cary Campbell,4
EDUC 311,E100,fall,2021,60 units.,,False,"[{'days': 'We', 'startTime': '16:30', 'endTime': '19:20', 'campus': 'Surrey'}]",Greg Sutherland,3
EDUC 315,OL01,fall,2021,EDUC 220 or PSYC 250 or LING 100. Students may be required to successfully complete a Criminal Record Check.,EDUC 220;PSYC 250;LING 100,False,[],Pamela Filiatrault-Veilleux,3
EDUC 320,E100,fall,2021,EDUC 220.,EDUC 220,False,"[{'days': 'Mo', 'startTime': '16:30', 'endTime': '19:20', 'campus': 'Surrey'}]",Jovita Vytasek,3
EDUC 322,D100,fall,2021,EDUC 220 or PSYC 250.,EDUC 220;PSYC 250,False,"[{'days': 'Th', 'startTime': '14:30', 'endTime': '17:20', 'campus': 'Burnaby'}]",Jessica Hunter,3
EDUC 322,OL01,fall,2021,EDUC 220 or PSYC 250.,EDUC 220;PSYC 250,False,[],Jessica Hunter,3
EDUC 323,D100,fall,2021,60 units including EDUC 220.,EDUC 220,False,"[{'days': 'Tu', 'startTime': '11:30', 'endTime': '14:20', 'campus': 'Surrey'}]",Alanaise Goodwill,3
EDUC 324,E100,fall,2021,EDUC 220 or PSYC 250 and 60 units.,EDUC 220;PSYC 250,False,"[{'days': 'We', 'startTime': '16:30', 'endTime': '19:20', 'campus': 'Vancouver'}]",Sharalyn Jordan,3
EDUC 326,C100,fall,2021,"One of EDUC 100, 220, 230, or 240; or EDUC 401/402, or corequisite EDUC 403.",EDUC 100;EDUC 401;EDUC 403,False,[],Addisu Bailie,3
EDUC 326,C200,fall,2021,"One of EDUC 100, 220, 230, or 240; or EDUC 401/402, or corequisite EDUC 403.",EDUC 100;EDUC 401;EDUC 403,False,[],Addisu Bailie,3
EDUC 327,D100,fall,2021,"60 units, including EDUC 220.",EDUC 220,False,"[{'days': 'Th', 'startTime': '11:30', 'endTime': '14:20', 'campus': 'Burnaby'}]",Jeff Sugarman,3
EDUC 328,E100,fall,2021,EDUC 220 or EDUC 401/402 or corequisite EDUC 403.,EDUC 220;EDUC 401;EDUC 403,False,"[{'days': 'Mo', 'startTime': '17:30', 'endTime': '20:20', 'campus': 'Burnaby'}]",Carmen Almarza,3
EDUC 330,E100,fall,2021,60 units including six units in EDUC courses.,,False,"[{'days': 'We', 'startTime': '16:30', 'endTime': '19:20', 'campus': 'Burnaby'}]",Carolina Bergonzoni,3
EDUC 341,E100,fall,2021,60 units including three units in EDUC courses.,,False,"[{'days': 'We', 'startTime': '16:30', 'endTime': '19:20', 'campus': 'Burnaby'}]",Suzanne Smythe,3
EDUC 341,OL01,fall,2021,60 units including three units in EDUC courses.,,False,[],Pedro dos Santos,3
EDUC 352W,D100,fall,2021,EDUC 252.,EDUC 252,False,"[{'days': 'We, Fr', 'startTime': '10:30', 'endTime': '12:20', 'campus': 'Burnaby'}]",Scott Bowering,4
EDUC 352W,D200,fall,2021,EDUC 252.,EDUC 252,False,[],Allison Finter,4
EDUC 370,E100,fall,2021,"Completion of at least 60 units, including 3 units in Education.",,False,"[{'days': 'Th', 'startTime': '17:30', 'endTime': '21:20', 'campus': 'Burnaby'}]",Dale McCartney,4
EDUC 371W,E100,fall,2021,60 units; or permission of instructor.,,True,"[{'days': 'Mo', 'startTime': '16:30', 'endTime': '20:20', 'campus': 'Burnaby'}]",Lance Castonguay,4
EDUC 376,D100,fall,2021,,,False,"[{'days': 'Th', 'startTime': '8:30', 'endTime': '11:20', 'campus': 'Burnaby'}]",Michelle Nilson,3
EDUC 405,D001,fall,2021,EDUC 401/402 or EDUC 402/403. Students must successfully complete a Criminal Record Check.,EDUC 401;EDUC 402,False,[],,15
EDUC 422,OL01,fall,2021,PSYC 250 or corequisite of EDUC 315 or 473. Students may be required to successfully complete a Criminal Record Check.,PSYC 250;EDUC 315,False,[],Pamela Filiatrault-Veilleux,4
EDUC 423,D100,fall,2021,Or corequisite: EDUC 323.,EDUC 323,False,"[{'days': 'We', 'startTime': '13:30', 'endTime': '17:20', 'campus': 'Vancouver'}]",Masahiro Minami,4
EDUC 423,D200,fall,2021,Or corequisite: EDUC 323.,EDUC 323,False,"[{'days': 'Fr', 'startTime': '13:30', 'endTime': '17:20', 'campus': 'Vancouver'}]",Masahiro Minami,4
EDUC 423,E100,fall,2021,,,False,[],Gillian Diane Smith,4
EDUC 426,E100,fall,2021,"Students may be required to successfully complete a Criminal Record Check. 60 units including EDUC 220 or PSYC 250, or EDUC 401/402 or Corequsite: EDUC 403.",EDUC 220;PSYC 250;EDUC 401;EDUC 403,False,"[{'days': 'Tu', 'startTime': '17:30', 'endTime': '21:20', 'campus': 'Burnaby'}]",Julie Sture,4
EDUC 437,OL01,fall,2021,60 units including 3 units in Education.,,False,[],Zuzana Vasko,4
EDUC 445,C100,fall,2021,60 units.,,False,[],Wanda Cassidy,4
EDUC 458,E100,fall,2021,60 units.,,False,"[{'days': 'Mo', 'startTime': '16:30', 'endTime': '20:20', 'campus': 'Burnaby'}]",Lynn Fels,4
EDUC 464,OL01,fall,2021,EDUC 401/402 or PSYC 250 or corequisite EDUC 403.,EDUC 401;PSYC 250;EDUC 403,False,[],Victoria Guyevskey,4
EDUC 465,D100,fall,2021,60 units.,,False,"[{'days': 'Th', 'startTime': '8:30', 'endTime': '12:20', 'campus': 'Vancouver'}]",Beth Marshall,4
EDUC 465,D200,fall,2021,60 units.,,False,"[{'days': 'Tu', 'startTime': '13:30', 'endTime': '17:20', 'campus': 'Vancouver'}]",Beth Marshall,4
EDUC 469,E100,fall,2021,60 units.,,False,"[{'days': 'Th', 'startTime': '16:30', 'endTime': '20:20', 'campus': 'Burnaby'}]",Caroline Brendel Pacheco,4
EDUC 471,C100,fall,2021,60 units.,,False,[],Susan Barber,4
EDUC 471,C200,fall,2021,60 units.,,False,[],Susan Barber,4
EDUC 471,C300,fall,2021,60 units.,,False,[],Susan Barber,4
FAL X99,D002,fall,2021,,,False,"[{'days': 'Tu, Th', 'startTime': '10:30', 'endTime': '12:20', 'campus': 'Burnaby'}]",Steve Marshall,4
FAL X99,D006,fall,2021,,,False,"[{'days': 'We, Fr', 'startTime': '10:30', 'endTime': '12:20', 'campus': 'Burnaby'}]",Brent Amburgey,4
FAL X99,E002,fall,2021,,,False,"[{'days': 'Tu, Th', 'startTime': '16:30', 'endTime': '18:20', 'campus': 'Burnaby'}]",Susan Barber,4
ARCH 100,C100,fall,2021,,,False,[],Ross Jamieson,3
ARCH 100,D100,fall,2021,,,False,[],David Maxwell,3
ARCH 101,C100,fall,2021,,,False,[],David Maxwell,3
ARCH 105,D100,fall,2021,,,False,"[{'days': 'We', 'startTime': '14:30', 'endTime': '17:20', 'campus': 'Burnaby'}]",David Maxwell,3
ARCH 131,D100,fall,2021,,,False,"[{'days': 'Mo', 'startTime': '14:30', 'endTime': '17:20', 'campus': 'Burnaby'}]",Dennis Sandgathe,3
ARCH 131,OL01,fall,2021,,,False,[],Dennis Sandgathe,3
ARCH 200,D100,fall,2021,,,False,"[{'days': 'Th', 'startTime': '14:30', 'endTime': '17:20', 'campus': 'Burnaby'}]",Rob Rondeau,3
ARCH 226,C100,fall,2021,,,False,[],David Maxwell,3
ARCH 252,D100,fall,2021,,,False,[],Angela D'Andrea,3
ARCH 271,D100,fall,2021,ARCH 101 or ARCH 201.,ARCH 101;ARCH 201,False,"[{'days': 'Tu', 'startTime': '14:30', 'endTime': '17:20', 'campus': 'Burnaby'}]",Bob Muir,3
ARCH 272W,D100,fall,2021,"ARCH 100, 101, or 201",ARCH 100,False,"[{'days': 'Tu', 'startTime': '12:30', 'endTime': '14:20', 'campus': 'Burnaby'}]",Dennis Sandgathe,4
ARCH 282,D100,fall,2021,ARCH 101 or ARCH 201.,ARCH 101;ARCH 201,False,"[{'days': 'Mo', 'startTime': '12:30', 'endTime': '14:20', 'campus': 'Burnaby'}]",Bob Muir,4
ARCH 286,D100,fall,2021,"30 units including one of ARCH 100, ARCH 101, ARCH 201, GEOG 100 or REM 100.",ARCH 100;ARCH 101;ARCH 201;GEOG 100;REM 100,False,"[{'days': 'Mo', 'startTime': '14:30', 'endTime': '17:20', 'campus': 'Burnaby'}]",David Maxwell,3
ARCH 301,OL01,fall,2021,45 credit hours.,,False,[],Laurie Darcus,3
ARCH 312,D100,fall,2021,"One of the following courses: ARCH 100, ARCH 101, ARCH 201, HS 100, HS 231, HS 232, HS 277, HIST 277 or by permission of the instructor.",ARCH 100;ARCH 101;ARCH 201;HS 100;HS 231;HS 232;HS 277;HIST 277,False,"[{'days': 'Mo', 'startTime': '10:30', 'endTime': '12:20', 'campus': 'Burnaby'}, {'days': 'We', 'startTime': '10:30', 'endTime': '12:20', 'campus': 'Burnaby'}]",Sabrina Higgins,4
ARCH 363,D100,fall,2021,"ARCH 100 or ARCH 101 or ARCH 201, and 45 units.",ARCH 100;ARCH 101;ARCH 201,False,"[{'days': 'We', 'startTime': '9:30', 'endTime': '12:20', 'campus': 'Burnaby'}]",,3
ARCH 373,D100,fall,2021,ARCH 131.,ARCH 131,False,"[{'days': 'Mo', 'startTime': '9:30', 'endTime': '12:20', 'campus': 'Burnaby'}]",,5
ARCH 378,D100,fall,2021,ARCH 273.,ARCH 273,False,"[{'days': 'We', 'startTime': '9:30', 'endTime': '12:20', 'campus': 'Burnaby'}]",Bob Muir,3
ARCH 390,D100,fall,2021,,,False,[],Angela D'Andrea,4
EVSC 100,D100,fall,2021,,,False,"[{'days': 'Tu', 'startTime': '14:30', 'endTime': '16:20', 'campus': 'Burnaby'}]",Brendan Murphy,3
EVSC 201W,D100,fall,2021,EVSC 100.,EVSC 100,False,"[{'days': 'Tu', 'startTime': '9:30', 'endTime': '10:20', 'campus': 'Burnaby'}]",Tara Holland,4
EVSC 300,E100,fall,2021,EVSC 201W.,EVSC 201W,False,"[{'days': 'Th', 'startTime': '17:30', 'endTime': '20:20', 'campus': 'Burnaby'}]",Arvind Saraswat,3
GEOG 100,D100,fall,2021,,,False,"[{'days': 'Th', 'startTime': '14:30', 'endTime': '17:20', 'campus': 'Burnaby'}]",Susan Owen,3
GEOG 111,D100,fall,2021,,,False,"[{'days': 'Tu', 'startTime': '10:30', 'endTime': '12:20', 'campus': 'Burnaby'}]",Andrew Perkins,3
GEOG 150,D100,fall,2021,,,False,[],Shivanand Balram,3
GEOG 162,D100,fall,2021,,,False,"[{'days': 'Mo', 'startTime': '14:30', 'endTime': '17:20', 'campus': 'Burnaby'}]",Michele Wiens,3
GEOG 213,D100,fall,2021,GEOG 111 or EASC 101.,GEOG 111;EASC 101,False,"[{'days': 'Mo', 'startTime': '12:30', 'endTime': '14:20', 'campus': 'Burnaby'}]",Jeremy Venditti,3
GEOG 214,D100,fall,2021,GEOG 111.,GEOG 111,False,"[{'days': 'Th', 'startTime': '12:30', 'endTime': '14:20', 'campus': 'Burnaby'}]",Wolf Read,3
GEOG 215,D100,fall,2021,GEOG 111.,GEOG 111,False,"[{'days': 'Tu', 'startTime': '14:30', 'endTime': '16:20', 'campus': 'Burnaby'}]",Bing Lu,3
GEOG 221,D100,fall,2021,GEOG 100.,GEOG 100,False,[],Leanne Roderick,3
GEOG 241,D100,fall,2021,GEOG 100.,GEOG 100,False,"[{'days': 'Tu', 'startTime': '12:30', 'endTime': '14:20', 'campus': 'Burnaby'}]",Margaret Ramirez,3
GEOG 251,D100,fall,2021,GEOG 100 or 111.,GEOG 100,False,"[{'days': 'Mo', 'startTime': '14:30', 'endTime': '16:20', 'campus': 'Burnaby'}]",Peter Keller,3
GEOG 253,D100,fall,2021,GEOG 111.,GEOG 111,False,"[{'days': 'Tu', 'startTime': '10:30', 'endTime': '12:20', 'campus': 'Burnaby'}]",Bing Lu,3
GEOG 255,D100,fall,2021,GEOG 100 or 111 or permission of instructor.,GEOG 100,False,"[{'days': 'Mo', 'startTime': '10:30', 'endTime': '12:20', 'campus': 'Burnaby'}]",Nicholas Hedley,3
GEOG 261,D100,fall,2021,GEOG 100 or 102.,GEOG 100,False,"[{'days': 'Th', 'startTime': '10:30', 'endTime': '12:20', 'campus': 'Vancouver'}]",Melora Koepke,3
GEOG 311,D100,fall,2021,"GEOG 213 or 214; GEOG 251 or one of STAT 201, 203 (formerly 103), 205, or 270.",GEOG 213;GEOG 251;STAT 201,False,"[{'days': 'Mo', 'startTime': '14:30', 'endTime': '16:20', 'campus': 'Burnaby'}]",Jesse Hahm,4
GEOG 314,D100,fall,2021,GEOG 214.,GEOG 214,False,"[{'days': 'Tu', 'startTime': '12:30', 'endTime': '14:20', 'campus': 'Burnaby'}]",Kirsten Zickfeld,4
GEOG 317,D100,fall,2021,"One of GEOG 213, 214, 215, or CHEM 121.",GEOG 213;CHEM 121,False,"[{'days': 'Tu', 'startTime': '10:30', 'endTime': '12:20', 'campus': 'Burnaby'}]",Margaret Schmidt,4
GEOG 340,D100,fall,2021,"At least 45 units, including GEOG 100.",GEOG 100,False,"[{'days': 'Tu', 'startTime': '8:30', 'endTime': '10:20', 'campus': 'Burnaby'}]",May Farrales,4
GEOG 351,D100,fall,2021,GEOG 255.,GEOG 255,False,"[{'days': 'Th', 'startTime': '14:30', 'endTime': '16:20', 'campus': 'Burnaby'}]",Shivanand Balram,4
GEOG 355,D100,fall,2021,GEOG 255.,GEOG 255,False,"[{'days': 'Mo', 'startTime': '8:30', 'endTime': '10:20', 'campus': 'Burnaby'}]",Nadine Schuurman,4
GEOG 355,D700,fall,2021,GEOG 255.,GEOG 255,False,"[{'days': 'Mo', 'startTime': '8:30', 'endTime': '10:20', 'campus': 'Burnaby'}]",Nadine Schuurman,4
GEOG 363,D100,fall,2021,"At least 45 units, including GEOG 100.",GEOG 100,False,"[{'days': 'Th', 'startTime': '8:30', 'endTime': '10:20', 'campus': 'Vancouver'}]",Leanne Roderick,4
GEOG 365,D100,fall,2021,"At least 45 units, including GEOG 100.",GEOG 100,False,"[{'days': 'Mo', 'startTime': '10:30', 'endTime': '12:20', 'campus': 'Burnaby'}]",Margaret Ramirez,4
GEOG 377,D100,fall,2021,"At least 45 units, including GEOG 100 or REM 100.",GEOG 100;REM 100,False,"[{'days': 'Mo', 'startTime': '9:30', 'endTime': '12:20', 'campus': 'Burnaby'}]",Christina Adcock,4
GEOG 381,D100,fall,2021,,,False,[],Nick Blomley;Nicholas Blomley,4
GEOG 389W,D100,fall,2021,"At least 45 units, including GEOG 100 or REM 100.",GEOG 100;REM 100,False,"[{'days': 'Tu', 'startTime': '14:30', 'endTime': '16:20', 'campus': 'Burnaby'}]",Rosemary-Claire Collard;Liam Kennedy-Slaney,4
GEOG 412W,D100,fall,2021,"60 units, including GEOG 213; GEOG 313 and EASC 201 recommended",GEOG 213;GEOG 313;EASC 201,False,"[{'days': 'Fr', 'startTime': '10:30', 'endTime': '12:20', 'campus': 'Burnaby'}]",Andrew Perkins,4
GEOG 440,D100,fall,2021,"60 units, including eight of upper division geography.",,False,"[{'days': 'Fr', 'startTime': '12:30', 'endTime': '14:20', 'campus': 'Burnaby'}]",Nicholas Blomley,4
GEOG 451,D100,fall,2021,"GEOG 251 or one of STAT 201, 203 (formerly 103), 205, or 270; one of GEOG 351, 352, 353, 355 or 356.",GEOG 251;STAT 201;GEOG 351,False,"[{'days': 'Th', 'startTime': '10:30', 'endTime': '12:20', 'campus': 'Burnaby'}]",Suzana Dragicevic,4
PLAN 100,D100,fall,2021,,,False,"[{'days': 'Mo', 'startTime': '10:30', 'endTime': '12:20', 'campus': 'Burnaby'}]",Tammara Soma,3
PLAN 300,E100,fall,2021,PLAN 200.,PLAN 200,False,"[{'days': 'We', 'startTime': '17:30', 'endTime': '21:20', 'campus': 'Vancouver'}]",Mark Seinen,4
PLAN 443,D100,fall,2021,PLAN 200 and 60 units.,PLAN 200,False,"[{'days': 'Fr', 'startTime': '12:30', 'endTime': '16:20', 'campus': 'Burnaby'}]",Tom Gunton,4
REM 100,OL01,fall,2021,,,False,[],Pascal Haegeli,3
REM 202W,D100,fall,2021,"One of REM 100, GEOG 100, GEOG 111, or EVSC 100.",REM 100;GEOG 100;GEOG 111;EVSC 100,False,"[{'days': 'Tu', 'startTime': '12:30', 'endTime': '14:20', 'campus': 'Burnaby'}]",Scott Harrison,3
REM 211,D100,fall,2021,,,False,"[{'days': 'Mo', 'startTime': '13:30', 'endTime': '14:20', 'campus': 'Burnaby'}, {'days': 'We', 'startTime': '13:30', 'endTime': '14:20', 'campus': 'Burnaby'}]",Chelsea Little,3
REM 225,D100,fall,2021,18 units.,,False,"[{'days': 'We, Fr', 'startTime': '9:30', 'endTime': '10:20', 'campus': 'Burnaby'}]",Brett Van Poorten,3
REM 311,D100,fall,2021,REM 100 or EVSC 100; BISC 204 or GEOG 215 or REM 211; STAT 201 or STAT 203 or STAT 205 or GEOG 251 or equivalent. Recommended: REM 225.,REM 100;EVSC 100;BISC 204;GEOG 215;REM 211;STAT 201;STAT 203;STAT 205;GEOG 251,False,"[{'days': 'Tu', 'startTime': '10:30', 'endTime': '12:20', 'campus': 'Burnaby'}]",Scott Harrison,3
REM 321,D100,fall,2021,45 units.,,False,"[{'days': 'Tu', 'startTime': '14:30', 'endTime': '17:20', 'campus': 'Burnaby'}]",Jonn Axsen,4
REM 355,D100,fall,2021,45 units or permission of instructor.,,True,"[{'days': 'Mo', 'startTime': '14:30', 'endTime': '16:20', 'campus': 'Burnaby'}]",Jonn Axsen,3
REM 356W,D100,fall,2021,"One of REM 100, GEOG 100, GEOG 111, or EVSC 100; and 45 units.",REM 100;GEOG 100;GEOG 111;EVSC 100,False,"[{'days': 'Th', 'startTime': '14:30', 'endTime': '16:20', 'campus': 'Burnaby'}]",Andres Cisneros-Montemayor,3
REM 388,D100,fall,2021,45 units.,,False,"[{'days': 'Mo', 'startTime': '10:30', 'endTime': '12:20', 'campus': 'Burnaby'}]",Scott Harrison,3
REM 407,D100,fall,2021,"One of REM 207, ARCH 286, or any INDG course; and 75 units.",REM 207;ARCH 286,False,"[{'days': 'Tu, Th', 'startTime': '12:30', 'endTime': '14:20', 'campus': 'Burnaby'}]",Clifford Atleo,4
REM 445,D100,fall,2021,MATH 151 or 154 or 157; STAT 201 or 203 or 205 or GEOG 251 or equivalent; and 60 units.,MATH 151;STAT 201;GEOG 251,False,"[{'days': 'We', 'startTime': '11:30', 'endTime': '12:20', 'campus': 'Burnaby'}, {'days': 'Fr', 'startTime': '10:30', 'endTime': '12:20', 'campus': 'Burnaby'}]",Frank Gobas,4
SD 281,OL01,fall,2021,,,False,[],Tammara Soma,3
SD 381,OL01,fall,2021,"One of PLAN 100, REM 100, or SD 281; and 45 units.",PLAN 100;REM 100;SD 281,False,[],Andreanne Doyon,4
HSCI 100,D100,fall,2021,,,False,"[{'days': 'Mo', 'startTime': '12:30', 'endTime': '14:20', 'campus': 'Burnaby'}, {'days': 'We', 'startTime': '12:30', 'endTime': '13:20', 'campus': 'Burnaby'}]",Frank Lee,3
HSCI 100,D200,fall,2021,,,False,"[{'days': 'Th', 'startTime': '14:30', 'endTime': '17:20', 'campus': 'Surrey'}]",Shabnam Massah,3
HSCI 120,D100,fall,2021,,,False,"[{'days': 'Th', 'startTime': '14:30', 'endTime': '17:20', 'campus': 'Burnaby'}]",Kate Salters,3
HSCI 130,D100,fall,2021,,,False,"[{'days': 'Tu', 'startTime': '14:30', 'endTime': '17:20', 'campus': 'Burnaby'}]",Kate Tairyan,4
HSCI 160,E100,fall,2021,,,False,"[{'days': 'Mo', 'startTime': '14:30', 'endTime': '17:20', 'campus': 'Burnaby'}]",Susan Erikson,3
HSCI 180,D100,fall,2021,,,False,"[{'days': 'We', 'startTime': '14:30', 'endTime': '17:20', 'campus': 'Burnaby'}]",Julian Somers,3
HSCI 206,D100,fall,2021,HSCI 130 with a minimum grade of C-.,HSCI 130,False,"[{'days': 'Tu', 'startTime': '14:30', 'endTime': '17:20', 'campus': 'Burnaby'}]",David Whitehurst,3
HSCI 212,D100,fall,2021,"HSCI 100 or BISC 101, HSCI 130, all with a minimum grade of C-.",HSCI 100;BISC 101;HSCI 130,False,"[{'days': 'Tu', 'startTime': '10:30', 'endTime': '12:20', 'campus': 'Burnaby'}, {'days': 'Fr', 'startTime': '10:30', 'endTime': '11:20', 'campus': 'Burnaby'}]",Ralph Pantophlet,3
HSCI 214,D100,fall,2021,"HSCI 100 or BISC 101, HSCI 130, all with a minimum grade of C-.",HSCI 100;BISC 101;HSCI 130,False,"[{'days': 'We', 'startTime': '13:30', 'endTime': '14:20', 'campus': 'Burnaby'}, {'days': 'Fr', 'startTime': '12:30', 'endTime': '14:20', 'campus': 'Burnaby'}]",William Small,3
HSCI 305,D100,fall,2021,"60 units, including nine HSCI units with a minimum grade of C-.",,False,"[{'days': 'Mo', 'startTime': '14:30', 'endTime': '17:20', 'campus': 'Burnaby'}]",Lauren Currie,3
HSCI 307,D100,fall,2021,"Two HSCI 200 division courses with a minimum grade of C-, one of which may be taken concurrently.",HSCI 200,False,"[{'days': 'Tu', 'startTime': '8:30', 'endTime': '10:20', 'campus': 'Burnaby'}]",Cecilia Sierra Heredia,3
HSCI 319W,D100,fall,2021,"45 units including nine HSCI units with a minimum grade of C-, one of which must be a 200 division course.",,False,"[{'days': 'Tu', 'startTime': '14:30', 'endTime': '16:20', 'campus': 'Burnaby'}]",Jeremy Snyder,3
HSCI 323,D100,fall,2021,"MBB 231, CHEM 282, both with a minimum grade of C-.",MBB 231;CHEM 282,False,"[{'days': 'Th', 'startTime': '8:30', 'endTime': '11:20', 'campus': 'Burnaby'}]",Timothy Beischlag,3
HSCI 324,D100,fall,2021,BISC 202 with a minimum grade of C-.,BISC 202,False,"[{'days': 'Mo, We, Fr', 'startTime': '8:30', 'endTime': '9:20', 'campus': 'Burnaby'}]",Mark Lechner,3
HSCI 326,D100,fall,2021,MBB 231 with a minimum grade of C-.,MBB 231,False,"[{'days': 'We', 'startTime': '14:30', 'endTime': '16:20', 'campus': 'Burnaby'}, {'days': 'Fr', 'startTime': '14:30', 'endTime': '16:20', 'campus': 'Burnaby'}]",Ingrid Northwood,3
HSCI 330,D100,fall,2021,"Nine HSCI units with a minimum grade of C- including one HSCI 200 division course and either STAT 302 or 305, with a minimum grade of C-, which may be taken concurrently.",HSCI 200;STAT 302,False,"[{'days': 'We', 'startTime': '14:30', 'endTime': '17:20', 'campus': 'Burnaby'}]",Lawrence McCandless,3
HSCI 340,D100,fall,2021,"60 units and two HSCI 200-level courses with a minimum grade of C-, one of which may be taken concurrently.",HSCI 200,False,"[{'days': 'Fr', 'startTime': '14:30', 'endTime': '17:20', 'campus': 'Burnaby'}]",Nicole Berry,3
HSCI 373,D100,fall,2021,Will vary according to topic.,,False,"[{'days': 'We, Fr', 'startTime': '12:30', 'endTime': '14:20', 'campus': 'Burnaby'}]",Mark Lechner,4
HSCI 403,D100,fall,2021,60 units including HSCI 330 with a minimum grade of C-.,HSCI 330,False,"[{'days': 'We', 'startTime': '9:30', 'endTime': '12:20', 'campus': 'Burnaby'}]",Meghan Winters,3
HSCI 410,D100,fall,2021,"STAT 302 or STAT 305, with a minimum grade of C-. Recommended: HSCI 330.",STAT 302;STAT 305,False,"[{'days': 'Fr', 'startTime': '14:30', 'endTime': '17:20', 'campus': 'Burnaby'}]",Kiffer Card,3
HSCI 412,D100,fall,2021,"HSCI 312 and two HSCI 200-level courses, with a minimum grade of C-.",HSCI 312;HSCI 200,False,"[{'days': 'Mo', 'startTime': '9:30', 'endTime': '12:20', 'campus': 'Burnaby'}]",Anne-Marie Nicol,3
HSCI 418,D100,fall,2021,"90 units, two 200-level HSCI courses with a minimum grade of C-, or permission of the instructor.",,True,"[{'days': 'Tu', 'startTime': '14:30', 'endTime': '17:20', 'campus': 'Burnaby'}]",Stuart Peacock,3
HSCI 432,D100,fall,2021,HSCI 330 with a minimum grade of C-.,HSCI 330,False,"[{'days': 'Fr', 'startTime': '9:30', 'endTime': '12:20', 'campus': 'Burnaby'}]",Hasina Samji,3
HSCI 440,D100,fall,2021,"HSCI 321 and one of BISC 357, MBB 308, or MBB 309W, all with a minimum grade of C-.",HSCI 321;BISC 357;MBB 308;MBB 309W,False,"[{'days': 'Tu', 'startTime': '13:30', 'endTime': '17:20', 'campus': 'Burnaby'}]",Shabnam Massah,4
HSCI 462,D100,fall,2021,HSCI 216 with a minimum grade of C-.,HSCI 216,False,"[{'days': 'We', 'startTime': '14:30', 'endTime': '17:20', 'campus': 'Burnaby'}]",Pablo Nepomnaschy,3
HSCI 471,D100,fall,2021,Will vary according to topic.,,False,"[{'days': 'Th', 'startTime': '14:30', 'endTime': '17:20', 'campus': 'Burnaby'}]",Ryan Allen,3
HSCI 476,D100,fall,2021,"HSCI 323 and MBB 331, with a minimum grade of C- or permission of the instructor.",HSCI 323;MBB 331,False,"[{'days': 'Fr', 'startTime': '9:30', 'endTime': '12:20', 'campus': 'Burnaby'}]",Timothy Beischlag,3
HSCI 485,D100,fall,2021,"90 units, including at least 15 upper division HSCI units with a minimum grade of C-. Other prerequisites may vary according to topic.",,False,"[{'days': 'Th', 'startTime': '8:30', 'endTime': '11:20', 'campus': 'Burnaby'}]",Charlotte Waddell,3
HSCI 486,D100,fall,2021,"90 units, including at least 15 upper division HSCI units with a minimum grade of C-. Other prerequisites may vary according to topic.",,False,"[{'days': 'Tu', 'startTime': '11:30', 'endTime': '14:20', 'campus': 'Burnaby'}]",Kelley Lee,3
ACMA 101,E100,fall,2021,,,False,"[{'days': 'Mo', 'startTime': '16:30', 'endTime': '18:20', 'campus': 'Burnaby'}, {'days': 'We', 'startTime': '16:30', 'endTime': '17:20', 'campus': 'Burnaby'}]",Yi Lu,3
ACMA 440,D100,fall,2021,ACMA 340 with a minimum grade of C.,ACMA 340,False,"[{'days': 'Mo', 'startTime': '9:30', 'endTime': '10:20', 'campus': 'Burnaby'}, {'days': 'We', 'startTime': '8:30', 'endTime': '10:20', 'campus': 'Burnaby'}]",Jean-Francois Begin,3
BISC 101,D100,fall,2021,"High school Biology 12 (or equivalent) with a C grade or better, or BISC 100 with C- or better, or BISC 113 with C+ or better, or HSCI 100 with C+ or better; and High school Chemistry 12 (or equivalent) with a C grade or better, or CHEM 111 with a C- or better.",BISC 100;BISC 113;HSCI 100;CHEM 111,False,"[{'days': 'Tu', 'startTime': '10:30', 'endTime': '11:20', 'campus': 'Burnaby'}, {'days': 'Th', 'startTime': '9:30', 'endTime': '11:20', 'campus': 'Burnaby'}]",Tony Williams;Megan Barker,4
BISC 101,D200,fall,2021,"High school Biology 12 (or equivalent) with a C grade or better, or BISC 100 with C- or better, or BISC 113 with C+ or better, or HSCI 100 with C+ or better; and High school Chemistry 12 (or equivalent) with a C grade or better, or CHEM 111 with a C- or better.",BISC 100;BISC 113;HSCI 100;CHEM 111,False,"[{'days': 'Tu', 'startTime': '10:30', 'endTime': '11:20', 'campus': 'Burnaby'}, {'days': 'Th', 'startTime': '9:30', 'endTime': '11:20', 'campus': 'Burnaby'}]",Tony Williams;Megan Barker,4
BISC 102,D100,fall,2021,"High school biology 12 (or equivalent) with a C grade or better, or BISC 100 with C- or better, or BISC 113 with C+ or better, or HSCI 100 with C+ or better.",BISC 100;BISC 113;HSCI 100,False,"[{'days': 'Tu, Th', 'startTime': '12:30', 'endTime': '13:20', 'campus': 'Burnaby'}]",John Reynolds;Kevin Lam;Kathleen Fitzpatrick,4
BISC 113,C100,fall,2021,"Recommended: Students with a C or better in Biology 12, who are considering a BISC major, are encouraged to proceed directly to BISC 101 and 102.",,False,[],Tammy Mcmullan,3
BISC 202,D100,fall,2021,BISC 101 and 102 with a grade of C- or better.,BISC 101,False,"[{'days': 'Tu', 'startTime': '8:30', 'endTime': '10:20', 'campus': 'Burnaby'}, {'days': 'Th', 'startTime': '8:30', 'endTime': '9:20', 'campus': 'Burnaby'}]",Onkar Bains,3
BISC 202,D900,fall,2021,BISC 101 and 102 with a grade of C- or better.,BISC 101,False,"[{'days': 'Tu', 'startTime': '8:30', 'endTime': '10:20', 'campus': 'Burnaby'}, {'days': 'Th', 'startTime': '8:30', 'endTime': '9:20', 'campus': 'Burnaby'}]",Onkar Bains,3
BISC 204,D100,fall,2021,BISC 101 and 102 with a grade of C- or better.,BISC 101,False,"[{'days': 'Tu', 'startTime': '14:30', 'endTime': '16:20', 'campus': 'Burnaby'}, {'days': 'Th', 'startTime': '14:30', 'endTime': '15:20', 'campus': 'Burnaby'}]",Leah Bendell,3
BISC 204,D900,fall,2021,BISC 101 and 102 with a grade of C- or better.,BISC 101,False,"[{'days': 'Tu', 'startTime': '14:30', 'endTime': '16:20', 'campus': 'Burnaby'}, {'days': 'Th', 'startTime': '14:30', 'endTime': '15:20', 'campus': 'Burnaby'}]",Leah Bendell,3
BISC 205,D100,fall,2021,"BISC 101, BISC 102 and PHYS 102 all with a grade of C- or better.",BISC 101;BISC 102;PHYS 102,False,"[{'days': 'Mo, We, Fr', 'startTime': '9:30', 'endTime': '10:20', 'campus': 'Burnaby'}]",Gordon Rintoul;Jim Mattsson,3
BISC 300,D100,fall,2021,BISC 202 with a grade of C- or better. Recommended: BISC 204.,BISC 202,False,"[{'days': 'Mo, We, Fr', 'startTime': '12:30', 'endTime': '13:20', 'campus': 'Burnaby'}]",Arne Mooers,3
BISC 303,D100,fall,2021,BISC 102 and MBB 231 with a grade of C- or better.,BISC 102;MBB 231,False,"[{'days': 'Tu, Th', 'startTime': '9:30', 'endTime': '10:20', 'campus': 'Burnaby'}]",Julian Guttman;Agata Becalska,4
BISC 316,D100,fall,2021,BISC 101 and 102 with a grade of C- or better.,BISC 101,False,"[{'days': 'Mo, We, Fr', 'startTime': '10:30', 'endTime': '11:20', 'campus': 'Burnaby'}]",Erin Barley,4
BISC 317,D100,fall,2021,BISC 101 and 102 with a grade of C- or better.,BISC 101,False,"[{'days': 'Tu, Fr', 'startTime': '8:30', 'endTime': '9:20', 'campus': 'Burnaby'}]",Gerhard Gries,3
BISC 326,D100,fall,2021,BISC 101 and 102 with a grade of C- or better.,BISC 101,False,"[{'days': 'Th', 'startTime': '10:30', 'endTime': '12:20', 'campus': 'Burnaby'}]",Zamir Punja;Sherryl Bisgrove;Miranda Meents,3
BISC 333,D100,fall,2021,"BISC 202, MBB 222, MBB 231 with a grade of C- or better.",BISC 202;MBB 222;MBB 231,False,"[{'days': 'Mo, We, Fr', 'startTime': '11:30', 'endTime': '12:20', 'campus': 'Burnaby'}]",Harald Hutter,3
BISC 342,D100,fall,2021,BISC 341 and readmission to the Science Co-op Education Program.,BISC 341,False,[],,3
BISC 357,D100,fall,2021,"BISC 202, MBB 222, and MBB 231, all with a grade of C- or better. Recommended: MBB 331.",BISC 202;MBB 222;MBB 231,False,"[{'days': 'Mo, We, Fr', 'startTime': '10:30', 'endTime': '11:20', 'campus': 'Burnaby'}]",Peter Hollmann,4
BISC 360W,D100,fall,2021,"BISC 202, BISC 204 (or GEOG 215), and STAT 201, all with C- or better.",BISC 202;BISC 204;GEOG 215;STAT 201,False,"[{'days': 'Tu', 'startTime': '14:30', 'endTime': '16:20', 'campus': 'Burnaby'}]",Wendy Palen,3
BISC 366,D100,fall,2021,BISC 205 and MBB 231 with a grade of C- or better.,BISC 205;MBB 231,False,"[{'days': 'Mo, We, Fr', 'startTime': '9:30', 'endTime': '10:20', 'campus': 'Burnaby'}]",Miranda Meents,3
BISC 407,D100,fall,2021,"BISC 102 and either BISC 204 or GEOG 215, all with a grade of C- or better.",BISC 102;BISC 204;GEOG 215,False,"[{'days': 'We', 'startTime': '11:30', 'endTime': '12:20', 'campus': 'Burnaby'}, {'days': 'Fr', 'startTime': '10:30', 'endTime': '12:20', 'campus': 'Burnaby'}]",Leithen M'Gonigle,3
BISC 410,D100,fall,2021,"BISC 102 and either BISC 204 or GEOG 215, all with a grade of C- or better.",BISC 102;BISC 204;GEOG 215,False,"[{'days': 'Mo', 'startTime': '10:30', 'endTime': '11:20', 'campus': 'Burnaby'}, {'days': 'Th', 'startTime': '10:30', 'endTime': '12:20', 'campus': 'Burnaby'}]",Kevin Lam,3
BISC 414,D100,fall,2021,"75 units of credit in a science program, including BISC 204 with a grade of C- or better or GEOG 215, or permission of the instructor.",BISC 204;GEOG 215,False,"[{'days': 'We, Fr', 'startTime': '9:30', 'endTime': '10:20', 'campus': 'Burnaby'}]",Lance Lesack,3
BISC 420,D100,fall,2021,BISC 204 or GEOG 215; with a grade of C- or better.,BISC 204;GEOG 215,False,"[{'days': 'Mo', 'startTime': '8:30', 'endTime': '9:20', 'campus': 'Burnaby'}, {'days': 'Th', 'startTime': '8:30', 'endTime': '10:20', 'campus': 'Burnaby'}]",David Green,3
BISC 425,D100,fall,2021,"BISC 305, or BPK 305, or BPK 306 with a grade of C- or better.",BISC 305;BPK 305;BPK 306,False,"[{'days': 'Tu', 'startTime': '14:30', 'endTime': '17:20', 'campus': 'Burnaby'}]",Inigo Novales Flamarique,3
BISC 441,D100,fall,2021,BISC 202 or 204 with a grade of C- or better. Recommended: BISC 300.,BISC 202,False,"[{'days': 'Mo, We, Fr', 'startTime': '12:30', 'endTime': '13:20', 'campus': 'Burnaby'}]",Bernard Crespi,3
BISC 475,D100,fall,2021,To be announced.,,False,"[{'days': 'Tu', 'startTime': '8:30', 'endTime': '10:20', 'campus': 'Burnaby'}, {'days': 'Fr', 'startTime': '8:30', 'endTime': '9:20', 'campus': 'Burnaby'}]",Jane Fowler,3
BPK 105,C100,fall,2021,"Recommended: Grade 11 Biology, Chemistry and Physics.",,False,[],Ryan Peter Dill,3
BPK 105,C200,fall,2021,"Recommended: Grade 11 Biology, Chemistry and Physics.",,False,[],Ryan Peter Dill,3
BPK 110,D100,fall,2021,,,False,"[{'days': 'Tu', 'startTime': '12:30', 'endTime': '14:20', 'campus': 'Burnaby'}]",Diana Bedoya,3
BPK 110,D300,fall,2021,,,False,"[{'days': 'Fr', 'startTime': '8:30', 'endTime': '10:20', 'campus': 'Burnaby'}]",Amandio Vieira,3
BPK 110,OL01,fall,2021,,,False,[],Diana Bedoya,3
BPK 140,D100,fall,2021,,,False,"[{'days': 'Th', 'startTime': '8:30', 'endTime': '10:20', 'campus': 'Burnaby'}]",Andrew Blaber,3
BPK 140,E100,fall,2021,,,False,"[{'days': 'Th', 'startTime': '16:30', 'endTime': '18:20', 'campus': 'Burnaby'}]",Mike Walsh,3
BPK 140,OL01,fall,2021,,,False,[],,3
BPK 141,OL01,fall,2021,,,False,[],,3
BPK 142,D100,fall,2021,"One of Grade 12 Anatomy and Physiology, Biology, Chemistry or Physics with a grade of C or better; or one of BPK 105, BPK 110, BPK 143, BISC 100, BISC 113 or HSCI 100 with a grade of C or better.",BPK 105;BPK 110;BPK 143;BISC 100;BISC 113;HSCI 100,False,"[{'days': 'Tu', 'startTime': '8:30', 'endTime': '10:20', 'campus': 'Burnaby'}]",Jim Carter,3
BPK 143,D100,fall,2021,Recommended: Medical clearance from a personal physician.,,False,"[{'days': 'Tu', 'startTime': '10:30', 'endTime': '12:20', 'campus': 'Burnaby'}]",,3
BPK 180W,D100,fall,2021,"Grade 12 Biology or Physics, Grade 12 Math.",,False,"[{'days': 'We', 'startTime': '13:30', 'endTime': '14:20', 'campus': 'Burnaby'}, {'days': 'Fr', 'startTime': '12:30', 'endTime': '14:20', 'campus': 'Burnaby'}]",Anne-Kristina Arnold,3
BPK 201,D100,fall,2021,"MATH 150, 151 or 154, MATH 152 or 155 (may be taken concurrently), PHYS 101 (or 120 or 125 or 140), BPK 142.",MATH 150;MATH 152;PHYS 101;BPK 142,False,"[{'days': 'Mo, We, Fr', 'startTime': '13:30', 'endTime': '14:20', 'campus': 'Burnaby'}]",Sabrina Lee,3
BPK 205,D100,fall,2021,"BISC 101, CHEM 281, PHYS 101 and 102.",BISC 101;CHEM 281;PHYS 101,False,"[{'days': 'Mo, We, Fr', 'startTime': '9:30', 'endTime': '10:20', 'campus': 'Burnaby'}]",Damon Poburko,3
BPK 207,D100,fall,2021,BPK 142 or permission of instructor.,BPK 142,False,"[{'days': 'Tu', 'startTime': '10:30', 'endTime': '12:20', 'campus': 'Burnaby'}, {'days': 'Fr', 'startTime': '10:30', 'endTime': '11:20', 'campus': 'Burnaby'}]",Daniel Marigold,3
BPK 241,D100,fall,2021,BPK 142.,BPK 142,False,"[{'days': 'Tu', 'startTime': '8:30', 'endTime': '10:20', 'campus': 'Burnaby'}]",,3
BPK 301,D100,fall,2021,"PHYS 102 (or 121 or 126 or 141), BPK 201.",PHYS 102;BPK 201,False,"[{'days': 'Tu', 'startTime': '8:30', 'endTime': '12:20', 'campus': 'Burnaby'}]",,3
BPK 301,D200,fall,2021,"PHYS 102 (or 121 or 126 or 141), BPK 201.",PHYS 102;BPK 201,False,"[{'days': 'Mo', 'startTime': '12:30', 'endTime': '16:20', 'campus': 'Burnaby'}]",,3
BPK 303,D100,fall,2021,"BPK 201, BPK 241 and STAT 201 or an equivalent statistics course.",BPK 201;BPK 241;STAT 201,False,"[{'days': 'Fr', 'startTime': '8:30', 'endTime': '10:20', 'campus': 'Burnaby'}]",Michael Rosenblat,3
BPK 304W,D100,fall,2021,"BPK 142, 201, 205, and STAT 201.",BPK 142;STAT 201,False,"[{'days': 'Th', 'startTime': '14:30', 'endTime': '17:20', 'campus': 'Burnaby'}]",Mike Walsh,3
BPK 305,D100,fall,2021,"BPK 205, MBB 231 (or 201), MATH 155 (or 152). Majors from outside BPK require BPK 205 (or BISC 305), MBB 231 (or 201), MATH 155 (or 152) plus permission of the instructor.",BPK 205;MBB 231;MATH 155;BISC 305,False,"[{'days': 'Mo, We, Fr', 'startTime': '11:30', 'endTime': '12:20', 'campus': 'Burnaby'}]",Victoria Claydon;Thomas Claydon,3
BPK 306,D100,fall,2021,"BPK 207. Corequisite: BPK 305. Majors from outside BPK require BPK 205 (or BISC 305), MBB 231 (or 201), MATH 155 (or 152) plus permission of the instructor.",BPK 207;BPK 305;BPK 205;BISC 305;MBB 231;MATH 155,False,"[{'days': 'We', 'startTime': '10:30', 'endTime': '11:20', 'campus': 'Burnaby'}]",Charles Krieger;Nadine Wicks,3
BPK 310,D100,fall,2021,"BPK 205, MBB 201 (or 231). Recommended: BPK 201.",BPK 205;MBB 201,False,"[{'days': 'Tu', 'startTime': '12:30', 'endTime': '14:20', 'campus': 'Burnaby'}, {'days': 'Fr', 'startTime': '12:30', 'endTime': '13:20', 'campus': 'Burnaby'}]",Dave Clarke,3
BPK 311,D100,fall,2021,"BPK 105 or 205, and 110.",BPK 105,False,"[{'days': 'Fr', 'startTime': '14:30', 'endTime': '16:20', 'campus': 'Burnaby'}]",Amandio Vieira,3
BPK 325,D100,fall,2021,BPK 142 and either BPK 105 (with a grade of C or higher) or BPK 205.,BPK 142;BPK 105;BPK 205,False,[],,3
BPK 326,D100,fall,2021,"Admission to the major or honours program in Behavioural Neuroscience or Biomedical Physiology or Kinesiology. BPK 142, 201, 205 and at least 60 units. Behavioral Neuroscience Major and Honours students require BPK 142, 205, PSYC 280 and at least 60 units.",BPK 142;PSYC 280,False,"[{'days': 'Mo, We', 'startTime': '9:30', 'endTime': '10:20', 'campus': 'Burnaby'}]",Leanne Ramer,4
BPK 340,D100,fall,2021,"BPK 142, STAT 201 (or PSYC 201). Recommended: BPK 140.",BPK 142;STAT 201;PSYC 201,False,"[{'days': 'Th', 'startTime': '8:30', 'endTime': '11:20', 'campus': 'Burnaby'}]",Peter Ruben,3
BPK 342,OL01,fall,2021,"BPK 105 (or 205), 142 and 143.",BPK 105,False,[],,3
BPK 375,C100,fall,2021,"BPK 105 or 205, and 142.",BPK 105,False,[],Leanne Ramer,3
BPK 381,D100,fall,2021,PSYC 210 or both of BPK 207 and STAT 201. Corequisite: STAT 201 may be taken concurrently. Recommended: BPK 180.,PSYC 210;BPK 207;STAT 201,False,"[{'days': 'Tu', 'startTime': '8:30', 'endTime': '10:20', 'campus': 'Burnaby'}, {'days': 'Fr', 'startTime': '8:30', 'endTime': '9:20', 'campus': 'Burnaby'}]",Anne-Kristina Arnold,3
BPK 408W,D100,fall,2021,"STAT 201 and BPK 305 for BPK Majors or STAT 201 and one of BISC 305, 405, or 455 with a C- or better for BISC Majors. Enrollment of non-BPK and non-BISC majors require permission of the instructor.",STAT 201;BPK 305;BISC 305,False,"[{'days': 'Mo', 'startTime': '8:30', 'endTime': '9:20', 'campus': 'Burnaby'}]",Nadine Wicks,3
BPK 409,D100,fall,2021,BPK 305 and 306.,BPK 305,False,"[{'days': 'Fr', 'startTime': '10:30', 'endTime': '12:20', 'campus': 'Burnaby'}]",Sabrina Lee,3
BPK 412,D100,fall,2021,BPK 305 or MBB 308.,BPK 305;MBB 308,False,"[{'days': 'Mo, We', 'startTime': '14:30', 'endTime': '15:20', 'campus': 'Burnaby'}]",Glen Tibbits;Thomas Claydon,3
BPK 426,D100,fall,2021,BPK 306 and BPK 326.,BPK 306;BPK 326,False,"[{'days': 'Tu', 'startTime': '14:30', 'endTime': '16:20', 'campus': 'Burnaby'}]",,3
BPK 432,D100,fall,2021,BPK 305 or BISC 305. Recommended: BPK 407.,BPK 305;BISC 305,False,"[{'days': 'Tu', 'startTime': '14:30', 'endTime': '17:20', 'campus': 'Burnaby'}]",,3
BPK 447,D100,fall,2021,BPK 306 or BISC 305.,BPK 306;BISC 305,False,"[{'days': 'We', 'startTime': '14:30', 'endTime': '17:20', 'campus': 'Burnaby'}]",Dylan Cooke,3
BPK 448,D100,fall,2021,"BPK 201 or 207, and BPK 306, or for biomedical engineering students, BPK 201 and 208.",BPK 201;BPK 306,False,"[{'days': 'Mo', 'startTime': '10:30', 'endTime': '12:20', 'campus': 'Burnaby'}, {'days': 'We', 'startTime': '10:30', 'endTime': '11:20', 'campus': 'Burnaby'}]",Andy Hoffer,3
BPK 481,D100,fall,2021,BPK 303 and 326.,BPK 303,False,"[{'days': 'Mo', 'startTime': '14:30', 'endTime': '17:20', 'campus': 'Burnaby'}]",Michael Rosenblat,3
CHEM 110,D100,fall,2021,"Pre-Calculus 12 (or equivalent), MATH 100 (may be taken concurrently), or permission of the Department. No previous training in chemistry is required for this course.",MATH 100,False,[],Rebecca Goyan,3
CHEM 120,D100,fall,2021,"Chemistry 12 with a minimum grade of C, or CHEM 110 or 111 with a minimum grade of C-.",CHEM 110,False,[],Daniel Leznoff;Jeffrey Warren,3
CHEM 120,D300,fall,2021,"Chemistry 12 with a minimum grade of C, or CHEM 110 or 111 with a minimum grade of C-.",CHEM 110,False,[],Daniel Leznoff;Jeffrey Warren,3
CHEM 122,D100,fall,2021,CHEM 120 or 121 with a minimum grade of C-.,CHEM 120,False,[],John Canal,2
CHEM 125,LA04,fall,2021,"Chemistry 12 with a minimum grade of C, or CHEM 109 or CHEM 111 with a minimum grade of C-. Corequisite: CHEM 120.",CHEM 109;CHEM 111;CHEM 120,False,"[{'days': 'We', 'startTime': '8:30', 'endTime': '12:20', 'campus': 'Burnaby'}]",Rebecca Goyan,1
CHEM 125,LA05,fall,2021,"Chemistry 12 with a minimum grade of C, or CHEM 109 or CHEM 111 with a minimum grade of C-. Corequisite: CHEM 120.",CHEM 109;CHEM 111;CHEM 120,False,"[{'days': 'We', 'startTime': '13:30', 'endTime': '17:20', 'campus': 'Burnaby'}]",Rebecca Goyan,1
CHEM 125,LA09,fall,2021,"Chemistry 12 with a minimum grade of C, or CHEM 109 or CHEM 111 with a minimum grade of C-. Corequisite: CHEM 120.",CHEM 109;CHEM 111;CHEM 120,False,"[{'days': 'Fr', 'startTime': '13:30', 'endTime': '17:20', 'campus': 'Burnaby'}]",Rebecca Goyan,1
CHEM 125,LB04,fall,2021,"Chemistry 12 with a minimum grade of C, or CHEM 109 or CHEM 111 with a minimum grade of C-. Corequisite: CHEM 120.",CHEM 109;CHEM 111;CHEM 120,False,"[{'days': 'We', 'startTime': '8:30', 'endTime': '12:20', 'campus': 'Burnaby'}]",Rebecca Goyan,1
CHEM 125,LB05,fall,2021,"Chemistry 12 with a minimum grade of C, or CHEM 109 or CHEM 111 with a minimum grade of C-. Corequisite: CHEM 120.",CHEM 109;CHEM 111;CHEM 120,False,"[{'days': 'We', 'startTime': '13:30', 'endTime': '17:20', 'campus': 'Burnaby'}]",Rebecca Goyan,1
CHEM 125,LB07,fall,2021,"Chemistry 12 with a minimum grade of C, or CHEM 109 or CHEM 111 with a minimum grade of C-. Corequisite: CHEM 120.",CHEM 109;CHEM 111;CHEM 120,False,"[{'days': 'Th', 'startTime': '13:30', 'endTime': '17:20', 'campus': 'Burnaby'}]",Rebecca Goyan,1
CHEM 125,LC03,fall,2021,"Chemistry 12 with a minimum grade of C, or CHEM 109 or CHEM 111 with a minimum grade of C-. Corequisite: CHEM 120.",CHEM 109;CHEM 111;CHEM 120,False,"[{'days': 'Tu', 'startTime': '13:30', 'endTime': '17:20', 'campus': 'Surrey'}]",Garry Mund,1
CHEM 126,LA03,fall,2021,CHEM 121 with a minimum grade of C-. Corequisite: CHEM 122.,CHEM 121;CHEM 122,False,"[{'days': 'Tu', 'startTime': '13:30', 'endTime': '17:20', 'campus': 'Burnaby'}]",Julie Lunniss,2
CHEM 126,LA04,fall,2021,CHEM 121 with a minimum grade of C-. Corequisite: CHEM 122.,CHEM 121;CHEM 122,False,"[{'days': 'We', 'startTime': '13:30', 'endTime': '17:20', 'campus': 'Burnaby'}]",Julie Lunniss,2
CHEM 180,D100,fall,2021,CHEM 121 with a minimum grade of C-.,CHEM 121,False,[],John Canal,3
CHEM 210,D100,fall,2021,CHEM 122 with a minimum grade of C-.,CHEM 122,False,"[{'days': 'Mo, Fr', 'startTime': '11:30', 'endTime': '12:20', 'campus': 'Burnaby'}]",Hogan Yu,2
CHEM 216,LA03,fall,2021,"CHEM 122 and CHEM 126, both with a minimum grade of C-. Corequisite: CHEM 210.",CHEM 122;CHEM 126;CHEM 210,False,"[{'days': 'Fr', 'startTime': '13:30', 'endTime': '17:20', 'campus': 'Burnaby'}]",Dev Sharma,2
CHEM 230,D100,fall,2021,CHEM 122 with a minimum grade of C-. Students who expect to take further courses in inorganic chemistry should take CHEM 230 concurrently with CHEM 236W.,CHEM 122;CHEM 230;CHEM 236W,False,"[{'days': 'Mo, We, Fr', 'startTime': '12:30', 'endTime': '13:20', 'campus': 'Burnaby'}]",Tim Storr,3
CHEM 236W,LA01,fall,2021,CHEM 126 with a minimum grade of C-. Corequisite: CHEM 230.,CHEM 126;CHEM 230,False,"[{'days': 'Tu', 'startTime': '13:30', 'endTime': '17:20', 'campus': 'Burnaby'}]",John Canal,3
CHEM 236W,LA02,fall,2021,CHEM 126 with a minimum grade of C-. Corequisite: CHEM 230.,CHEM 126;CHEM 230,False,"[{'days': 'Th', 'startTime': '13:30', 'endTime': '17:20', 'campus': 'Burnaby'}]",John Canal,3
CHEM 260,D100,fall,2021,"CHEM 122, MATH 152, and PHYS 121, 126 or 141 (or PHYS 102 with a minimum grade of B), all with a minimum grade of C-. Recommended: MATH 232.",CHEM 122;MATH 152;PHYS 121;PHYS 102,False,"[{'days': 'Tu, Th', 'startTime': '10:30', 'endTime': '12:20', 'campus': 'Burnaby'}]",Krzysztof Starosta,4
CHEM 280,D100,fall,2021,CHEM 120 or CHEM 121 with a minimum grade of C-. Corequisite: CHEM 122.,CHEM 120;CHEM 121;CHEM 122,False,[],M Khaled Arafeh,3
CHEM 282,D100,fall,2021,CHEM 281 with a minimum grade of C-.,CHEM 281,False,[],Pete Wilson,2
CHEM 282,D700,fall,2021,CHEM 281 with a minimum grade of C-.,CHEM 281,False,[],Pete Wilson,2
CHEM 283,D100,fall,2021,CHEM 281 with a minimum grade of C-.,CHEM 281,False,[],Pete Wilson,3
CHEM 284,D100,fall,2021,"CHEM 282 with a minimum of C+, or permission of the Department.",CHEM 282,False,[],Pete Wilson,1
CHEM 285,LA01,fall,2021,"CHEM 120 and CHEM 125, both with a minimum grade of C-, or CHEM 121 with a minimum grade of C-. Corequisite: CHEM 122 and CHEM 280.",CHEM 120;CHEM 125;CHEM 121;CHEM 122;CHEM 280,False,"[{'days': 'Mo', 'startTime': '13:30', 'endTime': '17:20', 'campus': 'Burnaby'}]",Patty Somers,1
CHEM 285,LA04,fall,2021,"CHEM 120 and CHEM 125, both with a minimum grade of C-, or CHEM 121 with a minimum grade of C-. Corequisite: CHEM 122 and CHEM 280.",CHEM 120;CHEM 125;CHEM 121;CHEM 122;CHEM 280,False,"[{'days': 'We', 'startTime': '13:30', 'endTime': '17:20', 'campus': 'Burnaby'}]",Patty Somers,1
CHEM 285,LA07,fall,2021,"CHEM 120 and CHEM 125, both with a minimum grade of C-, or CHEM 121 with a minimum grade of C-. Corequisite: CHEM 122 and CHEM 280.",CHEM 120;CHEM 125;CHEM 121;CHEM 122;CHEM 280,False,"[{'days': 'Fr', 'startTime': '13:30', 'endTime': '17:20', 'campus': 'Burnaby'}]",Patty Somers,1
CHEM 285,LB04,fall,2021,"CHEM 120 and CHEM 125, both with a minimum grade of C-, or CHEM 121 with a minimum grade of C-. Corequisite: CHEM 122 and CHEM 280.",CHEM 120;CHEM 125;CHEM 121;CHEM 122;CHEM 280,False,"[{'days': 'We', 'startTime': '13:30', 'endTime': '17:20', 'campus': 'Burnaby'}]",Patty Somers,1
CHEM 285,LB07,fall,2021,"CHEM 120 and CHEM 125, both with a minimum grade of C-, or CHEM 121 with a minimum grade of C-. Corequisite: CHEM 122 and CHEM 280.",CHEM 120;CHEM 125;CHEM 121;CHEM 122;CHEM 280,False,"[{'days': 'Fr', 'startTime': '13:30', 'endTime': '17:20', 'campus': 'Burnaby'}]",Patty Somers,1
CHEM 286,LA06,fall,2021,CHEM 281 with a minimum grade of C-. Corequisite: CHEM 282 or 283.,CHEM 281;CHEM 282,False,"[{'days': 'Th', 'startTime': '13:30', 'endTime': '17:20', 'campus': 'Burnaby'}]",Uwe Kreis,2
CHEM 316,D100,fall,2021,"CHEM 215 and 260, both with a minimum grade of C-, or permission of the Department.",CHEM 215,False,"[{'days': 'Mo, Fr', 'startTime': '11:30', 'endTime': '12:20', 'campus': 'Burnaby'}]",Bingyun Sun,4
CHEM 340,D100,fall,2021,"Completion of 60 units in a science or applied science program, including first year chemistry, physics and calculus. CHEM 230 is strongly recommended.",CHEM 230,False,"[{'days': 'Tu, Th', 'startTime': '8:30', 'endTime': '10:20', 'campus': 'Burnaby'}]",Zuo-guang Ye,3
CHEM 364,D100,fall,2021,"CHEM 260 or PHYS 285, MATH 232, and MATH 251, all with a minimum grade of C-. Recommended: MATH 260 or MATH 310.",CHEM 260;PHYS 285;MATH 232;MATH 251,False,"[{'days': 'Tu, Th', 'startTime': '10:30', 'endTime': '12:20', 'campus': 'Burnaby'}]",Gary Leach,3
CHEM 366W,D100,fall,2021,CHEM 266 with a minimum grade of C-. Corequisite: CHEM 360.,CHEM 266;CHEM 360,False,"[{'days': 'Th', 'startTime': '12:30', 'endTime': '13:20', 'campus': 'Burnaby'}]",Declan McKearney,3
CHEM 371,D100,fall,2021,"CHEM 281 and CHEM 215 (or CHEM 210 and CHEM 216), both with a minimum grade of C-.",CHEM 281;CHEM 215;CHEM 210;CHEM 216,False,"[{'days': 'Mo, We, Fr', 'startTime': '8:30', 'endTime': '9:20', 'campus': 'Burnaby'}]",George Agnes,3
CHEM 380,D100,fall,2021,"CHEM 283 or 284, and CHEM 286, both with a minimum grade of C-, or permission of the Department.",CHEM 283;CHEM 286,False,"[{'days': 'Mo, We', 'startTime': '10:30', 'endTime': '11:20', 'campus': 'Burnaby'}, {'days': 'Fr', 'startTime': '10:30', 'endTime': '11:20', 'campus': 'Burnaby'}]",Nabyl Merbouh,4
CHEM 459,D100,fall,2021,"CHEM 380 with a minimum grade of C-, or permission of the instructor.",CHEM 380,False,"[{'days': 'Mo, We, Fr', 'startTime': '12:30', 'endTime': '13:20', 'campus': 'Burnaby'}]",Roger Linington,3
DATA 180,E100,fall,2021,Major or honours in Data Science or permission of the program director.,,True,"[{'days': 'Tu', 'startTime': '18:30', 'endTime': '20:20', 'campus': 'Burnaby'}]",Jiguo Cao,1
EASC 103,D100,fall,2021,,,False,"[{'days': 'Mo, We, Fr', 'startTime': '9:30', 'endTime': '10:20', 'campus': 'Burnaby'}]",Cindy Hansen,3
EASC 107,D100,fall,2021,,,False,"[{'days': 'Tu', 'startTime': '14:30', 'endTime': '17:20', 'campus': 'Burnaby'}]",Kevin Cameron,3
EASC 207,D100,fall,2021,"MATH 152, and one of: (PHYS 102 and PHYS 133), (PHYS 121 and PHYS 133), (PHYS 126 and PHYS 133) or (PHYS 141). All with a grade of C- or better.",MATH 152;PHYS 102;PHYS 133;PHYS 121;PHYS 126;PHYS 141,False,"[{'days': 'Mo, We', 'startTime': '9:30', 'endTime': '10:20', 'campus': 'Burnaby'}]",Andy Calvert,3
EASC 210,D100,fall,2021,EASC 101 with a grade of C- or better.,EASC 101,False,"[{'days': 'Mo, We', 'startTime': '11:30', 'endTime': '12:20', 'campus': 'Burnaby'}]",Cindy Hansen,3
EASC 300,D100,fall,2021,,,False,[],Jessica Pilarczyk,3
EASC 301,D100,fall,2021,EASC 205 and 208. All with a grade of C- or better.,EASC 205,False,"[{'days': 'Mo', 'startTime': '10:30', 'endTime': '12:20', 'campus': 'Burnaby'}]",Yannick Le Moigne,3
EASC 302,D100,fall,2021,"STAT 201 or 270, EASC 201 and 205. All with a grade of C- or better.",STAT 201;EASC 201,False,"[{'days': 'Fr', 'startTime': '10:30', 'endTime': '12:20', 'campus': 'Burnaby'}]",James Maceachern,3
EASC 304,D100,fall,2021,"EASC 101 and PHYS 102 or 121 or 126 or 141; and 12 additional units in earth sciences, physical geography or environmental science. All with a grade of C- or better.",EASC 101;PHYS 102,False,"[{'days': 'Tu', 'startTime': '10:30', 'endTime': '12:20', 'campus': 'Burnaby'}]",Gwenn Flowers,3
EASC 309,D100,fall,2021,"EASC 201, 204, 205, 206 and 207. All with a grade of C- or better.",EASC 201,False,"[{'days': 'Mo, We', 'startTime': '9:30', 'endTime': '10:20', 'campus': 'Burnaby'}]",Daniel Gibson,3
FAN X99,D100,fall,2021,,,False,"[{'days': 'Tu, Th', 'startTime': '8:30', 'endTime': '10:20', 'campus': 'Burnaby'}]",Vijaykumar Singh,4
FAN X99,D300,fall,2021,,,False,"[{'days': 'Tu, Th', 'startTime': '14:30', 'endTime': '16:20', 'campus': 'Burnaby'}]",Joanna Niezen,4
MACM 201,D100,fall,2021,MACM 101 or (ENSC 251 and one of MATH 232 or MATH 240).,MACM 101;ENSC 251;MATH 232;MATH 240,False,"[{'days': 'Mo, We, Fr', 'startTime': '12:30', 'endTime': '13:20', 'campus': 'Burnaby'}]",Jamie Mulholland,3
MACM 201,D200,fall,2021,MACM 101 or (ENSC 251 and one of MATH 232 or MATH 240).,MACM 101;ENSC 251;MATH 232;MATH 240,False,"[{'days': 'Mo, We, Fr', 'startTime': '12:30', 'endTime': '13:20', 'campus': 'Burnaby'}]",Amarpreet Rattan,3
MACM 204,D100,fall,2021,"One of CMPT 102, 120, 126, 128 or 130 and MATH 251. MATH 251 can be taken as a corequisite. Students in excess of 80 units may not take MACM 204 for further credit.",CMPT 102;MATH 251;MACM 204,False,"[{'days': 'Th', 'startTime': '14:30', 'endTime': '15:20', 'campus': 'Burnaby'}]",Michael Monagan,2
MACM 316,D100,fall,2021,"MATH 152 or 155 or 158, and MATH 232 or 240, and computing experience.",MATH 152;MATH 232,False,"[{'days': 'Mo, We, Fr', 'startTime': '12:30', 'endTime': '13:20', 'campus': 'Burnaby'}]",Ralf Wittenberg,3
MACM 442,D100,fall,2021,(CMPT 201 or 225) and one of (MATH 340 or 332 or 342); or CMPT 405.,CMPT 201;MATH 340;CMPT 405,False,"[{'days': 'Mo', 'startTime': '10:30', 'endTime': '12:20', 'campus': 'Burnaby'}, {'days': 'We', 'startTime': '10:30', 'endTime': '11:20', 'campus': 'Burnaby'}]",Petr Lisonek,3
MATH 100,D200,fall,2021,"Pre-Calculus 11 or Foundations of Mathematics 11 (or equivalent) with a grade of at least B or Pre-Calculus 12 (or equivalent), with a grade of at least C and SFU FAN credit, or SFU FAN X99 course with a grade of at least B-, or achieving a satisfactory grade on the Simon Fraser University Quantitative Placement Test. MATH 100 may not be counted towards the mathematics minor, major or honours degree requirements.",MATH 100,False,"[{'days': 'Mo, We, Fr', 'startTime': '9:30', 'endTime': '10:20', 'campus': 'Burnaby'}]",Justin Chan,3
MATH 100,D400,fall,2021,"Pre-Calculus 11 or Foundations of Mathematics 11 (or equivalent) with a grade of at least B or Pre-Calculus 12 (or equivalent), with a grade of at least C and SFU FAN credit, or SFU FAN X99 course with a grade of at least B-, or achieving a satisfactory grade on the Simon Fraser University Quantitative Placement Test. MATH 100 may not be counted towards the mathematics minor, major or honours degree requirements.",MATH 100,False,"[{'days': 'Mo, We, Fr', 'startTime': '8:30', 'endTime': '9:20', 'campus': 'Burnaby'}]",Veselin Jungic,3
MATH 150,D200,fall,2021,"Pre-Calculus 12 (or equivalent) with a grade of at least B+, or MATH 100 with a grade of at least B-, or achieving a satisfactory grade on the Simon Fraser University Calculus Readiness Test.",MATH 100,False,"[{'days': 'Mo, We, Fr', 'startTime': '8:30', 'endTime': '9:20', 'campus': 'Burnaby'}, {'days': 'We', 'startTime': '14:30', 'endTime': '15:20', 'campus': 'Burnaby'}]",Natalia Kouzniak,4
MATH 150,D400,fall,2021,"Pre-Calculus 12 (or equivalent) with a grade of at least B+, or MATH 100 with a grade of at least B-, or achieving a satisfactory grade on the Simon Fraser University Calculus Readiness Test.",MATH 100,False,"[{'days': 'Mo, We, Fr', 'startTime': '8:30', 'endTime': '9:20', 'campus': 'Burnaby'}, {'days': 'Tu', 'startTime': '8:30', 'endTime': '9:20', 'campus': 'Burnaby'}]",Sophie Burrill,4
MATH 151,D100,fall,2021,"Pre-Calculus 12 (or equivalent) with a grade of at least A, or MATH 100 with a grade of at least B, or achieving a satisfactory grade on the Simon Fraser University Calculus Readiness Test.",MATH 100,False,"[{'days': 'Mo, We, Fr', 'startTime': '8:30', 'endTime': '9:20', 'campus': 'Burnaby'}]",Nils Bruin,3
MATH 151,D200,fall,2021,"Pre-Calculus 12 (or equivalent) with a grade of at least A, or MATH 100 with a grade of at least B, or achieving a satisfactory grade on the Simon Fraser University Calculus Readiness Test.",MATH 100,False,"[{'days': 'Mo, We, Fr', 'startTime': '8:30', 'endTime': '9:20', 'campus': 'Burnaby'}]",,3
MATH 152,D100,fall,2021,"MATH 150 or 151, with a minimum grade of C-; or MATH 154 or 157 with a grade of at least B.",MATH 150;MATH 154,False,"[{'days': 'Mo, We, Fr', 'startTime': '8:30', 'endTime': '9:20', 'campus': 'Burnaby'}]",Nathan Ilten,3
MATH 154,D100,fall,2021,"Pre-Calculus 12 (or equivalent) with a grade of at least B, or MATH 100 with a grade of at least C, or achieving a satisfactory grade on the Simon Fraser University Calculus Readiness Test.",MATH 100,False,"[{'days': 'Mo, We, Fr', 'startTime': '8:30', 'endTime': '9:20', 'campus': 'Burnaby'}]",Tom Archibald,3
MATH 154,D200,fall,2021,"Pre-Calculus 12 (or equivalent) with a grade of at least B, or MATH 100 with a grade of at least C, or achieving a satisfactory grade on the Simon Fraser University Calculus Readiness Test.",MATH 100,False,"[{'days': 'Mo, We, Fr', 'startTime': '9:30', 'endTime': '10:20', 'campus': 'Burnaby'}]",,3
MATH 157,D100,fall,2021,"Pre-Calculus 12 (or equivalent) with a grade of at least B, or MATH 100 with a grade of at least C, or achieving a satisfactory grade on the Simon Fraser University Calculus Readiness Test.",MATH 100,False,"[{'days': 'Mo, We, Fr', 'startTime': '11:30', 'endTime': '12:20', 'campus': 'Burnaby'}]",Jonathan Jedwab,3
MATH 157,D200,fall,2021,"Pre-Calculus 12 (or equivalent) with a grade of at least B, or MATH 100 with a grade of at least C, or achieving a satisfactory grade on the Simon Fraser University Calculus Readiness Test.",MATH 100,False,"[{'days': 'Mo, We, Fr', 'startTime': '12:30', 'endTime': '13:20', 'campus': 'Burnaby'}]",Luis Goddyn,3
MATH 190,D100,fall,2021,"Pre-Calculus 11 or Foundations of Mathematics 11 (or equivalent) with a grade of at least B, or SFU FAN X99 course with a grade of at least C, or achieving a satisfactory grade on the Simon Fraser University Quantitative Placement Test. This course may not be counted toward the Mathematics minor, major or honours degree requirements. Students who have taken, have received transfer credit for, or are currently taking MATH 150, 151, 154 or 157 may not take MATH 190 for credit without permission from the Department of Mathematics. Intended to be particularly accessible to students who are not specializing in mathematics.",MATH 150;MATH 190,False,"[{'days': 'Tu, Th', 'startTime': '10:30', 'endTime': '12:20', 'campus': 'Burnaby'}]",Petra Menz,4
MATH 190,OL01,fall,2021,"Pre-Calculus 11 or Foundations of Mathematics 11 (or equivalent) with a grade of at least B, or SFU FAN X99 course with a grade of at least C, or achieving a satisfactory grade on the Simon Fraser University Quantitative Placement Test. This course may not be counted toward the Mathematics minor, major or honours degree requirements. Students who have taken, have received transfer credit for, or are currently taking MATH 150, 151, 154 or 157 may not take MATH 190 for credit without permission from the Department of Mathematics. Intended to be particularly accessible to students who are not specializing in mathematics.",MATH 150;MATH 190,False,[],Petra Menz,4
MATH 232,D100,fall,2021,"MATH 150 or 151 or MACM 101, with a minimum grade of C-; or MATH 154 or 157, both with a grade of at least B.",MATH 150;MACM 101;MATH 154,False,"[{'days': 'Mo, We, Fr', 'startTime': '11:30', 'endTime': '12:20', 'campus': 'Burnaby'}]",Brenda Davison,3
MATH 232,D200,fall,2021,"MATH 150 or 151 or MACM 101, with a minimum grade of C-; or MATH 154 or 157, both with a grade of at least B.",MATH 150;MACM 101;MATH 154,False,"[{'days': 'Mo, We, Fr', 'startTime': '15:30', 'endTime': '16:20', 'campus': 'Burnaby'}]",Seyyed Aliasghar Hosseini,3
MATH 240,D100,fall,2021,"MATH 150 or 151 or MACM 101, with a minimum grade of C-; or MATH 154 or 157, both with a grade of at least B.",MATH 150;MACM 101;MATH 154,False,"[{'days': 'Mo, We, Fr', 'startTime': '11:30', 'endTime': '12:20', 'campus': 'Burnaby'}]",Katrina Honigs,3
MATH 251,D100,fall,2021,MATH 152 with a minimum grade of C-; or MATH 155 or MATH 158 with a grade of at least B. Recommended: It is recommended that MATH 240 or 232 be taken before or concurrently with MATH 251.,MATH 152;MATH 155;MATH 158,False,"[{'days': 'Mo, We, Fr', 'startTime': '8:30', 'endTime': '9:20', 'campus': 'Burnaby'}]",Jamie Mulholland,3
MATH 251,D200,fall,2021,MATH 152 with a minimum grade of C-; or MATH 155 or MATH 158 with a grade of at least B. Recommended: It is recommended that MATH 240 or 232 be taken before or concurrently with MATH 251.,MATH 152;MATH 155;MATH 158,False,"[{'days': 'Mo, We, Fr', 'startTime': '8:30', 'endTime': '9:20', 'campus': 'Burnaby'}]",,3
MATH 260,D200,fall,2021,"MATH 152 with a minimum grade of C-; or MATH 155 or 158, with a grade of at least B; MATH 232 or 240, with a minimum grade of C-.",MATH 152;MATH 155;MATH 232,False,"[{'days': 'Mo, We, Fr', 'startTime': '12:30', 'endTime': '13:20', 'campus': 'Burnaby'}]",Natalia Kouzniak,3
MATH 260,E100,fall,2021,"MATH 152 with a minimum grade of C-; or MATH 155 or 158, with a grade of at least B; MATH 232 or 240, with a minimum grade of C-.",MATH 152;MATH 155;MATH 232,False,"[{'days': 'Mo', 'startTime': '16:30', 'endTime': '17:20', 'campus': 'Burnaby'}, {'days': 'We', 'startTime': '16:30', 'endTime': '18:20', 'campus': 'Burnaby'}]",Justin Gray,3
MATH 301,D100,fall,2021,"MATH 152 or 155 or 158, and MATH 232 or 240, all with a minimum grade of C-. There may be additional prerequisites depending on the specific course topic.",MATH 152;MATH 232,False,"[{'days': 'Mo, We, Fr', 'startTime': '10:30', 'endTime': '11:20', 'campus': 'Burnaby'}]",Veselin Jungic,3
MATH 308,D100,fall,2021,"MATH 150, 151, 154, or 157 and MATH 240 or 232, all with a minimum grade of C-.",MATH 150;MATH 240,False,"[{'days': 'Mo', 'startTime': '14:30', 'endTime': '16:20', 'campus': 'Surrey'}, {'days': 'We', 'startTime': '14:30', 'endTime': '15:20', 'campus': 'Surrey'}]",Abraham Punnen,3
MATH 309,D100,fall,2021,"MATH 232 or 240, and 251, all with a minimum grade of C-.",MATH 232,False,"[{'days': 'Mo, We, Fr', 'startTime': '9:30', 'endTime': '10:20', 'campus': 'Burnaby'}]",JF Williams,3
MATH 322,D100,fall,2021,MATH 251 with a minimum grade of C-.,MATH 251,False,"[{'days': 'Mo, We, Fr', 'startTime': '13:30', 'endTime': '14:20', 'campus': 'Burnaby'}]",Tom Archibald,3
MATH 336,D100,fall,2021,"Students must apply to and receive permission from the co-op co-ordinator at least one, preferably two, terms in advance. They will normally be required to have completed 45 units with a GPA of 2.5. This course will be graded on a pass/withdraw basis. A course fee is required.",,True,[],,3
MATH 340,D100,fall,2021,MATH 240 with a minimum grade of C- or MATH 232 with a grade of at least B.,MATH 240;MATH 232,False,"[{'days': 'Mo, We, Fr', 'startTime': '11:30', 'endTime': '12:20', 'campus': 'Burnaby'}]",Jake Levinson,3
MATH 345,D100,fall,2021,MACM 201 (with a grade of at least B-).,MACM 201,False,"[{'days': 'Mo, We, Fr', 'startTime': '15:30', 'endTime': '16:20', 'campus': 'Burnaby'}]",Cedric Chauve,3
MATH 348,D100,fall,2021,"STAT 270 and (MATH 232 or MATH 240), all with a minimum grade of C-.",STAT 270;MATH 232;MATH 240,False,"[{'days': 'Mo, We, Fr', 'startTime': '14:30', 'endTime': '15:20', 'campus': 'Burnaby'}]",Tamon Stephen,3
MATH 396,D100,fall,2021,Prerequisites will be specified according to the particular topic or topics covered.,,False,"[{'days': 'Mo, We, Fr', 'startTime': '10:30', 'endTime': '11:20', 'campus': 'Burnaby'}]",Razvan Fetecau,3
MATH 418,D100,fall,2021,"(MATH 260 or MATH 310) and one of MATH 314, MATH 320, MATH 322, PHYS 384, all with a minimum grade of C-. An alternative to the above prerequisite is both of (MATH 252 or MATH 254) and (MATH 260 or MATH 310), both with grades of at least A-.",MATH 260;MATH 310;MATH 314;MATH 320;MATH 322;PHYS 384;MATH 252;MATH 254,False,"[{'days': 'Mo, We, Fr', 'startTime': '12:30', 'endTime': '13:20', 'campus': 'Burnaby'}]",Razvan Fetecau,3
MATH 425,D100,fall,2021,MATH 320 with a minimum grade of C-.,MATH 320,False,"[{'days': 'Mo, We, Fr', 'startTime': '13:30', 'endTime': '14:20', 'campus': 'Burnaby'}]",Weiran Sun,3
MATH 480W,D100,fall,2021,"MACM 201 with a grade of at least B. At least one of MACM 201, MATH 240, MATH 242, MATH 251, MATH 252 with a grade of at least A, or both of MACM 203, MACM 204 with a grade of at least A. Or permission of the instructor.",MACM 201;MATH 240;MATH 242;MATH 251;MATH 252;MACM 203;MACM 204,False,"[{'days': 'Tu', 'startTime': '14:30', 'endTime': '17:20', 'campus': 'Burnaby'}]",Amarpreet Rattan,3
MATH 498,D100,fall,2021,,,False,"[{'days': 'Th', 'startTime': '12:30', 'endTime': '14:20', 'campus': 'Burnaby'}]",Jonathan Jedwab,1
MATH 499W,D100,fall,2021,18 units of upper division MATH or MACM courses. Must be in an honours program with a GPA of at least 3.0. Corequisite: MATH 498. Students must have an approved project prior to enrollment.,MATH 498,False,[],,5
MBB 201,D100,fall,2021,BISC 101; CHEM 281 as prerequisite or corequisite.,BISC 101;CHEM 281,False,"[{'days': 'Mo, Fr', 'startTime': '14:30', 'endTime': '15:20', 'campus': 'Burnaby'}, {'days': 'We', 'startTime': '14:30', 'endTime': '15:20', 'campus': 'Burnaby'}]",Frederic Pio,3
MBB 222,D100,fall,2021,or Corequisite CHEM 281.,CHEM 281,False,"[{'days': 'Mo, We, Fr', 'startTime': '11:30', 'endTime': '12:20', 'campus': 'Burnaby'}]",Mark Paetzel,3
MBB 231,D100,fall,2021,"MBB 222, BISC 101, CHEM 281 with grades of C- or better. Corequisite or Prerequisite: CHEM 282 or CHEM 283.",MBB 222;BISC 101;CHEM 281;CHEM 282;CHEM 283,False,"[{'days': 'Mo, We, Fr', 'startTime': '11:30', 'endTime': '12:20', 'campus': 'Burnaby'}]",Jonathan Choy,3
MBB 243,D100,fall,2021,MBB 222 and MATH 152 or MATH 155. STAT 201 (or an equivalent statistics course) or STAT 270 is recommended.,MBB 222;MATH 152;MATH 155;STAT 201;STAT 270,False,"[{'days': 'Tu', 'startTime': '8:30', 'endTime': '10:20', 'campus': 'Burnaby'}]",Frederic Pio,3
MBB 308,D100,fall,2021,or corequisite: MBB 331 with a minimum grade of C-.,MBB 331,False,"[{'days': 'Mo', 'startTime': '14:30', 'endTime': '16:20', 'campus': 'Burnaby'}]",Stephanie Vlachos,3
MBB 309W,D100,fall,2021,"MBB 231, with a minimum grade of C. Recommended: CHEM 215 and CHEM 286 precede MBB 309W.",MBB 231,False,"[{'days': 'Mo', 'startTime': '14:30', 'endTime': '16:20', 'campus': 'Burnaby'}]",Irina Kovalyova,4
MBB 321,D100,fall,2021,"MBB 231, with a minimum grade of C.",MBB 231,False,"[{'days': 'Mo, We, Fr', 'startTime': '9:30', 'endTime': '10:20', 'campus': 'Burnaby'}]",Edgar Young,3
MBB 322,D100,fall,2021,"MBB 231, with a minimum grade of C.",MBB 231,False,"[{'days': 'Mo, We, Fr', 'startTime': '10:30', 'endTime': '11:20', 'campus': 'Burnaby'}]",Valentin Jaumouille,3
MBB 324,D100,fall,2021,MBB 222 with a minimum grade of C.,MBB 222,False,"[{'days': 'Tu, Th', 'startTime': '8:30', 'endTime': '10:20', 'campus': 'Burnaby'}]",Mark Paetzel,3
MBB 326,D100,fall,2021,MBB 231 with a minimum grade of C.,MBB 231,False,"[{'days': 'We', 'startTime': '14:30', 'endTime': '16:20', 'campus': 'Burnaby'}, {'days': 'Fr', 'startTime': '14:30', 'endTime': '16:20', 'campus': 'Burnaby'}]",Ingrid Northwood,3
MBB 328,D100,fall,2021,MBB 231 with a minimum grade of C.,MBB 231,False,"[{'days': 'Tu, Th', 'startTime': '14:30', 'endTime': '16:20', 'campus': 'Burnaby'}]",Amy Lee,3
MBB 331,D100,fall,2021,"MBB 231, and BISC 202, with a minimum grade of C.",MBB 231;BISC 202,False,"[{'days': 'Tu, Th', 'startTime': '10:30', 'endTime': '12:20', 'campus': 'Burnaby'}]",Irina Kovalyova,4
MBB 342,D100,fall,2021,"MBB 231, BISC 202 and either MBB 243 or 3 units of CMPT or equivalent, all with a minimum grade of C. Recommended: STAT 201 (or an equivalent statistics course) or STAT 270.",MBB 231;BISC 202;MBB 243,False,"[{'days': 'Tu', 'startTime': '12:30', 'endTime': '14:20', 'campus': 'Burnaby'}]",Sophie Sneddon,3
MBB 420,D100,fall,2021,Will be announced before the start of the term and will depend upon the nature of the topic offered.,,False,"[{'days': 'We', 'startTime': '14:30', 'endTime': '16:20', 'campus': 'Burnaby'}, {'days': 'Fr', 'startTime': '14:30', 'endTime': '16:20', 'campus': 'Burnaby'}]",Mark Brockman,3
MBB 421,D100,fall,2021,MBB 331 with a minimum grade of C.,MBB 331,False,"[{'days': 'Tu', 'startTime': '10:30', 'endTime': '12:20', 'campus': 'Burnaby'}, {'days': 'Th', 'startTime': '10:30', 'endTime': '12:20', 'campus': 'Burnaby'}]",Dipankar Sen,3
MBB 423,D100,fall,2021,"MBB 323 or MBB 324, with a minimum grade of C.",MBB 323;MBB 324,False,"[{'days': 'We', 'startTime': '10:30', 'endTime': '12:20', 'campus': 'Burnaby'}, {'days': 'Fr', 'startTime': '10:30', 'endTime': '12:20', 'campus': 'Burnaby'}]",Mani Larijani,3
MBB 436,D100,fall,2021,"MBB 331, with a minimum grade of C.",MBB 331,False,"[{'days': 'Tu', 'startTime': '8:30', 'endTime': '10:20', 'campus': 'Burnaby'}, {'days': 'Th', 'startTime': '8:30', 'endTime': '10:20', 'campus': 'Burnaby'}]",Ly Vu,3
MBB 440,D100,fall,2021,will depend upon the nature of the topic offered.,,False,"[{'days': 'We', 'startTime': '12:30', 'endTime': '14:20', 'campus': 'Burnaby'}, {'days': 'Fr', 'startTime': '12:30', 'endTime': '14:20', 'campus': 'Burnaby'}]",Lorena Braid;Lisa Julian,3
MBB 443,D100,fall,2021,"MBB 321 and MBB 322, with a minimum grade of C.",MBB 321;MBB 322,False,"[{'days': 'We, Fr', 'startTime': '8:30', 'endTime': '10:20', 'campus': 'Burnaby'}]",Michel Leroux,3
MBB 463,D100,fall,2021,"MBB 331, with a minimum grade of C.",MBB 331,False,"[{'days': 'Tu, Th', 'startTime': '14:30', 'endTime': '16:20', 'campus': 'Burnaby'}]",Sophie Sneddon,3
PHYS 100,D100,fall,2021,BC Pre-Calculus 12 (or equivalent) or MATH 100. BC Physics 11 (or equivalent) is recommended.,MATH 100,False,"[{'days': 'Mo, We, Fr', 'startTime': '12:30', 'endTime': '13:20', 'campus': 'Burnaby'}]",Simin Bagheri Najmi,3
PHYS 100,D200,fall,2021,BC Pre-Calculus 12 (or equivalent) or MATH 100. BC Physics 11 (or equivalent) is recommended.,MATH 100,False,"[{'days': 'Mo, We, Fr', 'startTime': '14:30', 'endTime': '15:20', 'campus': 'Surrey'}]",Simin Bagheri Najmi,3
PHYS 101,D100,fall,2021,"BC Principles of Physics 12 or PHYS 100 or equivalent, with a minimum grade of C-. This prerequisite may be waived, at the discretion of the department, as determined by the student's performance on a regularly scheduled PHYS 100 final exam. Please consult the physics advisor for further details. Corequisite: MATH 150 or 151 or 154 or 157; BISC 100 or 101 or 102. Recommended Corequisite: PHYS 132.",PHYS 100;MATH 150;BISC 100;PHYS 132,False,"[{'days': 'Mo, We, Fr', 'startTime': '9:30', 'endTime': '10:20', 'campus': 'Burnaby'}]",Joanna Woo,3
PHYS 102,D100,fall,2021,"PHYS 101 or 120 or 125 or 140; MATH 150 or 151 or 154 or 157; both with a minimum grade of C-. Corequisite: BISC 100 or 101 or 102. Recommended Corequisites: MATH 152, 155 or 158; PHYS 133.",PHYS 101;MATH 150;BISC 100;MATH 152;PHYS 133,False,"[{'days': 'Mo, We, Fr', 'startTime': '9:30', 'endTime': '10:20', 'campus': 'Burnaby'}]",Nancy Forde,3
PHYS 120,D100,fall,2021,"BC Principles of Physics 12 or PHYS 100 or equivalent, with a minimum grade of C-. This prerequisite may be waived, at the discretion of the department, as determined by the student's performance on a regularly scheduled PHYS 100 final exam. Please consult the physics advisor for further details. Corequisite: MATH 150 or 151 or 154. Recommended Corequisite: PHYS 132.",PHYS 100;MATH 150;PHYS 132,False,"[{'days': 'Mo, We, Fr', 'startTime': '9:30', 'endTime': '10:20', 'campus': 'Burnaby'}]",Matthias Danninger,3
PHYS 125,D100,fall,2021,Permission of the department. Corequisite: MATH 151. Recommended Corequisite: PHYS 132.,MATH 151;PHYS 132,False,"[{'days': 'Mo, We, Fr', 'startTime': '9:30', 'endTime': '10:20', 'campus': 'Burnaby'}]",Levon Pogosian,3
PHYS 132,LA01,fall,2021,,,False,"[{'days': 'We', 'startTime': '12:30', 'endTime': '16:20', 'campus': 'Burnaby'}]",Nancy Forde,1
PHYS 140,D100,fall,2021,"BC Principles of Physics 12, or PHYS 100 or equivalent, with a minimum grade of C-. Corequisite: MATH 150 or 151 or 154.",PHYS 100;MATH 150,False,"[{'days': 'Mo, We, Fr', 'startTime': '11:30', 'endTime': '12:20', 'campus': 'Surrey'}]",Sarah Johnson,4
PHYS 140,D200,fall,2021,"BC Principles of Physics 12, or PHYS 100 or equivalent, with a minimum grade of C-. Corequisite: MATH 150 or 151 or 154.",PHYS 100;MATH 150,False,"[{'days': 'Mo, We, Fr', 'startTime': '15:30', 'endTime': '16:20', 'campus': 'Surrey'}]",Daria Ahrensmeier,4
PHYS 190,D100,fall,2021,,,False,"[{'days': 'Tu, Th', 'startTime': '14:30', 'endTime': '16:20', 'campus': 'Burnaby'}]",Joanna Woo,3
PHYS 201,D100,fall,2021,"PHYS 121 or PHYS 126 or PHYS 141, with a minimum grade of C-, or PHYS 102 with a minimum grade of B.",PHYS 121;PHYS 126;PHYS 141;PHYS 102,False,"[{'days': 'Th', 'startTime': '9:30', 'endTime': '10:20', 'campus': 'Burnaby'}]",David Broun,1
PHYS 233,LA01,fall,2021,"PHYS 133 or PHYS 141 or ENSC 280, with a minimum grade of C-. Recommended Prerequisite: CMPT 120.",PHYS 133;PHYS 141;ENSC 280;CMPT 120,False,"[{'days': 'Tu', 'startTime': '13:30', 'endTime': '17:20', 'campus': 'Burnaby'}]",Barbara Frisken,3
PHYS 255,D100,fall,2021,"PHYS 126 or PHYS 121 or PHYS 141, with a minimum grade of C-, or PHYS 102 with a minimum grade of B. Corequisite: MATH 251; MATH 232 or MATH 240. Recommended Corequisite: MATH 260 or MATH 310.",PHYS 126;PHYS 121;PHYS 141;PHYS 102;MATH 251;MATH 232;MATH 240;MATH 260;MATH 310,False,"[{'days': 'Mo, We, Fr', 'startTime': '11:30', 'endTime': '12:20', 'campus': 'Burnaby'}]",Andrei Frolov,3
PHYS 326,D100,fall,2021,PHYS 234 with a minimum grade of C-.,PHYS 234,False,"[{'days': 'Tu, Th', 'startTime': '17:30', 'endTime': '18:20', 'campus': 'Burnaby'}]",Jeffrey McGuirk,4
PHYS 344,D100,fall,2021,PHYS 121 or PHYS 126 or PHYS 141; MATH 251; both with a minimum grade of C-.,PHYS 121;PHYS 126;PHYS 141;MATH 251,False,"[{'days': 'Mo, We, Fr', 'startTime': '9:30', 'endTime': '10:20', 'campus': 'Burnaby'}]",Karen Kavanagh,3
PHYS 384,D100,fall,2021,MATH 252 or 254; MATH 260 or MATH 310; PHYS 211; PHYS 255 or ENSC 320. All prerequisite courses require a minimum grade of C-.,MATH 252;MATH 260;MATH 310;PHYS 211;PHYS 255;ENSC 320,False,"[{'days': 'Mo, We, Fr', 'startTime': '10:30', 'endTime': '11:20', 'campus': 'Burnaby'}]",Howard Trottier,3
PHYS 385,D100,fall,2021,MATH 252 or MATH 254; MATH 260; PHYS 255; PHYS 285 or ENSC 380 or CHEM 260. All prerequisite courses require a minimum grade of C-. Recommended Prerequisite: PHYS 211.,MATH 252;MATH 254;MATH 260;PHYS 255;PHYS 285;ENSC 380;CHEM 260;PHYS 211,False,"[{'days': 'Mo, We, Fr', 'startTime': '11:30', 'endTime': '12:20', 'campus': 'Burnaby'}]",Bernd Stelzer,3
PHYS 413,D100,fall,2021,"PHYS 384, with a minimum grade of C- or permission of the department. Non-physics majors may enter with MATH 252; MATH 260 or MATH 310; PHYS 211. All prerequisite courses require a minimum grade of C-.",PHYS 384;MATH 252;MATH 260;MATH 310;PHYS 211,False,"[{'days': 'Mo, We, Fr', 'startTime': '11:30', 'endTime': '12:20', 'campus': 'Burnaby'}]",Igor Herbut,3
PHYS 421,D100,fall,2021,"PHYS 321 (no substitution); PHYS 255 or ENSC 380, both with a minimum grade of C-.",PHYS 321;PHYS 255;ENSC 380,False,"[{'days': 'Mo, We, Fr', 'startTime': '8:30', 'endTime': '9:20', 'campus': 'Burnaby'}]",Mike Hayden,3
PHYS 431,LA01,fall,2021,"PHYS 385 and PHYS 332W, both with a minimum grade of C-.",PHYS 385;PHYS 332W,False,"[{'days': 'Tu, Th', 'startTime': '13:30', 'endTime': '17:20', 'campus': 'Burnaby'}]",Mike Hayden,4
PHYS 465,D100,fall,2021,"PHYS 385 or CHEM 364, with a minimum grade of C-.",PHYS 385;CHEM 364,False,"[{'days': 'Mo, We, Fr', 'startTime': '9:30', 'endTime': '10:20', 'campus': 'Burnaby'}]",Simon Watkins,3
STAT 100,D100,fall,2021,,,False,"[{'days': 'Mo', 'startTime': '14:30', 'endTime': '16:20', 'campus': 'Burnaby'}, {'days': 'We', 'startTime': '14:30', 'endTime': '15:20', 'campus': 'Burnaby'}]",Sonja Isberg,3
STAT 180,E100,fall,2021,"Enrollment in the Statistics or Actuarial Science major or honours program, or STAT 270 with a minimum grade of C-.",STAT 270,False,"[{'days': 'Tu', 'startTime': '18:30', 'endTime': '20:20', 'campus': 'Burnaby'}]",Jiguo Cao,1
STAT 201,D100,fall,2021,Recommended: 30 units.,,False,"[{'days': 'We', 'startTime': '15:30', 'endTime': '16:20', 'campus': 'Burnaby'}, {'days': 'Fr', 'startTime': '14:30', 'endTime': '16:20', 'campus': 'Burnaby'}]",Tim Swartz,3
STAT 203,D900,fall,2021,"Recommended: 30 units including a research methods course such as SA 255, CRIM 220, POL 200W, or equivalent.",,False,"[{'days': 'Fr', 'startTime': '10:30', 'endTime': '11:20', 'campus': 'Burnaby'}]",Wei Lin,3
STAT 260,D100,fall,2021,"One of STAT 201, STAT 203, STAT 205, STAT 270, BUS 232, or POL 201, with a grade of at least C- or permission of the instructor. Corequisite: STAT 261.",STAT 201;STAT 203;STAT 205;STAT 270;BUS 232;POL 201;STAT 261,False,"[{'days': 'Tu', 'startTime': '12:30', 'endTime': '14:20', 'campus': 'Burnaby'}]",David Stenning,2
STAT 261,D100,fall,2021,"One of STAT 201, STAT 203, STAT 205, STAT 270, BUS 232, or POL 201, with a grade of at least C- or permission of the instructor. Corequisite: STAT 260.",STAT 201;STAT 203;STAT 205;STAT 270;BUS 232;POL 201;STAT 260,False,"[{'days': 'Tu', 'startTime': '14:30', 'endTime': '15:20', 'campus': 'Burnaby'}]",David Stenning,1
STAT 261,D500,fall,2021,"One of STAT 201, STAT 203, STAT 205, STAT 270, BUS 232, or POL 201, with a grade of at least C- or permission of the instructor. Corequisite: STAT 260.",STAT 201;STAT 203;STAT 205;STAT 270;BUS 232;POL 201;STAT 260,False,"[{'days': 'Tu', 'startTime': '18:30', 'endTime': '19:20', 'campus': 'Burnaby'}]",,1
STAT 270,D100,fall,2021,"or Corequisite: MATH 152 or 155 or 158, with a minimum grade of C-. Students wishing an intuitive appreciation of a broad range of statistical strategies may wish to take STAT 100 first.",MATH 152;STAT 100,False,"[{'days': 'Mo, We, Fr', 'startTime': '9:30', 'endTime': '10:20', 'campus': 'Burnaby'}]",Rachel Altman,3
STAT 285,D100,fall,2021,"STAT 270 and one of MATH 152, MATH 155, or MATH 158, all with a minimum grade of C-.",STAT 270;MATH 152;MATH 155;MATH 158,False,"[{'days': 'Mo', 'startTime': '12:30', 'endTime': '14:20', 'campus': 'Burnaby'}, {'days': 'We', 'startTime': '12:30', 'endTime': '13:20', 'campus': 'Burnaby'}]",Joan Hu,3
STAT 302,OL01,fall,2021,"One of STAT 201, STAT 203, STAT 205, STAT 270, or BUS 232, with a minimum grade of C-.",STAT 201;STAT 203;STAT 205;STAT 270;BUS 232,False,[],Tim Swartz,3
STAT 305,D100,fall,2021,"One of STAT 201, STAT 203, STAT 205, STAT 270, or BUS 232, with a minimum grade of C-.",STAT 201;STAT 203;STAT 205;STAT 270;BUS 232,False,[],Thomas Loughin,3
STAT 310,D100,fall,2021,"60 units in subjects outside of the Faculties of Science and Applied Science and one of STAT 201, STAT 203, STAT 205, STAT 270, BUS 232, or POL 201, with a minimum grade of C-. Corequisite: STAT 311.",STAT 201;STAT 203;STAT 205;STAT 270;BUS 232;POL 201;STAT 311,False,"[{'days': 'Mo', 'startTime': '10:30', 'endTime': '12:20', 'campus': 'Burnaby'}]",Wei Lin,2
STAT 311,D100,fall,2021,"60 units in subjects outside of the Faculties of Science and Applied Science and one of STAT 201, STAT 203, STAT 205, STAT 270, BUS 232, or POL 201, with a minimum grade of C-. Corequisite: STAT 310.",STAT 201;STAT 203;STAT 205;STAT 270;BUS 232;POL 201;STAT 310,False,"[{'days': 'Mo', 'startTime': '12:30', 'endTime': '14:20', 'campus': 'Burnaby'}]",,2
STAT 330,D100,fall,2021,"STAT 285, MATH 251, and one of MATH 232 or MATH 240, all with a minimum grade of C-.",STAT 285;MATH 251;MATH 232;MATH 240,False,"[{'days': 'Mo', 'startTime': '10:30', 'endTime': '12:20', 'campus': 'Burnaby'}, {'days': 'We', 'startTime': '10:30', 'endTime': '11:20', 'campus': 'Burnaby'}]",Liangliang Wang,3
STAT 342,D100,fall,2021,"STAT 285 or STAT 302 or STAT 305 or ECON 333, with a minimum grade of C-.",STAT 285;STAT 302;STAT 305;ECON 333,False,"[{'days': 'Th', 'startTime': '12:30', 'endTime': '14:20', 'campus': 'Burnaby'}]",Haolun Shi,2
STAT 350,D100,fall,2021,"STAT 285, MATH 251, and one of MATH 232 or MATH 240, all with a minimum grade of C-.",STAT 285;MATH 251;MATH 232;MATH 240,False,"[{'days': 'Mo', 'startTime': '8:30', 'endTime': '9:20', 'campus': 'Burnaby'}, {'days': 'Th', 'startTime': '8:30', 'endTime': '10:20', 'campus': 'Burnaby'}]",Payman Nickchi,3
STAT 440,E100,fall,2021,"90 units including STAT 350 with a minimum grade of C- and one of STAT 341, STAT 260, or CMPT 225, with a minimum grade of C-, or instructor approval. STAT 240 is also recommended.",STAT 350;STAT 341;STAT 260;CMPT 225;STAT 240,False,"[{'days': 'Mo', 'startTime': '16:30', 'endTime': '17:20', 'campus': 'Burnaby'}, {'days': 'We', 'startTime': '16:30', 'endTime': '18:20', 'campus': 'Burnaby'}]",Lloyd Elliott,3
STAT 450,D100,fall,2021,STAT 330 with a minimum grade of C-.,STAT 330,False,"[{'days': 'Mo', 'startTime': '10:30', 'endTime': '11:20', 'campus': 'Burnaby'}, {'days': 'Th', 'startTime': '10:30', 'endTime': '12:20', 'campus': 'Burnaby'}]",Boxin Tang,3
STAT 452,D100,fall,2021,"STAT 302 or STAT 305 or STAT 350 or ECON 333 or equivalent, with a minimum grade of C-.",STAT 302;STAT 305;STAT 350;ECON 333,False,"[{'days': 'Tu', 'startTime': '10:30', 'endTime': '12:20', 'campus': 'Burnaby'}, {'days': 'Fr', 'startTime': '10:30', 'endTime': '11:20', 'campus': 'Burnaby'}]",Haolun Shi,3
STAT 485,E100,fall,2021,"STAT 285 or STAT 302 or STAT 305 or ECON 333 or equivalent, with a minimum grade of C-.",STAT 285;STAT 302;STAT 305;ECON 333,False,"[{'days': 'Mo', 'startTime': '17:30', 'endTime': '18:20', 'campus': 'Burnaby'}, {'days': 'Th', 'startTime': '16:30', 'endTime': '18:20', 'campus': 'Burnaby'}]",Donald Estep,3
CMPT 115,D100,fall,2021,,,False,"[{'days': 'Mo', 'startTime': '14:30', 'endTime': '15:20', 'campus': 'Burnaby'}, {'days': 'Th', 'startTime': '14:30', 'endTime': '16:20', 'campus': 'Burnaby'}]",Diana Cukierman,3
CMPT 120,D400,fall,2021,BC Math 12 or equivalent is recommended.,,False,"[{'days': 'Mo, We, Fr', 'startTime': '13:30', 'endTime': '14:20', 'campus': 'Burnaby'}]",Angelica Lim,3
MSE 293,D100,fall,2021,,,False,"[{'days': 'Mo, Tu, We, Th, Fr', 'startTime': '8:30', 'endTime': '16:50', 'campus': None}]",,3
MSE 494,D100,fall,2021,"MSE 393 or 394, a minimum of 75 units and approval of internship co-ordinator required.",MSE 393,False,"[{'days': 'Mo, Tu, We, Th, Fr', 'startTime': '8:30', 'endTime': '16:50', 'campus': None}]",,3
SEE 110,D700,fall,2021,,,False,"[{'days': 'Tu', 'startTime': '12:30', 'endTime': '14:20', 'campus': None}, {'days': 'Fr', 'startTime': '12:30', 'endTime': '13:20', 'campus': None}]",,3
SEE 290,D100,fall,2021,,,False,"[{'days': 'Mo, Tu, We, Th, Fr', 'startTime': '8:00', 'endTime': '20:00', 'campus': None}]",,3
ARAB 100,D100,fall,2021,,,False,"[{'days': 'We', 'startTime': '10:30', 'endTime': '12:20', 'campus': 'Burnaby'}, {'days': 'Fr', 'startTime': '10:30', 'endTime': '12:20', 'campus': 'Burnaby'}]",Rastin Mehri,3
CHIN 110,D100,fall,2021,CHIN 100 or equivalent.,CHIN 100,False,[],Jia Fei,3
ECON 402,D100,fall,2021,"ECON 302 and 331, with a minimum grade of C-. Students who have completed both MATH 232 and 251 may substitute these courses for ECON 331. Entry into this course requires a minimum CGPA of 3.0 or permission of the department.",ECON 302;MATH 232;ECON 331,False,"[{'days': 'Tu', 'startTime': '14:30', 'endTime': '16:20', 'campus': 'Burnaby'}, {'days': 'Th', 'startTime': '14:30', 'endTime': '15:20', 'campus': 'Burnaby'}]",Anke Kessler,4
ENGL 114W,D900,fall,2021,,,False,"[{'days': 'Tu', 'startTime': '14:30', 'endTime': '16:20', 'campus': 'Surrey'}]",Alys Avalos Rivera,3
FREN 122,D100,fall,2021,FREN 121 or grade 11 French (or equivalent based on placement test). May not be taken for credit by students with French 12.,FREN 121,False,"[{'days': 'Tu, Th', 'startTime': '10:30', 'endTime': '12:20', 'campus': 'Burnaby'}]",Cecile Ollivier-budisa,3
FREN 122,E100,fall,2021,,,False,[],Cecile Ollivier-budisa,3
FREN 452,D100,fall,2021,"FREN 230 or 240 or 245, FREN 270 or 275 or LING 222, FREN 301W, and at least one 300-level group A (ling.) or group B (lit.) course.",FREN 230;FREN 270;LING 222;FREN 301W,False,"[{'days': 'Th', 'startTime': '14:30', 'endTime': '17:20', 'campus': 'Burnaby'}]",Jorge Calderon,3
GRK 100,D100,fall,2021,,,False,[],Dionysia Eirini Kotsovili,3
HIST 102W,D900,fall,2021,,,False,[],Leah Wiener,3
HUM 102W,D900,fall,2021,,,False,"[{'days': 'Th', 'startTime': '14:30', 'endTime': '17:20', 'campus': 'Surrey'}]",Alessandra Capperdoni,3
IS 221,E100,fall,2021,,,False,"[{'days': 'Th', 'startTime': '17:30', 'endTime': '20:20', 'campus': 'Burnaby'}]",Maureen Kihika,3
LING 160,D100,fall,2021,,,False,"[{'days': 'Th', 'startTime': '14:30', 'endTime': '17:20', 'campus': 'Burnaby'}]",Suzanne Hilgendorf,3
PERS 100,D100,fall,2021,,,False,"[{'days': 'We', 'startTime': '14:30', 'endTime': '16:20', 'campus': 'Burnaby'}, {'days': 'Fr', 'startTime': '14:30', 'endTime': '16:20', 'campus': 'Burnaby'}]",Rastin Mehri,3
PHIL 110,E200,fall,2021,,,False,[],Simon Pollon,3
PHIL 121,D100,fall,2021,,,False,"[{'days': 'Mo, We', 'startTime': '14:30', 'endTime': '15:20', 'campus': 'Burnaby'}]",Endre Begby,3
POL 132,D900,fall,2021,,,False,"[{'days': 'We', 'startTime': '14:30', 'endTime': '17:20', 'campus': 'Surrey'}]",,3
POL 347,F100,fall,2021,Six lower division units in political science or permission of the department.,,True,"[{'days': 'We', 'startTime': '14:30', 'endTime': '17:20', 'campus': 'Burnaby'}]",Jeremie Cornut,4
POL 490,D100,fall,2021,Permission of the department.,,True,"[{'days': 'We', 'startTime': '14:30', 'endTime': '17:20', 'campus': 'Burnaby'}]",,5
SA 150,D900,fall,2021,,,False,"[{'days': 'Th', 'startTime': '8:30', 'endTime': '10:20', 'campus': 'Surrey'}]",Maureen Kihika,4
SA 353,D100,fall,2021,Minimum of 30 units including SA 150.,SA 150,False,"[{'days': 'Tu', 'startTime': '11:30', 'endTime': '14:20', 'campus': 'Vancouver'}]",Agnes MacDonald,4
BUS 401,D100,fall,2021,"BUS 311 (or BUS 254 and BUS 312), BUS 340, BUS 341, all with a minimum grade of C-; 60 units. The course is only open to students in the Business Minor program.",BUS 311;BUS 254;BUS 312;BUS 340;BUS 341,False,"[{'days': 'We', 'startTime': '9:30', 'endTime': '12:20', 'campus': 'Burnaby'}]",,4
CA 120,E100,fall,2021,,,False,"[{'days': 'Tu, Th', 'startTime': '17:30', 'endTime': '19:20', 'campus': 'GOLDCORP'}]",Karla Desentis Rodriguez,3
CA 143,D100,fall,2021,"Acceptance into the major, or permission of instructor. Corequisite: CA 145 or permission of instructor.",CA 145,False,"[{'days': 'Mo', 'startTime': '9:30', 'endTime': '11:20', 'campus': 'GOLDCORP'}]",,3
CA 145,D100,fall,2021,,,False,"[{'days': 'Tu', 'startTime': '14:30', 'endTime': '16:20', 'campus': 'GOLDCORP'}]",,3
CA 150,D100,fall,2021,,,False,"[{'days': 'Mo, We', 'startTime': '11:30', 'endTime': '14:20', 'campus': 'GOLDCORP'}]",Billy Marchenski,3
CA 150,D200,fall,2021,,,False,"[{'days': 'Mo, We', 'startTime': '8:30', 'endTime': '11:20', 'campus': 'GOLDCORP'}]",Aryo Khakpour,3
CA 160,D200,fall,2021,,,False,"[{'days': 'Mo, We', 'startTime': '9:30', 'endTime': '12:20', 'campus': 'GOLDCORP'}]",Kathleen Slade,3
CA 370,D100,fall,2021,CA (or FPA) 270 and 271 or prior approval.,,False,"[{'days': 'Tu, Th', 'startTime': '9:30', 'endTime': '12:20', 'campus': None}]",,6
CA 445,D100,fall,2021,CA 346.,CA 346,False,"[{'days': 'Th', 'startTime': '9:30', 'endTime': '11:20', 'campus': 'GOLDCORP'}]",,5
IAT 103W,D200,fall,2021,,,False,"[{'days': 'Tu', 'startTime': '14:30', 'endTime': '17:20', 'campus': 'Surrey'}]",Niranjan Rajah,3
IAT 271,D200,fall,2021,,,False,"[{'days': 'Mo, Tu, We, Th, Fr, Sa, Su', 'startTime': '8:00', 'endTime': '19:50', 'campus': None}]",,3
EDUC 250,D100,fall,2021,,,False,"[{'days': 'We', 'startTime': '14:30', 'endTime': '17:20', 'campus': 'Burnaby'}]",Stephen Campbell,3
FAL X99,D003,fall,2021,,,False,"[{'days': 'Tu, Th', 'startTime': '12:30', 'endTime': '14:20', 'campus': 'Burnaby'}]",Steve Marshall,4
FAL X99,D004,fall,2021,,,False,"[{'days': 'Tu, Th', 'startTime': '14:30', 'endTime': '16:20', 'campus': 'Burnaby'}]",Susan Barber,4
FAL X99,D007,fall,2021,,,False,"[{'days': 'We, Fr', 'startTime': '12:30', 'endTime': '14:20', 'campus': 'Burnaby'}]",Shaila Shams,4
FAL X99,D011,fall,2021,,,False,"[{'days': 'Tu, Th', 'startTime': '12:30', 'endTime': '14:20', 'campus': 'Burnaby'}]",Jan Maclean,4
BISC 101,D900,fall,2021,"High school Biology 12 (or equivalent) with a C grade or better, or BISC 100 with C- or better, or BISC 113 with C+ or better, or HSCI 100 with C+ or better; and High school Chemistry 12 (or equivalent) with a C grade or better, or CHEM 111 with a C- or better.",BISC 100;BISC 113;HSCI 100;CHEM 111,False,"[{'days': 'Tu', 'startTime': '10:30', 'endTime': '11:20', 'campus': 'Burnaby'}, {'days': 'Th', 'startTime': '9:30', 'endTime': '11:20', 'campus': 'Burnaby'}]",Tony Williams;Megan Barker,4
CHEM 125,LC02,fall,2021,"Chemistry 12 with a minimum grade of C, or CHEM 109 or CHEM 111 with a minimum grade of C-. Corequisite: CHEM 120.",CHEM 109;CHEM 111;CHEM 120,False,"[{'days': 'Tu', 'startTime': '8:30', 'endTime': '12:20', 'campus': 'Surrey'}]",Garry Mund,1
CHEM 125,LC04,fall,2021,"Chemistry 12 with a minimum grade of C, or CHEM 109 or CHEM 111 with a minimum grade of C-. Corequisite: CHEM 120.",CHEM 109;CHEM 111;CHEM 120,False,"[{'days': 'Tu', 'startTime': '13:30', 'endTime': '17:20', 'campus': 'Surrey'}]",Garry Mund,1
EASC 101,D100,fall,2021,,,False,"[{'days': 'Mo, We', 'startTime': '11:30', 'endTime': '12:20', 'campus': 'Burnaby'}]",Daniel Marshall,3
EASC 202,D100,fall,2021,EASC 101 and CHEM 121. All with a grade of C- or better.,EASC 101;CHEM 121,False,"[{'days': 'Mo, We', 'startTime': '12:30', 'endTime': '13:20', 'campus': 'Burnaby'}]",Kevin Cameron,3
EASC 315W,D100,fall,2021,CHEM 122 and 126. Corequisite or prerequisite: EASC 304. All with a grade of C- or better.,CHEM 122;EASC 304,False,"[{'days': 'Th', 'startTime': '10:30', 'endTime': '12:20', 'campus': 'Burnaby'}]",Diana Allen,3
FAN X99,D200,fall,2021,,,False,"[{'days': 'Tu, Th', 'startTime': '10:30', 'endTime': '12:20', 'campus': 'Burnaby'}]",Joanna Niezen,4
FAN X99,D500,fall,2021,,,False,"[{'days': 'Tu, Th', 'startTime': '10:30', 'endTime': '12:20', 'campus': 'Burnaby'}]",,4
FAN X99,E100,fall,2021,,,False,"[{'days': 'Tu, Th', 'startTime': '17:30', 'endTime': '19:20', 'campus': 'Burnaby'}]",,4
FAN X99,E200,fall,2021,,,False,"[{'days': 'Tu, Th', 'startTime': '17:30', 'endTime': '19:20', 'campus': 'GOLDCORP'}]",Mahdieh Malekian,4
MATH 130,D200,fall,2021,"Pre-Calculus 12 or Foundations of Mathematics 12 (or equivalent) with a grade of at least B, or MATH 100 with a grade of at least C.",MATH 100,False,"[{'days': 'Tu', 'startTime': '14:30', 'endTime': '16:20', 'campus': 'Burnaby'}, {'days': 'Fr', 'startTime': '14:30', 'endTime': '15:20', 'campus': 'Burnaby'}]",,3
PHYS 432,D100,fall,2021,All students interested in taking this course must consult with their faculty supervisor regarding prerequisites.,,False,[],David Broun,6
CMPT 429,D100,fall,2021,"CMPT 428, CGPA of 2.50.",CMPT 428,False,"[{'days': 'Mo, Tu, We, Th, Fr', 'startTime': '8:00', 'endTime': '20:00', 'campus': None}]",,3
SEE 490,D100,fall,2021,SEE 390 or SEE 394.,SEE 390;SEE 394,False,"[{'days': 'Mo, Tu, We, Th, Fr', 'startTime': '8:00', 'endTime': '20:00', 'campus': None}]",,3
CRIM 310,D100,fall,2021,CRIM 101 and CRIM 210.,CRIM 101;CRIM 210,False,"[{'days': 'Mo', 'startTime': '12:30', 'endTime': '14:20', 'campus': 'Burnaby'}]",Raymond Corrado,3
ECON 201,D200,fall,2021,"ECON 103 and 105, with a minimum grade of C-; MATH 157 with a minimum grade of C-.",ECON 103;MATH 157,False,"[{'days': 'Th', 'startTime': '14:30', 'endTime': '17:20', 'campus': 'Burnaby'}]",Gulriz Barkin,4
FREN 120,D300,fall,2021,Never studied or experienced French before.,,False,"[{'days': 'We, Fr', 'startTime': '12:30', 'endTime': '14:20', 'campus': 'Burnaby'}]",Linda Bruneau-jolly,3
FREN 212,D100,fall,2021,Grade 12 French immersion (or equivalent based on placement test).,,False,"[{'days': 'Tu, Th', 'startTime': '14:30', 'endTime': '16:20', 'campus': 'Burnaby'}]",Cecile Ollivier-budisa,3
FREN 222,D100,fall,2021,"FREN 221 or, with a grade of A, FREN 211 or, with a grade of A, FREN 212.",FREN 221;FREN 211;FREN 212,False,"[{'days': 'We, Fr', 'startTime': '14:30', 'endTime': '16:20', 'campus': 'Burnaby'}]",Cecile Ollivier-budisa,3
INDG 442,D100,fall,2021,15 units in Indigenous (or First Nations) Studies. Corequisite: Permission of an instructor and department.,,True,[],,4
LING 220,D200,fall,2021,,,False,[],,3
PHIL 120W,E200,fall,2021,,,False,"[{'days': 'Th', 'startTime': '17:30', 'endTime': '20:20', 'campus': 'Burnaby'}]",Jennifer Warriner,3
POL 253,D100,fall,2021,,,False,"[{'days': 'Th', 'startTime': '14:30', 'endTime': '16:20', 'campus': 'Burnaby'}]",Cara Camcastle,3
POL 300,D100,fall,2021,Six lower division units in Political Science or permission of the department.,,True,"[{'days': 'We', 'startTime': '14:30', 'endTime': '17:20', 'campus': 'Burnaby'}]",Logan Masilamani,4
BUS 217W,D400,fall,2021,"BUS 201 with a minimum grade of C- and 15 units; OR 45 units and corequisite: BUS 202; OR Business Administration joint major, joint honours, or double degree students with 45 units; OR Data Science majors with 15 units.",BUS 201;BUS 202,False,"[{'days': 'We', 'startTime': '14:30', 'endTime': '17:20', 'campus': 'Burnaby'}]",,3
BUS 441,E100,fall,2021,"BUS 360W, BUS 343, both with a minimum grade of C-; 60 units.",BUS 360W;BUS 343,False,"[{'days': 'Mo', 'startTime': '18:00', 'endTime': '20:50', 'campus': 'Burnaby'}]",,3
CA 160,D300,fall,2021,,,False,"[{'days': 'Tu, Th', 'startTime': '9:30', 'endTime': '12:20', 'campus': 'GOLDCORP'}]",Claude Boisjoly,3
CA 230,D100,fall,2021,"CA (or FPA) 131, and CA (or FPA) 136 or 137, and prior approval. Corequisite: CA 233.",CA 233,False,"[{'days': 'Mo', 'startTime': '10:30', 'endTime': '13:20', 'campus': 'GOLDCORP'}]",Elisa Gonzalez,5
CA 245,D100,fall,2021,"CA 140, 144, and achieving a B (or higher) in CA 145 and CA 146.",CA 140;CA 145;CA 146,False,"[{'days': 'Th', 'startTime': '9:30', 'endTime': '11:20', 'campus': 'GOLDCORP'}]",,3
IAT 167,D100,fall,2021,"CMPT 166 (or equivalent first year programming course such as CMPT 120, 125, 126, 128, 130 or 135) with a minimum grade of C-.",CMPT 166;CMPT 120,False,"[{'days': 'Mo', 'startTime': '8:30', 'endTime': '10:20', 'campus': 'Surrey'}, {'days': 'We', 'startTime': '8:30', 'endTime': '9:20', 'campus': 'Surrey'}]",Marek Hatala,3
EDUC 252,E100,fall,2021,,,False,"[{'days': 'Tu', 'startTime': '16:30', 'endTime': '20:20', 'campus': 'Surrey'}]",Michelle Pidgeon,4
ARCH 434,D100,fall,2021,ARCH 282 or 372 and permission of the department. Normally taken concurrently with ARCH 433 and 435.,ARCH 282;ARCH 433,False,"[{'days': 'Fr', 'startTime': '9:30', 'endTime': '12:20', 'campus': 'Burnaby'}]",David Burley,3
ARCH 435,D100,fall,2021,ARCH 282 or 372 and permission of the department. Normally taken concurrently with ARCH 433 and 434.,ARCH 282;ARCH 433,False,"[{'days': 'Fr', 'startTime': '12:30', 'endTime': '16:20', 'campus': 'Burnaby'}]",David Burley,4
HSCI 481,D100,fall,2021,"90 units, including at least 15 upper division HSCI units with a minimum grade of C-. Other prerequisites may vary according to topic.",,False,"[{'days': 'We', 'startTime': '9:30', 'endTime': '12:20', 'campus': 'Burnaby'}]",,3
BISC 102,D900,fall,2021,"High school biology 12 (or equivalent) with a C grade or better, or BISC 100 with C- or better, or BISC 113 with C+ or better, or HSCI 100 with C+ or better.",BISC 100;BISC 113;HSCI 100,False,"[{'days': 'Tu, Th', 'startTime': '12:30', 'endTime': '13:20', 'campus': 'Burnaby'}]",John Reynolds;Kevin Lam;Kathleen Fitzpatrick,4
CHEM 120,D700,fall,2021,"Chemistry 12 with a minimum grade of C, or CHEM 110 or 111 with a minimum grade of C-.",CHEM 110,False,[],Daniel Leznoff;Jeffrey Warren,3
CHEM 125,LC01,fall,2021,"Chemistry 12 with a minimum grade of C, or CHEM 109 or CHEM 111 with a minimum grade of C-. Corequisite: CHEM 120.",CHEM 109;CHEM 111;CHEM 120,False,"[{'days': 'Tu', 'startTime': '8:30', 'endTime': '12:20', 'campus': 'Surrey'}]",Garry Mund,1
CMPT 429,D300,fall,2021,"CMPT 428, CGPA of 2.50.",CMPT 428,False,"[{'days': 'Mo, Tu, We, Th, Fr', 'startTime': '8:00', 'endTime': '20:00', 'campus': None}]",,3
CMPT 429,I100,fall,2021,"CMPT 428, CGPA of 2.50.",CMPT 428,False,"[{'days': 'Mo, Tu, We, Th, Fr', 'startTime': '8:00', 'endTime': '20:00', 'campus': None}]",,3
ENSC 195,D100,fall,2021,,,False,"[{'days': 'Mo, Tu, We, Th, Fr', 'startTime': '8:00', 'endTime': '20:00', 'campus': None}]",,3
ENSC 195,D200,fall,2021,,,False,"[{'days': 'Mo, Tu, We, Th, Fr', 'startTime': '8:00', 'endTime': '20:00', 'campus': None}]",,3
ENSC 295,D100,fall,2021,ENSC 195 or 196.,ENSC 195,False,"[{'days': 'Mo, Tu, We, Th, Fr', 'startTime': '8:00', 'endTime': '20:00', 'campus': None}]",,3
ENSC 296,D100,fall,2021,ENSC 195 or 196 and approval of internship co-ordinator required.,ENSC 195,False,"[{'days': 'Mo, Tu, We, Th, Fr', 'startTime': '8:00', 'endTime': '20:00', 'campus': None}]",,3
MSE 393,I100,fall,2021,MSE 293 or 294.,MSE 293,False,"[{'days': 'Mo, Tu, We, Th, Fr', 'startTime': '8:30', 'endTime': '16:50', 'campus': None}]",,3
MSE 493,D100,fall,2021,MSE 393 or 394 and a minimum of 75 units.,MSE 393,False,"[{'days': 'Mo, Tu, We, Th, Fr', 'startTime': '8:30', 'endTime': '16:50', 'campus': None}]",,3
SEE 390,D100,fall,2021,SEE 290 or SEE 294.,SEE 290;SEE 294,False,"[{'days': 'Mo, Tu, We, Th, Fr', 'startTime': '8:00', 'endTime': '20:00', 'campus': None}]",,3
SEE 390,D200,fall,2021,SEE 290 or SEE 294.,SEE 290;SEE 294,False,"[{'days': 'Mo, Tu, We, Th, Fr', 'startTime': '8:00', 'endTime': '20:00', 'campus': None}]",,3
TEKX 101,D100,fall,2021,,,False,"[{'days': 'Fr', 'startTime': '12:30', 'endTime': '14:20', 'campus': 'Burnaby'}]",,3
CHIN 330,D100,fall,2021,CHIN 291 or permission of the instructor.,CHIN 291,False,[],Jia Fei,3
CRIM 416,D200,fall,2021,CRIM 101.,CRIM 101,False,"[{'days': 'We', 'startTime': '14:30', 'endTime': '17:20', 'campus': 'Burnaby'}]",Brenda Morrison,3
CRIM 433,D100,fall,2021,CRIM 101.,CRIM 101,False,"[{'days': 'Th', 'startTime': '14:30', 'endTime': '17:20', 'campus': 'Burnaby'}]",Garth Davies,3
ECON 291,E100,fall,2021,"ECON 103 or 200 and ECON 105 or 205, all with a minimum grade of C-.",ECON 103;ECON 105,False,"[{'days': 'Tu', 'startTime': '16:30', 'endTime': '18:20', 'campus': 'Burnaby'}]",Vasyl Golovetskyy,3
ECON 422,D100,fall,2021,ECON 302 with a minimum grade of C-.,ECON 302,False,"[{'days': 'Mo', 'startTime': '14:30', 'endTime': '17:20', 'campus': 'Burnaby'}]",Shih En Lu,3
ECON 443,D100,fall,2021,"ECON 201 or 301, ECON 305 and ECON 342, all with a minimum grade of C-.",ECON 201;ECON 305;ECON 342,False,"[{'days': 'We', 'startTime': '9:30', 'endTime': '12:20', 'campus': 'Burnaby'}]",Nicolas Schmitt,3
ECON 454W,D100,fall,2021,"ECON 201 or 301 and ECON (or BUEC) 333, all with a minimum grade of C-.",ECON 201,False,"[{'days': 'Tu', 'startTime': '12:30', 'endTime': '14:20', 'campus': 'Burnaby'}, {'days': 'Th', 'startTime': '12:30', 'endTime': '13:20', 'campus': 'Burnaby'}]",Douglas Allen,3
ENGL 494,D100,fall,2021,"Permission of the department, plus normally a minimum of 90 units, including credit or standing in two 100 division English courses, two 200 division English courses, and four 300 or 400 division English courses, one of which must be ENGL 364.",ENGL 364,False,"[{'days': 'Mo', 'startTime': '16:30', 'endTime': '18:20', 'campus': 'Burnaby'}]",,4
FREN 120,E200,fall,2021,Never studied or experienced French before.,,False,"[{'days': 'Mo, We', 'startTime': '17:30', 'endTime': '19:20', 'campus': 'Burnaby'}]",Linda Bruneau-jolly,3
FREN 423,D100,fall,2021,,,False,[],Cecile Vigouroux,3
GERM 110,D100,fall,2021,GERM 100 (or GERM 102) or equivalent.,GERM 100;GERM 102,False,"[{'days': 'Tu, Th', 'startTime': '14:30', 'endTime': '16:20', 'campus': 'Burnaby'}]",Claudia Hein,3
GERO 404,D100,fall,2021,"60 units, GERO 300.",GERO 300,False,"[{'days': 'Th', 'startTime': '11:30', 'endTime': '14:20', 'campus': 'Vancouver'}]",Sharon Koehn,3
GERO 412,D100,fall,2021,60 units. Recommended: GERO 300.,,False,"[{'days': 'We', 'startTime': '9:30', 'endTime': '12:20', 'campus': 'Vancouver'}]",Andrew Sixsmith,3
GSWS 398W,D100,fall,2021,30 units including three units in GSWS or WS or GDST.,,False,"[{'days': 'Tu, Th', 'startTime': '14:30', 'endTime': '16:20', 'campus': 'Burnaby'}]",Natasha Patterson,4
HIST 377,D100,fall,2021,"45 units, including six units of lower division history.",,False,"[{'days': 'Mo', 'startTime': '9:30', 'endTime': '12:20', 'campus': 'Burnaby'}]",Christina Adcock,4
HIST 427,D100,fall,2021,45 units including nine units of lower division history.,,False,"[{'days': 'Th', 'startTime': '14:30', 'endTime': '17:20', 'campus': 'Burnaby'}]",Nicholas May,4
HIST 441,D100,fall,2021,45 units.,,False,"[{'days': 'We', 'startTime': '14:30', 'endTime': '17:20', 'campus': 'Vancouver'}]",Evdoxios Doxiadis,4
HIST 486,D100,fall,2021,45 units including nine units of lower division history.,,False,"[{'days': 'Mo', 'startTime': '14:30', 'endTime': '17:20', 'campus': 'Vancouver'}]",Nicolas Kenny,4
HUM 277,OL01,fall,2021,,,False,[],Aleksandar Jovanovic,3
HUM 314,D100,fall,2021,"One of the following courses: ARCH 100, ARCH 201, HS 100, HS 231, HS 232, HS 277, HIST 277 or by permission of the instructor.",ARCH 100;ARCH 201;HS 100;HS 231;HS 232;HS 277;HIST 277,False,"[{'days': 'Mo', 'startTime': '10:30', 'endTime': '12:20', 'campus': 'Burnaby'}, {'days': 'We', 'startTime': '10:30', 'endTime': '12:20', 'campus': 'Burnaby'}]",Sabrina Higgins,4
HUM 318,D100,fall,2021,45 units.,,False,"[{'days': 'Mo', 'startTime': '14:30', 'endTime': '17:20', 'campus': 'Burnaby'}]",Dionysia Eirini Kotsovili,4
HUM 340,E100,fall,2021,45 units.,,False,"[{'days': 'Tu', 'startTime': '17:30', 'endTime': '21:20', 'campus': 'Burnaby'}]",Niall Mackenzie,4
JAPN 110,D700,fall,2021,JAPN 100 or equivalent: students of Japanese grade 12 may enroll directly into JAPN 110.,JAPN 100;JAPN 110,False,"[{'days': 'We, Fr', 'startTime': '14:30', 'endTime': '16:20', 'campus': 'Burnaby'}]",RIMA IBATA,3
LBST 101,OL01,fall,2021,,,False,[],Kendra Strauss,3
LBST 308,D100,fall,2021,Strongly Recommended: LBST 101 and/or 301.,,False,"[{'days': 'Mo', 'startTime': '14:30', 'endTime': '17:20', 'campus': 'Burnaby'}]",Benjamin Anderson,3
LING 282W,D100,fall,2021,LING 220.,LING 220,False,"[{'days': 'Th', 'startTime': '14:30', 'endTime': '17:20', 'campus': 'Burnaby'}]",Heather Bliss,3
PHIL 352,D100,fall,2021,One of PHIL 150 or 151.,PHIL 150,False,"[{'days': 'Mo', 'startTime': '14:30', 'endTime': '16:20', 'campus': 'Burnaby'}, {'days': 'We', 'startTime': '14:30', 'endTime': '15:20', 'campus': 'Burnaby'}]",Lisa Shapiro,3
POL 100,E100,fall,2021,,,False,"[{'days': 'Mo', 'startTime': '17:30', 'endTime': '20:20', 'campus': 'Burnaby'}]",Logan Masilamani,3
POL 463,D100,fall,2021,Eight upper division units in political science or permission of the department.,,True,"[{'days': 'Fr', 'startTime': '14:30', 'endTime': '17:20', 'campus': 'Vancouver'}]",Aude-Claire Fourot,4
SA 356W,E100,fall,2021,SA 255.,SA 255,False,"[{'days': 'Th', 'startTime': '17:30', 'endTime': '21:20', 'campus': 'Vancouver'}]",Cristina Moretti,4
WL 330,D100,fall,2021,45 units.,,False,"[{'days': 'We', 'startTime': '14:30', 'endTime': '17:20', 'campus': 'Burnaby'}]",Anosh Irani,4
BUS 238,D100,fall,2021,12 units.,,False,"[{'days': 'We', 'startTime': '14:30', 'endTime': '17:20', 'campus': 'Burnaby'}]",,3
BUS 322,E100,fall,2021,"BUS 254 with a minimum grade of C-, 45 units.",BUS 254,False,"[{'days': 'Mo', 'startTime': '17:30', 'endTime': '20:20', 'campus': 'Burnaby'}]",,3
BUS 325,D100,fall,2021,,,False,[],,3
BUS 360W,E300,fall,2021,"This course is open to students admitted prior to Fall 2014 to the Business Administration major, honours, or second degree program and who have 45 units, OR to students admitted Fall 2014 - Summer 2017 to the Business Administration major, honours, or second degree program and who have 45 units and BUS 130 or 201 or 202 or 301, with a minimum grade of C-, OR to student admitted Fall 2017 - onwards to the Business Administration major, honours, or second degree program and who have 45 units and BUS 130 or 201 or 202 or 301, with a minimum grade of C- and BUS 217W with a minimum grade of C-, OR to Business Administration joint major or joint honours students with BUS 217W with a minimum grade of C- and 45 units, OR to Business and Economics Joint Major students with ECON 220W with a minimum grade of C- and 45 units, OR to Mechatronic Systems Engineering and Business Administration double degree students with 45 units, OR to Management Systems Science or Actuarial Science majors with 45 units OR to Data Science major with BUS 217W with a minimum grade of C- and 45 units.",BUS 130;BUS 217W;ECON 220W,False,"[{'days': 'Mo', 'startTime': '18:00', 'endTime': '20:50', 'campus': 'Burnaby'}]",,4
BUS 420,E100,fall,2021,"BUS 321, 360W, both with a minimum grade of C-; 60 units.",BUS 321,False,"[{'days': 'Tu', 'startTime': '16:30', 'endTime': '19:20', 'campus': 'Burnaby'}]",,3
BUS 421,D200,fall,2021,"BUS 207 (or ECON 201 or ECON 301), BUS 321, BUS 360W, all with a minimum grade of C-; 60 units.",BUS 207;ECON 201;ECON 301;BUS 321;BUS 360W,False,"[{'days': 'Th', 'startTime': '14:30', 'endTime': '17:20', 'campus': 'Burnaby'}]",,3
BUS 424,E100,fall,2021,"BUS 322 or 319, 336, 360W, all with a minimum grade of C-; 60 units.",BUS 322,False,"[{'days': 'Mo', 'startTime': '17:30', 'endTime': '20:20', 'campus': 'Burnaby'}]",,3
BUS 465,D100,fall,2021,"BUS 360W with a minimum grade of C-. Recommended: BUS 362, BUS 464, CMPT 354.",BUS 360W,False,"[{'days': 'Fr', 'startTime': '9:30', 'endTime': '12:20', 'campus': 'Burnaby'}]",,3
BUS 478,D100,fall,2021,"BUS 207 (or ECON 201 or ECON 301), BUS 312, 343, 360W and either BUS 374 or 381, all with a minimum grade of C-; 90 units.",BUS 207;ECON 201;ECON 301;BUS 312;BUS 374,False,"[{'days': 'Mo', 'startTime': '9:30', 'endTime': '12:20', 'campus': 'Burnaby'}]",,3
BUS 478,E200,fall,2021,"BUS 207 (or ECON 201 or ECON 301), BUS 312, 343, 360W and either BUS 374 or 381, all with a minimum grade of C-; 90 units.",BUS 207;ECON 201;ECON 301;BUS 312;BUS 374,False,"[{'days': 'Mo', 'startTime': '17:30', 'endTime': '20:20', 'campus': 'Burnaby'}]",,3
BUS 482,D100,fall,2021,"60 units; BUS 272, 381 and 360W, all with a minimum grade of C-.",BUS 272,False,"[{'days': 'Fr', 'startTime': '14:30', 'endTime': '17:20', 'campus': 'Burnaby'}]",,3
BUS 483,D100,fall,2021,"BUS 393, BUS 360W, both with a minimum grade of C-; 60 units.",BUS 393;BUS 360W,False,"[{'days': 'Th', 'startTime': '11:30', 'endTime': '14:20', 'campus': 'Burnaby'}]",,3
BUS 487,D100,fall,2021,"BUS 360W and (BUS 374 or BUS 381), all with a minimum grade of C-; 60 units.",BUS 360W;BUS 374;BUS 381,False,"[{'days': 'Mo', 'startTime': '9:30', 'endTime': '12:20', 'campus': 'Burnaby'}]",,3
BUS 488,D100,fall,2021,"BUS 360W and (BUS 374 or BUS 381), all with a minimum grade of C-; 60 units.",BUS 360W;BUS 374;BUS 381,False,"[{'days': 'Mo', 'startTime': '14:30', 'endTime': '17:20', 'campus': 'Burnaby'}]",,3
CA 241,D100,fall,2021,CA 143 or permission of instructor.,CA 143,False,"[{'days': 'Mo', 'startTime': '9:30', 'endTime': '11:20', 'campus': 'GOLDCORP'}]",Arne Eigenfeldt,3
CA 345,D100,fall,2021,CA 246.,CA 246,False,"[{'days': 'Th', 'startTime': '9:30', 'endTime': '11:20', 'campus': 'GOLDCORP'}]",,4
CA 369,D100,fall,2021,CA (or FPA) 160. A course materials fee is required.,,False,"[{'days': 'Mo, We', 'startTime': '14:30', 'endTime': '17:20', 'campus': 'DT VSAR'}]",YI XIN Tong,3
CA 420,D100,fall,2021,CA (or FPA) 285 and CA (or FPA) 321.,,False,"[{'days': 'Mo, We, Fr', 'startTime': '12:30', 'endTime': '14:20', 'campus': 'GOLDCORP'}, {'days': 'Tu, Th', 'startTime': '12:30', 'endTime': '14:20', 'campus': 'GOLDCORP'}]",Margarida Cardoso Macieira;Robert Kitsos,4
CA 430,D100,fall,2021,"CA (or FPA) 149, 186, 231, 285 and 10 units in film or cinema studies (CA (or FPA) 135, 136, 137, 186, 235, 236, 216 (or 237), 318 (or 335), 316 (or 337), 416 (or 436)) plus prior approval.",,False,"[{'days': 'We', 'startTime': '17:30', 'endTime': '21:20', 'campus': 'GOLDCORP'}]",Kathleen Hepburn,6
CA 448,D100,fall,2021,,,False,[],Arne Eigenfeldt,3
CMNS 286,D100,fall,2021,"CMNS 110 and 130, with a minimum grade of C-.",CMNS 110,False,"[{'days': 'Th', 'startTime': '12:30', 'endTime': '14:20', 'campus': 'Burnaby'}]",Karrmen Crey,3
CMNS 358,D100,fall,2021,CMNS 258 (or equivalent) with a minimum grade of C- or approval of instructor.,CMNS 258,False,"[{'days': 'Mo', 'startTime': '10:30', 'endTime': '12:20', 'campus': 'Burnaby'}]",David Murphy,4
CMNS 426,D100,fall,2021,"75 units, including CMNS 226 with a minimum grade of C- and two of CMNS 220, 326, 358, both with a minimum grade of C-.",CMNS 226;CMNS 220,False,"[{'days': 'Tu', 'startTime': '10:30', 'endTime': '12:20', 'campus': 'Burnaby'}]",David Murphy,4
CMNS 431,E100,fall,2021,"60 units, including one of CMNS 235 or 331, with a minimum grade of C- and CMNS 201W (or 201) with a minimum grade of C-.",CMNS 235;CMNS 201W,False,"[{'days': 'Th', 'startTime': '16:30', 'endTime': '20:20', 'campus': 'Burnaby'}]",Ahmed Al-Rawi,4
CMNS 486,D200,fall,2021,Depends on topic; published before enrollment.,,False,"[{'days': 'Fr', 'startTime': '9:30', 'endTime': '12:20', 'campus': 'Burnaby'}]",Caitlin McKinney,4
CMNS 488,D200,fall,2021,Depends on topic; published before enrollment.,,False,"[{'days': 'Fr', 'startTime': '14:30', 'endTime': '17:20', 'campus': 'Vancouver'}]",Alberto Toscano,4
IAT 272,D100,fall,2021,IAT 271 (or WKTM 100).,IAT 271;WKTM 100,False,"[{'days': 'Mo, Tu, We, Th, Fr, Sa, Su', 'startTime': '8:00', 'endTime': '19:50', 'campus': None}]",,3
IAT 320,E100,fall,2021,"Completion of 48 units, including IAT 267 and 222, with a minimum grade of C-.",IAT 267,False,"[{'days': 'Mo', 'startTime': '16:30', 'endTime': '20:20', 'campus': 'Surrey'}]",Mehdi Nazemi,3
IAT 339,D100,fall,2021,"IAT 235 and IAT 265, with a minimum grade of C-.",IAT 235;IAT 265,False,"[{'days': 'Fr', 'startTime': '12:30', 'endTime': '14:20', 'campus': 'Surrey'}]",Andrew Hawryshkewich,3
IAT 344,D100,fall,2021,Minimum of 48 units and IAT 202 with a minimum grade of C-.,IAT 202,False,"[{'days': 'Mo', 'startTime': '10:30', 'endTime': '12:20', 'campus': 'Surrey'}]",Kate Hennessy,3
IAT 373,D100,fall,2021,IAT 272 (or WKTM 200).,IAT 272;WKTM 200,False,"[{'days': 'Mo, Tu, We, Th, Fr, Sa, Su', 'startTime': '8:00', 'endTime': '19:50', 'campus': None}]",,3
IAT 373,D200,fall,2021,IAT 272 (or WKTM 200).,IAT 272;WKTM 200,False,"[{'days': 'Mo, Tu, We, Th, Fr, Sa, Su', 'startTime': '8:00', 'endTime': '19:50', 'campus': None}]",,3
IAT 374,D100,fall,2021,IAT 373 (or WKTM 300).,IAT 373;WKTM 300,False,"[{'days': 'Mo, Tu, We, Th, Fr, Sa, Su', 'startTime': '8:00', 'endTime': '19:50', 'campus': None}]",,3
IAT 432,D100,fall,2021,IAT 334 with a minimum grade of C- and completion of 60 units. Recommended: IAT 201 and 235.,IAT 334,False,"[{'days': 'We', 'startTime': '9:30', 'endTime': '12:20', 'campus': 'Surrey'}]",Hanieh Shakeri,3
IAT 438,E100,fall,2021,"Completion of 60 units, including IAT 233, 235 and 267, with a minimum grade of C-.",IAT 233,False,"[{'days': 'Th', 'startTime': '16:30', 'endTime': '20:20', 'campus': 'Surrey'}]",Russell Taylor,3
PUB 456,D100,fall,2021,75 units.,,False,"[{'days': 'Tu, Th', 'startTime': '14:30', 'endTime': '16:20', 'campus': 'Vancouver'}]",,4
PUB 480,E100,fall,2021,75 units.,,False,"[{'days': 'Mo, We', 'startTime': '18:30', 'endTime': '20:20', 'campus': 'Vancouver'}]",,4
EDUC 358,E100,fall,2021,60 units.,,False,"[{'days': 'We', 'startTime': '16:30', 'endTime': '19:20', 'campus': 'Burnaby'}]",Yumiko Murai,3
EDUC 403,D001,fall,2021,EDUC 402. Students must successfully complete a Criminal Record Check.,EDUC 402,False,[],,11
EDUC 403,D002,fall,2021,EDUC 402. Students must successfully complete a Criminal Record Check.,EDUC 402,False,[],,11
EDUC 405,D002,fall,2021,EDUC 401/402 or EDUC 402/403. Students must successfully complete a Criminal Record Check.,EDUC 401;EDUC 402,False,[],,15
EDUC 405,D003,fall,2021,EDUC 401/402 or EDUC 402/403. Students must successfully complete a Criminal Record Check.,EDUC 401;EDUC 402,False,[],,15
EDUC 405,D004,fall,2021,EDUC 401/402 or EDUC 402/403. Students must successfully complete a Criminal Record Check.,EDUC 401;EDUC 402,False,[],,15
EDUC 405,D005,fall,2021,EDUC 401/402 or EDUC 402/403. Students must successfully complete a Criminal Record Check.,EDUC 401;EDUC 402,False,[],,15
EDUC 405,D006,fall,2021,EDUC 401/402 or EDUC 402/403. Students must successfully complete a Criminal Record Check.,EDUC 401;EDUC 402,False,[],,15
EDUC 405,D007,fall,2021,EDUC 401/402 or EDUC 402/403. Students must successfully complete a Criminal Record Check.,EDUC 401;EDUC 402,False,[],,15
EDUC 405,D008,fall,2021,EDUC 401/402 or EDUC 402/403. Students must successfully complete a Criminal Record Check.,EDUC 401;EDUC 402,False,[],,15
EDUC 405,D011,fall,2021,EDUC 401/402 or EDUC 402/403. Students must successfully complete a Criminal Record Check.,EDUC 401;EDUC 402,False,[],,15
EDUC 405,D012,fall,2021,EDUC 401/402 or EDUC 402/403. Students must successfully complete a Criminal Record Check.,EDUC 401;EDUC 402,False,[],,15
EDUC 405,D013,fall,2021,EDUC 401/402 or EDUC 402/403. Students must successfully complete a Criminal Record Check.,EDUC 401;EDUC 402,False,[],,15
EDUC 405,D014,fall,2021,EDUC 401/402 or EDUC 402/403. Students must successfully complete a Criminal Record Check.,EDUC 401;EDUC 402,False,[],,15
EDUC 405,D016,fall,2021,EDUC 401/402 or EDUC 402/403. Students must successfully complete a Criminal Record Check.,EDUC 401;EDUC 402,False,[],,15
EDUC 456,D100,fall,2021,60 units including 3 units of EDUC.,,False,"[{'days': 'Mo', 'startTime': '13:30', 'endTime': '17:20', 'campus': 'Burnaby'}]",Jan Maclean,4
EDUC 468,E100,fall,2021,60 units including 6 units in Education courses.,,False,"[{'days': 'Th', 'startTime': '16:30', 'endTime': '20:20', 'campus': 'Burnaby'}]",Rumi Ilieva,4
EDUC 471,E100,fall,2021,60 units.,,False,"[{'days': 'Mo', 'startTime': '16:30', 'endTime': '20:20', 'campus': 'Burnaby'}]",Susan Barber,4
ARCH 323,D100,fall,2021,ARCH 131 or any lower division biology course.,ARCH 131,False,"[{'days': 'Th', 'startTime': '11:30', 'endTime': '14:20', 'campus': 'Burnaby'}]",Jennifer Austen,3
ARCH 329,D100,fall,2021,,,False,[],George Nicholas,3
ARCH 351,D100,fall,2021,ARCH 350 and readmission to the Environment Co-operative Education Program.,ARCH 350,False,[],,3
GEOG 312,D100,fall,2021,"One of GEOG 100, 104 or 111 or one of EASC 101 or 104.",GEOG 100;EASC 101,False,"[{'days': 'Th', 'startTime': '10:30', 'endTime': '12:20', 'campus': 'Burnaby'}]",Andrew Perkins,4
HSCI 338,D100,fall,2021,MBB 222 with a minimum grade of C- or permission of the instructor. Corequisite: BISC 303.,MBB 222;BISC 303,False,"[{'days': 'Mo', 'startTime': '9:30', 'endTime': '12:20', 'campus': 'Burnaby'}]",Masahiro Niikura,3
HSCI 351,D100,fall,2021,Completion of HSCI 350 Co-op Practicum I.,HSCI 350,False,[],,3
BISC 341,D100,fall,2021,Acceptance in the Biological Sciences Co-operative Education Program.,,True,[],,3
BISC 491,D100,fall,2021,"Completion of all lower division biological sciences courses, plus upper division BISC courses appropriate to the subject of the intended research as determined by the departmental undergraduate curriculum committee; completion of all physics, chemistry and mathematics requirements for the major or honours program; at the time of application, students will normally have a CGPA of 3.00 (B standing). Corequisite: BISC 490 and 492.",BISC 490,False,[],,5
BISC 492W,D100,fall,2021,"Completion of all lower division biological sciences courses, plus upper division BISC courses appropriate to the subject of the intended research as determined by the departmental undergraduate curriculum committee; completion of all physics, chemistry and mathematics requirements for the major or honours program; at the time of application, students will normally have a CGPA of 3.00 (B standing). Corequisite: BISC 490 and BISC 491.",BISC 490;BISC 491,False,[],,5
BPK 343,D100,fall,2021,"BPK 142, 143 and 205; STAT 201 or an equivalent statistics course, BPK 340 (may be taken concurrently). Students must successfully complete a Criminal Record Check prior to enrolling.",BPK 142;STAT 201;BPK 340,False,"[{'days': 'Tu', 'startTime': '10:30', 'endTime': '12:20', 'campus': 'Burnaby'}]",Carmen Bott,3
BPK 451,D200,fall,2021,BPK 352.,BPK 352,False,[],,3
CHEM 216,LA02,fall,2021,"CHEM 122 and CHEM 126, both with a minimum grade of C-. Corequisite: CHEM 210.",CHEM 122;CHEM 126;CHEM 210,False,"[{'days': 'We', 'startTime': '13:30', 'endTime': '17:20', 'campus': 'Burnaby'}]",Dev Sharma,2
CHEM 280,D700,fall,2021,CHEM 120 or CHEM 121 with a minimum grade of C-. Corequisite: CHEM 122.,CHEM 120;CHEM 121;CHEM 122,False,[],M Khaled Arafeh,3
CHEM 286,LA03,fall,2021,CHEM 281 with a minimum grade of C-. Corequisite: CHEM 282 or 283.,CHEM 281;CHEM 282,False,"[{'days': 'Tu', 'startTime': '13:30', 'endTime': '17:20', 'campus': 'Burnaby'}]",Uwe Kreis,2
CHEM 307,D100,fall,2021,CHEM 306 and completion of 42 units toward a BSc degree. Minimum CGPA 2.67 (or permission of co-op co-ordinator).,CHEM 306,False,[],Gwen Litchfield;Natalie Erickson,3
CHEM 450,D100,fall,2021,"CHEM 360 and 380, both with a minimum grade of C-.",CHEM 360,False,"[{'days': 'Mo, We', 'startTime': '16:30', 'endTime': '18:20', 'campus': 'Burnaby'}]",Andrew Bennet,3
EASC 209W,D100,fall,2021,EASC 101 with a grade of C- or better.,EASC 101,False,"[{'days': 'Tu', 'startTime': '12:30', 'endTime': '14:20', 'campus': 'Burnaby'}, {'days': 'Fr', 'startTime': '12:30', 'endTime': '13:20', 'campus': 'Burnaby'}]",Sergio Sepulveda,4
EASC 310W,D100,fall,2021,EASC 210. Recommended: BISC 102. All with a grade of C- or better.,EASC 210,False,"[{'days': 'Tu', 'startTime': '8:30', 'endTime': '10:20', 'campus': 'Burnaby'}]",Shahin Dashtgard,3
EASC 421,D100,fall,2021,EASC 207. Co/Prerequisite: EASC 301. All with a grade of C- or better.,EASC 207;EASC 301,False,"[{'days': 'Th', 'startTime': '8:30', 'endTime': '10:20', 'campus': 'Burnaby'}]",Glyn Williams-Jones,3
MACM 409,D100,fall,2021,"MATH 251, MACM 316, programming experience.",MATH 251;MACM 316,False,"[{'days': 'Mo, We, Fr', 'startTime': '9:30', 'endTime': '10:20', 'campus': 'Burnaby'}]",Ben Adcock,3
MBB 351,D100,fall,2021,Acceptance in the Science Co-operative Education Program.,,True,[],,3
NUSC 341,D100,fall,2021,"Completion of 60 units in a science program, including first year calculus, chemistry and physics.",,False,"[{'days': 'Mo, We, Fr', 'startTime': '9:30', 'endTime': '10:20', 'campus': 'Burnaby'}]",Corina Andreoiu,3
PHYS 455,D100,fall,2021,PHYS 321 with a minimum grade of C-. Corequisite: PHYS 385.,PHYS 321;PHYS 385,False,"[{'days': 'Mo, We, Fr', 'startTime': '10:30', 'endTime': '11:20', 'campus': 'Burnaby'}]",Paul Haljan,3
PHYS 490,D100,fall,2021,PHYS 313; PHYS 384; both with a minimum grade of C-.,PHYS 313;PHYS 384,False,"[{'days': 'Mo, We, Fr', 'startTime': '12:30', 'endTime': '13:20', 'campus': 'Burnaby'}]",Andrei Frolov,3
SCI 300,D100,fall,2021,60 units.,,False,"[{'days': 'Mo', 'startTime': '14:30', 'endTime': '15:20', 'campus': 'Burnaby'}, {'days': 'Th', 'startTime': '14:30', 'endTime': '16:20', 'campus': 'Burnaby'}]",Erika Plettner,3
STAT 261,D200,fall,2021,"One of STAT 201, STAT 203, STAT 205, STAT 270, BUS 232, or POL 201, with a grade of at least C- or permission of the instructor. Corequisite: STAT 260.",STAT 201;STAT 203;STAT 205;STAT 270;BUS 232;POL 201;STAT 260,False,"[{'days': 'Tu', 'startTime': '15:30', 'endTime': '16:20', 'campus': 'Burnaby'}]",,1
STAT 261,D300,fall,2021,"One of STAT 201, STAT 203, STAT 205, STAT 270, BUS 232, or POL 201, with a grade of at least C- or permission of the instructor. Corequisite: STAT 260.",STAT 201;STAT 203;STAT 205;STAT 270;BUS 232;POL 201;STAT 260,False,"[{'days': 'Tu', 'startTime': '16:30', 'endTime': '17:20', 'campus': 'Burnaby'}]",,1
STAT 261,D400,fall,2021,"One of STAT 201, STAT 203, STAT 205, STAT 270, BUS 232, or POL 201, with a grade of at least C- or permission of the instructor. Corequisite: STAT 260.",STAT 201;STAT 203;STAT 205;STAT 270;BUS 232;POL 201;STAT 260,False,"[{'days': 'Tu', 'startTime': '17:30', 'endTime': '18:20', 'campus': 'Burnaby'}]",,1
CMPT 426,D300,fall,2021,"Students must complete Bridging Online (visit www.sfu.ca/coop/bol for further details) at least two terms before their anticipated co-op placement. Students must then enroll with the co-op program by the second week of the term preceding the work term. Normally, students will have completed a minimum of 45 units by the end of the term of application, CMPT 275 or 276, and have a minimum CGPA of 2.50.",CMPT 275,False,"[{'days': 'Mo, Tu, We, Th, Fr', 'startTime': '8:00', 'endTime': '20:00', 'campus': None}]",,3
CMPT 427,D100,fall,2021,"CMPT 426, CGPA of 2.50.",CMPT 426,False,"[{'days': 'Mo, Tu, We, Th, Fr', 'startTime': '8:00', 'endTime': '20:00', 'campus': None}]",,3
CMPT 428,D400,fall,2021,"CMPT 427, CGPA of 2.50.",CMPT 427,False,"[{'days': 'Mo, Tu, We, Th, Fr', 'startTime': '8:00', 'endTime': '20:00', 'campus': None}]",,3
ENSC 196,D100,fall,2021,,,False,"[{'days': 'Mo, Tu, We, Th, Fr', 'startTime': '8:00', 'endTime': '20:00', 'campus': None}]",,3
ENSC 295,I100,fall,2021,ENSC 195 or 196.,ENSC 195,False,"[{'days': 'Mo, Tu, We, Th, Fr', 'startTime': '8:00', 'endTime': '20:00', 'campus': None}]",,3
MSE 493,D200,fall,2021,MSE 393 or 394 and a minimum of 75 units.,MSE 393,False,"[{'days': 'Mo, Tu, We, Th, Fr', 'startTime': '8:30', 'endTime': '16:50', 'campus': None}]",,3
CRIM 481,D100,fall,2021,CRIM 380.,CRIM 380,False,"[{'days': 'Fr', 'startTime': '9:30', 'endTime': '12:20', 'campus': 'Burnaby'}]",Richard Frank,3
ECON 333,D100,fall,2021,"ECON 103 or 200, ECON 105 or 205, ECON 233 or BUS (or BUEC) 232 or STAT 270, MATH 157, all with a minimum grade of C-; 60 units. Students with a minimum grade of A- in ECON 233, BUS (or BUEC) 232 or STAT 270 can take ECON 333 after 30 units. Students seeking permission to enroll based on their ECON 233, BUS (or BUEC) 232 or STAT 270 grade must contact the Undergraduate Advisor in Economics.",ECON 103;ECON 105;ECON 233;STAT 270;MATH 157;ECON 333,False,"[{'days': 'We', 'startTime': '15:30', 'endTime': '16:20', 'campus': 'Burnaby'}, {'days': 'Fr', 'startTime': '14:30', 'endTime': '16:20', 'campus': 'Burnaby'}]",Dongwoo Kim,4
ECON 483,D100,fall,2021,To be determined by the instructor subject to approval by the department chair.,,True,"[{'days': 'Mo', 'startTime': '12:30', 'endTime': '14:20', 'campus': 'Burnaby'}, {'days': 'We', 'startTime': '12:30', 'endTime': '13:20', 'campus': 'Burnaby'}]",John Knowles,3
ECON 498,D100,fall,2021,"ECON 201 or 301, ECON 305, all with a minimum grade of C- and permission of the undergraduate chair of the department.",ECON 201;ECON 305,False,[],,3
FREN 121,E100,fall,2021,FREN 120 or grade 10 French (or equivalent based on placement test). May not be taken for credit by students with French 11 or 12.,FREN 120,False,"[{'days': 'We, Fr', 'startTime': '17:30', 'endTime': '19:20', 'campus': 'Burnaby'}]",Paola De Rycke,3
GERM 200,D100,fall,2021,GERM 110 (or GERM 103) or equivalent.,GERM 110;GERM 103,False,"[{'days': 'We, Fr', 'startTime': '14:30', 'endTime': '16:20', 'campus': 'Burnaby'}]",Claudia Hein,3
HUM 302W,D100,fall,2021,45 units.,,False,"[{'days': 'We', 'startTime': '16:30', 'endTime': '20:20', 'campus': 'Burnaby'}]",David Mirhady,4
LBST 310,D100,fall,2021,30 units. Strongly Recommended: LBST 101.,,False,"[{'days': 'Th', 'startTime': '8:30', 'endTime': '11:20', 'campus': 'Burnaby'}]",,3
LBST 311,D100,fall,2021,30 units. Strongly Recommended: LBST 101.,,False,"[{'days': 'Tu', 'startTime': '14:30', 'endTime': '17:20', 'campus': 'Vancouver'}]",,3
BUS 233,D100,fall,2021,12 units.,,False,"[{'days': 'Tu', 'startTime': '14:30', 'endTime': '17:20', 'campus': 'Burnaby'}]",,3
BUS 340,D100,fall,2021,"This course is only open to students admitted to the Business Administration Minor between Fall 2012 - Summer 2016 and who have 45 units, OR to students admitted to the Business Administration Minor Fall 2016 - onwards and who have 45 units, and corequisite BUS 200.",BUS 200,False,"[{'days': 'Tu, Th', 'startTime': '10:30', 'endTime': '12:20', 'campus': 'Burnaby'}]",,4
BUS 401,E100,fall,2021,"BUS 311 (or BUS 254 and BUS 312), BUS 340, BUS 341, all with a minimum grade of C-; 60 units. The course is only open to students in the Business Minor program.",BUS 311;BUS 254;BUS 312;BUS 340;BUS 341,False,"[{'days': 'We', 'startTime': '17:30', 'endTime': '21:20', 'campus': 'Burnaby'}]",,4
BUS 447,D200,fall,2021,"BUS 343, 360W, both with a minimum grade of C-; 60 units. Recommended: BUS 346.",BUS 343,False,"[{'days': 'Th', 'startTime': '11:30', 'endTime': '14:20', 'campus': 'Surrey'}]",,3
BUS 492,D100,fall,2021,As stated by the faculty at the time of offering and BUS 360W with a minimum grade of C-; 60 units.,BUS 360W,False,"[{'days': 'Tu', 'startTime': '8:30', 'endTime': '11:20', 'campus': 'Burnaby'}]",,3
CA 262,D100,fall,2021,CA (or FPA) 160. A course materials fee is required.,,False,"[{'days': 'Mo, We', 'startTime': '9:30', 'endTime': '12:20', 'campus': 'DT VSAR'}]",Neil Wedman,3
CA 271,D100,fall,2021,CA (or FPA) 171.,,False,"[{'days': 'Mo', 'startTime': '14:30', 'endTime': '17:20', 'campus': 'GOLDCORP'}]",Jessica Chambers,6
CA 327,D100,fall,2021,"Acceptance into the dance major or extended minor and prior approval. Corequisite: Students must be concurrently enrolled in a technique course at an appropriate level. These courses include 220, 320, 322, 420, and 421.",,False,"[{'days': 'Mo, We', 'startTime': '14:30', 'endTime': '18:20', 'campus': 'GOLDCORP'}, {'days': 'Fr', 'startTime': '14:30', 'endTime': '16:20', 'campus': 'GOLDCORP'}]",Henry Daniel,5
CMNS 446,D100,fall,2021,"75 units, including CMNS 346 with a minimum grade of C-; and one of CMNS 201W (201 or 260), CMNS 202 (or 262) or CMNS 261, with a minimum grade of C-. Recommended: CMNS 253 (or 253W) and CMNS 362.",CMNS 346;CMNS 201W;CMNS 202;CMNS 261,False,"[{'days': 'Mo', 'startTime': '14:30', 'endTime': '17:20', 'campus': 'Vancouver'}]",Peter Chow-White,4
CMNS 488,D100,fall,2021,Depends on topic; published before enrollment.,,False,"[{'days': 'Mo', 'startTime': '14:30', 'endTime': '17:20', 'campus': 'Burnaby'}]",Janet Marontate,4
IAT 271,D100,fall,2021,,,False,"[{'days': 'Mo, Tu, We, Th, Fr, Sa, Su', 'startTime': '8:00', 'endTime': '19:50', 'campus': None}]",,3
EDUC 405,D009,fall,2021,EDUC 401/402 or EDUC 402/403. Students must successfully complete a Criminal Record Check.,EDUC 401;EDUC 402,False,[],,15
EDUC 406,D001,fall,2021,Permission will not be given to students without previous teaching experience. Students must successfully complete a Criminal Record Check.,,True,[],,12
EDUC 471,D200,fall,2021,60 units.,,False,"[{'days': 'We', 'startTime': '9:30', 'endTime': '13:20', 'campus': 'Surrey'}]",Gillian Judson,4
EVSC 380,D100,fall,2021,Acceptance in the environment science co-operative education program.,,True,[],,3
ACMA 301,D100,fall,2021,"ACMA 201 (or 210), with a minimum grade of C. Corequisite: STAT 285.",ACMA 201;STAT 285,False,"[{'days': 'Tu', 'startTime': '10:30', 'endTime': '12:20', 'campus': 'Burnaby'}, {'days': 'Fr', 'startTime': '10:30', 'endTime': '11:20', 'campus': 'Burnaby'}]",Chi-Liang Tsai,3
ACMA 355,D100,fall,2021,,,False,"[{'days': 'Mo', 'startTime': '14:30', 'endTime': '16:20', 'campus': 'Burnaby'}, {'days': 'We', 'startTime': '14:30', 'endTime': '15:20', 'campus': 'Burnaby'}]",Himchan Jeong,3
CHEM 110,D700,fall,2021,"Pre-Calculus 12 (or equivalent), MATH 100 (may be taken concurrently), or permission of the Department. No previous training in chemistry is required for this course.",MATH 100,False,[],Rebecca Goyan,3
CHEM 216,LA01,fall,2021,"CHEM 122 and CHEM 126, both with a minimum grade of C-. Corequisite: CHEM 210.",CHEM 122;CHEM 126;CHEM 210,False,"[{'days': 'Tu', 'startTime': '13:30', 'endTime': '17:20', 'campus': 'Burnaby'}]",Dev Sharma,2
MATH 437,D100,fall,2021,MATH 436 and permission of the co-op co-ordinator; students must apply at least one term in advance.,MATH 436,False,[],,3
STAT 261,D600,fall,2021,"One of STAT 201, STAT 203, STAT 205, STAT 270, BUS 232, or POL 201, with a grade of at least C- or permission of the instructor. Corequisite: STAT 260.",STAT 201;STAT 203;STAT 205;STAT 270;BUS 232;POL 201;STAT 260,False,"[{'days': 'We', 'startTime': '16:30', 'endTime': '17:20', 'campus': 'Burnaby'}]",,1
STAT 261,D700,fall,2021,"One of STAT 201, STAT 203, STAT 205, STAT 270, BUS 232, or POL 201, with a grade of at least C- or permission of the instructor. Corequisite: STAT 260.",STAT 201;STAT 203;STAT 205;STAT 270;BUS 232;POL 201;STAT 260,False,"[{'days': 'We', 'startTime': '17:30', 'endTime': '18:20', 'campus': 'Burnaby'}]",,1
CMPT 426,D400,fall,2021,"Students must complete Bridging Online (visit www.sfu.ca/coop/bol for further details) at least two terms before their anticipated co-op placement. Students must then enroll with the co-op program by the second week of the term preceding the work term. Normally, students will have completed a minimum of 45 units by the end of the term of application, CMPT 275 or 276, and have a minimum CGPA of 2.50.",CMPT 275,False,"[{'days': 'Mo, Tu, We, Th, Fr', 'startTime': '8:00', 'endTime': '20:00', 'campus': None}]",,3
CMPT 427,D300,fall,2021,"CMPT 426, CGPA of 2.50.",CMPT 426,False,"[{'days': 'Mo, Tu, We, Th, Fr', 'startTime': '8:00', 'endTime': '20:00', 'campus': None}]",,3
CMPT 427,D400,fall,2021,"CMPT 426, CGPA of 2.50.",CMPT 426,False,"[{'days': 'Mo, Tu, We, Th, Fr', 'startTime': '8:00', 'endTime': '20:00', 'campus': None}]",,3
CMPT 429,D200,fall,2021,"CMPT 428, CGPA of 2.50.",CMPT 428,False,"[{'days': 'Mo, Tu, We, Th, Fr', 'startTime': '8:00', 'endTime': '20:00', 'campus': None}]",,3
CMPT 430,D400,fall,2021,"CMPT 429, CGPA of 2.50.",CMPT 429,False,"[{'days': 'Mo, Tu, We, Th, Fr', 'startTime': '8:00', 'endTime': '20:00', 'campus': None}]",,3
CMPT 471,E100,fall,2021,"CMPT 300 and 371, with a minimum grade of C-.",CMPT 300,False,"[{'days': 'Tu', 'startTime': '16:30', 'endTime': '17:20', 'campus': 'Burnaby'}, {'days': 'Th', 'startTime': '16:30', 'endTime': '18:20', 'campus': 'Burnaby'}]",,3
ENSC 427,D200,fall,2021,ENSC 327 with a minimum grade of C-. A minimum of 80 units required.,ENSC 327,False,"[{'days': 'Mo', 'startTime': '14:30', 'endTime': '16:20', 'campus': 'Burnaby'}, {'days': 'We', 'startTime': '14:30', 'endTime': '16:20', 'campus': 'Burnaby'}]",,4
ENSC 499,D100,fall,2021,ENSC 498 with a minimum grade of C-.,ENSC 498,False,[],,9
MSE 293,I100,fall,2021,,,False,"[{'days': 'Mo, Tu, We, Th, Fr', 'startTime': '8:30', 'endTime': '16:50', 'campus': None}]",,3
SEE 290,I100,fall,2021,,,False,"[{'days': 'Mo, Tu, We, Th, Fr', 'startTime': '8:00', 'endTime': '20:00', 'campus': None}]",,3
SEE 390,I100,fall,2021,SEE 290 or SEE 294.,SEE 290;SEE 294,False,"[{'days': 'Mo, Tu, We, Th, Fr', 'startTime': '8:00', 'endTime': '20:00', 'campus': None}]",,3
CHIN 390,C100,fall,2021,CHIN 291 or permission of the instructor.,CHIN 291,False,[],Cynthia Xie,3
INDG 101,P100,fall,2021,,,False,"[{'days': 'Mo', 'startTime': '12:30', 'endTime': '14:20', 'campus': 'Burnaby'}, {'days': 'Fr', 'startTime': '12:30', 'endTime': '13:20', 'campus': 'Burnaby'}]",,3
JAPN 100,E700,fall,2021,,,False,"[{'days': 'Tu, Th', 'startTime': '18:30', 'endTime': '20:20', 'campus': 'Burnaby'}]",Chie Furukawa,3
LBST 305,D100,fall,2021,30 units including LBST 100 or three units in GSWS or WS or GDST.,LBST 100,False,"[{'days': 'Tu', 'startTime': '8:30', 'endTime': '11:20', 'campus': 'Burnaby'}]",Jeannie Morgan,4
LING 280,D100,fall,2021,,,False,"[{'days': 'Mo', 'startTime': '14:30', 'endTime': '17:20', 'campus': 'Burnaby'}]",John Alderete,3
PHIL 203,D100,fall,2021,"One of PHIL 100W (or equivalent), 120W (or equivalent), 121, 144, 150, 151, or COGS 100.",PHIL 100W;COGS 100,False,"[{'days': 'Th', 'startTime': '14:30', 'endTime': '17:20', 'campus': 'Burnaby'}]",Jennifer Wang,3
PSYC 210,D200,fall,2021,PSYC 201W and BC high school Math 12 with a minimum grade of C (2.0) or BC high school Math 11 with a minimum grade of B- (2.67) or any level MATH or STAT course with a C- (1.67) or FAN X99 taken at SFU with a minimum grade of C (2.00).,PSYC 201W,False,[],,4
BUS 254,E100,fall,2021,BUS 251 with a minimum grade of C-; 15 units.,BUS 251,False,"[{'days': 'We', 'startTime': '17:30', 'endTime': '19:20', 'campus': 'Burnaby'}]",,3
BUS 360W,D200,fall,2021,"This course is open to students admitted prior to Fall 2014 to the Business Administration major, honours, or second degree program and who have 45 units, OR to students admitted Fall 2014 - Summer 2017 to the Business Administration major, honours, or second degree program and who have 45 units and BUS 130 or 201 or 202 or 301, with a minimum grade of C-, OR to student admitted Fall 2017 - onwards to the Business Administration major, honours, or second degree program and who have 45 units and BUS 130 or 201 or 202 or 301, with a minimum grade of C- and BUS 217W with a minimum grade of C-, OR to Business Administration joint major or joint honours students with BUS 217W with a minimum grade of C- and 45 units, OR to Business and Economics Joint Major students with ECON 220W with a minimum grade of C- and 45 units, OR to Mechatronic Systems Engineering and Business Administration double degree students with 45 units, OR to Management Systems Science or Actuarial Science majors with 45 units OR to Data Science major with BUS 217W with a minimum grade of C- and 45 units.",BUS 130;BUS 217W;ECON 220W,False,"[{'days': 'We', 'startTime': '14:30', 'endTime': '17:20', 'campus': 'Surrey'}]",,4
BUS 393,E100,fall,2021,45 units. BUEC 391 is not to be taken concurrently with BUS 393.,BUEC 391;BUS 393,False,"[{'days': 'Mo', 'startTime': '16:30', 'endTime': '18:20', 'campus': 'Burnaby'}]",,3
CA 366,D100,fall,2021,"CA (or FPA) 117 (or 167), 118 (or 168), 210W (or 210), 261 and status as an approved Visual Art Major. Corequisite: CA 360.",CA 360,False,"[{'days': 'Tu', 'startTime': '9:30', 'endTime': '12:20', 'campus': 'GOLDCORP'}]",,3
CA 374,D100,fall,2021,CA (or FPA) 270 or prior approval.,,False,"[{'days': 'Tu', 'startTime': '14:30', 'endTime': '17:20', 'campus': 'GOLDCORP'}]",,4
CA 448,D200,fall,2021,CA 247.,CA 247,False,"[{'days': 'Tu', 'startTime': '12:30', 'endTime': '14:20', 'campus': 'GOLDCORP'}]",Arne Eigenfeldt,3
CA 470,D100,fall,2021,CA (or FPA) 370 or 371 and prior approval.,,False,"[{'days': 'Mo, We', 'startTime': '9:30', 'endTime': '12:20', 'campus': 'GOLDCORP'}]",,6
CMNS 386,D300,fall,2021,"Depends on topic, published before enrollment.",,False,"[{'days': 'We', 'startTime': '14:30', 'endTime': '17:20', 'campus': 'Burnaby'}]",Kirsten McAllister,4
EDUC 323,E100,fall,2021,60 units including EDUC 220.,EDUC 220,False,"[{'days': 'Tu', 'startTime': '16:30', 'endTime': '19:20', 'campus': 'Surrey'}]",Alanaise Goodwill,3
EDUC 404,D003,fall,2021,EDUC 401/402 or corequisite EDUC 403.,EDUC 401;EDUC 403,False,[],,0
EDUC 405,D010,fall,2021,EDUC 401/402 or EDUC 402/403. Students must successfully complete a Criminal Record Check.,EDUC 401;EDUC 402,False,[],,15
EDUC 472,D100,fall,2021,EDUC 401/402 or corequisite EDUC 403.,EDUC 401;EDUC 403,False,[],Angela Connelly,4
GEOG 403,D100,fall,2021,GEOG 402 and readmission to the environment co-operative education program.,GEOG 402,False,[],,3
BISC 443,D100,fall,2021,BISC 342 and readmission to the Science Co-op Education Program.,BISC 342,False,[],,3
CHEM 407,D100,fall,2021,CHEM 406. Minimum CGPA of 2.67 (or permission of co-op co-ordinator).,CHEM 406,False,[],Gwen Litchfield;Natalie Erickson,3
CHEM 455,D100,fall,2021,"CHEM 381 with a minimum grade of C-, or permission of the instructor.",CHEM 381,False,"[{'days': 'Tu, Th', 'startTime': '8:30', 'endTime': '10:20', 'campus': 'Burnaby'}]",Robert Britton,3
MBB 151,D100,fall,2021,Acceptance in the Science Co-operative Education Program.,,True,[],,3
MBB 251,D100,fall,2021,Acceptance in the Science Co-operative Education Program.,,True,[],,3
CMPT 429,D400,fall,2021,"CMPT 428, CGPA of 2.50.",CMPT 428,False,"[{'days': 'Mo, Tu, We, Th, Fr', 'startTime': '8:00', 'endTime': '20:00', 'campus': None}]",,3
ENSC 220,D100,fall,2021,"(PHYS 121 or PHYS 126 or PHYS 141), ENSC 120, MATH 232 and (MATH 260 or MATH 310), all with a minimum grade of C-. MATH 232 and/or (MATH 260 or MATH 310) may be taken concurrently.",PHYS 121;PHYS 126;PHYS 141;ENSC 120;MATH 232;MATH 260;MATH 310,False,"[{'days': 'Tu', 'startTime': '8:30', 'endTime': '10:20', 'campus': 'Burnaby'}, {'days': 'Th', 'startTime': '8:30', 'endTime': '10:20', 'campus': 'Burnaby'}]",,4
CRIM 220,D900,fall,2021,Any 100 division CRIM course is recommended.,,False,"[{'days': 'Th', 'startTime': '10:30', 'endTime': '12:20', 'campus': 'Surrey'}]",Rylan Simpson,3
GSWS 319,D200,fall,2021,30 units including three units in GSWS or WS or GDST.,,False,"[{'days': 'Mo', 'startTime': '14:30', 'endTime': '17:20', 'campus': 'Burnaby'}]",Dionysia Eirini Kotsovili,4
IS 322,D100,fall,2021,45 units. Recommended: IS 200.,,False,"[{'days': 'Tu', 'startTime': '8:30', 'endTime': '11:20', 'campus': 'Burnaby'}]",Nicole Jackson,4
JAPN 110,D100,fall,2021,JAPN 100 or equivalent: students of Japanese grade 12 may enroll directly into JAPN 110.,JAPN 100;JAPN 110,False,"[{'days': 'Tu, Th', 'startTime': '14:30', 'endTime': '16:20', 'campus': 'Vancouver'}]",RIMA IBATA,3
BUS 207,D200,fall,2021,"ECON 103, 105, MATH 157, all with a minimum grade of C-; 15 units.",ECON 103;MATH 157,False,"[{'days': 'We', 'startTime': '14:30', 'endTime': '17:20', 'campus': 'Surrey'}]",,3
BUS 327,D100,fall,2021,,,False,[],,3
BUS 336,D200,fall,2021,"MATH 150, MATH 151, MATH 154, or MATH 157, with a minimum grade of C-; BUS 232, ECON 233, or STAT 270, with a minimum grade of C-; 45 units.",MATH 150;MATH 151;MATH 154;MATH 157;BUS 232;ECON 233;STAT 270,False,"[{'days': 'We, Fr', 'startTime': '10:30', 'endTime': '12:20', 'campus': 'Surrey'}]",,4
CA 171,D100,fall,2021,,,False,"[{'days': 'Mo', 'startTime': '11:30', 'endTime': '14:20', 'campus': 'GOLDCORP'}]",Jessica Chambers,3
CA 216,E100,fall,2021,"CA (or FPA) 135, 136, 137, 186, 235, 236, 316 (or 337), 318 (or 335), 416 (or 436) or 30 units.",,False,"[{'days': 'Mo', 'startTime': '17:30', 'endTime': '20:20', 'campus': 'GOLDCORP'}]",Laura Marks,3
CA 453,D100,fall,2021,"CA (or FPA) 253, and prior approval from the instructor.",,True,"[{'days': 'Tu, Th', 'startTime': '14:30', 'endTime': '17:20', 'campus': 'GOLDCORP'}]",,4
EDUC 400,D004,fall,2021,Admission to Professional Programs and successful completion of a Criminal Record Check.,,False,[],,15
CHEM 125,LB06,fall,2021,"Chemistry 12 with a minimum grade of C, or CHEM 109 or CHEM 111 with a minimum grade of C-. Corequisite: CHEM 120.",CHEM 109;CHEM 111;CHEM 120,False,"[{'days': 'Th', 'startTime': '8:30', 'endTime': '12:20', 'campus': 'Burnaby'}]",Rebecca Goyan,1
CHEM 307,D200,fall,2021,CHEM 306 and completion of 42 units toward a BSc degree. Minimum CGPA 2.67 (or permission of co-op co-ordinator).,CHEM 306,False,[],Gwen Litchfield;Natalie Erickson,3
MASC 401,D100,fall,2021,"Prerequisites are set by Bamfield Marine Science Centre, and normally include completion of lower division core courses.",,False,[],,3
MASC 415,D100,fall,2021,"Prerequisites are set by Bamfield Marine Science Centre, and normally include completion of lower division core courses.",,False,[],,3
MASC 425,D100,fall,2021,"Prerequisites are set by Bamfield Marine Science Centre, and normally include completion of lower division core courses.",,False,[],,3
MASC 436,D100,fall,2021,"Prerequisites are set by Bamfield Marine Science Centre, and normally include completion of lower division core courses.",,False,[],,3
MASC 437,D100,fall,2021,"Prerequisites are set by Bamfield Marine Science Centre, and normally include completion of lower division core courses.",,False,[],,3
MATH 337,D100,fall,2021,MATH 336 and permission of the co-op co-ordinator; students must apply at least one term in advance.,MATH 336,False,[],,3
CHIN 290,D100,fall,2021,"CHIN 191 or equivalent. This course is for students of Chinese origin who have near native speaking ability in Chinese (Mandarin or other dialects), but basic knowledge of written Chinese.",CHIN 191,False,"[{'days': 'Tu', 'startTime': '14:30', 'endTime': '16:20', 'campus': 'Burnaby'}]",Cynthia Xie,3
CMPT 426,D200,fall,2021,"Students must complete Bridging Online (visit www.sfu.ca/coop/bol for further details) at least two terms before their anticipated co-op placement. Students must then enroll with the co-op program by the second week of the term preceding the work term. Normally, students will have completed a minimum of 45 units by the end of the term of application, CMPT 275 or 276, and have a minimum CGPA of 2.50.",CMPT 275,False,"[{'days': 'Mo, Tu, We, Th, Fr', 'startTime': '8:00', 'endTime': '20:00', 'campus': None}]",,3
CMPT 428,D300,fall,2021,"CMPT 427, CGPA of 2.50.",CMPT 427,False,"[{'days': 'Mo, Tu, We, Th, Fr', 'startTime': '8:00', 'endTime': '20:00', 'campus': None}]",,3
MSE 293,D200,fall,2021,,,False,"[{'days': 'Mo, Tu, We, Th, Fr', 'startTime': '8:30', 'endTime': '16:50', 'campus': None}]",,3
ECON 220W,D200,fall,2021,"ECON 201 with a minimum grade of C-, minimum 30 units and no more than 80 units.",ECON 201,False,"[{'days': 'Mo, We', 'startTime': '12:30', 'endTime': '13:20', 'campus': 'Burnaby'}]",Sepideh Fotovatian;Thomas Vigie,4
HIST 489,D100,fall,2021,45 units including nine units of lower division history. Recommended: at least three upper division courses in history.,,False,[],,4
HUM 441,D100,fall,2021,45 units.,,False,"[{'days': 'We', 'startTime': '14:30', 'endTime': '17:20', 'campus': 'Vancouver'}]",Evdoxios Doxiadis,4
PHIL 100W,E200,fall,2021,,,False,"[{'days': 'Tu', 'startTime': '17:30', 'endTime': '20:20', 'campus': 'Burnaby'}]",Simon Pollon,3
BUS 217W,D200,fall,2021,"BUS 201 with a minimum grade of C- and 15 units; OR 45 units and corequisite: BUS 202; OR Business Administration joint major, joint honours, or double degree students with 45 units; OR Data Science majors with 15 units.",BUS 201;BUS 202,False,"[{'days': 'Mo', 'startTime': '14:30', 'endTime': '17:20', 'campus': 'Surrey'}]",,3
BUS 303,D400,fall,2021,45 units.,,False,"[{'days': 'Tu', 'startTime': '14:30', 'endTime': '17:20', 'campus': 'Burnaby'}]",,3
BUS 303,E100,fall,2021,45 units.,,False,"[{'days': 'We', 'startTime': '16:30', 'endTime': '19:20', 'campus': 'Burnaby'}]",,3
BUS 360W,E400,fall,2021,"This course is open to students admitted prior to Fall 2014 to the Business Administration major, honours, or second degree program and who have 45 units, OR to students admitted Fall 2014 - Summer 2017 to the Business Administration major, honours, or second degree program and who have 45 units and BUS 130 or 201 or 202 or 301, with a minimum grade of C-, OR to student admitted Fall 2017 - onwards to the Business Administration major, honours, or second degree program and who have 45 units and BUS 130 or 201 or 202 or 301, with a minimum grade of C- and BUS 217W with a minimum grade of C-, OR to Business Administration joint major or joint honours students with BUS 217W with a minimum grade of C- and 45 units, OR to Business and Economics Joint Major students with ECON 220W with a minimum grade of C- and 45 units, OR to Mechatronic Systems Engineering and Business Administration double degree students with 45 units, OR to Management Systems Science or Actuarial Science majors with 45 units OR to Data Science major with BUS 217W with a minimum grade of C- and 45 units.",BUS 130;BUS 217W;ECON 220W,False,"[{'days': 'Tu', 'startTime': '16:30', 'endTime': '19:20', 'campus': 'Burnaby'}]",,4
CA 232,D100,fall,2021,CA (or FPA) 131.,,False,"[{'days': 'Mo', 'startTime': '14:30', 'endTime': '16:20', 'campus': 'GOLDCORP'}]",Will Meadows,3
CA 250,D100,fall,2021,CA 153. Corequisite: CA 254.,CA 153;CA 254,False,"[{'days': 'Mo, We', 'startTime': '11:30', 'endTime': '14:20', 'campus': 'GOLDCORP'}]",Milton Lim,3
CA 254,D100,fall,2021,,,False,"[{'days': 'Mo, We', 'startTime': '9:30', 'endTime': '11:20', 'campus': 'GOLDCORP'}, {'days': 'Tu, Th', 'startTime': '9:30', 'endTime': '11:20', 'campus': 'GOLDCORP'}]",Su-Feh Lee,4
CA 427,D100,fall,2021,CA (or FPA) 323 or prior approval.,,False,"[{'days': 'Tu, Th, Fr', 'startTime': '9:30', 'endTime': '11:20', 'campus': 'GOLDCORP'}]",,3
CA 440,D100,fall,2021,CA 240 or permission of instructor.,CA 240,False,"[{'days': 'Tu', 'startTime': '10:30', 'endTime': '12:20', 'campus': 'GOLDCORP'}]",,3
IAT 272,D200,fall,2021,IAT 271 (or WKTM 100).,IAT 271;WKTM 100,False,"[{'days': 'Mo, Tu, We, Th, Fr, Sa, Su', 'startTime': '8:00', 'endTime': '19:50', 'campus': None}]",,3
EDUC 100W,F100,fall,2021,,,False,[],Isabelle Claire Cote,3
EDUC 400,D001,fall,2021,Admission to Professional Programs and successful completion of a Criminal Record Check.,,False,[],,15
EDUC 400,D002,fall,2021,Admission to Professional Programs and successful completion of a Criminal Record Check.,,False,[],,15
EDUC 400,D003,fall,2021,Admission to Professional Programs and successful completion of a Criminal Record Check.,,False,[],,15
EDUC 400,D005,fall,2021,Admission to Professional Programs and successful completion of a Criminal Record Check.,,False,[],,15
EDUC 400,D006,fall,2021,Admission to Professional Programs and successful completion of a Criminal Record Check.,,False,[],,15
EDUC 400,D007,fall,2021,Admission to Professional Programs and successful completion of a Criminal Record Check.,,False,[],,15
EDUC 400,D008,fall,2021,Admission to Professional Programs and successful completion of a Criminal Record Check.,,False,[],,15
EDUC 400,D009,fall,2021,Admission to Professional Programs and successful completion of a Criminal Record Check.,,False,[],,15
EDUC 400,D010,fall,2021,Admission to Professional Programs and successful completion of a Criminal Record Check.,,False,[],,15
EDUC 400,D012,fall,2021,Admission to Professional Programs and successful completion of a Criminal Record Check.,,False,[],,15
EDUC 404,D001,fall,2021,EDUC 401/402 or corequisite EDUC 403.,EDUC 401;EDUC 403,False,[],,0
EDUC 412W,D100,fall,2021,EDUC 401/402 or corequisite EDUC 403.,EDUC 401;EDUC 403,False,[],Angela Connelly,4
EDUC 486,D100,fall,2021,,,False,[],Monica Tang,4
GEOG 266W,D100,fall,2021,"One of: GEOG 100, GEOG 102, GEOG 104, GEOG 111.",GEOG 100;GEOG 102;GEOG 104;GEOG 111,False,"[{'days': 'We', 'startTime': '14:30', 'endTime': '17:20', 'campus': 'Burnaby'}]",Tara Holland,3
BPK 351,D100,fall,2021,"Students must complete Bridging Online (visit www.sfu.ca/coop/bol for further details) at least two terms before co-op placement. Students must then apply to the BPK co-op program by Week 1 of the term prior; a minimum of 45 units, BPK 142, plus at least two other BPK courses and have a minimum GPA of 2.50.",BPK 142,False,[],,3
MATH 436,D100,fall,2021,MATH 337 and permission of the co-op co-ordinator; students must apply at least one term in advance.,MATH 337,False,[],,3
STAT 490,D100,fall,2021,Dependent on the topic covered.,,False,"[{'days': 'Tu', 'startTime': '12:30', 'endTime': '14:20', 'campus': 'Burnaby'}, {'days': 'Th', 'startTime': '12:30', 'endTime': '13:20', 'campus': 'Burnaby'}]",Jean-Francois Begin,3
CMPT 426,I100,fall,2021,"Students must complete Bridging Online (visit www.sfu.ca/coop/bol for further details) at least two terms before their anticipated co-op placement. Students must then enroll with the co-op program by the second week of the term preceding the work term. Normally, students will have completed a minimum of 45 units by the end of the term of application, CMPT 275 or 276, and have a minimum CGPA of 2.50.",CMPT 275,False,"[{'days': 'Mo, Tu, We, Th, Fr', 'startTime': '8:00', 'endTime': '20:00', 'campus': None}]",,3
CMPT 430,D100,fall,2021,"CMPT 429, CGPA of 2.50.",CMPT 429,False,"[{'days': 'Mo, Tu, We, Th, Fr', 'startTime': '8:00', 'endTime': '20:00', 'campus': None}]",,3
GEOG 303,D100,fall,2021,GEOG 302 and readmission to the environment co-operative education program.,GEOG 302,False,[],,3
ACMA 436,D100,fall,2021,ACMA 337 or Job Practicum II from another department. Students must apply and receive permission from the co-op coordinator at least one term in advance.,ACMA 337,False,[],,3
BISC 341,I100,fall,2021,Acceptance in the Biological Sciences Co-operative Education Program.,,True,[],,3
BPK 352,D100,fall,2021,BPK 351.,BPK 351,False,[],,3
CHEM 306,D100,fall,2021,"Completion of 28 units in a science program, including first-year calculus, chemistry and physics. Minimum CGPA 2.67 (or permission of co-op co-ordinator).",,True,[],Gwen Litchfield;Natalie Erickson,3
CHEM 407,I100,fall,2021,CHEM 406. Minimum CGPA of 2.67 (or permission of co-op co-ordinator).,CHEM 406,False,[],,3
MBB 491,D100,fall,2021,"MBB 308 or MBB 309W and permission of the MBB department. Upper level standing in an MBB major, minor or honours program is required.",MBB 308;MBB 309W,False,[],,5
ENSC 196,D200,fall,2021,,,False,"[{'days': 'Mo, Tu, We, Th, Fr', 'startTime': '8:00', 'endTime': '20:00', 'campus': None}]",,3
BUS 217W,D500,fall,2021,"BUS 201 with a minimum grade of C- and 15 units; OR 45 units and corequisite: BUS 202; OR Business Administration joint major, joint honours, or double degree students with 45 units; OR Data Science majors with 15 units.",BUS 201;BUS 202,False,"[{'days': 'Th', 'startTime': '14:30', 'endTime': '17:20', 'campus': 'Burnaby'}]",,3
EDUC 400,D011,fall,2021,Admission to Professional Programs and successful completion of a Criminal Record Check.,,False,[],,15
EDUC 475,D100,fall,2021,EDUC 401/402 or corequisite EDUC 403. Students must successfully complete an SFU criminal records check.,EDUC 401;EDUC 403,False,[],Allison Finter,4
BISC 497W,D100,fall,2021,Completion of lower division course requirements.,,False,[],,3
BISC 498,D100,fall,2021,Completion of lower division course requirements.,,False,[],,3
BISC 499,D100,fall,2021,Completion of lower division course requirements.,,False,[],,3
CHEM 122,D700,fall,2021,CHEM 120 or 121 with a minimum grade of C-.,CHEM 120,False,[],John Canal,2
CHEM 406,D200,fall,2021,CHEM 307 and completion of 56 units toward a BSc degree. Minimum CGPA of 2.67 (or permission of co-op co-ordinator).,CHEM 307,False,[],Gwen Litchfield;Natalie Erickson,3
STAT 336,D100,fall,2021,Students must apply and receive permission from the co-op co-ordinator at least one but preferably two terms in advance. They will normally be required to have completed 45 units with a GPA of 2.5 before they may take this practicum course.,,True,[],,3
HUM 240,D100,fall,2021,,,False,"[{'days': 'We', 'startTime': '14:30', 'endTime': '17:20', 'campus': 'Burnaby'}]",Dionysia Eirini Kotsovili,3
CMNS 479,D001,fall,2021,Two upper division CMNS courses with a minimum grade of C- and permission of the instructor.,,True,[],,1
MBB 451,D100,fall,2021,Acceptance in the Science Co-operative Education Program.,,True,[],,3
BUS 225,D200,fall,2021,,,False,[],,3
ACMA 337,D100,fall,2021,ACMA 336 or Job Practicum I from another department. Students must apply and receive permission from the co-op coordinator at least one term in advance.,ACMA 336,False,[],,3
CHEM 406,D100,fall,2021,CHEM 307 and completion of 56 units toward a BSc degree. Minimum CGPA of 2.67 (or permission of co-op co-ordinator).,CHEM 307,False,[],Gwen Litchfield;Natalie Erickson,3
PHYS 102,D300,fall,2021,"PHYS 101 or 120 or 125 or 140; MATH 150 or 151 or 154 or 157; both with a minimum grade of C-. Corequisite: BISC 100 or 101 or 102. Recommended Corequisites: MATH 152, 155 or 158; PHYS 133.",PHYS 101;MATH 150;BISC 100;MATH 152;PHYS 133,False,"[{'days': 'Tu, Th', 'startTime': '14:30', 'endTime': '16:20', 'campus': 'Surrey'}]",Daria Ahrensmeier,3
MSE 394,D100,fall,2021,MSE 293 or 294 and approval of internship co-ordinator required.,MSE 293,False,"[{'days': 'Mo, Tu, We, Th, Fr', 'startTime': '8:30', 'endTime': '16:50', 'campus': None}]",,3
CRIM 490,D100,fall,2021,Open only to students who have been admitted to the Criminology Honours Program,,False,[],,3
CRIM 491,D100,fall,2021,Open only to students who have been admitted to the Criminology Honours Program.,,False,"[{'days': 'Mo', 'startTime': '9:30', 'endTime': '12:20', 'campus': 'Burnaby'}]",Sheri Fabian,4
CA 240,D100,fall,2021,"CA 140, 144, 146.",CA 140,False,"[{'days': 'Tu', 'startTime': '10:30', 'endTime': '12:20', 'campus': 'GOLDCORP'}]",,3
CA 247,D100,fall,2021,"CA 140, 144, 146 or permission of instructor.",CA 140,False,"[{'days': 'Mo, We', 'startTime': '12:30', 'endTime': '14:20', 'campus': 'GOLDCORP'}]",,3
IAT 375,D100,fall,2021,IAT 374 (or WKTM 400).,IAT 374;WKTM 400,False,"[{'days': 'Mo, Tu, We, Th, Fr, Sa, Su', 'startTime': '8:00', 'endTime': '19:50', 'campus': None}]",,3
HSCI 312,D100,fall,2021,"60 units, including either HSCI 130 or BPK 140, with a minimum grade of C-.",HSCI 130;BPK 140,False,"[{'days': 'Mo', 'startTime': '9:30', 'endTime': '12:20', 'campus': 'Burnaby'}]",Michal Fedeles,3
HSCI 416,D100,fall,2021,"STAT 302 or STAT 305, and HSCI 307 or HSCI 330, all with a minimum grade of C-.",STAT 302;STAT 305;HSCI 307;HSCI 330,False,"[{'days': 'We', 'startTime': '14:30', 'endTime': '17:20', 'campus': 'Burnaby'}]",Sonya Cressman,4
CHEM 125,LC05,fall,2021,"Chemistry 12 with a minimum grade of C, or CHEM 109 or CHEM 111 with a minimum grade of C-. Corequisite: CHEM 120.",CHEM 109;CHEM 111;CHEM 120,False,"[{'days': 'We', 'startTime': '10:00', 'endTime': '13:50', 'campus': 'Surrey'}]",Garry Mund,1
SEE 294,D100,fall,2021,,,False,"[{'days': 'Mo, Tu, We, Th, Fr', 'startTime': '8:00', 'endTime': '20:00', 'campus': None}]",,3
INLG 200,A320,fall,2021,,,False,[],,3
INLG 233,A320,fall,2021,INLG (or FNLG) 134.,,False,[],,3
INLG 258,A320,fall,2021,,,False,[],,3
LING 160,A320,fall,2021,,,False,[],,3
PSYC 201W,C100,fall,2021,PSYC 100 or 102.,PSYC 100,False,[],George Alder,4
HSCI 350,D100,fall,2021,Students must be accepted into the Health Sciences Co-op program and complete Bridging Online.,,True,[],,3
PHYS 233,LA02,fall,2021,"PHYS 133 or PHYS 141 or ENSC 280, with a minimum grade of C-. Recommended Prerequisite: CMPT 120.",PHYS 133;PHYS 141;ENSC 280;CMPT 120,False,"[{'days': 'Th', 'startTime': '13:30', 'endTime': '17:20', 'campus': 'Burnaby'}]",Barbara Frisken,3
HUM 102W,C300,fall,2021,,,False,[],David Mirhady,3
INLG 134,A325,fall,2021,INLG (or FNLG) 133.,,False,[],,3
INLG 200,A325,fall,2021,,,False,[],,3
ENV 303,D100,fall,2021,"ARCH 350, ENV 302 or GEOG 302 and readmission into Environment Co-operative Education Program.",ARCH 350;ENV 302;GEOG 302,False,[],,3
ENV 303,D200,fall,2021,"ARCH 350, ENV 302 or GEOG 302 and readmission into Environment Co-operative Education Program.",ARCH 350;ENV 302;GEOG 302,False,[],,3
ENV 402,D200,fall,2021,"ARCH 351, ENV 303 or GEOG 303 and readmission into Environment Co-operative Education Program.",ARCH 351;ENV 303;GEOG 303,False,[],,3
ENV 404,D100,fall,2021,"ARCH 451, ENV 403 or GEOG 403 and readmission into Environment Co-operative Education Program.",ARCH 451;ENV 403;GEOG 403,False,[],,3
EVSC 380,D200,fall,2021,Acceptance in the environment science co-operative education program.,,True,[],,3
EVSC 381,D200,fall,2021,EVSC 380 and re-admission to the environment science co-operative education program.,EVSC 380,False,[],,3
EVSC 480,D200,fall,2021,EVSC 381 and readmission to the environment science co-operative education program.,EVSC 381,False,[],,3
EVSC 481,D200,fall,2021,EVSC 480 and re-admission to the environment science co-operative education program.,EVSC 480,False,[],,3
CHEM 125,LB09,fall,2021,"Chemistry 12 with a minimum grade of C, or CHEM 109 or CHEM 111 with a minimum grade of C-. Corequisite: CHEM 120.",CHEM 109;CHEM 111;CHEM 120,False,"[{'days': 'Fr', 'startTime': '13:30', 'endTime': '17:20', 'campus': 'Burnaby'}]",Rebecca Goyan,1
MATH 336,D200,fall,2021,"Students must apply to and receive permission from the co-op co-ordinator at least one, preferably two, terms in advance. They will normally be required to have completed 45 units with a GPA of 2.5. This course will be graded on a pass/withdraw basis. A course fee is required.",,True,[],,3
MATH 437,D200,fall,2021,MATH 436 and permission of the co-op co-ordinator; students must apply at least one term in advance.,MATH 436,False,[],,3
MBB 151,D200,fall,2021,Acceptance in the Science Co-operative Education Program.,,True,[],,3
STAT 436,D200,fall,2021,STAT 337 or Job Practicum II from another department. Students must apply and receive permission from the co-op co-ordinator at least one term in advance.,STAT 337,False,[],,3
CA 269,D100,fall,2021,CA (or FPA) 160. A course materials fee is required.,,False,"[{'days': 'Mo, We', 'startTime': '14:30', 'endTime': '17:20', 'campus': 'DT VSAR'}]",YI XIN Tong,3
HSCI 449,D100,fall,2021,"90 units including HSCI 312 with a minimum grade of C- and HSCI 319 or 327, with a minimum grade of C-. Students may be required to successfully complete a Criminal Record Check.",HSCI 312;HSCI 319,False,"[{'days': 'Tu', 'startTime': '11:30', 'endTime': '14:20', 'campus': 'Burnaby'}]",Ilhan Abdullahi,3
ENGL 470W,D100,fall,2021,"45 units including at least one upper division English course, or permission of instructor. Reserved for English honours, major, joint major and minor students.",,True,"[{'days': 'We, Fr', 'startTime': '12:30', 'endTime': '14:20', 'campus': 'Burnaby'}]",Alys Avalos Rivera,4
PSYC 493,D100,fall,2021,"PSYC 201, 210, 60 units, a UDGPA of at least 3.0, and permission of the department.",PSYC 201,False,[],,3
FEP 200,D100,fall,2021,,,False,[],,12
FEP 204,D100,fall,2021,,,False,[],,4
SEE 290,D200,fall,2021,,,False,"[{'days': 'Mo, Tu, We, Th, Fr', 'startTime': '8:00', 'endTime': '20:00', 'campus': None}]",,3
INLG 200,A500,fall,2021,,,False,[],,3
INLG 234,A500,fall,2021,INLG (or FNLG) 233.,,False,[],,3
INLG 333,A500,fall,2021,Completion of Certificate in Indigenous Language Proficiency; or with permission of instructor.,,True,[],,3
INLG 358,A500,fall,2021,Completion of Certificate in Indigenous Language Proficiency including INLG (or FNLG) 258; or permission of instructor.,,True,[],,3
BUS 326,D200,fall,2021,,,False,[],,3
GEOG 381,D200,fall,2021,"At least 45 units, including GEOG 100.",GEOG 100,False,"[{'days': 'Th', 'startTime': '14:30', 'endTime': '16:20', 'campus': 'Burnaby'}]",Nicholas Blomley,4
MSE 294,D100,fall,2021,,,False,"[{'days': 'Mo, Tu, We, Th, Fr', 'startTime': '8:30', 'endTime': '16:50', 'campus': None}]",,3
CRIM 370,D100,fall,2021,"CRIM 320 and 330, and written application to the school no later than the last day of classes of the preceding term. CRIM 370 and 470 may not be taken concurrently.",CRIM 320;CRIM 370,False,[],,3
ENGL 355,C100,fall,2021,30 units or two 200 division English courses.,,False,[],Carolyn Lesjak,4
FEP 209,D100,fall,2021,,,False,[],,3
INLG 130,A600,fall,2021,Students in the Indigenous Studies program should complete INLG 133 before INLG 130.,INLG 133;INLG 130,False,[],,3
INLG 133,A600,fall,2021,,,False,[],,3
INLG 134,A600,fall,2021,INLG (or FNLG) 133.,,False,[],,3
CHEM 406,I100,fall,2021,CHEM 307 and completion of 56 units toward a BSc degree. Minimum CGPA of 2.67 (or permission of co-op co-ordinator).,CHEM 307,False,[],,3
BPK 451,D100,fall,2021,BPK 352.,BPK 352,False,[],,3
BPK 452,D100,fall,2021,BPK 451.,BPK 451,False,[],,3
EDUC 486,D200,fall,2021,,,False,"[{'days': 'Tu', 'startTime': '13:30', 'endTime': '16:20', 'campus': 'Burnaby'}]",Monica Tang,3
ARCH 252,D200,fall,2021,,,False,"[{'days': 'Tu', 'startTime': '14:30', 'endTime': '17:20', 'campus': 'Burnaby'}]",Angela D'andrea,3
ENV 302,D200,fall,2021,Admission into Environment Co-operative Education Program.,,True,[],,3
GEOG 303,D200,fall,2021,GEOG 302 and readmission to the environment co-operative education program.,GEOG 302,False,[],,3
HSCI 350,D200,fall,2021,Students must be accepted into the Health Sciences Co-op program and complete Bridging Online.,,True,[],,3
HSCI 351,I100,fall,2021,Completion of HSCI 350 Co-op Practicum I.,HSCI 350,False,[],,3
HSCI 450,D100,fall,2021,Completion of HSCI 351 Co-op Practicum II.,HSCI 351,False,[],,3
HSCI 451,D100,fall,2021,Completion of HSCI 450 Co-op Practicum III.,HSCI 450,False,[],,3
HSCI 451,D200,fall,2021,Completion of HSCI 450 Co-op Practicum III.,HSCI 450,False,[],,3
HSCI 452,D100,fall,2021,Completion of HSCI 451 Co-op Practicum IV.,HSCI 451,False,[],,3
BISC 490,D100,fall,2021,"Completion of all lower division biological sciences courses, plus upper division BISC courses appropriate to the subject of the intended research as determined by the departmental undergraduate curriculum committee; completion of all physics, chemistry and mathematics requirements for the major or honours program.",,False,[],,5
STAT 337,D200,fall,2021,STAT 336 or Job Practicum I from another department. Students must apply and receive permission from the co-op co-ordinator at least one term in advance.,STAT 336,False,[],,3
CRIM 321,C200,fall,2021,CRIM 101; one of CRIM 120 or 220. This course may be taken concurrently with CRIM 320.,CRIM 101;CRIM 120;CRIM 320,False,[],Hana Ryu,3
CRIM 321,C300,fall,2021,CRIM 101; one of CRIM 120 or 220. This course may be taken concurrently with CRIM 320.,CRIM 101;CRIM 120;CRIM 320,False,[],Hana Ryu,3
CRIM 321,C400,fall,2021,CRIM 101; one of CRIM 120 or 220. This course may be taken concurrently with CRIM 320.,CRIM 101;CRIM 120;CRIM 320,False,[],,3
CA 400,D100,fall,2021,"60 units plus a minimum standing of completion of second year in any of the programs offered in the School for the Contemporary Arts, and prior approval.",,False,[],,1
SEE 490,D200,fall,2021,SEE 390 or SEE 394.,SEE 390;SEE 394,False,"[{'days': 'Mo, Tu, We, Th, Fr', 'startTime': '8:00', 'endTime': '20:00', 'campus': None}]",,3
CRIM 370,D200,fall,2021,"CRIM 320 and 330, and written application to the school no later than the last day of classes of the preceding term. CRIM 370 and 470 may not be taken concurrently.",CRIM 320;CRIM 370,False,[],,3
CA 306,D100,fall,2021,45 units.,,False,[],,3
MBB 481,D001,fall,2021,"MBB 308, MBB 309W and MBB 331, enrollment in the MBB or Biological Physics Honours Program, a minimum 3.0 CGPA and 3.0 UDGPA and permission of the MBB department. Corequisite: MBB 482 and MBB 483.",MBB 308;MBB 309W;MBB 331;MBB 482;MBB 483,False,[],,5
MBB 482,D100,fall,2021,"MBB 308, MBB 309W and MBB 331, enrollment in the MBB or Biological Physics Honours Program, a minimum 3.0 CGPA and 3.0 UDGPA and permission of the MBB department. Corequisite: MBB 481 and MBB 483.",MBB 308;MBB 309W;MBB 331;MBB 481;MBB 483,False,[],,5
MBB 483,D100,fall,2021,"MBB 308, MBB 309W and MBB 331, enrollment in the MBB or Biological Physics Honours Program, a minimum 3.0 CGPA and 3.0 UDGPA and permission of the MBB department. Corequisite: MBB 481 and MBB 482.",MBB 308;MBB 309W;MBB 331;MBB 481;MBB 482,False,[],,5
PHYS 335,D100,fall,2021,"Completion of 30 units, with a minimum GPA of 2.75 in the physics program. Students should apply to the department at least one term in advance.",,False,[],,3
STAT 495,D100,fall,2021,Written permission of the department undergraduate studies committee.,,True,[],,3
BUS 225,I100,fall,2021,,,False,[],,3
CMNS 395,D100,fall,2021,"Complete Bridging Online at least two terms before anticipated co-op placement. Students must then enroll with the co-op program by the second week of the term preceding the work term of application, and have a minimum GPA of 2.7.",,True,[],,3
PHYS 436,D100,fall,2021,PHYS 435 followed by 12 units. A minimum cumulative GPA of 2.75.,PHYS 435,False,[],,3
ENSC 370,D200,fall,2021,Completion of at least 25 units of engineering science (ENSC) courses.,,False,"[{'days': 'Mo', 'startTime': '14:30', 'endTime': '16:20', 'campus': 'Burnaby'}]",,3
INLG 200,A970,fall,2021,,,False,[],,3
INLG 233,A970,fall,2021,INLG (or FNLG) 134.,,False,[],,3
INLG 234,A970,fall,2021,INLG (or FNLG) 233.,,False,[],,3
HSCI 490,D200,fall,2021,,,False,[],,3
COGS 100,D300,fall,2021,Open to all students.,,False,"[{'days': 'We', 'startTime': '13:30', 'endTime': '14:20', 'campus': 'Burnaby'}, {'days': 'Fr', 'startTime': '12:30', 'endTime': '14:20', 'campus': 'Burnaby'}]",,3
BUS 325,D200,fall,2021,,,False,[],,3
BUS 326,I100,fall,2021,,,False,[],,3
CA 406,D100,fall,2021,60 units.,,False,[],,4
ENV 302,D100,fall,2021,Admission into Environment Co-operative Education Program.,,True,[],,3
FASS 201,D100,fall,2021,Open only to students accepted to the FASS Co-op Program.,,True,[],,3
FASS 301,D100,fall,2021,Open only to students accepted to the FASS Co-op Program.,,True,[],,3
FASS 301,D200,fall,2021,Open only to students accepted to the FASS Co-op Program.,,True,[],,3
FASS 302,D100,fall,2021,Open only to students accepted to the FASS Co-op Program.,,True,[],,3
FASS 302,D200,fall,2021,Open only to students accepted to the FASS Co-op Program.,,True,[],,3
FASS 401,D100,fall,2021,Open only to students accepted to the FASS Co-op Program.,,True,[],,3
FASS 402,D200,fall,2021,Open only to students accepted to the FASS Co-op Program.,,True,[],,3
EDUC 423,E200,fall,2021,Or corequisite: EDUC 323.,EDUC 323,False,"[{'days': 'We', 'startTime': '16:30', 'endTime': '20:20', 'campus': 'Burnaby'}]",,4
GEOG 302,D100,fall,2021,acceptance in the environment co-operative education program.,,True,[],,3
SEE 394,D100,fall,2021,SEE 290 or SEE 294.,SEE 290;SEE 294,False,"[{'days': 'Mo, Tu, We, Th, Fr', 'startTime': '8:00', 'endTime': '20:00', 'campus': None}]",,3
INLG 130,A900,fall,2021,Students in the Indigenous Studies program should complete INLG 133 before INLG 130.,INLG 133;INLG 130,False,[],,3
INLG 133,A900,fall,2021,,,False,[],,3
INLG 158,A900,fall,2021,,,False,[],,3
ARCH 321,D100,fall,2021,"ARCH 272W or 273 or by permission of instructor. Other prerequisites may be required, but will vary according to topic.",ARCH 272W,False,"[{'days': 'Tu', 'startTime': '14:30', 'endTime': '17:20', 'campus': 'Burnaby'}]",Angela D'andrea,3
BPK 457,D100,fall,2021,"75 units, with a minimum CGPA of 3.00, PSYC 301 or BPK 304W with a minimum grade of B, and permission from one of the Co-chairs of the Behavioural Neuroscience Program Committee.",PSYC 301;BPK 304W,False,[],,3
FAN X91,P100,fall,2021,,,False,"[{'days': 'Tu, Th', 'startTime': '10:30', 'endTime': '12:20', 'campus': 'Burnaby'}]",,2
MBB 492,D100,fall,2021,"MBB 491, MBB 308, MBB 309W and MBB 331, enrollment in the MBB honours program, a minimum 3.0 CGPA and 3.0 UDGPA and permission of the department.",MBB 491;MBB 308;MBB 309W;MBB 331,False,[],,10
ENSC 396,D100,fall,2021,"ENSC 295 or 296, a minimum of 75 units and approval of internship co-ordinator required.",ENSC 295,False,"[{'days': 'Mo, Tu, We, Th, Fr', 'startTime': '8:00', 'endTime': '20:00', 'campus': None}]",,3
MSE 402,D200,fall,2021,"100 units including one of MSE 102, ENSC 100, ENSC 106, or CMPT 106. MSE 102 may be taken concurrently.",MSE 102;ENSC 100;ENSC 106;CMPT 106,False,"[{'days': 'Mo', 'startTime': '12:30', 'endTime': '14:20', 'campus': 'Burnaby'}]",,2
BISC 342,I100,fall,2021,BISC 341 and readmission to the Science Co-op Education Program.,BISC 341,False,[],,3
PSYC 393,D100,fall,2021,"PSYC 201, 60 units, a UDGPA of at least 2.5, and permission of the department. Tri-council ethics certificate.",PSYC 201,False,[],,1
EDUC 250,D300,fall,2021,,,False,"[{'days': 'We', 'startTime': '9:30', 'endTime': '12:20', 'campus': 'Burnaby'}]",Charles Bingham,3
EASC 493,D100,fall,2021,75 units including 30 units in earth sciences courses and permission of the department.,,True,[],,3
MBB 491,D200,fall,2021,"MBB 308 or MBB 309W and permission of the MBB department. Upper level standing in an MBB major, minor or honours program is required.",MBB 308;MBB 309W,False,[],,5
CMPT 415,D100,fall,2021,Permission of Instructor and School.,,True,[],,3
ENSC 195,I100,fall,2021,,,False,"[{'days': 'Mo, Tu, We, Th, Fr', 'startTime': '8:00', 'endTime': '20:00', 'campus': None}]",,3
FASS 201,D200,fall,2021,Open only to students accepted to the FASS Co-op Program.,,True,[],,3
MBB 491,D300,fall,2021,"MBB 308 or MBB 309W and permission of the MBB department. Upper level standing in an MBB major, minor or honours program is required.",MBB 308;MBB 309W,False,[],,5
MBB 491,D400,fall,2021,"MBB 308 or MBB 309W and permission of the MBB department. Upper level standing in an MBB major, minor or honours program is required.",MBB 308;MBB 309W,False,[],,5
MBB 498,D001,fall,2021,"MBB 308 or 309W; Students may not take MBB 498 concurrently with MBB 481, 482, 483, 491 or 492 or BISC 490, 491, 492W, 498 or 499.",MBB 308;MBB 498;MBB 481;BISC 490,False,[],,3
ENSC 498,D100,fall,2021,At least 115 units or permission of the academic supervisor.,,True,[],,1
MSE 494,I100,fall,2021,"MSE 393 or 394, a minimum of 75 units and approval of internship co-ordinator required.",MSE 393,False,"[{'days': 'Mo, Tu, We, Th, Fr', 'startTime': '8:30', 'endTime': '16:50', 'campus': None}]",,3
HSCI 350,I100,fall,2021,Students must be accepted into the Health Sciences Co-op program and complete Bridging Online.,,True,[],,3
HSCI 488,D100,fall,2021,,,False,[],,3
CHEM 126,LA02,fall,2021,CHEM 121 with a minimum grade of C-. Corequisite: CHEM 122.,CHEM 121;CHEM 122,False,"[{'days': 'Tu', 'startTime': '8:30', 'endTime': '12:20', 'campus': 'Burnaby'}]",,2
FAN X91,P200,fall,2021,,,False,"[{'days': 'Tu, Th', 'startTime': '13:30', 'endTime': '15:20', 'campus': 'Burnaby'}]",,2
MBB 492,D200,fall,2021,"MBB 491, MBB 308, MBB 309W and MBB 331, enrollment in the MBB honours program, a minimum 3.0 CGPA and 3.0 UDGPA and permission of the department.",MBB 491;MBB 308;MBB 309W;MBB 331,False,[],,10
INLG 158,A200,fall,2021,,,False,[],,3
CMNS 396,D100,fall,2021,CMNS 395.,CMNS 395,False,[],,3
CMNS 494,D100,fall,2021,CMNS 396.,CMNS 396,False,[],,3
EDUC 298,P100,fall,2021,,,False,"[{'days': 'We, Fr', 'startTime': '10:30', 'endTime': '12:20', 'campus': 'Burnaby'}]",Pedro dos Santos,3
FAL X99,P100,fall,2021,,,False,"[{'days': 'We, Fr', 'startTime': '10:30', 'endTime': '12:20', 'campus': 'Burnaby'}]",,4
SEE 394,D200,fall,2021,SEE 290 or SEE 294.,SEE 290;SEE 294,False,"[{'days': 'Mo, Tu, We, Th, Fr', 'startTime': '8:00', 'endTime': '20:00', 'campus': None}]",,3
CMNS 495,D100,fall,2021,CMNS 494.,CMNS 494,False,[],,3
IAT 499,D100,fall,2021,"Completion of 90 units (ensuring a 4th year equivalent student), including 18 upper division IAT units plus IAT 309W with a minimum grade of C-. Enrollment is competitive - each term we will enroll a maximum of 20 students or team based on the strongest student project ideas and CGPA.",IAT 309W,False,"[{'days': 'Mo', 'startTime': '9:30', 'endTime': '12:20', 'campus': 'Surrey'}]",Gabriela Aceves-Sepulveda,6
EDUC 327,D200,fall,2021,"60 units, including EDUC 220.",EDUC 220,False,"[{'days': 'Tu', 'startTime': '11:30', 'endTime': '14:20', 'campus': 'Burnaby'}]",Jeff Sugarman,3
BISC 341,D200,fall,2021,Acceptance in the Biological Sciences Co-operative Education Program.,,True,[],,3
BISC 446,D200,fall,2021,BISC 444 and readmission to the Science Co-op Education Program.,BISC 444,False,[],,3
MATH 337,D200,fall,2021,MATH 336 and permission of the co-op co-ordinator; students must apply at least one term in advance.,MATH 336,False,[],,3
MBB 351,D200,fall,2021,Acceptance in the Science Co-operative Education Program.,,True,[],,3
ENSC 295,D200,fall,2021,ENSC 195 or 196.,ENSC 195,False,"[{'days': 'Mo, Tu, We, Th, Fr', 'startTime': '8:00', 'endTime': '20:00', 'campus': None}]",,3
CRIM 370,D300,fall,2021,"CRIM 320 and 330, and written application to the school no later than the last day of classes of the preceding term. CRIM 370 and 470 may not be taken concurrently.",CRIM 320;CRIM 370,False,[],,3
CMNS 496,D100,fall,2021,CMNS 495.,CMNS 495,False,[],,3
CHEM 481,D001,fall,2021,Permission of the Department; knowledge of chemistry at an advanced level. Normally taken after completion of 300-level course requirements.,,True,[],,5
CHEM 481,D002,fall,2021,Permission of the Department; knowledge of chemistry at an advanced level. Normally taken after completion of 300-level course requirements.,,True,[],,5
CMNS 395,I100,fall,2021,"Complete Bridging Online at least two terms before anticipated co-op placement. Students must then enroll with the co-op program by the second week of the term preceding the work term of application, and have a minimum GPA of 2.7.",,True,[],,3
CHEM 481,D003,fall,2021,Permission of the Department; knowledge of chemistry at an advanced level. Normally taken after completion of 300-level course requirements.,,True,[],,5
FASS 401,D200,fall,2021,Open only to students accepted to the FASS Co-op Program.,,True,[],,3
BUS 425,D100,fall,2021,,,False,[],,3
CMPT 428,D200,fall,2021,"CMPT 427, CGPA of 2.50.",CMPT 427,False,"[{'days': 'Mo, Tu, We, Th, Fr', 'startTime': '8:00', 'endTime': '20:00', 'campus': None}]",,3
CA 152,D200,fall,2021,By audition.,,False,"[{'days': 'Tu, Th', 'startTime': '11:30', 'endTime': '14:20', 'campus': 'GOLDCORP'}]",,3
CHEM 481,D004,fall,2021,Permission of the Department; knowledge of chemistry at an advanced level. Normally taken after completion of 300-level course requirements.,,True,[],,5
CHEM 482,D001,fall,2021,Permission of the Department. Normally taken during the fourth year of study.,,True,[],,3
CHEM 482,D002,fall,2021,Permission of the Department. Normally taken during the fourth year of study.,,True,[],,3
CHEM 483,D001,fall,2021,CHEM 481 and permission of the Department. This course cannot be counted towards the 400-level CHEM unit requirement for the Chemistry Majors program.,CHEM 481,False,[],,5
MBB 491,D500,fall,2021,"MBB 308 or MBB 309W and permission of the MBB department. Upper level standing in an MBB major, minor or honours program is required.",MBB 308;MBB 309W,False,[],,5
CMPT 416,D100,fall,2021,Permission of the department.,,True,[],,3
CMPT 428,I100,fall,2021,"CMPT 427, CGPA of 2.50.",CMPT 427,False,"[{'days': 'Mo, Tu, We, Th, Fr', 'startTime': '8:00', 'endTime': '20:00', 'campus': None}]",,3
BUS 425,D200,fall,2021,,,False,[],,3
EVSC 481,D100,fall,2021,EVSC 480 and re-admission to the environment science co-operative education program.,EVSC 480,False,[],,3
HSCI 490,D100,fall,2021,,,False,[],,3
HSCI 491,D100,fall,2021,HSCI 490 with a minimum grade of C-.,HSCI 490,False,[],,3
HSCI 492,D100,fall,2021,"One of HSCI 491, HSCI 493, HSCI 494, with a minimum grade of C-.",HSCI 491;HSCI 493;HSCI 494,False,[],,3
HSCI 492,D200,fall,2021,"One of HSCI 491, HSCI 493, HSCI 494, with a minimum grade of C-.",HSCI 491;HSCI 493;HSCI 494,False,[],,3
HSCI 493,D100,fall,2021,HSCI 490 with a minimum grade of C-.,HSCI 490,False,[],,6
EASC 493,D200,fall,2021,75 units including 30 units in earth sciences courses and permission of the department.,,True,[],,3
SEE 494,D100,fall,2021,SEE 390 or SEE 394.,SEE 390;SEE 394,False,"[{'days': 'Mo, Tu, We, Th, Fr', 'startTime': '8:00', 'endTime': '8:00', 'campus': None}]",,3
INLG 130,A100,fall,2021,Students in the Indigenous Studies program should complete INLG 133 before INLG 130.,INLG 133;INLG 130,False,[],,3
LING 490,D100,fall,2021,A minimum of 35 units of upper division linguistic courses counting toward the honours degree.,,False,[],,3
LING 491,D100,fall,2021,"LING 220, 60 units, and permission of the Undergraduate Committee Chair.",LING 220,False,[],,3
POL 496,D100,fall,2021,90 units. By application to the undergraduate chair.,,False,[],,1
IAT 272,I100,fall,2021,IAT 271 (or WKTM 100).,IAT 271;WKTM 100,False,"[{'days': 'Mo, Tu, We, Th, Fr, Sa, Su', 'startTime': '8:00', 'endTime': '19:50', 'campus': None}]",,3
ENV 402,D100,fall,2021,"ARCH 351, ENV 303 or GEOG 303 and readmission into Environment Co-operative Education Program.",ARCH 351;ENV 303;GEOG 303,False,[],,3
EVSC 480,D100,fall,2021,EVSC 381 and readmission to the environment science co-operative education program.,EVSC 381,False,[],,3
HSCI 489,D100,fall,2021,,,False,[],,3
STAT 436,D100,fall,2021,STAT 337 or Job Practicum II from another department. Students must apply and receive permission from the co-op co-ordinator at least one term in advance.,STAT 337,False,[],,3
CA 400,D300,fall,2021,"60 units plus a minimum standing of completion of second year in any of the programs offered in the School for the Contemporary Arts, and prior approval.",,False,[],,3
IAT 387,D100,fall,2021,"Completion of 45 units, and permission of the School and the instructor is required. No more than six units of Directed Studies may be taken.",,True,[],,3
EVSC 490,D100,fall,2021,"EVSC 305, 90 units and consent of EVSC Director.",EVSC 305,False,[],,4
EVSC 490,D200,fall,2021,"EVSC 305, 90 units and consent of EVSC Director.",EVSC 305,False,[],,4
BPK 495,D100,fall,2021,BPK 491 (minimum grade of B). Corequisite: BPK 499. Only students in the honours program may enroll in BPK 495.,BPK 491;BPK 499;BPK 495,False,[],,6
BPK 499,D100,fall,2021,BPK 491 (minimum grade of B). Corequisite: BPK 495. Only students in the honours program may enroll in BPK 499.,BPK 491;BPK 495;BPK 499,False,[],,6
FASS 120,P100,fall,2021,,,False,"[{'days': 'Mo', 'startTime': '10:30', 'endTime': '11:20', 'campus': 'Burnaby'}, {'days': 'We', 'startTime': '13:30', 'endTime': '15:20', 'campus': 'Burnaby'}]",,2
FASS 301,I100,fall,2021,Open only to students accepted to the FASS Co-op Program.,,True,[],,3
INLG 133,A100,fall,2021,,,False,[],,3
INLG 134,A100,fall,2021,INLG (or FNLG) 133.,,False,[],,3
INLG 158,A100,fall,2021,,,False,[],,3
PSYC 393,D200,fall,2021,"PSYC 201, 60 units, a UDGPA of at least 2.5, and permission of the department. Tri-council ethics certificate.",PSYC 201,False,[],,2
CA 400,D500,fall,2021,"60 units plus a minimum standing of completion of second year in any of the programs offered in the School for the Contemporary Arts, and prior approval.",,False,[],,5
CMNS 479,D002,fall,2021,Two upper division CMNS courses with a minimum grade of C- and permission of the instructor.,,True,[],,1
IAT 374,D200,fall,2021,IAT 373 (or WKTM 300).,IAT 373;WKTM 300,False,"[{'days': 'Mo, Tu, We, Th, Fr, Sa, Su', 'startTime': '8:00', 'endTime': '19:50', 'campus': None}]",,3
IAT 386,D100,fall,2021,"Completion of 45 units, and permission of the instructor and of the School is required. No more than six units of Directed Studies may be taken.",,True,[],,3
IAT 386,D200,fall,2021,"Completion of 45 units, and permission of the instructor and of the School is required. No more than six units of Directed Studies may be taken.",,True,[],,3
IAT 486,D100,fall,2021,"Completion of 69 units, and permission of the instructor and School are required. No more than six units of Directed Studies may be taken.",,True,[],,3
IAT 486,D200,fall,2021,"Completion of 69 units, and permission of the instructor and School are required. No more than six units of Directed Studies may be taken.",,True,[],,3
EDUC 100W,D600,fall,2021,,,False,"[{'days': 'Tu', 'startTime': '14:30', 'endTime': '17:20', 'campus': 'Burnaby'}]",,3
EDUC 100W,OL04,fall,2021,,,False,[],,3
CMPT 415,D200,fall,2021,Permission of Instructor and School.,,True,[],,3
CMPT 415,D300,fall,2021,Permission of Instructor and School.,,True,[],,3
CMPT 430,D300,fall,2021,"CMPT 429, CGPA of 2.50.",CMPT 429,False,"[{'days': 'Mo, Tu, We, Th, Fr', 'startTime': '8:00', 'endTime': '20:00', 'campus': None}]",,3
SA 497,D100,fall,2021,Minimum of 72 units including SA 101 or 150 or 201W.,SA 101,False,[],,4
CMNS 396,I100,fall,2021,CMNS 395.,CMNS 395,False,[],,3
MATH 486,D100,fall,2021,MATH 437 and permission of the co-op co-ordinator. Students must apply at least one term in advance.,MATH 437,False,[],,3
STAT 337,D100,fall,2021,STAT 336 or Job Practicum I from another department. Students must apply and receive permission from the co-op co-ordinator at least one term in advance.,STAT 336,False,[],,3
MSE 486,D100,fall,2021,A minimum of 100 units and permission of the chair of the undergraduate curriculum committee.,,True,[],,4
PSYC 393,D300,fall,2021,"PSYC 201, 60 units, a UDGPA of at least 2.5, and permission of the department. Tri-council ethics certificate.",PSYC 201,False,[],,3
BUS 498,D600,fall,2021,Permission of the faculty and BUS 360W with a minimum grade of C-; 60 units.,BUS 360W,False,[],,1
CA 401,D300,fall,2021,"60 units plus a minimum standing of completion of second year in any of the programs offered in the School for the Contemporary Arts, and prior approval.",,False,[],,3
BPK 491,D100,fall,2021,"90 units, BPK 304W (may be taken concurrently) and permission of the chair of the undergraduate program committee. A minimum grade of B in this course is needed to register in BPK 495 or BPK 499.",BPK 304W;BPK 495;BPK 499,False,[],,3
BPK 496,D100,fall,2021,"BPK 304W (may be taken concurrently) or PSYC 210, and permission from the chair of the undergraduate program committee. Usually, upper level standing with at least 75 units in the Biomedical Physiology and Kinesiology program will be required.",BPK 304W;PSYC 210,False,[],,3
BPK 498,D100,fall,2021,"BPK 304W (may be taken concurrently) or PSYC 210, and permission from the chair of the undergraduate program committee. Usually, upper level standing with at least 75 units in the Biomedical Physiology and Kinesiology program will be required.",BPK 304W;PSYC 210,False,[],,3
MBB 491,D600,fall,2021,"MBB 308 or MBB 309W and permission of the MBB department. Upper level standing in an MBB major, minor or honours program is required.",MBB 308;MBB 309W,False,[],,5
HSCI 490,D400,fall,2021,,,False,[],,3
MBB 491,D700,fall,2021,"MBB 308 or MBB 309W and permission of the MBB department. Upper level standing in an MBB major, minor or honours program is required.",MBB 308;MBB 309W,False,[],,5
CRIM 370,D400,fall,2021,"CRIM 320 and 330, and written application to the school no later than the last day of classes of the preceding term. CRIM 370 and 470 may not be taken concurrently.",CRIM 320;CRIM 370,False,[],,3
PHIL 477,D100,fall,2021,,,False,[],Nicolas Bommarito,5
BUS 325,I100,fall,2021,,,False,[],,3
IAT 486,D300,fall,2021,"Completion of 69 units, and permission of the instructor and School are required. No more than six units of Directed Studies may be taken.",,True,[],,3
IAT 488,D100,fall,2021,"Completion of 69 units. No more than six units of Directed Studies may be taken, and permission of the instructor and school are required.",,True,[],,1
HSCI 493,D200,fall,2021,HSCI 490 with a minimum grade of C-.,HSCI 490,False,[],,6
MBB 498,D002,fall,2021,"MBB 308 or 309W; Students may not take MBB 498 concurrently with MBB 481, 482, 483, 491 or 492 or BISC 490, 491, 492W, 498 or 499.",MBB 308;MBB 498;MBB 481;BISC 490,False,[],,3
MSE 393,D200,fall,2021,MSE 293 or 294.,MSE 293,False,"[{'days': 'Mo, Tu, We, Th, Fr', 'startTime': '8:30', 'endTime': '16:50', 'campus': None}]",,3
SA 494,D100,fall,2021,,,False,[],,1
CMPT 416,D200,fall,2021,Permission of the department.,,True,[],,3
INDG 442,D200,fall,2021,15 units in Indigenous (or First Nations) Studies. Corequisite: Permission of an instructor and department.,,True,[],,5
BISC 298,D100,fall,2021,,,False,[],,3
CMPT 494,D100,fall,2021,Students must have completed at least 15 units of upper division CMPT courses. Successful Capstone Project Proposal.,,False,[],,3
CMPT 495,D100,fall,2021,CMPT 494 with a minimum grade of C-. CMPT 495 must be taken in the term immediately following the successful completion of CMPT 494 and must be for the same project and faculty supervisor.,CMPT 494;CMPT 495,False,[],,3
INLG 134,A200,fall,2021,INLG (or FNLG) 133.,,False,[],,3
CA 306,D200,fall,2021,45 units.,,False,[],,3
CA 400,D200,fall,2021,"60 units plus a minimum standing of completion of second year in any of the programs offered in the School for the Contemporary Arts, and prior approval.",,False,[],,2
IAT 386,D300,fall,2021,"Completion of 45 units, and permission of the instructor and of the School is required. No more than six units of Directed Studies may be taken.",,True,[],,3
EDUC 490,D100,fall,2021,"60 units, consent of supervising faculty member, and approval of the director of undergraduate programs.",,False,[],,4
HSCI 488,D200,fall,2021,,,False,[],,3
MSE 489,D100,fall,2021,A minimum of 100 units and permission of the chair of the undergraduate curriculum committee.,,True,[],,3
HIST 490,D100,fall,2021,45 units including nine units of lower division history. Recommended: at least three upper division courses in history.,,False,[],,4
CMPT 494,D200,fall,2021,Students must have completed at least 15 units of upper division CMPT courses. Successful Capstone Project Proposal.,,False,[],,3
CMPT 494,D300,fall,2021,Students must have completed at least 15 units of upper division CMPT courses. Successful Capstone Project Proposal.,,False,[],,3
MSE 489,D200,fall,2021,A minimum of 100 units and permission of the chair of the undergraduate curriculum committee.,,True,[],,3
FASS 201,I100,fall,2021,Open only to students accepted to the FASS Co-op Program.,,True,[],,3
CA 401,D100,fall,2021,"60 units plus a minimum standing of completion of second year in any of the programs offered in the School for the Contemporary Arts, and prior approval.",,False,[],,1
ENSC 494,D100,fall,2021,Permission of the undergraduate curriculum committee chair.,,True,[],,4
HUM 390,D100,fall,2021,Two of any 300 division humanities courses or permission of the chair plus permission of instructor.,,True,[],,4
ITAL 300,L100,fall,2021,ITAL 201 or permission of Instructor.,ITAL 201,False,[],,3
POL 496,D200,fall,2021,90 units. By application to the undergraduate chair.,,False,[],,1
HSCI 490,D300,fall,2021,,,False,[],,3
CMPT 415,D400,fall,2021,Permission of Instructor and School.,,True,[],,3
BUS 498,D700,fall,2021,Permission of the faculty and BUS 360W with a minimum grade of C-; 60 units.,BUS 360W,False,[],,2
