course,section,term,year,prereq_text,prereq_codes,prereq_unparseable,schedule,instructors,units
CMPT 105W,D100,summer,2021,,,False,"[{'days': 'Mo, We, Fr', 'startTime': '11:30', 'endTime': '12:20', 'campus': 'Burnaby'}]",Harinder Khangura,3
CMPT 115,D100,summer,2021,,,False,"[{'days': 'Mo', 'startTime': '15:30', 'endTime': '16:20', 'campus': 'Burnaby'}, {'days': 'Th', 'startTime': '14:30', 'endTime': '16:20', 'campus': 'Burnaby'}]",Diana Cukierman,3
CMPT 120,D100,summer,2021,BC Math 12 or equivalent is recommended.,,False,"[{'days': 'Mo, We, Fr', 'startTime': '9:30', 'endTime': '10:20', 'campus': 'Burnaby'}]",Diana Cukierman,3
CMPT 120,D200,summer,2021,BC Math 12 or equivalent is recommended.,,False,"[{'days': 'Mo, We, Fr', 'startTime': '12:30', 'endTime': '13:20', 'campus': 'Burnaby'}]",Diana Cukierman,3
CMPT 125,D100,summer,2021,CMPT 120 with a minimum grade of C-. Corequisite: CMPT 127.,CMPT 120;CMPT 127,False,"[{'days': 'Mo, We, Fr', 'startTime': '12:30', 'endTime': '13:20', 'campus': 'Burnaby'}]",John Edgar;Toby Donaldson,3
CMPT 127,D100,summer,2021,"CMPT 120 or CMPT 128 or CMPT 130, with a minimum grade of C-. Corequisite: CMPT 125.",CMPT 120;CMPT 128;CMPT 130;CMPT 125,False,"[{'days': 'Tu', 'startTime': '8:30', 'endTime': '11:20', 'campus': 'Burnaby'}]",Alice Yue,3
CMPT 127,D200,summer,2021,"CMPT 120 or CMPT 128 or CMPT 130, with a minimum grade of C-. Corequisite: CMPT 125.",CMPT 120;CMPT 128;CMPT 130;CMPT 125,False,"[{'days': 'Tu', 'startTime': '11:30', 'endTime': '14:20', 'campus': 'Burnaby'}]",Alice Yue,3
CMPT 127,D300,summer,2021,"CMPT 120 or CMPT 128 or CMPT 130, with a minimum grade of C-. Corequisite: CMPT 125.",CMPT 120;CMPT 128;CMPT 130;CMPT 125,False,"[{'days': 'Tu', 'startTime': '14:30', 'endTime': '17:20', 'campus': 'Burnaby'}]",Alice Yue,3
CMPT 213,D100,summer,2021,CMPT 225 with a minimum grade of C-.,CMPT 225,False,"[{'days': 'Mo', 'startTime': '14:30', 'endTime': '16:20', 'campus': 'Burnaby'}, {'days': 'We', 'startTime': '14:30', 'endTime': '15:20', 'campus': 'Burnaby'}]",Victor Cheung,3
CMPT 225,D100,summer,2021,"(MACM 101 and ((CMPT 125 and 127), CMPT 129 or CMPT 135)) or (ENSC 251 and ENSC 252), all with a minimum grade of C-.",MACM 101;CMPT 125;CMPT 129;CMPT 135;ENSC 251;ENSC 252,False,"[{'days': 'Mo, We, Fr', 'startTime': '9:30', 'endTime': '10:20', 'campus': 'Burnaby'}]",John Edgar,3
CMPT 276,D100,summer,2021,"One W course, CMPT 225, (MACM 101 or (ENSC 251 and ENSC 252)) and (MATH 151 or MATH 150), all with a minimum grade of C-. MATH 154 or MATH 157 with at least a B+ may be substituted for MATH 151 or MATH 150.",CMPT 225;MACM 101;ENSC 251;ENSC 252;MATH 151;MATH 150;MATH 154;MATH 157,False,"[{'days': 'Mo, We, Fr', 'startTime': '13:30', 'endTime': '14:20', 'campus': 'Burnaby'}]",Bobby Chan,3
CMPT 276,D200,summer,2021,"One W course, CMPT 225, (MACM 101 or (ENSC 251 and ENSC 252)) and (MATH 151 or MATH 150), all with a minimum grade of C-. MATH 154 or MATH 157 with at least a B+ may be substituted for MATH 151 or MATH 150.",CMPT 225;MACM 101;ENSC 251;ENSC 252;MATH 151;MATH 150;MATH 154;MATH 157,False,"[{'days': 'Mo, We, Fr', 'startTime': '13:30', 'endTime': '14:20', 'campus': 'Burnaby'}]",Herbert Tsang,3
CMPT 295,D100,summer,2021,"Either (MACM 101 and ((CMPT 125 and CMPT 127) or CMPT 135)) or (MATH 151 and CMPT 102 for students in an Applied Physics program), all with a minimum grade of C-.",MACM 101;CMPT 125;CMPT 127;CMPT 135;MATH 151;CMPT 102,False,"[{'days': 'Mo', 'startTime': '12:30', 'endTime': '13:20', 'campus': 'Burnaby'}, {'days': 'Th', 'startTime': '12:30', 'endTime': '14:20', 'campus': 'Burnaby'}]",Arrvindh Shriraman,3
CMPT 300,D100,summer,2021,"CMPT 225 and (CMPT 295 or (ENSC 251 and ENSC 252)), all with a minimum grade of C-.",CMPT 225;CMPT 295;ENSC 251;ENSC 252,False,"[{'days': 'Tu', 'startTime': '12:30', 'endTime': '14:20', 'campus': 'Burnaby'}, {'days': 'Fr', 'startTime': '12:30', 'endTime': '13:20', 'campus': 'Burnaby'}]",Harinder Khangura,3
CMPT 307,D100,summer,2021,"CMPT 225, MACM 201, MATH 151 (or MATH 150), and MATH 232 or 240, all with a minimum grade of C-.",CMPT 225;MACM 201;MATH 151;MATH 150;MATH 232,False,"[{'days': 'Mo, We, Fr', 'startTime': '11:30', 'endTime': '12:20', 'campus': 'Burnaby'}]",David Mitchell,3
CMPT 310,D100,summer,2021,"CMPT 225 and (MACM 101 or (ENSC 251 and ENSC 252)), all with a minimum grade of C-.",CMPT 225;MACM 101;ENSC 251;ENSC 252,False,"[{'days': 'We', 'startTime': '9:30', 'endTime': '10:20', 'campus': 'Burnaby'}, {'days': 'Fr', 'startTime': '8:30', 'endTime': '10:20', 'campus': 'Burnaby'}]",Toby Donaldson;Milan Tofiloski,3
CMPT 320,D100,summer,2021,A CMPT course with a minimum grade of C- and 45 units.,,False,"[{'days': 'Mo, We, Fr', 'startTime': '9:30', 'endTime': '10:20', 'campus': 'Burnaby'}]",Harinder Khangura;Jacqueline Nelsen,3
CMPT 340,D100,summer,2021,"Completion of 60 units including one of CMPT 125, 126, 128, 135, with a minimum grade of C- or CMPT 102 with a grade of B or higher.",CMPT 125;CMPT 102,False,"[{'days': 'Tu', 'startTime': '14:30', 'endTime': '16:20', 'campus': 'Burnaby'}, {'days': 'Fr', 'startTime': '14:30', 'endTime': '15:20', 'campus': 'Burnaby'}]",Ghassan Hamarneh,3
CMPT 353,D100,summer,2021,"CMPT 225 and (STAT 101, STAT 270, ENSC 280, or MSE 210), with a minimum grade of C-.",CMPT 225;STAT 101;STAT 270;ENSC 280;MSE 210,False,"[{'days': 'Tu', 'startTime': '10:30', 'endTime': '12:20', 'campus': 'Burnaby'}, {'days': 'Fr', 'startTime': '10:30', 'endTime': '11:20', 'campus': 'Burnaby'}]",Gregory Baker,3
CMPT 354,D100,summer,2021,"CMPT 225 and (MACM 101 or (ENSC 251 and ENSC 252)), all with a minimum grade of C-.",CMPT 225;MACM 101;ENSC 251;ENSC 252,False,"[{'days': 'Mo', 'startTime': '8:30', 'endTime': '9:20', 'campus': 'Burnaby'}, {'days': 'Th', 'startTime': '8:30', 'endTime': '10:20', 'campus': 'Burnaby'}]",Jack Thomas,3
CMPT 363,D100,summer,2021,CMPT 225 with a minimum grade of C-.,CMPT 225,False,"[{'days': 'Tu', 'startTime': '17:30', 'endTime': '20:20', 'campus': 'Burnaby'}]",Victor Cheung,3
CMPT 365,D100,summer,2021,CMPT 225 with a minimum grade of C-.,CMPT 225,False,"[{'days': 'Mo, We, Fr', 'startTime': '9:30', 'endTime': '10:20', 'campus': 'Burnaby'}]",Jiangchuan Liu,3
CMPT 371,D100,summer,2021,"CMPT 225 and (MATH 151 or MATH 150), with a minimum grade of C-. MATH 154 or MATH 157 with a grade of at least B+ may be substituted for MATH 151 (MATH 150).",CMPT 225;MATH 151;MATH 150;MATH 154;MATH 157,False,"[{'days': 'Mo, We, Fr', 'startTime': '12:30', 'endTime': '13:20', 'campus': 'Burnaby'}]",Janice Regan,3
CMPT 376W,D200,summer,2021,"CMPT 105W and (CMPT 275 or CMPT 276), with a minimum grade of C-.",CMPT 105W;CMPT 275;CMPT 276,False,"[{'days': 'Mo, We, Fr', 'startTime': '16:30', 'endTime': '17:20', 'campus': 'Burnaby'}]",Steve Pearce,3
CMPT 379,D100,summer,2021,"MACM 201, (CMPT 295 or ENSC 215) and CMPT 225, all with a minimum grade of C-.",MACM 201;CMPT 295;ENSC 215;CMPT 225,False,"[{'days': 'Mo, We, Fr', 'startTime': '9:30', 'endTime': '10:20', 'campus': 'Burnaby'}]",Thomas Shermer,3
CMPT 383,D100,summer,2021,"CMPT 225 and (MACM 101 or (ENSC 251 and ENSC 252)), all with a minimum grade of C-.",CMPT 225;MACM 101;ENSC 251;ENSC 252,False,"[{'days': 'Mo', 'startTime': '10:30', 'endTime': '11:20', 'campus': 'Burnaby'}, {'days': 'Th', 'startTime': '10:30', 'endTime': '12:20', 'campus': 'Burnaby'}]",Gregory Baker,3
CMPT 409,D100,summer,2021,CMPT 307 with a minimum grade of C-.,CMPT 307,False,"[{'days': 'Mo', 'startTime': '12:30', 'endTime': '13:20', 'campus': 'Burnaby'}, {'days': 'Th', 'startTime': '12:30', 'endTime': '14:20', 'campus': 'Burnaby'}]",Steve Pearce,3
CMPT 431,D100,summer,2021,"CMPT 300, 371, both with a minimum grade of C-.",CMPT 300,False,"[{'days': 'Mo', 'startTime': '10:30', 'endTime': '11:20', 'campus': 'Burnaby'}, {'days': 'Th', 'startTime': '10:30', 'endTime': '12:20', 'campus': 'Burnaby'}]",Alaa Alameldeen,3
CMPT 454,D100,summer,2021,"CMPT 300 and 354, with a minimum grade of C-.",CMPT 300,False,"[{'days': 'Mo, We, Fr', 'startTime': '13:30', 'endTime': '14:20', 'campus': 'Burnaby'}]",Ouldooz Baghban Karimi,3
CMPT 459,D100,summer,2021,CMPT 354 with a minimum grade of C-.,CMPT 354,False,"[{'days': 'Tu', 'startTime': '14:30', 'endTime': '16:20', 'campus': 'Burnaby'}, {'days': 'Fr', 'startTime': '14:30', 'endTime': '15:20', 'campus': 'Burnaby'}]",Jian Pei,3
CMPT 470,E100,summer,2021,"(CMPT 275 or CMPT 276) and CMPT 354, with a minimum grade of C-.",CMPT 275;CMPT 276;CMPT 354,False,"[{'days': 'Th', 'startTime': '17:30', 'endTime': '20:20', 'campus': 'Burnaby'}]",Bobby Chan,3
CMPT 471,D100,summer,2021,"CMPT 300 and 371, with a minimum grade of C-.",CMPT 300,False,"[{'days': 'Mo, We, Fr', 'startTime': '16:30', 'endTime': '17:20', 'campus': 'Burnaby'}]",Janice Regan,3
CMPT 479,D100,summer,2021,CMPT 300 with a minimum grade of C-.,CMPT 300,False,"[{'days': 'Mo', 'startTime': '14:30', 'endTime': '15:20', 'campus': 'Burnaby'}, {'days': 'Th', 'startTime': '14:30', 'endTime': '16:20', 'campus': 'Burnaby'}]",Tao Wang,3
CMPT 489,D100,summer,2021,CMPT 383 with a minimum grade of C-.,CMPT 383,False,"[{'days': 'Tu', 'startTime': '12:30', 'endTime': '14:20', 'campus': 'Burnaby'}, {'days': 'Fr', 'startTime': '12:30', 'endTime': '13:20', 'campus': 'Burnaby'}]",,3
ENSC 195,D100,summer,2021,,,False,"[{'days': 'Mo, Tu, We, Th, Fr', 'startTime': '8:00', 'endTime': '20:00', 'campus': None}]",,3
ENSC 196,D100,summer,2021,,,False,"[{'days': 'Mo, Tu, We, Th, Fr', 'startTime': '8:00', 'endTime': '20:00', 'campus': None}]",,3
ENSC 220,D100,summer,2021,"(PHYS 121 or PHYS 126 or PHYS 141), ENSC 120, MATH 232 and (MATH 260 or MATH 310), all with a minimum grade of C-. MATH 232 and/or (MATH 260 or MATH 310) may be taken concurrently.",PHYS 121;PHYS 126;PHYS 141;ENSC 120;MATH 232;MATH 260;MATH 310,False,"[{'days': 'Tu, Th', 'startTime': '14:30', 'endTime': '16:20', 'campus': 'Burnaby'}]",,4
ENSC 225,E100,summer,2021,"(ENSC 220 or MSE 250), MATH 232, and (MATH 260 or MATH 310), all with a minimum grade of C-.",ENSC 220;MSE 250;MATH 232;MATH 260;MATH 310,False,"[{'days': 'Mo, We', 'startTime': '16:30', 'endTime': '18:20', 'campus': 'Burnaby'}]",,4
ENSC 251,D100,summer,2021,"CMPT 128 or CMPT 135 or (CMPT 125 and CMPT 127), all with a minimum grade of C-.",CMPT 128;CMPT 135;CMPT 125;CMPT 127,False,"[{'days': 'Mo, We', 'startTime': '8:30', 'endTime': '10:20', 'campus': 'Burnaby'}]",,4
ENSC 254,D100,summer,2021,"(ENSC 251 & ENSC 252) or (CMPT 150 & CMPT 225 & enrolled as a Computing Science Major), all with a minimum grade of C-. ENSC 254 is a required course for all Engineering Science Majors and Honours students (no course substitutions are permitted).",ENSC 251;ENSC 252;CMPT 150;CMPT 225;ENSC 254,False,"[{'days': 'Tu, Th', 'startTime': '8:30', 'endTime': '10:20', 'campus': 'Burnaby'}]",,4
ENSC 280,D100,summer,2021,"((PHYS 121 and ENSC 120) or PHYS 141) and (MATH 251 and MATH 232), all with a minimum grade of C-. MATH 251 and/or MATH 232 may be taken concurrently with ENSC 280. Engineering Science Majors and Honours students are required to take ENSC 280 (no course substitutions will be accepted).",PHYS 121;ENSC 120;PHYS 141;MATH 251;MATH 232;ENSC 280,False,"[{'days': 'Mo, We', 'startTime': '14:30', 'endTime': '16:20', 'campus': 'Burnaby'}]",,4
ENSC 295,D100,summer,2021,ENSC 195 or 196.,ENSC 195,False,"[{'days': 'Mo, Tu, We, Th, Fr', 'startTime': '8:00', 'endTime': '20:00', 'campus': None}]",,3
ENSC 295,D200,summer,2021,ENSC 195 or 196.,ENSC 195,False,"[{'days': 'Mo, Tu, We, Th, Fr', 'startTime': '8:00', 'endTime': '20:00', 'campus': None}]",,3
ENSC 320,D100,summer,2021,"(ENSC 220 or MSE 250), MATH 232, and (MATH 260 or MATH 310), all with a minimum grade of C-.",ENSC 220;MSE 250;MATH 232;MATH 260;MATH 310,False,"[{'days': 'Mo', 'startTime': '10:30', 'endTime': '12:20', 'campus': 'Burnaby'}, {'days': 'We', 'startTime': '10:30', 'endTime': '12:20', 'campus': 'Burnaby'}]",,4
ENSC 395,D100,summer,2021,ENSC 295 or 296 and a minimum of 75 units.,ENSC 295,False,"[{'days': 'Mo, Tu, We, Th, Fr', 'startTime': '8:00', 'endTime': '20:00', 'campus': None}]",,3
ENSC 406,D100,summer,2021,"100 units including one of ENSC 100, ENSC 106, CMPT 106, or MSE 102, with a minimum grade of C-.",ENSC 100;ENSC 106;CMPT 106;MSE 102,False,"[{'days': 'Tu', 'startTime': '10:30', 'endTime': '12:20', 'campus': 'Burnaby'}]",,2
ENSC 425,D100,summer,2021,"ENSC 320, ENSC 325, (ENSC 380 or MSE 280), all with a minimum grade of C- and a minimum of 80 units.",ENSC 320;ENSC 325;ENSC 380;MSE 280,False,"[{'days': 'Tu, Th', 'startTime': '12:30', 'endTime': '14:20', 'campus': 'Burnaby'}]",,4
ENSC 429,D100,summer,2021,"(ENSC 327 or ENSC 328), (ENSC 380 or MSE 280), all with a minimum grade of C- and a minimum of 80 units.",ENSC 327;ENSC 328;ENSC 380;MSE 280,False,"[{'days': 'We, Fr', 'startTime': '14:30', 'endTime': '16:20', 'campus': 'Burnaby'}]",,4
ENSC 440,D100,summer,2021,ENSC 405W with a minimum grade of C-. Students will be automatically enrolled in ENSC 440 in the term immediately following successful completion of ENSC 405W.,ENSC 405W;ENSC 440,False,"[{'days': 'We', 'startTime': '8:30', 'endTime': '10:20', 'campus': 'Burnaby'}]",,3
ENSC 462,D100,summer,2021,To be determined by the instructor subject to approval by the department chair.,,True,"[{'days': 'Mo, We', 'startTime': '10:30', 'endTime': '12:20', 'campus': 'Burnaby'}]",,4
ENSC 470,E100,summer,2021,"Completion of 80 units including (PHYS 121 or 126 or 141) and (MATH 260 or MATH 310), with a minimum grade of C-.",PHYS 121;MATH 260;MATH 310,False,"[{'days': 'We, Fr', 'startTime': '12:30', 'endTime': '14:20', 'campus': 'Burnaby'}]",,4
ENSC 482,D100,summer,2021,"MATH 232, MACM 316, (ENSC 280 or MSE 210 or PHYS 231), all with a minimum grade of C- and a minimum of 80 units.",MATH 232;MACM 316;ENSC 280;MSE 210;PHYS 231,False,"[{'days': 'Mo, We', 'startTime': '10:30', 'endTime': '12:20', 'campus': 'Burnaby'}]",,4
MSE 100,D100,summer,2021,,,False,"[{'days': 'Mo', 'startTime': '8:30', 'endTime': '9:20', 'campus': 'Burnaby'}, {'days': 'Th', 'startTime': '8:30', 'endTime': '10:20', 'campus': 'Burnaby'}]",Krishna Vijayaraghavan,3
MSE 102,D100,summer,2021,,,False,[],Helen Bailey,3
MSE 293,D100,summer,2021,,,False,"[{'days': 'Mo, Tu, We, Th, Fr', 'startTime': '8:30', 'endTime': '16:50', 'campus': None}]",,3
MSE 294,D100,summer,2021,,,False,"[{'days': 'Mo, Tu, We, Th, Fr', 'startTime': '8:30', 'endTime': '16:50', 'campus': None}]",,3
MSE 300,D100,summer,2021,More than 75 units.,,False,"[{'days': 'We', 'startTime': '15:30', 'endTime': '16:20', 'campus': 'Burnaby'}, {'days': 'Fr', 'startTime': '14:30', 'endTime': '16:20', 'campus': 'Burnaby'}]",Ramtin Rakhsha,3
MSE 311,D100,summer,2021,"MSE 222 (or ENSC 282), MSE 251 (or ENSC 226).",MSE 222;ENSC 282;MSE 251;ENSC 226,False,"[{'days': 'Tu', 'startTime': '12:30', 'endTime': '14:20', 'campus': 'Burnaby'}, {'days': 'Fr', 'startTime': '12:30', 'endTime': '13:20', 'campus': 'Burnaby'}]",Behraad Bahreyni,3
MSE 312,D100,summer,2021,"MSE 110 (or ENSC 182), MSE 320 (or ENSC 382), MSE 381 (or ENSC 383). MSE 381 may be taken concurrently.",MSE 110;ENSC 182;MSE 320;ENSC 382;MSE 381;ENSC 383,False,"[{'days': 'Mo', 'startTime': '14:30', 'endTime': '15:20', 'campus': 'Burnaby'}, {'days': 'Th', 'startTime': '14:30', 'endTime': '16:20', 'campus': 'Burnaby'}]",Carolyn Sparrey;Helen Bailey;Mehrdad Moallem,4
MSE 353,D100,summer,2021,MSE 251 (previously ENSC 226).,MSE 251;ENSC 226,False,"[{'days': 'Mo', 'startTime': '8:30', 'endTime': '10:20', 'campus': 'Burnaby'}, {'days': 'We', 'startTime': '8:30', 'endTime': '9:20', 'campus': 'Burnaby'}]",Patrick Palmer,4
MSE 381,D100,summer,2021,MSE 280 (or ENSC 380).,MSE 280;ENSC 380,False,"[{'days': 'Mo', 'startTime': '10:30', 'endTime': '12:20', 'campus': 'Burnaby'}, {'days': 'We', 'startTime': '10:30', 'endTime': '11:20', 'campus': 'Burnaby'}]",Mohammad Narimani,4
MSE 393,I100,summer,2021,MSE 293 or 294.,MSE 293,False,"[{'days': 'Mo, Tu, We, Th, Fr', 'startTime': '8:30', 'endTime': '16:50', 'campus': None}]",,3
MSE 405W,D100,summer,2021,MSE 300 or ENSC 311.,MSE 300;ENSC 311,False,"[{'days': 'Tu', 'startTime': '12:30', 'endTime': '14:20', 'campus': 'Burnaby'}, {'days': 'Fr', 'startTime': '12:30', 'endTime': '13:20', 'campus': 'Burnaby'}]",Maureen Hindy,4
MSE 405W,D200,summer,2021,MSE 300 or ENSC 311.,MSE 300;ENSC 311,False,"[{'days': 'Tu', 'startTime': '12:30', 'endTime': '14:20', 'campus': 'Burnaby'}, {'days': 'Fr', 'startTime': '12:30', 'endTime': '13:20', 'campus': 'Burnaby'}]",,4
MSE 450,D100,summer,2021,"MSE 352, MSE 381 (or ENSC 383), and completion of 90 units.",MSE 352;MSE 381;ENSC 383,False,"[{'days': 'Mo', 'startTime': '9:30', 'endTime': '12:20', 'campus': 'Burnaby'}]",,3
MSE 481,D100,summer,2021,MSE 352 (or ENSC 252) and MSE 381 (or ENSC 383) and a minimum of 80 credits.,MSE 352;ENSC 252;MSE 381;ENSC 383,False,"[{'days': 'Mo', 'startTime': '12:30', 'endTime': '13:20', 'campus': 'Burnaby'}, {'days': 'Th', 'startTime': '12:30', 'endTime': '14:20', 'campus': 'Burnaby'}]",Mohammad Narimani,3
MSE 493,D100,summer,2021,MSE 393 or 394 and a minimum of 75 units.,MSE 393,False,"[{'days': 'Mo, Tu, We, Th, Fr', 'startTime': '8:30', 'endTime': '16:50', 'campus': None}]",,3
SEE 221,D100,summer,2021,"PHYS 140, MATH 152.",PHYS 140;MATH 152,False,"[{'days': 'Mo, We', 'startTime': '13:30', 'endTime': '14:50', 'campus': 'Burnaby'}]",,4
SEE 230,D100,summer,2021,"PHYS 141, MATH 232. Corequisite: (MATH 260 or MATH 310).",PHYS 141;MATH 232;MATH 260;MATH 310,False,"[{'days': 'Mo', 'startTime': '10:30', 'endTime': '11:20', 'campus': 'Burnaby'}, {'days': 'Th', 'startTime': '10:30', 'endTime': '12:20', 'campus': 'Burnaby'}]",,4
SEE 241,D100,summer,2021,"PHYS 141, MATH 232. Corequisite: MATH 251.",PHYS 141;MATH 232;MATH 251,False,"[{'days': 'Tu', 'startTime': '8:30', 'endTime': '10:20', 'campus': 'Burnaby'}, {'days': 'Fr', 'startTime': '8:30', 'endTime': '9:20', 'campus': 'Burnaby'}]",,3
SEE 300,D100,summer,2021,A minimum of 75 units.,,False,"[{'days': 'Mo', 'startTime': '8:30', 'endTime': '9:20', 'campus': 'Burnaby'}, {'days': 'Th', 'startTime': '8:30', 'endTime': '10:20', 'campus': 'Burnaby'}]",,3
SEE 310,D100,summer,2021,"Completion of one co-op work term; SEE 251, 224, 242.",SEE 251,False,"[{'days': 'Tu', 'startTime': '10:30', 'endTime': '12:20', 'campus': 'Burnaby'}]",,4
SEE 324,D100,summer,2021,"PHYS 141, SEE 224, SEE 225.",PHYS 141;SEE 224;SEE 225,False,"[{'days': 'We', 'startTime': '11:30', 'endTime': '12:20', 'campus': 'Burnaby'}, {'days': 'Fr', 'startTime': '10:30', 'endTime': '12:20', 'campus': 'Burnaby'}]",,3
SEE 331,D100,summer,2021,SEE 231 and SEE 251.,SEE 231;SEE 251,False,"[{'days': 'Tu', 'startTime': '8:30', 'endTime': '10:20', 'campus': 'Burnaby'}, {'days': 'Fr', 'startTime': '8:30', 'endTime': '9:20', 'campus': 'Burnaby'}]",,4
SEE 332,D100,summer,2021,"SEE 251, SEE 331.",SEE 251;SEE 331,False,"[{'days': 'Mo', 'startTime': '10:30', 'endTime': '11:20', 'campus': 'Burnaby'}, {'days': 'Th', 'startTime': '10:30', 'endTime': '12:20', 'campus': 'Burnaby'}]",,3
SEE 341,D100,summer,2021,"SEE 242, SEE 230.",SEE 242;SEE 230,False,"[{'days': 'Mo', 'startTime': '14:30', 'endTime': '15:20', 'campus': 'Burnaby'}, {'days': 'Th', 'startTime': '14:30', 'endTime': '16:20', 'campus': 'Burnaby'}]",,3
SEE 342,D100,summer,2021,SEE 341.,SEE 341,False,"[{'days': 'Mo', 'startTime': '14:30', 'endTime': '15:20', 'campus': 'Burnaby'}, {'days': 'Th', 'startTime': '14:30', 'endTime': '16:20', 'campus': 'Burnaby'}]",,4
SEE 351,D100,summer,2021,"(MATH 260 or MATH 310), and SEE 224. Corequisite: SEE 324.",MATH 260;MATH 310;SEE 224;SEE 324,False,"[{'days': 'We', 'startTime': '13:30', 'endTime': '14:20', 'campus': 'Burnaby'}, {'days': 'Fr', 'startTime': '12:30', 'endTime': '14:20', 'campus': 'Burnaby'}]",,3
SEE 352,D100,summer,2021,"SEE 222, SEE 224, SEE 331.",SEE 222;SEE 224;SEE 331,False,"[{'days': 'Tu', 'startTime': '8:30', 'endTime': '10:20', 'campus': 'Burnaby'}, {'days': 'Fr', 'startTime': '8:30', 'endTime': '9:20', 'campus': 'Burnaby'}]",,3
SEE 354,D100,summer,2021,"SEE 222, SEE 331, SEE 324.",SEE 222;SEE 331;SEE 324,False,"[{'days': 'We', 'startTime': '15:30', 'endTime': '16:20', 'campus': 'Burnaby'}, {'days': 'Fr', 'startTime': '14:30', 'endTime': '16:20', 'campus': 'Burnaby'}]",,3
CHIN 100,D100,summer,2021,,,False,"[{'days': 'Tu, Th', 'startTime': '10:30', 'endTime': '12:20', 'campus': 'Burnaby'}]",Jia Fei,3
CHIN 100,D300,summer,2021,,,False,"[{'days': 'We, Fr', 'startTime': '14:30', 'endTime': '16:20', 'campus': 'Burnaby'}]",Jia Fei,3
CHIN 101,D100,summer,2021,CHIN 100 or equivalent.,CHIN 100,False,"[{'days': 'Tu, Th', 'startTime': '14:30', 'endTime': '16:20', 'campus': 'Burnaby'}]",Billie Ng,3
COGS 100,D100,summer,2021,Open to all students.,,False,"[{'days': 'Mo', 'startTime': '14:30', 'endTime': '16:20', 'campus': 'Burnaby'}, {'days': 'We', 'startTime': '14:30', 'endTime': '15:20', 'campus': 'Burnaby'}]",Jeremy Turner,3
COGS 110,D100,summer,2021,,,False,"[{'days': 'We', 'startTime': '13:30', 'endTime': '14:20', 'campus': 'Burnaby'}, {'days': 'Fr', 'startTime': '12:30', 'endTime': '14:20', 'campus': 'Burnaby'}]",,3
CRIM 101,C100,summer,2021,,,False,[],David Macalister,3
CRIM 101,D100,summer,2021,,,False,"[{'days': 'Th', 'startTime': '14:30', 'endTime': '16:20', 'campus': 'Burnaby'}]",Tamie Fennig,3
CRIM 103,C100,summer,2021,PSYC 100 and 102 are recommended.,PSYC 100,False,[],Jennifer Wong,3
CRIM 104,C100,summer,2021,SA 150 is recommended.,SA 150,False,[],Farzana Kara,3
CRIM 131,D100,summer,2021,,,False,"[{'days': 'Mo', 'startTime': '16:30', 'endTime': '18:20', 'campus': 'Burnaby'}]",Keiron McConnell,3
CRIM 135,C100,summer,2021,,,False,[],Helene Love,3
CRIM 220,D100,summer,2021,Any 100 division CRIM course is recommended.,,False,"[{'days': 'Tu', 'startTime': '16:30', 'endTime': '18:20', 'campus': 'Burnaby'}]",Tamie Fennig,3
CRIM 300W,C100,summer,2021,CRIM 101.,CRIM 101,False,[],Alexandra Lysova,3
CRIM 300W,D900,summer,2021,CRIM 101.,CRIM 101,False,"[{'days': 'Fr', 'startTime': '10:30', 'endTime': '12:20', 'campus': 'Burnaby'}]",Valerie Spicer,3
CRIM 317,D100,summer,2021,CRIM 101.,CRIM 101,False,"[{'days': 'Th', 'startTime': '14:30', 'endTime': '16:20', 'campus': 'Burnaby'}]",Amy Conroy,3
CRIM 320,C100,summer,2021,CRIM 101; one of CRIM 120 or 220. CRIM 320 may be taken concurrently with CRIM 321.,CRIM 101;CRIM 120;CRIM 320;CRIM 321,False,[],Cristina Pastia,3
CRIM 321,C100,summer,2021,CRIM 101; one of CRIM 120 or 220. This course may be taken concurrently with CRIM 320.,CRIM 101;CRIM 120;CRIM 320,False,[],Alissa Greer;Jennifer Kusz,3
CRIM 321,D100,summer,2021,CRIM 101; one of CRIM 120 or 220. This course may be taken concurrently with CRIM 320.,CRIM 101;CRIM 120;CRIM 320,False,"[{'days': 'Mo', 'startTime': '12:30', 'endTime': '14:20', 'campus': 'Burnaby'}]",Tamie Fennig,3
CRIM 330,C100,summer,2021,CRIM 101 and 230.,CRIM 101,False,[],Helene Love,3
CRIM 335,D100,summer,2021,CRIM 101 and CRIM 135.,CRIM 101;CRIM 135,False,"[{'days': 'Mo', 'startTime': '14:30', 'endTime': '16:20', 'campus': 'Burnaby'}]",Amy Conroy,3
CRIM 343,D100,summer,2021,CRIM 101. Recommended: CRIM 241.,CRIM 101,False,"[{'days': 'Th', 'startTime': '11:30', 'endTime': '14:20', 'campus': 'Burnaby'}]",Danielle Murdoch,3
CRIM 355,C100,summer,2021,45 units.,,False,[],Suzanna Michener,3
CRIM 380,C100,summer,2021,CRIM 101.,CRIM 101,False,[],Richard Frank;Logan Macnair,3
CRIM 402,C100,summer,2021,CRIM 101.,CRIM 101,False,[],Vienna Lam,3
CRIM 413,C100,summer,2021,CRIM 101.,CRIM 101,False,[],Garth Davies;Maike Knoechelmann,3
CRIM 418,D100,summer,2021,CRIM 101.,CRIM 101,False,"[{'days': 'Th', 'startTime': '8:30', 'endTime': '11:20', 'campus': 'Burnaby'}]",Neil Boyd,3
CRIM 453,C100,summer,2021,CRIM 101.,CRIM 101,False,[],Martin Bouchard,3
CRIM 454,C100,summer,2021,CRIM 101.,CRIM 101,False,[],Eric Beauregard;Dilvur Dub,3
CRIM 458,C100,summer,2021,CRIM 251.,CRIM 251,False,[],Curt Griffiths,3
CRIM 464,C100,summer,2021,CRIM 101.,CRIM 101,False,[],Martin Bouchard,3
ECON 103,D100,summer,2021,,,False,"[{'days': 'Mo', 'startTime': '10:30', 'endTime': '12:20', 'campus': 'Burnaby'}, {'days': 'We', 'startTime': '10:30', 'endTime': '11:20', 'campus': 'Burnaby'}]",Seong Choi,4
ECON 103,D200,summer,2021,,,False,"[{'days': 'Tu', 'startTime': '12:30', 'endTime': '14:20', 'campus': 'Burnaby'}, {'days': 'Fr', 'startTime': '12:30', 'endTime': '13:20', 'campus': 'Burnaby'}]",Seong Choi,4
ECON 105,D100,summer,2021,,,False,"[{'days': 'Tu', 'startTime': '10:30', 'endTime': '12:20', 'campus': 'Burnaby'}, {'days': 'Fr', 'startTime': '10:30', 'endTime': '11:20', 'campus': 'Burnaby'}]",Vasyl Golovetskyy,4
ECON 105,D200,summer,2021,,,False,"[{'days': 'Mo', 'startTime': '12:30', 'endTime': '13:20', 'campus': 'Burnaby'}, {'days': 'Th', 'startTime': '12:30', 'endTime': '14:20', 'campus': 'Burnaby'}]",Boyuan Wang,4
ECON 201,D100,summer,2021,"ECON 103 and 105, with a minimum grade of C-; MATH 157 with a minimum grade of C-.",ECON 103;MATH 157,False,"[{'days': 'Tu', 'startTime': '14:30', 'endTime': '16:20', 'campus': 'Burnaby'}, {'days': 'Fr', 'startTime': '14:30', 'endTime': '15:20', 'campus': 'Burnaby'}]",Joshua Boitnott,4
ECON 220W,D100,summer,2021,"ECON 201 with a minimum grade of C-, minimum 30 units and no more than 80 units.",ECON 201,False,"[{'days': 'Mo, We', 'startTime': '9:30', 'endTime': '10:20', 'campus': 'Burnaby'}]",Sepideh Fotovatian;Thomas Vigie,4
ECON 220W,D200,summer,2021,"ECON 201 with a minimum grade of C-, minimum 30 units and no more than 80 units.",ECON 201,False,"[{'days': 'Mo, We', 'startTime': '12:30', 'endTime': '13:20', 'campus': 'Burnaby'}]",Sepideh Fotovatian;Thomas Vigie,4
ECON 260,D100,summer,2021,"ECON 103 or 200, with a minimum grade of C-.",ECON 103,False,"[{'days': 'Th', 'startTime': '14:30', 'endTime': '17:20', 'campus': 'Burnaby'}]",Gulriz Barkin,3
ECON 302,D100,summer,2021,"ECON 201 or 301, with a minimum grade of C-; 60 units.",ECON 201,False,"[{'days': 'Th', 'startTime': '11:30', 'endTime': '14:20', 'campus': 'Burnaby'}]",Thomas Vigie,4
ECON 305,D100,summer,2021,"ECON 201 or 301, with a minimum grade of C-; 60 units. Students with a minimum grade of A- in ECON 103 and 105 at Simon Fraser University at their first attempt can complete ECON 305 concurrently with ECON 201 after 30 units. Students seeking permission to enroll on this basis must contact the undergraduate advisor in economics.",ECON 201;ECON 103;ECON 305,False,"[{'days': 'Mo', 'startTime': '12:30', 'endTime': '14:20', 'campus': 'Burnaby'}, {'days': 'We', 'startTime': '12:30', 'endTime': '13:20', 'campus': 'Burnaby'}]",Luba Petersen,4
ECON 325,D100,summer,2021,"ECON 201 or 301, with a minimum grade of C-; 60 units.",ECON 201,False,"[{'days': 'Mo', 'startTime': '8:30', 'endTime': '10:20', 'campus': 'Burnaby'}]",Vasyl Golovetskyy,3
ECON 333,D100,summer,2021,"ECON 103 or 200, ECON 105 or 205, ECON 233 or BUS (or BUEC) 232 or STAT 270, MATH 157, all with a minimum grade of C-; 60 units. Students with a minimum grade of A- in ECON 233, BUS (or BUEC) 232 or STAT 270 can take ECON 333 after 30 units. Students seeking permission to enroll based on their ECON 233, BUS (or BUEC) 232 or STAT 270 grade must contact the Undergraduate Advisor in Economics.",ECON 103;ECON 105;ECON 233;STAT 270;MATH 157;ECON 333,False,"[{'days': 'Tu', 'startTime': '14:30', 'endTime': '16:20', 'campus': 'Burnaby'}, {'days': 'Fr', 'startTime': '14:30', 'endTime': '15:20', 'campus': 'Burnaby'}]",Vasyl Golovetskyy,4
ECON 342,D100,summer,2021,"ECON 103 or 200 and 105 or 205, all with a minimum grade of C-; 60 units or permission of the department.",ECON 103,False,"[{'days': 'Mo', 'startTime': '14:30', 'endTime': '16:20', 'campus': 'Burnaby'}]",Michael Batu,3
ECON 345,D100,summer,2021,"ECON 103 or 200 and 105 or 205, all with a minimum grade of C-; 60 units or permission of the department.",ECON 103,False,"[{'days': 'Th', 'startTime': '10:30', 'endTime': '12:20', 'campus': 'Burnaby'}]",Anil Donmez,3
ECON 355W,D100,summer,2021,"ECON 103 or 200 and 105 or 205, all with a minimum grade of C-; 60 units.",ECON 103,False,"[{'days': 'Tu', 'startTime': '12:30', 'endTime': '14:20', 'campus': 'Burnaby'}, {'days': 'Fr', 'startTime': '12:30', 'endTime': '13:20', 'campus': 'Burnaby'}]",Chris Bidner,4
ECON 383,D100,summer,2021,To be determined by the instructor subject to approval by the department chair.,,True,"[{'days': 'We', 'startTime': '14:30', 'endTime': '17:20', 'campus': 'Burnaby'}]",Gulriz Barkin,3
ECON 443,D100,summer,2021,"ECON 201 or 301, ECON 305 and ECON 342, all with a minimum grade of C-.",ECON 201;ECON 305;ECON 342,False,"[{'days': 'Mo', 'startTime': '10:30', 'endTime': '12:20', 'campus': 'Burnaby'}, {'days': 'We', 'startTime': '10:30', 'endTime': '11:20', 'campus': 'Burnaby'}]",Michael Batu,3
ECON 455W,D100,summer,2021,ECON 333 with a minimum grade of C-.,ECON 333,False,"[{'days': 'Fr', 'startTime': '14:30', 'endTime': '17:20', 'campus': 'Burnaby'}]",Chris Bidner,3
ECON 460,D100,summer,2021,ECON 302 with a minimum grade of C-.,ECON 302,False,"[{'days': 'Tu', 'startTime': '14:30', 'endTime': '17:20', 'campus': 'Burnaby'}]",Kevin Wainwright,3
ECON 460,D200,summer,2021,ECON 302 with a minimum grade of C-.,ECON 302,False,"[{'days': 'Fr', 'startTime': '17:30', 'endTime': '20:20', 'campus': 'Burnaby'}]",Kevin Wainwright,3
ECON 470,D100,summer,2021,"ECON 201, ECON (or BUEC) 333, all with a minimum grade of C-.",ECON 201,False,"[{'days': 'Th', 'startTime': '11:30', 'endTime': '14:20', 'campus': 'Burnaby'}]",Hitoshi Shigeoka,3
ECON 483,D100,summer,2021,To be determined by the instructor subject to approval by the department chair.,,True,"[{'days': 'Mo', 'startTime': '14:30', 'endTime': '17:20', 'campus': 'Burnaby'}]",Thomas Vigie,3
ENGL 112W,C100,summer,2021,,,False,[],Jon Smith,3
ENGL 114W,C100,summer,2021,,,False,[],Sean Zwagerman,3
ENGL 115W,D100,summer,2021,,,False,"[{'days': 'Mo, We', 'startTime': '9:30', 'endTime': '10:20', 'campus': 'Burnaby'}]",Margaret Linley,3
ENGL 199W,C100,summer,2021,12 units.,,False,[],Carolyn Lesjak,3
ENGL 199W,E100,summer,2021,12 units.,,False,"[{'days': 'We', 'startTime': '16:30', 'endTime': '19:20', 'campus': 'Burnaby'}]",Daniel Dunford,3
ENGL 203,D100,summer,2021,Two 100 division English courses.,,False,"[{'days': 'We, Fr', 'startTime': '13:30', 'endTime': '14:20', 'campus': 'Burnaby'}]",Torsten Kehler,3
ENGL 207,D100,summer,2021,Two 100 division English courses.,,False,"[{'days': 'Mo, We', 'startTime': '9:30', 'endTime': '10:20', 'campus': 'Burnaby'}]",Mary Ann Gillies,3
ENGL 272,D100,summer,2021,"ENGL 111W, 112W, 113W, 114W, or 115W; or WL 105W; or PUB 101.",ENGL 111W;WL 105W;PUB 101,False,"[{'days': 'Tu', 'startTime': '14:30', 'endTime': '16:20', 'campus': 'Burnaby'}]",David Chariandy,3
ENGL 313,C100,summer,2021,"Two 100 division English courses, and two 200 division English courses.",,False,[],Torsten Kehler,4
ENGL 327,E100,summer,2021,"Two 100 division English courses, and two 200 division English courses.",,False,"[{'days': 'Tu', 'startTime': '16:30', 'endTime': '20:20', 'campus': 'Burnaby'}]",Michelle Levy,4
ENGL 349,D100,summer,2021,Two 100 division English courses and two 200 division English courses.,,False,"[{'days': 'Tu, Th', 'startTime': '12:30', 'endTime': '14:20', 'campus': 'Burnaby'}]",Jon Smith,4
ENGL 359,C100,summer,2021,"Two 100 division English courses, and two 200 division English courses.",,False,[],Sophie McCall,4
ENGL 383,D100,summer,2021,45 units.,,False,"[{'days': 'We, Fr', 'startTime': '10:30', 'endTime': '12:20', 'campus': 'Burnaby'}]",Torsten Kehler,4
ENGL 438W,E100,summer,2021,"Two 300 division English courses, with one of ENGL 340, 347, or 354 strongly recommended. Reserved for English honours, major, joint major and minor students.",ENGL 340,False,"[{'days': 'We', 'startTime': '17:30', 'endTime': '21:20', 'campus': 'Burnaby'}]",Mary Ann Gillies,4
ENGL 457W,D100,summer,2021,"One 300 division English course. Reserved for English honours, major, joint major, minor and creative writing minor students.",,False,"[{'days': 'Tu, Th', 'startTime': '10:30', 'endTime': '12:20', 'campus': 'Burnaby'}]",Yiwen Liu,4
ENGL 484W,D100,summer,2021,"One 300 division English course, or permission of instructor. Reserved for English honours, major, joint major and minor students.",,True,"[{'days': 'We, Fr', 'startTime': '12:30', 'endTime': '14:20', 'campus': 'Burnaby'}]",Betty Schellenberg,4
ENGL 487W,D100,summer,2021,"ENGL 387 or EDUC 465. Reserved for English honours, major, joint major and minor students.",ENGL 387;EDUC 465,False,"[{'days': 'Tu, Th', 'startTime': '14:30', 'endTime': '16:20', 'campus': 'Burnaby'}]",Nicky Didicher,4
FASS 200,D100,summer,2021,15 units.,,False,"[{'days': 'Tu', 'startTime': '11:30', 'endTime': '14:20', 'campus': 'Burnaby'}]",,1
FASS 204,D100,summer,2021,15 units.,,False,"[{'days': 'We, Fr', 'startTime': '9:30', 'endTime': '12:20', 'campus': 'Burnaby'}]",,1
FASS 207,D100,summer,2021,15 units.,,False,"[{'days': 'We', 'startTime': '16:30', 'endTime': '19:20', 'campus': 'Burnaby'}]",,1
FASS 208,D100,summer,2021,15 units.,,False,"[{'days': 'Tu', 'startTime': '14:30', 'endTime': '17:20', 'campus': 'Burnaby'}]",,1
FASS 210,D100,summer,2021,15 units.,,False,"[{'days': 'Th', 'startTime': '9:30', 'endTime': '12:20', 'campus': 'Burnaby'}]",,1
FASS 211,D100,summer,2021,15 units.,,False,"[{'days': 'Th', 'startTime': '9:30', 'endTime': '12:20', 'campus': 'Burnaby'}]",,1
FREN 120,D100,summer,2021,Never studied or experienced French before.,,False,"[{'days': 'Tu, We, Th, Fr', 'startTime': '10:30', 'endTime': '12:20', 'campus': 'Burnaby'}]",Cecile Ollivier-budisa,3
FREN 121,D100,summer,2021,FREN 120 or grade 10 French (or equivalent based on placement test). May not be taken for credit by students with French 11 or 12.,FREN 120,False,"[{'days': 'Tu, We, Th, Fr', 'startTime': '14:30', 'endTime': '16:20', 'campus': 'Burnaby'}]",Livia Poljak,3
FREN 221,D100,summer,2021,"FREN 211 or 212, or with a grade of A, FREN 210. In the latter case, FREN 211 and 221 may be taken concurrently.",FREN 211;FREN 210,False,"[{'days': 'Tu, We, Th, Fr', 'startTime': '10:30', 'endTime': '12:20', 'campus': 'Burnaby'}]",Claire Bossavit,3
FREN 222,D100,summer,2021,"FREN 221 or, with a grade of A, FREN 211 or, with a grade of A, FREN 212.",FREN 221;FREN 211;FREN 212,False,"[{'days': 'Tu, We, Th, Fr', 'startTime': '14:30', 'endTime': '16:20', 'campus': 'Burnaby'}]",Cecile Ollivier-budisa,3
FREN 245,D100,summer,2021,FREN 222 (students with B+ in FREN 221 can take 222 concurrently with 245).,FREN 222;FREN 221,False,"[{'days': 'We', 'startTime': '14:30', 'endTime': '17:20', 'campus': 'Burnaby'}]",Christina Brassard,3
FREN 332,D100,summer,2021,FREN 275 or 270 or LING 222.,FREN 275;LING 222,False,"[{'days': 'Tu', 'startTime': '8:30', 'endTime': '11:20', 'campus': 'Burnaby'}]",Cecile Vigouroux,3
FREN 420,D100,summer,2021,"FREN 270 or 275 or LING 222, FREN 301W, and at least one 300-level group A (ling.) course.",FREN 270;LING 222;FREN 301W,False,"[{'days': 'Th', 'startTime': '8:30', 'endTime': '11:20', 'campus': 'Burnaby'}]",Cecile Vigouroux,3
FREN 441,D100,summer,2021,"FREN 230 or 240 or 245, FREN 301W, and at least one 300-level group B (lit.) course.",FREN 230;FREN 301W,False,"[{'days': 'Fr', 'startTime': '9:30', 'endTime': '12:20', 'campus': 'Burnaby'}]",Christina Brassard,3
GA 201,D100,summer,2021,15 units.,,False,"[{'days': 'Th', 'startTime': '12:30', 'endTime': '14:20', 'campus': 'Burnaby'}]",Simon Nantais,3
GA 202,D100,summer,2021,15 units.,,False,"[{'days': 'Mo', 'startTime': '14:30', 'endTime': '16:20', 'campus': 'Burnaby'}]",Tae Yeon Eom,3
GERO 300,C100,summer,2021,60 units.,,False,[],Atiya Mahmood,3
GERO 406,D100,summer,2021,60 units. Recommended: GERO 300.,,False,"[{'days': 'We, Fr', 'startTime': '9:30', 'endTime': '12:20', 'campus': 'Burnaby'}]",Sharon Koehn,3
GERO 407,D100,summer,2021,60 units and GERO 300 or KIN 110.,GERO 300;KIN 110,False,"[{'days': 'Tu, Th', 'startTime': '8:30', 'endTime': '11:20', 'campus': 'Burnaby'}]",Susan Crawford,3
GERO 420,C100,summer,2021,60 units. Recommended: GERO 300.,,False,[],Andrew Wister,4
GSWS 100,D100,summer,2021,,,False,[],Natasha Patterson,3
GSWS 101,D100,summer,2021,,,False,[],Natasha Patterson,3
GSWS 205,D100,summer,2021,,,False,"[{'days': 'Tu', 'startTime': '14:30', 'endTime': '17:20', 'campus': 'Burnaby'}]",Michelle Walks,3
GSWS 211,D100,summer,2021,,,False,"[{'days': 'Mo', 'startTime': '14:30', 'endTime': '17:20', 'campus': 'Burnaby'}]",June Scudeler,3
GSWS 314,D100,summer,2021,15 units.,,False,"[{'days': 'We', 'startTime': '13:30', 'endTime': '17:20', 'campus': 'Burnaby'}]",Habiba Zaman,4
GSWS 321,D100,summer,2021,15 units.,,False,"[{'days': 'Fr', 'startTime': '13:30', 'endTime': '17:20', 'campus': 'Burnaby'}]",Joy Walcott-Francis,4
GSWS 411,D100,summer,2021,"45 units, including six units in GSWS.",,False,"[{'days': 'Tu', 'startTime': '12:30', 'endTime': '14:20', 'campus': 'Burnaby'}]",Natasha Patterson,4
HIST 101,D100,summer,2021,,,False,"[{'days': 'Th', 'startTime': '8:30', 'endTime': '10:20', 'campus': 'Burnaby'}]",Liam O'Flaherty,3
HIST 102W,D100,summer,2021,,,False,[],Leah Wiener,3
HIST 204,D100,summer,2021,Recommended: HIST 101 and 102W.,,False,"[{'days': 'Mo', 'startTime': '10:30', 'endTime': '12:20', 'campus': 'Burnaby'}]",,3
HIST 252,D100,summer,2021,,,False,"[{'days': 'Fr', 'startTime': '10:30', 'endTime': '12:20', 'campus': 'Burnaby'}]",Bidisha Ray,3
HIST 277,OL01,summer,2021,,,False,[],,3
HIST 315,D100,summer,2021,"45 units, including six units of lower division history.",,False,[],John Craig,4
HIST 330W,D100,summer,2021,"45 units, including six units of lower division history.",,False,"[{'days': 'Fr', 'startTime': '9:30', 'endTime': '12:20', 'campus': 'Burnaby'}]",John-Henry Harter,4
HIST 338,OL01,summer,2021,"45 units, including six units of lower division history. Recommended: HIST 225.",,False,[],,4
HIST 358,D100,summer,2021,"45 units, including six units of lower division history.",,False,"[{'days': 'We', 'startTime': '9:30', 'endTime': '13:20', 'campus': 'Burnaby'}]",Bidisha Ray,4
HIST 371,D100,summer,2021,"45 units, including six units of lower division history. Recommended: at least one course on modern Japan.",,False,"[{'days': 'We', 'startTime': '13:30', 'endTime': '17:20', 'campus': 'Burnaby'}]",Janice Matsumura,4
HIST 407,D100,summer,2021,45 units including nine units of lower division history. Recommended: HIST 106.,,False,[],John Craig,4
HIST 428,D100,summer,2021,"45 units including nine units of lower division history. Recommended: HIST 101, 102W.",,False,"[{'days': 'We', 'startTime': '13:30', 'endTime': '16:20', 'campus': 'Burnaby'}]",Leah Wiener,4
HIST 468W,D100,summer,2021,"45 units, including nine units of lower division history.",,False,"[{'days': 'Th', 'startTime': '14:30', 'endTime': '17:20', 'campus': 'Burnaby'}]",Luke Clossey,4
HIST 485,D100,summer,2021,45 units including nine units of lower division history.,,False,"[{'days': 'Tu', 'startTime': '14:30', 'endTime': '17:20', 'campus': 'Burnaby'}]",Sarah Walshaw,4
HUM 101W,D100,summer,2021,,,False,"[{'days': 'Mo', 'startTime': '14:30', 'endTime': '16:20', 'campus': 'Burnaby'}]",Alessandra Capperdoni,3
HUM 102W,C100,summer,2021,,,False,[],David Mirhady,3
HUM 130,OL01,summer,2021,,,False,[],,3
HUM 150,D900,summer,2021,,,False,[],James Horncastle,3
HUM 277,OL01,summer,2021,,,False,[],Aleksandar Jovanovic,3
HUM 330,E100,summer,2021,45 units.,,False,"[{'days': 'Mo', 'startTime': '17:00', 'endTime': '21:00', 'campus': 'Burnaby'}]",Niall Mackenzie,4
HUM 340,D900,summer,2021,45 units.,,False,"[{'days': 'We', 'startTime': '13:00', 'endTime': '16:50', 'campus': 'Burnaby'}]",Alessandra Capperdoni,4
HUM 360,D100,summer,2021,45 units.,,False,[],James Horncastle,4
INDG 101,E100,summer,2021,,,False,"[{'days': 'Mo, We', 'startTime': '17:30', 'endTime': '20:20', 'campus': 'Burnaby'}]",Alix Shield,3
INDG 101,OL01,summer,2021,,,False,[],Sandie Dielissen,3
INDG 201W,OL01,summer,2021,,,False,[],Sandie Dielissen,3
INDG 322,D100,summer,2021,Will vary according to the topic.,,False,"[{'days': 'Tu, Th', 'startTime': '14:30', 'endTime': '17:20', 'campus': 'Burnaby'}]",June Scudeler,3
INDG 332,D100,summer,2021,INDG (or FNST) 101.,,False,"[{'days': 'Th', 'startTime': '12:30', 'endTime': '18:20', 'campus': 'Burnaby'}]",Robert Bandringa,3
IS 101,D100,summer,2021,,,False,"[{'days': 'Th', 'startTime': '14:30', 'endTime': '16:20', 'campus': 'Burnaby'}]",David Matijasevich,3
IS 105,D100,summer,2021,,,False,[],Amyn Sajoo,3
IS 200,D100,summer,2021,,,False,[],Logan Masilamani,3
IS 313W,D100,summer,2021,45 units. Recommended: IS 210 or 220.,,False,"[{'days': 'Tu', 'startTime': '13:30', 'endTime': '17:20', 'campus': 'Burnaby'}]",Logan Masilamani,4
IS 315,D100,summer,2021,45 units.,,False,"[{'days': 'Th', 'startTime': '14:30', 'endTime': '17:20', 'campus': 'Burnaby'}]",Amyn Sajoo,4
IS 350W,D100,summer,2021,60 units. International Studies major or honours students.,,False,"[{'days': 'We', 'startTime': '13:30', 'endTime': '17:20', 'campus': 'Burnaby'}]",Brenda Lyshaug,4
IS 373,E100,summer,2021,45 units.,,False,"[{'days': 'Tu', 'startTime': '17:30', 'endTime': '21:20', 'campus': 'Burnaby'}]",Tucker Sharon,4
IS 444,D100,summer,2021,45 units.,,False,"[{'days': 'Tu, Th', 'startTime': '10:30', 'endTime': '12:20', 'campus': 'Burnaby'}]",Paul Meyer,4
IS 451,D100,summer,2021,90 units. International Studies major or honours students.,,False,"[{'days': 'Fr', 'startTime': '9:30', 'endTime': '13:20', 'campus': 'Burnaby'}]",Gerardo Otero,4
ITAL 100,D100,summer,2021,,,False,"[{'days': 'Tu, We, Th, Fr', 'startTime': '10:30', 'endTime': '12:20', 'campus': 'Burnaby'}]",Elena Caselli,3
JAPN 100,D100,summer,2021,,,False,"[{'days': 'Tu, Th', 'startTime': '12:30', 'endTime': '14:20', 'campus': 'Burnaby'}]",Eri Hato,3
JAPN 100,D200,summer,2021,,,False,"[{'days': 'We, Fr', 'startTime': '10:30', 'endTime': '12:20', 'campus': 'Burnaby'}]",Eri Hato,3
JAPN 100,E100,summer,2021,,,False,"[{'days': 'Tu, Th', 'startTime': '18:30', 'endTime': '20:20', 'campus': 'Burnaby'}]",Eri Hato,3
JAPN 101,D200,summer,2021,JAPN 100 or equivalent.,JAPN 100,False,"[{'days': 'We, Fr', 'startTime': '14:30', 'endTime': '16:20', 'campus': 'Burnaby'}]",Naoko Takei,3
JAPN 200,E100,summer,2021,JAPN 101 or equivalent.,JAPN 101,False,"[{'days': 'Tu, We, Th, Fr', 'startTime': '16:30', 'endTime': '18:20', 'campus': None}]",Naoko Takei,3
LBST 101,D200,summer,2021,,,False,"[{'days': 'Tu', 'startTime': '8:30', 'endTime': '11:20', 'campus': 'Burnaby'}]",Logan Masilamani,3
LBST 310,D100,summer,2021,30 units. Strongly Recommended: LBST 101.,,False,"[{'days': 'Mo', 'startTime': '14:30', 'endTime': '17:20', 'campus': 'Burnaby'}]",Logan Masilamani,3
LING 100,D100,summer,2021,,,False,"[{'days': 'We', 'startTime': '14:30', 'endTime': '17:20', 'campus': 'Burnaby'}]",Trevor Block,3
LING 111,D100,summer,2021,,,False,"[{'days': 'Th', 'startTime': '14:30', 'endTime': '17:20', 'campus': 'Burnaby'}]",Iouri Pankrats,3
LING 160,D100,summer,2021,,,False,"[{'days': 'Tu', 'startTime': '14:30', 'endTime': '16:20', 'campus': 'Burnaby'}]",Ivelina Koleva Tchizmarova,3
LING 200,D100,summer,2021,,,False,"[{'days': 'Mo', 'startTime': '14:30', 'endTime': '16:20', 'campus': 'Burnaby'}]",Ivelina Koleva Tchizmarova,3
LING 220,D100,summer,2021,,,False,[],Sylvia Cho,3
LING 282W,D100,summer,2021,LING 220.,LING 220,False,"[{'days': 'We', 'startTime': '9:30', 'endTime': '12:20', 'campus': 'Burnaby'}, {'days': 'Fr', 'startTime': '9:30', 'endTime': '12:20', 'campus': 'Burnaby'}]",Lauren Schneider,3
LING 322,D100,summer,2021,LING 282W; or LING 222 and any lower division W course.,LING 282W;LING 222,False,"[{'days': 'We', 'startTime': '10:30', 'endTime': '11:20', 'campus': 'Burnaby'}]",Chung-hye Han,3
LING 324,D100,summer,2021,LING 282W; or LING 222 and any lower division W course.,LING 282W;LING 222,False,"[{'days': 'Tu', 'startTime': '10:30', 'endTime': '12:20', 'campus': 'Burnaby'}, {'days': 'Fr', 'startTime': '10:30', 'endTime': '11:20', 'campus': 'Burnaby'}]",Trevor Block,3
LING 330,D100,summer,2021,LING 282W; or LING 221 and any lower division W course.,LING 282W;LING 221,False,"[{'days': 'Tu, Th', 'startTime': '14:30', 'endTime': '17:20', 'campus': 'Burnaby'}]",Yue Wang,3
LING 350,D100,summer,2021,"One of LING 301W, 309W or 482W.",LING 301W,False,"[{'days': 'Tu, Th', 'startTime': '14:30', 'endTime': '15:50', 'campus': 'Burnaby'}]",Henny Yeung,3
LING 362,D100,summer,2021,LING 282W; or LING 221 and any lower division W course.,LING 282W;LING 221,False,"[{'days': 'Th', 'startTime': '9:30', 'endTime': '10:20', 'campus': 'Burnaby'}]",Koichi Haseyama,3
LING 401,D100,summer,2021,LING 330.,LING 330,False,"[{'days': 'Mo, We', 'startTime': '14:30', 'endTime': '17:20', 'campus': 'Burnaby'}]",Yue Wang,3
LING 415,D100,summer,2021,12 units of upper division linguistic courses.,,False,"[{'days': 'Mo, We', 'startTime': '14:30', 'endTime': '15:50', 'campus': 'Burnaby'}]",Henny Yeung,3
PHIL 100W,D100,summer,2021,,,False,"[{'days': 'Tu', 'startTime': '12:30', 'endTime': '14:20', 'campus': 'Burnaby'}]",Martin Hahn,3
PHIL 105,D100,summer,2021,,,False,"[{'days': 'Mo, We', 'startTime': '11:30', 'endTime': '12:20', 'campus': 'Burnaby'}]",Lyle Crawford,3
PHIL 110,D100,summer,2021,,,False,[],Simon Pollon,3
PHIL 120W,D100,summer,2021,,,False,[],Michaela Lucas,3
PHIL 300,E100,summer,2021,At least 60 units.,,False,"[{'days': 'We', 'startTime': '16:30', 'endTime': '19:20', 'campus': 'Burnaby'}]",Brian Thomas,3
PHIL 320,D100,summer,2021,"One of PHIL 120W (or equivalent), 121, 220, 221 or ENV 320W.",PHIL 120W;ENV 320W,False,"[{'days': 'Tu', 'startTime': '11:30', 'endTime': '14:20', 'campus': 'Burnaby'}]",Brian Thomas,3
PHIL 329,D100,summer,2021,"One of PHIL 120W (or equivalent), 121, 220, 221, ENV 320W, or with permission of instructor.",PHIL 120W;ENV 320W,False,"[{'days': 'We', 'startTime': '9:30', 'endTime': '12:20', 'campus': 'Burnaby'}]",Jennifer Warriner,3
PHIL 332,D100,summer,2021,As stated by department at time of offering.,,False,"[{'days': 'Mo', 'startTime': '14:30', 'endTime': '17:20', 'campus': 'Burnaby'}]",Simon Pollon,3
PHIL 343,D100,summer,2021,Either one of: PHIL 201 or 203; or both of PHIL 100W (or equivalent) and COGS 200.,PHIL 201;PHIL 100W;COGS 200,False,"[{'days': 'Th', 'startTime': '14:30', 'endTime': '17:20', 'campus': 'Burnaby'}]",Martin Hahn,3
PHIL 356,D100,summer,2021,One of PHIL 150 or 151.,PHIL 150,False,"[{'days': 'Mo', 'startTime': '12:30', 'endTime': '14:20', 'campus': 'Burnaby'}, {'days': 'We', 'startTime': '12:30', 'endTime': '13:20', 'campus': 'Burnaby'}]",David Heide,3
PHIL 421W,E100,summer,2021,two 300 level PHIL courses; it is strongly recommended that students have taken some prior course in moral theory.,,False,"[{'days': 'We', 'startTime': '16:30', 'endTime': '20:20', 'campus': 'Burnaby'}]",Evan Tiffany,4
POL 100,D100,summer,2021,,,False,[],Cara Camcastle,3
POL 131,D900,summer,2021,,,False,[],Logan Masilamani,3
POL 150,D100,summer,2021,,,False,[],Linda Elmose,3
POL 151,D100,summer,2021,,,False,"[{'days': 'Tu', 'startTime': '10:30', 'endTime': '12:20', 'campus': 'Burnaby'}]",Stewart Prest;Linda Elmose,3
POL 221,D100,summer,2021,POL 100 or 101W or 151 or permission of department.,POL 100,False,[],Andrew Heard,3
POL 311,E100,summer,2021,POL 210 and three additional lower division political science units or permission of the department.,POL 210,False,"[{'days': 'We', 'startTime': '17:30', 'endTime': '19:20', 'campus': 'Burnaby'}]",Cara Camcastle,4
POL 316,E100,summer,2021,POL 210 or permission of the department.,POL 210,False,"[{'days': 'Mo', 'startTime': '17:30', 'endTime': '21:20', 'campus': 'Burnaby'}]",Genevieve Fuji Johnson,4
POL 321,D100,summer,2021,Six lower division units in political science or permission of the department.,,True,"[{'days': 'Fr', 'startTime': '9:30', 'endTime': '12:20', 'campus': 'Burnaby'}]",Stewart Prest,4
POL 324,D100,summer,2021,Six lower division units in political science or permission of the department.,,True,[],Andrew Heard,4
POL 342,D100,summer,2021,Six lower division units in political science or permission of the department.,,True,"[{'days': 'Tu, Th', 'startTime': '9:30', 'endTime': '10:20', 'campus': 'Burnaby'}]",James Busumtwi-sam,4
POL 418,D100,summer,2021,Eight upper division units in political science or permission of the department.,,True,"[{'days': 'Tu', 'startTime': '14:30', 'endTime': '16:20', 'campus': 'Burnaby'}]",Laurent Dobuzinskis,4
POL 448,D100,summer,2021,Eight upper division units in political science or permission of the department.,,True,"[{'days': 'Mo, We', 'startTime': '10:30', 'endTime': '11:20', 'campus': 'Burnaby'}]",James Busumtwi-sam,4
POL 460,D100,summer,2021,Eight upper division units in political science or permission of the department.,,True,"[{'days': 'Mo', 'startTime': '14:30', 'endTime': '17:20', 'campus': 'Burnaby'}]",Anthony Perl,4
PSYC 100,D100,summer,2021,,,False,"[{'days': 'We', 'startTime': '14:30', 'endTime': '17:20', 'campus': 'Burnaby'}]",Dinesh Ramoo,3
PSYC 201W,C100,summer,2021,PSYC 100 or 102.,PSYC 100,False,[],George Alder,4
PSYC 201W,D100,summer,2021,PSYC 100 or 102.,PSYC 100,False,"[{'days': 'Th', 'startTime': '12:30', 'endTime': '14:20', 'campus': 'Burnaby'}]",Shawn Tan,4
PSYC 210,D100,summer,2021,PSYC 201W and BC high school Math 12 with a minimum grade of C (2.0) or BC high school Math 11 with a minimum grade of B- (2.67) or any level MATH or STAT course with a C- (1.67) or FAN X99 taken at SFU with a minimum grade of C (2.00).,PSYC 201W,False,"[{'days': 'Mo', 'startTime': '12:30', 'endTime': '14:20', 'campus': 'Burnaby'}]",Richard Hohn,4
PSYC 241,D100,summer,2021,PSYC 102.,PSYC 102,False,[],Shannon Zaitsoff,3
PSYC 268,J100,summer,2021,PSYC 102.,PSYC 102,False,"[{'days': 'We', 'startTime': '17:30', 'endTime': '20:20', 'campus': 'Burnaby'}]",Ilvy Goossens,3
PSYC 280,C100,summer,2021,PSYC 100. Recommended: BISC 101.,PSYC 100,False,[],Neil Watson,3
PSYC 280,D100,summer,2021,PSYC 100. Recommended: BISC 101.,PSYC 100,False,"[{'days': 'Tu, Th', 'startTime': '11:30', 'endTime': '14:20', 'campus': 'Burnaby'}]",Neil Watson,3
PSYC 325,D100,summer,2021,PSYC 201W and PSYC 221 (or PSYC 280).,PSYC 201W;PSYC 221;PSYC 280,False,"[{'days': 'Th', 'startTime': '11:30', 'endTime': '14:20', 'campus': 'Burnaby'}]",Lesley Schimanski,3
PSYC 359,D100,summer,2021,PSYC 201 and PSYC 250 (or PSYC 241).,PSYC 201;PSYC 250;PSYC 241,False,"[{'days': 'We', 'startTime': '14:30', 'endTime': '17:20', 'campus': 'Burnaby'}]",Vanessa Fong,3
PSYC 362,C100,summer,2021,PSYC 201 and 260.,PSYC 201,False,[],Rebecca Cobb;Richard Rigby,3
PSYC 382,J100,summer,2021,"PSYC 201, 221, and 280.",PSYC 201,False,"[{'days': 'Th', 'startTime': '17:30', 'endTime': '20:20', 'campus': 'Burnaby'}]",Lesley Schimanski,3
PSYC 388,D100,summer,2021,PSYC 201 and 280.,PSYC 201,False,"[{'days': 'Tu', 'startTime': '14:30', 'endTime': '17:20', 'campus': 'Burnaby'}]",Ralph Mistlberger,3
PSYC 391,D100,summer,2021,PSYC 201. Other prerequisites vary by topic offering.,PSYC 201,False,"[{'days': 'Mo', 'startTime': '14:30', 'endTime': '17:20', 'campus': 'Burnaby'}]",Gulnaz Anjum,3
PSYC 461,D100,summer,2021,"PSYC 201, 210, 260, 60 units, and a CGPA of 3.0. Other prerequisites vary by topic offering.",PSYC 201,False,"[{'days': 'Mo, We, Fr', 'startTime': '10:30', 'endTime': '12:20', 'campus': 'Burnaby'}]",Rebecca Cobb,4
SA 101,C100,summer,2021,,,False,[],Natasha Ferenczi,4
SA 101,D100,summer,2021,,,False,"[{'days': 'We', 'startTime': '14:30', 'endTime': '17:20', 'campus': 'Burnaby'}]",Natasha Kim Ferenczi,4
SA 150,D100,summer,2021,,,False,"[{'days': 'Mo', 'startTime': '14:30', 'endTime': '16:20', 'campus': 'Burnaby'}]",Ataman Avdan,4
SA 201W,C100,summer,2021,Recommended: SA 101.,,False,[],Natasha Ferenczi,4
SA 203,C100,summer,2021,,,False,[],Agnes MacDonald,4
SA 250,D100,summer,2021,SA 150.,SA 150,False,"[{'days': 'Tu', 'startTime': '16:30', 'endTime': '20:20', 'campus': 'Burnaby'}]",Ataman Avdan,4
SA 260,D100,summer,2021,,,False,"[{'days': 'Mo, We', 'startTime': '14:30', 'endTime': '17:20', 'campus': 'Burnaby'}]",Amanda Watson,4
SA 302W,D100,summer,2021,,,False,"[{'days': 'Tu, Th', 'startTime': '8:30', 'endTime': '11:20', 'campus': 'Burnaby'}]",Amanda Watson,4
SA 304,D100,summer,2021,SA 101 or 150 or 201W.,SA 101,False,"[{'days': 'We', 'startTime': '14:30', 'endTime': '17:20', 'campus': 'Burnaby'}]",Agnes MacDonald,4
SA 316,C100,summer,2021,SA 101 or 150 or 201w.,SA 101,False,[],Ataman Avdan,4
SA 318,D100,summer,2021,SA 101 or 150 or 201W.,SA 101,False,"[{'days': 'Th', 'startTime': '14:30', 'endTime': '17:20', 'campus': 'Burnaby'}]",Stacy Pigg,4
SA 321,D100,summer,2021,SA 101 or 150 or 201W.,SA 101,False,"[{'days': 'Tu, Th', 'startTime': '16:30', 'endTime': '20:20', 'campus': 'Burnaby'}]",Cynthia Patton,4
SA 326,D100,summer,2021,SA 101 or 150 or 201W.,SA 101,False,"[{'days': 'Fr', 'startTime': '12:30', 'endTime': '16:20', 'campus': 'Burnaby'}]",Ataman Avdan,4
SA 331,D100,summer,2021,SA 101 or 150 or 201W.,SA 101,False,"[{'days': 'Mo', 'startTime': '9:30', 'endTime': '12:20', 'campus': 'Burnaby'}]",Deborah Dergousoff,4
SA 335,D100,summer,2021,SA 101 or 150 or 201W.,SA 101,False,"[{'days': 'Mo, We', 'startTime': '17:30', 'endTime': '21:20', 'campus': 'Burnaby'}]",Cynthia Patton,4
SA 350,D100,summer,2021,SA 250.,SA 250,False,"[{'days': 'We', 'startTime': '9:30', 'endTime': '13:20', 'campus': 'Burnaby'}]",Agnes MacDonald,4
SA 352,D900,summer,2021,SA 101 or 201W.,SA 101,False,"[{'days': 'Tu', 'startTime': '11:30', 'endTime': '14:20', 'campus': 'Burnaby'}]",Bascom Guffin,4
SA 355,D100,summer,2021,SA 255 and SA 257.,SA 255;SA 257,False,"[{'days': 'Mo', 'startTime': '9:30', 'endTime': '13:20', 'campus': 'Burnaby'}]",Katherine Watson,4
SA 356W,D100,summer,2021,SA 255.,SA 255,False,"[{'days': 'Th', 'startTime': '11:30', 'endTime': '14:20', 'campus': 'Burnaby'}]",Natasha Kim Ferenczi,4
SA 358,C100,summer,2021,SA 101 or 150 or 201W.,SA 101,False,[],Ataman Avdan,4
SA 363,C100,summer,2021,SA 101 or 150 or 201W.,SA 101,False,[],Ataman Avdan,4
SA 420,C100,summer,2021,"72 units including SA 101 or 150 or SA 201W, or acceptance into the diploma program in gerontology, or by consent of instructor.",SA 101;SA 201W,False,[],Andrew Wister,4
SPAN 102,D100,summer,2021,,,False,[],Natalia Daza-Sanchez,3
SPAN 103,D100,summer,2021,"SPAN 102, grade 12 Spanish, or equivalent.",SPAN 102,False,[],Carolina Lemay,3
WL 100,D100,summer,2021,,,False,[],Mark Deggan,3
WL 104W,C100,summer,2021,,,False,[],Mark Deggan,3
WL 307,D100,summer,2021,45 units.,,False,"[{'days': 'Mo', 'startTime': '9:30', 'endTime': '11:20', 'campus': 'Burnaby'}]",Anosh Irani,4
WL 320,D100,summer,2021,45 units.,,False,"[{'days': 'Th', 'startTime': '14:30', 'endTime': '17:20', 'campus': 'Burnaby'}]",Mark Deggan,3
BUS 200,D200,summer,2021,,,False,"[{'days': 'Mo', 'startTime': '14:30', 'endTime': '17:20', 'campus': 'Burnaby'}]",,3
BUS 200,E100,summer,2021,,,False,"[{'days': 'We', 'startTime': '17:30', 'endTime': '20:20', 'campus': 'Burnaby'}]",,3
BUS 202,D100,summer,2021,"This course is only open to approved Business Administration majors, joint majors, or second degree students admitted to the faculty through the Business Foundation Program - Transfer Stream.",,False,"[{'days': 'Fr', 'startTime': '9:30', 'endTime': '12:20', 'campus': 'Burnaby'}]",,3
BUS 202,E100,summer,2021,"This course is only open to approved Business Administration majors, joint majors, or second degree students admitted to the faculty through the Business Foundation Program - Transfer Stream.",,False,"[{'days': 'We', 'startTime': '17:30', 'endTime': '20:20', 'campus': 'Burnaby'}]",,3
BUS 207,D100,summer,2021,"ECON 103, 105, MATH 157, all with a minimum grade of C-; 15 units.",ECON 103;MATH 157,False,"[{'days': 'Tu', 'startTime': '14:30', 'endTime': '17:20', 'campus': 'Burnaby'}]",,3
BUS 207,D200,summer,2021,"ECON 103, 105, MATH 157, all with a minimum grade of C-; 15 units.",ECON 103;MATH 157,False,"[{'days': 'Fr', 'startTime': '14:30', 'endTime': '17:20', 'campus': 'Burnaby'}]",,3
BUS 217W,D100,summer,2021,"BUS 201 with a minimum grade of C- and 15 units; OR 45 units and corequisite: BUS 202; OR Business Administration joint major, joint honours, or double degree students with 45 units; OR Data Science majors with 15 units.",BUS 201;BUS 202,False,"[{'days': 'Tu', 'startTime': '14:30', 'endTime': '17:20', 'campus': 'Burnaby'}]",,3
BUS 217W,D200,summer,2021,"BUS 201 with a minimum grade of C- and 15 units; OR 45 units and corequisite: BUS 202; OR Business Administration joint major, joint honours, or double degree students with 45 units; OR Data Science majors with 15 units.",BUS 201;BUS 202,False,"[{'days': 'We', 'startTime': '14:30', 'endTime': '17:20', 'campus': 'Burnaby'}]",,3
BUS 217W,E100,summer,2021,"BUS 201 with a minimum grade of C- and 15 units; OR 45 units and corequisite: BUS 202; OR Business Administration joint major, joint honours, or double degree students with 45 units; OR Data Science majors with 15 units.",BUS 201;BUS 202,False,"[{'days': 'Th', 'startTime': '17:30', 'endTime': '20:20', 'campus': 'Burnaby'}]",,3
BUS 221,D100,summer,2021,,,False,"[{'days': 'Mo', 'startTime': '14:30', 'endTime': '17:20', 'campus': 'Burnaby'}]",,3
BUS 232,D100,summer,2021,"MATH 150, MATH 151, MATH 154, or MATH 157, with a minimum grade of C-; 15 units. MATH 150, MATH 151, MATH 154, or MATH 157 may be taken concurrently with BUS 232.",MATH 150;MATH 151;MATH 154;MATH 157;BUS 232,False,"[{'days': 'Tu, Th', 'startTime': '10:30', 'endTime': '12:20', 'campus': 'Burnaby'}]",,4
BUS 232,D200,summer,2021,"MATH 150, MATH 151, MATH 154, or MATH 157, with a minimum grade of C-; 15 units. MATH 150, MATH 151, MATH 154, or MATH 157 may be taken concurrently with BUS 232.",MATH 150;MATH 151;MATH 154;MATH 157;BUS 232,False,"[{'days': 'Mo', 'startTime': '13:30', 'endTime': '17:20', 'campus': 'Burnaby'}]",,4
BUS 233,D100,summer,2021,12 units.,,False,"[{'days': 'Th', 'startTime': '14:30', 'endTime': '17:20', 'campus': 'Burnaby'}]",,3
BUS 237,D100,summer,2021,12 units.,,False,"[{'days': 'Th', 'startTime': '10:30', 'endTime': '12:20', 'campus': 'Burnaby'}]",,3
BUS 237,E100,summer,2021,12 units.,,False,"[{'days': 'We', 'startTime': '16:30', 'endTime': '18:20', 'campus': 'Burnaby'}]",,3
BUS 238,D100,summer,2021,12 units.,,False,"[{'days': 'Tu', 'startTime': '14:30', 'endTime': '17:20', 'campus': 'Burnaby'}]",,3
BUS 251,D100,summer,2021,12 units.,,False,"[{'days': 'Mo', 'startTime': '10:30', 'endTime': '12:20', 'campus': 'Burnaby'}]",,3
BUS 251,D200,summer,2021,12 units.,,False,"[{'days': 'Mo', 'startTime': '12:30', 'endTime': '14:20', 'campus': 'Burnaby'}]",,3
BUS 254,D100,summer,2021,BUS 251 with a minimum grade of C-; 15 units.,BUS 251,False,"[{'days': 'Tu', 'startTime': '10:30', 'endTime': '12:20', 'campus': 'Burnaby'}]",,3
BUS 254,D200,summer,2021,BUS 251 with a minimum grade of C-; 15 units.,BUS 251,False,"[{'days': 'Tu', 'startTime': '14:30', 'endTime': '16:20', 'campus': 'Burnaby'}]",,3
BUS 272,D100,summer,2021,12 units.,,False,"[{'days': 'Th', 'startTime': '8:30', 'endTime': '10:20', 'campus': 'Burnaby'}]",,3
BUS 272,E100,summer,2021,12 units.,,False,"[{'days': 'Tu', 'startTime': '16:30', 'endTime': '18:20', 'campus': 'Burnaby'}]",,3
BUS 303,D100,summer,2021,45 units.,,False,"[{'days': 'We', 'startTime': '9:30', 'endTime': '12:20', 'campus': 'Burnaby'}]",,3
BUS 303,D300,summer,2021,45 units.,,False,"[{'days': 'Tu', 'startTime': '14:30', 'endTime': '17:20', 'campus': 'Burnaby'}]",,3
BUS 312,D100,summer,2021,"BUS 254 (or 324) with a minimum grade of C-; 45 units. Recommended: BUS 207, ECON 201, or ECON 301.",BUS 254,False,"[{'days': 'Tu, Th', 'startTime': '12:30', 'endTime': '14:20', 'campus': 'Burnaby'}]",,4
BUS 312,D200,summer,2021,"BUS 254 (or 324) with a minimum grade of C-; 45 units. Recommended: BUS 207, ECON 201, or ECON 301.",BUS 254,False,"[{'days': 'Tu, Th', 'startTime': '14:30', 'endTime': '16:20', 'campus': 'Burnaby'}]",,4
BUS 315,D100,summer,2021,"BUS 312, BUS 336 and BUS 207 or ECON 201 or ECON 301, all with a minimum grade of C-; 45 units.",BUS 312;BUS 336;BUS 207;ECON 201;ECON 301,False,"[{'days': 'We, Fr', 'startTime': '12:30', 'endTime': '14:20', 'campus': 'Burnaby'}]",,4
BUS 315,E100,summer,2021,"BUS 312, BUS 336 and BUS 207 or ECON 201 or ECON 301, all with a minimum grade of C-; 45 units.",BUS 312;BUS 336;BUS 207;ECON 201;ECON 301,False,"[{'days': 'Mo, We', 'startTime': '16:30', 'endTime': '18:20', 'campus': 'Burnaby'}]",,4
BUS 316,D100,summer,2021,"BUS 312, 336, both with a minimum grade of C-; 45 units.",BUS 312,False,"[{'days': 'Mo', 'startTime': '9:30', 'endTime': '12:20', 'campus': 'Burnaby'}]",,3
BUS 316,E100,summer,2021,"BUS 312, 336, both with a minimum grade of C-; 45 units.",BUS 312,False,"[{'days': 'Mo', 'startTime': '16:30', 'endTime': '19:20', 'campus': 'Burnaby'}]",,3
BUS 320,D100,summer,2021,BUS 254 with a minimum grade of C-; 45 units.,BUS 254,False,"[{'days': 'Mo', 'startTime': '9:30', 'endTime': '12:20', 'campus': 'Burnaby'}]",,3
BUS 320,D200,summer,2021,BUS 254 with a minimum grade of C-; 45 units.,BUS 254,False,"[{'days': 'Mo', 'startTime': '14:30', 'endTime': '17:20', 'campus': 'Burnaby'}]",,3
BUS 321,D100,summer,2021,BUS 320 with a minimum grade of C-; 45 units.,BUS 320,False,"[{'days': 'We', 'startTime': '9:30', 'endTime': '12:20', 'campus': 'Burnaby'}]",,3
BUS 325,D100,summer,2021,,,False,[],,3
BUS 327,D100,summer,2021,,,False,[],,3
BUS 330,D100,summer,2021,,,False,"[{'days': 'Th', 'startTime': '11:30', 'endTime': '14:20', 'campus': 'Burnaby'}]",,3
BUS 331,D100,summer,2021,"BUS 330 (or BUS 329) with a minimum grade of C-, 45 units.",BUS 330;BUS 329,False,"[{'days': 'Tu', 'startTime': '11:30', 'endTime': '14:20', 'campus': 'Burnaby'}]",,3
BUS 336,D100,summer,2021,"MATH 150, MATH 151, MATH 154, or MATH 157, with a minimum grade of C-; BUS 232, ECON 233, or STAT 270, with a minimum grade of C-; 45 units.",MATH 150;MATH 151;MATH 154;MATH 157;BUS 232;ECON 233;STAT 270,False,"[{'days': 'Tu, Th', 'startTime': '14:30', 'endTime': '16:20', 'campus': 'Burnaby'}]",,4
BUS 336,D200,summer,2021,"MATH 150, MATH 151, MATH 154, or MATH 157, with a minimum grade of C-; BUS 232, ECON 233, or STAT 270, with a minimum grade of C-; 45 units.",MATH 150;MATH 151;MATH 154;MATH 157;BUS 232;ECON 233;STAT 270,False,"[{'days': 'Tu', 'startTime': '13:30', 'endTime': '17:20', 'campus': 'Burnaby'}]",,4
BUS 340,D100,summer,2021,"This course is only open to students admitted to the Business Administration Minor between Fall 2012 - Summer 2016 and who have 45 units, OR to students admitted to the Business Administration Minor Fall 2016 - onwards and who have 45 units, and corequisite BUS 200.",BUS 200,False,"[{'days': 'Tu, Th', 'startTime': '12:30', 'endTime': '14:20', 'campus': 'Burnaby'}]",,4
BUS 341,D100,summer,2021,"This course is only open to students admitted to the Business Administration Minor between Fall 2012 - Summer 2016 and who have 45 units, OR to students admitted to the Business Administration Minor Fall 2016 - onwards and who have 45 units, and corequisite BUS 200.",BUS 200,False,"[{'days': 'Fr', 'startTime': '9:30', 'endTime': '13:20', 'campus': 'Burnaby'}]",,4
BUS 343,D100,summer,2021,45 units.,,False,"[{'days': 'Fr', 'startTime': '10:30', 'endTime': '12:20', 'campus': 'Burnaby'}]",,3
BUS 343,D200,summer,2021,45 units.,,False,"[{'days': 'Fr', 'startTime': '8:30', 'endTime': '10:20', 'campus': 'Burnaby'}]",,3
BUS 345,D100,summer,2021,"BUS 343, 336, both with a minimum grade of C-; 45 units; OR Data Science majors with BUS 343 with a minimum grade of C- and 45 units.",BUS 343,False,"[{'days': 'Fr', 'startTime': '9:30', 'endTime': '13:20', 'campus': 'Burnaby'}]",,4
BUS 346,D100,summer,2021,45 units.,,False,"[{'days': 'Mo', 'startTime': '14:30', 'endTime': '17:20', 'campus': 'Burnaby'}]",,3
BUS 347,D100,summer,2021,BUS 343 with a minimum grade of C-; 45 units.,BUS 343,False,"[{'days': 'Tu', 'startTime': '10:30', 'endTime': '12:20', 'campus': 'Burnaby'}]",,3
BUS 360W,D100,summer,2021,"This course is open to students admitted prior to Fall 2014 to the Business Administration major, honours, or second degree program and who have 45 units, OR to students admitted Fall 2014 - Summer 2017 to the Business Administration major, honours, or second degree program and who have 45 units and BUS 130 or 201 or 202 or 301, with a minimum grade of C-, OR to student admitted Fall 2017 - onwards to the Business Administration major, honours, or second degree program and who have 45 units and BUS 130 or 201 or 202 or 301, with a minimum grade of C- and BUS 217W with a minimum grade of C-, OR to Business Administration joint major or joint honours students with BUS 217W with a minimum grade of C- and 45 units, OR to Business and Economics Joint Major students with ECON 220W with a minimum grade of C- and 45 units, OR to Mechatronic Systems Engineering and Business Administration double degree students with 45 units, OR to Management Systems Science or Actuarial Science majors with 45 units OR to Data Science major with BUS 217W with a minimum grade of C- and 45 units.",BUS 130;BUS 217W;ECON 220W,False,"[{'days': 'Tu', 'startTime': '11:30', 'endTime': '14:20', 'campus': 'Burnaby'}]",,4
BUS 360W,D200,summer,2021,"This course is open to students admitted prior to Fall 2014 to the Business Administration major, honours, or second degree program and who have 45 units, OR to students admitted Fall 2014 - Summer 2017 to the Business Administration major, honours, or second degree program and who have 45 units and BUS 130 or 201 or 202 or 301, with a minimum grade of C-, OR to student admitted Fall 2017 - onwards to the Business Administration major, honours, or second degree program and who have 45 units and BUS 130 or 201 or 202 or 301, with a minimum grade of C- and BUS 217W with a minimum grade of C-, OR to Business Administration joint major or joint honours students with BUS 217W with a minimum grade of C- and 45 units, OR to Business and Economics Joint Major students with ECON 220W with a minimum grade of C- and 45 units, OR to Mechatronic Systems Engineering and Business Administration double degree students with 45 units, OR to Management Systems Science or Actuarial Science majors with 45 units OR to Data Science major with BUS 217W with a minimum grade of C- and 45 units.",BUS 130;BUS 217W;ECON 220W,False,"[{'days': 'Th', 'startTime': '11:30', 'endTime': '14:20', 'campus': 'Burnaby'}]",,4
BUS 360W,D300,summer,2021,"This course is open to students admitted prior to Fall 2014 to the Business Administration major, honours, or second degree program and who have 45 units, OR to students admitted Fall 2014 - Summer 2017 to the Business Administration major, honours, or second degree program and who have 45 units and BUS 130 or 201 or 202 or 301, with a minimum grade of C-, OR to student admitted Fall 2017 - onwards to the Business Administration major, honours, or second degree program and who have 45 units and BUS 130 or 201 or 202 or 301, with a minimum grade of C- and BUS 217W with a minimum grade of C-, OR to Business Administration joint major or joint honours students with BUS 217W with a minimum grade of C- and 45 units, OR to Business and Economics Joint Major students with ECON 220W with a minimum grade of C- and 45 units, OR to Mechatronic Systems Engineering and Business Administration double degree students with 45 units, OR to Management Systems Science or Actuarial Science majors with 45 units OR to Data Science major with BUS 217W with a minimum grade of C- and 45 units.",BUS 130;BUS 217W;ECON 220W,False,"[{'days': 'Tu', 'startTime': '11:30', 'endTime': '14:20', 'campus': 'Burnaby'}]",,4
BUS 360W,D400,summer,2021,"This course is open to students admitted prior to Fall 2014 to the Business Administration major, honours, or second degree program and who have 45 units, OR to students admitted Fall 2014 - Summer 2017 to the Business Administration major, honours, or second degree program and who have 45 units and BUS 130 or 201 or 202 or 301, with a minimum grade of C-, OR to student admitted Fall 2017 - onwards to the Business Administration major, honours, or second degree program and who have 45 units and BUS 130 or 201 or 202 or 301, with a minimum grade of C- and BUS 217W with a minimum grade of C-, OR to Business Administration joint major or joint honours students with BUS 217W with a minimum grade of C- and 45 units, OR to Business and Economics Joint Major students with ECON 220W with a minimum grade of C- and 45 units, OR to Mechatronic Systems Engineering and Business Administration double degree students with 45 units, OR to Management Systems Science or Actuarial Science majors with 45 units OR to Data Science major with BUS 217W with a minimum grade of C- and 45 units.",BUS 130;BUS 217W;ECON 220W,False,"[{'days': 'We', 'startTime': '14:30', 'endTime': '17:20', 'campus': 'Burnaby'}]",,4
BUS 360W,D500,summer,2021,"This course is open to students admitted prior to Fall 2014 to the Business Administration major, honours, or second degree program and who have 45 units, OR to students admitted Fall 2014 - Summer 2017 to the Business Administration major, honours, or second degree program and who have 45 units and BUS 130 or 201 or 202 or 301, with a minimum grade of C-, OR to student admitted Fall 2017 - onwards to the Business Administration major, honours, or second degree program and who have 45 units and BUS 130 or 201 or 202 or 301, with a minimum grade of C- and BUS 217W with a minimum grade of C-, OR to Business Administration joint major or joint honours students with BUS 217W with a minimum grade of C- and 45 units, OR to Business and Economics Joint Major students with ECON 220W with a minimum grade of C- and 45 units, OR to Mechatronic Systems Engineering and Business Administration double degree students with 45 units, OR to Management Systems Science or Actuarial Science majors with 45 units OR to Data Science major with BUS 217W with a minimum grade of C- and 45 units.",BUS 130;BUS 217W;ECON 220W,False,"[{'days': 'Tu', 'startTime': '11:30', 'endTime': '14:20', 'campus': 'Burnaby'}]",,4
BUS 360W,E100,summer,2021,"This course is open to students admitted prior to Fall 2014 to the Business Administration major, honours, or second degree program and who have 45 units, OR to students admitted Fall 2014 - Summer 2017 to the Business Administration major, honours, or second degree program and who have 45 units and BUS 130 or 201 or 202 or 301, with a minimum grade of C-, OR to student admitted Fall 2017 - onwards to the Business Administration major, honours, or second degree program and who have 45 units and BUS 130 or 201 or 202 or 301, with a minimum grade of C- and BUS 217W with a minimum grade of C-, OR to Business Administration joint major or joint honours students with BUS 217W with a minimum grade of C- and 45 units, OR to Business and Economics Joint Major students with ECON 220W with a minimum grade of C- and 45 units, OR to Mechatronic Systems Engineering and Business Administration double degree students with 45 units, OR to Management Systems Science or Actuarial Science majors with 45 units OR to Data Science major with BUS 217W with a minimum grade of C- and 45 units.",BUS 130;BUS 217W;ECON 220W,False,"[{'days': 'We', 'startTime': '17:30', 'endTime': '20:20', 'campus': 'Burnaby'}]",,4
BUS 360W,E200,summer,2021,"This course is open to students admitted prior to Fall 2014 to the Business Administration major, honours, or second degree program and who have 45 units, OR to students admitted Fall 2014 - Summer 2017 to the Business Administration major, honours, or second degree program and who have 45 units and BUS 130 or 201 or 202 or 301, with a minimum grade of C-, OR to student admitted Fall 2017 - onwards to the Business Administration major, honours, or second degree program and who have 45 units and BUS 130 or 201 or 202 or 301, with a minimum grade of C- and BUS 217W with a minimum grade of C-, OR to Business Administration joint major or joint honours students with BUS 217W with a minimum grade of C- and 45 units, OR to Business and Economics Joint Major students with ECON 220W with a minimum grade of C- and 45 units, OR to Mechatronic Systems Engineering and Business Administration double degree students with 45 units, OR to Management Systems Science or Actuarial Science majors with 45 units OR to Data Science major with BUS 217W with a minimum grade of C- and 45 units.",BUS 130;BUS 217W;ECON 220W,False,"[{'days': 'Th', 'startTime': '17:30', 'endTime': '20:20', 'campus': 'Burnaby'}]",,4
BUS 361,D100,summer,2021,45 units.,,False,"[{'days': 'Mo', 'startTime': '14:30', 'endTime': '17:20', 'campus': 'Burnaby'}]",,3
BUS 361,D200,summer,2021,45 units.,,False,"[{'days': 'Th', 'startTime': '14:30', 'endTime': '17:20', 'campus': 'Burnaby'}]",,3
BUS 362,D100,summer,2021,BUS 237 with a minimum grade of C-; 45 units; OR Data Science majors with 45 units.,BUS 237,False,"[{'days': 'Th', 'startTime': '10:30', 'endTime': '12:20', 'campus': 'Burnaby'}]",,4
BUS 374,D100,summer,2021,45 units; BUS 272 (or 372) with a minimum grade of C-.,BUS 272,False,"[{'days': 'Mo', 'startTime': '9:30', 'endTime': '12:20', 'campus': 'Burnaby'}]",,3
BUS 381,D100,summer,2021,BUS 272 (or 372) with a minimum grade of C-; 45 units.,BUS 272,False,"[{'days': 'Th', 'startTime': '11:30', 'endTime': '14:20', 'campus': 'Burnaby'}]",,3
BUS 381,E100,summer,2021,BUS 272 (or 372) with a minimum grade of C-; 45 units.,BUS 272,False,"[{'days': 'We', 'startTime': '17:30', 'endTime': '20:20', 'campus': 'Burnaby'}]",,3
BUS 393,D100,summer,2021,45 units. BUEC 391 is not to be taken concurrently with BUS 393.,BUEC 391;BUS 393,False,"[{'days': 'Mo', 'startTime': '12:30', 'endTime': '14:20', 'campus': 'Burnaby'}]",,3
BUS 393,D200,summer,2021,45 units. BUEC 391 is not to be taken concurrently with BUS 393.,BUEC 391;BUS 393,False,"[{'days': 'Tu', 'startTime': '10:30', 'endTime': '12:20', 'campus': 'Burnaby'}]",,3
BUS 393,E100,summer,2021,45 units. BUEC 391 is not to be taken concurrently with BUS 393.,BUEC 391;BUS 393,False,"[{'days': 'Mo', 'startTime': '16:30', 'endTime': '18:20', 'campus': 'Burnaby'}]",,3
BUS 410,D100,summer,2021,"BUS 315, 316, 360W, all with a minimum grade of C-; 60 units.",BUS 315,False,"[{'days': 'Tu', 'startTime': '11:30', 'endTime': '14:20', 'campus': 'Burnaby'}]",,3
BUS 410,E100,summer,2021,"BUS 315, 316, 360W, all with a minimum grade of C-; 60 units.",BUS 315,False,"[{'days': 'We', 'startTime': '16:30', 'endTime': '19:20', 'campus': 'Burnaby'}]",,3
BUS 413,D100,summer,2021,"BUS 315, 316, 360W, all with a minimum grade of C-; 60 units.",BUS 315,False,"[{'days': 'We, Fr', 'startTime': '10:30', 'endTime': '12:20', 'campus': 'Burnaby'}]",,4
BUS 417,D100,summer,2021,"BUS 315, 360W, both with a minimum grade of C-; 60 units. Recommended: BUS 221.",BUS 315,False,"[{'days': 'Mo', 'startTime': '9:30', 'endTime': '13:20', 'campus': 'Burnaby'}]",,4
BUS 418,D100,summer,2021,"BUS 315, 316, 360W, all with a minimum grade of C-; 60 units.",BUS 315,False,"[{'days': 'Mo', 'startTime': '9:30', 'endTime': '12:20', 'campus': 'Burnaby'}]",,3
BUS 418,E100,summer,2021,"BUS 315, 316, 360W, all with a minimum grade of C-; 60 units.",BUS 315,False,"[{'days': 'Mo', 'startTime': '17:30', 'endTime': '20:20', 'campus': 'Burnaby'}]",,3
BUS 419,D100,summer,2021,"BUS 315, 316, 360W, all with a minimum grade of C-; 60 units.",BUS 315,False,"[{'days': 'Mo', 'startTime': '14:30', 'endTime': '17:20', 'campus': 'Burnaby'}]",,3
BUS 420,D100,summer,2021,"BUS 321, 360W, both with a minimum grade of C-; 60 units.",BUS 321,False,"[{'days': 'Tu', 'startTime': '14:30', 'endTime': '17:20', 'campus': 'Burnaby'}]",,3
BUS 420,E100,summer,2021,"BUS 321, 360W, both with a minimum grade of C-; 60 units.",BUS 321,False,"[{'days': 'Tu', 'startTime': '17:30', 'endTime': '20:20', 'campus': 'Burnaby'}]",,3
BUS 421,D100,summer,2021,"BUS 207 (or ECON 201 or ECON 301), BUS 321, BUS 360W, all with a minimum grade of C-; 60 units.",BUS 207;ECON 201;ECON 301;BUS 321;BUS 360W,False,"[{'days': 'Mo', 'startTime': '9:30', 'endTime': '12:20', 'campus': 'Burnaby'}]",,3
BUS 424,D100,summer,2021,"BUS 322 or 319, 336, 360W, all with a minimum grade of C-; 60 units.",BUS 322,False,"[{'days': 'We', 'startTime': '14:30', 'endTime': '17:20', 'campus': 'Burnaby'}]",,3
BUS 426,D100,summer,2021,"BUS 321, 360W, both with a minimum grade of C-; 60 units.",BUS 321,False,"[{'days': 'Mo', 'startTime': '14:30', 'endTime': '17:20', 'campus': 'Burnaby'}]",Michael Favere-Marchesi,3
BUS 426,E100,summer,2021,"BUS 321, 360W, both with a minimum grade of C-; 60 units.",BUS 321,False,"[{'days': 'Mo', 'startTime': '17:30', 'endTime': '20:20', 'campus': 'Burnaby'}]",Michael Favere-Marchesi,3
BUS 430,D100,summer,2021,BUS 360W with a minimum grade of C-; 60 units. Recommended: BUS 346.,BUS 360W,False,"[{'days': 'Mo', 'startTime': '14:30', 'endTime': '17:20', 'campus': 'Burnaby'}]",,3
BUS 434,D100,summer,2021,BUS 360W with a minimum grade of C-; 60 units. Recommended: BUS 346.,BUS 360W,False,"[{'days': 'Mo', 'startTime': '9:30', 'endTime': '12:20', 'campus': 'Burnaby'}]",,3
BUS 437,D100,summer,2021,"BUS 336, 360W, both with a minimum grade of C-; 60 units; OR Data Science majors with BUS 360W with a minimum grade of C- and 60 units.",BUS 336;BUS 360W,False,"[{'days': 'Fr', 'startTime': '9:30', 'endTime': '12:20', 'campus': 'Burnaby'}]",,3
BUS 445,D100,summer,2021,"BUS 343, 336, 360W, all with a minimum grade of C-, 60 units; OR Data Science majors with BUS 343, 360W, both with a minimum grade of C-, and 60 units.",BUS 343,False,"[{'days': 'We', 'startTime': '9:30', 'endTime': '12:20', 'campus': 'Burnaby'}]",,3
BUS 448,D100,summer,2021,"BUS 347, 360W, both with a minimum grade of C-; 60 units.",BUS 347,False,"[{'days': 'Mo', 'startTime': '9:30', 'endTime': '13:20', 'campus': 'Burnaby'}]",,4
BUS 462,D100,summer,2021,"BUS 336, 360W, both with a minimum grade of C-; 60 units. Corequisite: BUS 336 can be taken concurrently.",BUS 336,False,"[{'days': 'We', 'startTime': '9:30', 'endTime': '12:20', 'campus': 'Burnaby'}]",,3
BUS 462,E100,summer,2021,"BUS 336, 360W, both with a minimum grade of C-; 60 units. Corequisite: BUS 336 can be taken concurrently.",BUS 336,False,"[{'days': 'We', 'startTime': '16:30', 'endTime': '19:20', 'campus': 'Burnaby'}]",,3
BUS 464,D100,summer,2021,"BUS 360W, 362, both with a minimum grade of C-; 60 units.",BUS 360W,False,"[{'days': 'Th', 'startTime': '8:30', 'endTime': '11:20', 'campus': 'Burnaby'}]",,3
BUS 466,D100,summer,2021,"BUS 237, 360W, both with a minimum grade of C-; 60 units.",BUS 237,False,"[{'days': 'Fr', 'startTime': '9:30', 'endTime': '12:20', 'campus': 'Burnaby'}]",,3
BUS 468,D100,summer,2021,"BUS 237, 360W, both with a minimum grade of C-; 90 units. Recommended: BUS 362.",BUS 237,False,"[{'days': 'Fr', 'startTime': '14:30', 'endTime': '17:20', 'campus': 'Burnaby'}]",,3
BUS 468,E100,summer,2021,"BUS 237, 360W, both with a minimum grade of C-; 90 units. Recommended: BUS 362.",BUS 237,False,"[{'days': 'Mo', 'startTime': '17:30', 'endTime': '20:20', 'campus': 'Burnaby'}]",,3
BUS 473,D100,summer,2021,"BUS 336, 360W, both with a minimum grade of C-; 60 units.",BUS 336,False,"[{'days': 'We, Fr', 'startTime': '14:30', 'endTime': '16:20', 'campus': 'Burnaby'}]",,4
BUS 473,D200,summer,2021,"BUS 336, 360W, both with a minimum grade of C-; 60 units.",BUS 336,False,"[{'days': 'Th', 'startTime': '13:30', 'endTime': '17:20', 'campus': 'Burnaby'}]",,4
BUS 474,D100,summer,2021,"BUS 360W, 336 and 473, all with a minimum grade of C-; 60 units.",BUS 360W,False,"[{'days': 'Mo', 'startTime': '13:30', 'endTime': '17:20', 'campus': 'Burnaby'}]",,3
BUS 478,D100,summer,2021,"BUS 207 (or ECON 201 or ECON 301), BUS 312, 343, 360W and either BUS 374 or 381, all with a minimum grade of C-; 90 units.",BUS 207;ECON 201;ECON 301;BUS 312;BUS 374,False,"[{'days': 'We', 'startTime': '9:30', 'endTime': '12:20', 'campus': 'Burnaby'}]",,3
BUS 478,D200,summer,2021,"BUS 207 (or ECON 201 or ECON 301), BUS 312, 343, 360W and either BUS 374 or 381, all with a minimum grade of C-; 90 units.",BUS 207;ECON 201;ECON 301;BUS 312;BUS 374,False,"[{'days': 'We', 'startTime': '14:30', 'endTime': '17:20', 'campus': 'Burnaby'}]",,3
BUS 478,D300,summer,2021,"BUS 207 (or ECON 201 or ECON 301), BUS 312, 343, 360W and either BUS 374 or 381, all with a minimum grade of C-; 90 units.",BUS 207;ECON 201;ECON 301;BUS 312;BUS 374,False,"[{'days': 'Tu', 'startTime': '11:30', 'endTime': '14:20', 'campus': 'Burnaby'}]",,3
BUS 478,D400,summer,2021,"BUS 207 (or ECON 201 or ECON 301), BUS 312, 343, 360W and either BUS 374 or 381, all with a minimum grade of C-; 90 units.",BUS 207;ECON 201;ECON 301;BUS 312;BUS 374,False,"[{'days': 'Th', 'startTime': '11:30', 'endTime': '14:20', 'campus': 'Burnaby'}]",,3
BUS 478,E100,summer,2021,"BUS 207 (or ECON 201 or ECON 301), BUS 312, 343, 360W and either BUS 374 or 381, all with a minimum grade of C-; 90 units.",BUS 207;ECON 201;ECON 301;BUS 312;BUS 374,False,"[{'days': 'Mo', 'startTime': '16:30', 'endTime': '19:20', 'campus': 'Burnaby'}]",,3
BUS 479,D100,summer,2021,BUS 360W with a minimum grade of C-; 90 units. Corequisite: BUS 478.,BUS 360W;BUS 478,False,"[{'days': 'We', 'startTime': '9:30', 'endTime': '12:20', 'campus': 'Burnaby'}]",,3
BUS 481,D100,summer,2021,"BUS 381 and 360W, with a minimum grade of C-; 60 units.",BUS 381,False,"[{'days': 'We', 'startTime': '14:30', 'endTime': '17:20', 'campus': 'Burnaby'}]",,3
CA 104,OL01,summer,2021,,,False,[],Janet Danielson,3
CA 120,D100,summer,2021,,,False,"[{'days': 'Mo, We', 'startTime': '14:30', 'endTime': '17:20', 'campus': 'GOLDCORP'}]",Webster McDonald,3
CA 135,E100,summer,2021,,,False,"[{'days': 'Tu, Th', 'startTime': '17:30', 'endTime': '20:20', 'campus': 'Burnaby'}]",Joseph Clark,3
CA 142,OL01,summer,2021,,,False,[],Arne Eigenfeldt,3
CA 285,D100,summer,2021,"One of CA (or FPA) 122, 130, 145, 150, 160, 170.",,False,"[{'days': 'Tu, Th', 'startTime': '12:30', 'endTime': '16:20', 'campus': 'Burnaby'}]",Robert Kitsos,3
CA 386,C100,summer,2021,60 credit hours.,,False,[],Martin Gotfrit,3
CA 412W,D100,summer,2021,"Eight upper division units; and one of CA (or FPA) 210W (or 210), 316 (or 337), 318 (or 335), or 357W.",,False,"[{'days': 'Tu, Th', 'startTime': '14:30', 'endTime': '17:20', 'campus': 'GOLDCORP'}]",Kimberly Phillips,4
CA 421,D100,summer,2021,CA (or FPA) 124 and 285.,,False,"[{'days': 'Mo, Tu, We, Th, Fr', 'startTime': '9:30', 'endTime': '12:20', 'campus': 'GOLDCORP'}]",,4
CMNS 110,E100,summer,2021,,,False,"[{'days': 'We', 'startTime': '16:30', 'endTime': '18:20', 'campus': 'Burnaby'}]",,3
CMNS 130,E100,summer,2021,,,False,"[{'days': 'Mo', 'startTime': '16:30', 'endTime': '18:20', 'campus': 'Burnaby'}]",,3
CMNS 201W,D100,summer,2021,"24 units, and CMNS 110 and 130, with a minimum grade of C-.",CMNS 110,False,"[{'days': 'Tu', 'startTime': '10:30', 'endTime': '12:20', 'campus': 'Burnaby'}]",,4
CMNS 202,D100,summer,2021,"24 units, and CMNS 110 and 130, with a minimum grade of C-.",CMNS 110,False,"[{'days': 'Th', 'startTime': '10:30', 'endTime': '12:20', 'campus': 'Burnaby'}]",,4
CMNS 221,D100,summer,2021,"CMNS 110 and 130, with a minimum grade of C-.",CMNS 110,False,"[{'days': 'Tu', 'startTime': '8:30', 'endTime': '10:20', 'campus': 'Burnaby'}]",Steven Malcic;Benjamin Anderson,3
CMNS 253W,C100,summer,2021,"CMNS 110 or 130, with a minimum grade of C-.",CMNS 110,False,[],Felix Lo,3
CMNS 253W,D100,summer,2021,"CMNS 110 or 130, with a minimum grade of C-.",CMNS 110,False,"[{'days': 'Th', 'startTime': '10:30', 'endTime': '12:20', 'campus': 'Burnaby'}]",Richard Smith,3
CMNS 304W,D100,summer,2021,"45 units, including one of CMNS 220, 221, 223, 223W, 235, with a minimum grade of C-.",CMNS 220,False,"[{'days': 'We', 'startTime': '9:30', 'endTime': '11:20', 'campus': 'Burnaby'}]",,4
CMNS 349,D100,summer,2021,"45 units, including at least one upper division course in CMNS, DIAL, EVSC, GEOG or BlSC, with a minimum grade of C-.",,False,"[{'days': 'Mo', 'startTime': '9:30', 'endTime': '12:20', 'campus': 'Burnaby'}]",Shane Gunster,4
CMNS 355,D100,summer,2021,60 units.,,False,"[{'days': 'Tu', 'startTime': '14:30', 'endTime': '17:20', 'campus': 'Burnaby'}]",,4
CMNS 362,D100,summer,2021,"60 units including CMNS 253 (or 253W) with a minimum grade of C-, and two of CMNS 201W (201 or 260), CMNS 202 (or 262) or CMNS 261, both with a minimum grade of C-.",CMNS 253;CMNS 201W;CMNS 202;CMNS 261,False,"[{'days': 'Fr', 'startTime': '9:30', 'endTime': '12:20', 'campus': 'Burnaby'}]",,6
CMNS 386,D100,summer,2021,,,False,[],Zoe Druick;Steven Malcic,4
CMNS 453,C100,summer,2021,,,False,[],Nicole Stewart,4
CMNS 455W,D100,summer,2021,"60 units, including CMNS 253W with a minimum grade of C-.",CMNS 253W,False,"[{'days': 'We', 'startTime': '9:30', 'endTime': '13:20', 'campus': 'Burnaby'}]",,4
IAT 100,D100,summer,2021,,,False,"[{'days': 'Mo, We', 'startTime': '9:30', 'endTime': '10:20', 'campus': 'Burnaby'}]",Susan Clements-Vivian,3
IAT 102,D100,summer,2021,,,False,"[{'days': 'Fr', 'startTime': '10:30', 'endTime': '12:20', 'campus': 'Burnaby'}]",Kenneth Zupan;Gabriel Juliano,3
IAT 103W,D100,summer,2021,,,False,"[{'days': 'We', 'startTime': '14:30', 'endTime': '17:20', 'campus': 'Burnaby'}]",Wing Yi Chung,3
IAT 106,D100,summer,2021,,,False,"[{'days': 'Th', 'startTime': '10:30', 'endTime': '12:20', 'campus': 'Burnaby'}]",Naghmi Shireen,3
IAT 110,D100,summer,2021,,,False,"[{'days': 'We', 'startTime': '14:30', 'endTime': '17:20', 'campus': 'Burnaby'}]",Emily Ip,3
IAT 208,D100,summer,2021,Completion of 21 units.,,False,"[{'days': 'Tu, Th', 'startTime': '11:30', 'endTime': '12:20', 'campus': 'Burnaby'}]",Susan Clements-Vivian,3
IAT 210,D100,summer,2021,Completion of 21 units.,,False,"[{'days': 'Fr', 'startTime': '14:30', 'endTime': '17:20', 'campus': 'Burnaby'}]",Ashu Adhikari,3
IAT 235,D100,summer,2021,Completion of 21 units and IAT 102 with a minimum grade of C-.,IAT 102,False,"[{'days': 'We', 'startTime': '16:30', 'endTime': '18:20', 'campus': 'Burnaby'}]",Russell Taylor,3
IAT 235,D200,summer,2021,Completion of 21 units and IAT 102 with a minimum grade of C-.,IAT 102,False,"[{'days': 'Mo', 'startTime': '10:30', 'endTime': '12:20', 'campus': 'Burnaby'}]",Andrew Hawryshkewich,3
IAT 265,D100,summer,2021,"Completion of 21 units and IAT 167 with a minimum grade of C- and one of MATH 130, MACM 101, MATH 150, MATH 151, MATH 154, or MATH 157, with a minimum grade of C-.",IAT 167;MATH 130;MACM 101;MATH 150;MATH 151;MATH 154;MATH 157,False,"[{'days': 'Th', 'startTime': '12:30', 'endTime': '14:20', 'campus': 'Burnaby'}]",Yingchen Yang,3
IAT 267,D100,summer,2021,"Completion of 21 units and IAT 167 with a minimum grade of C- and one of MATH 130, MACM 101, MATH 150, MATH 151, MATH 154, or MATH 157, with a minimum grade of C-. Recommended: IAT 265.",IAT 167;MATH 130;MACM 101;MATH 150;MATH 151;MATH 154;MATH 157,False,"[{'days': 'Fr', 'startTime': '10:30', 'endTime': '12:20', 'campus': 'Burnaby'}]",,3
IAT 309W,D100,summer,2021,IAT 206W with a minimum grade of C- and completion of 48 units.,IAT 206W,False,"[{'days': 'We', 'startTime': '9:30', 'endTime': '12:20', 'campus': 'Burnaby'}]",Chantal Gibson;Wing Yi Chung,3
IAT 312,D100,summer,2021,"Completion of 48 units, including IAT 265 with a minimum grade of C-.",IAT 265,False,"[{'days': 'We', 'startTime': '16:30', 'endTime': '18:20', 'campus': 'Burnaby'}]",Bernhard Riecke,3
IAT 313,D100,summer,2021,Completion of 48 units.,,False,"[{'days': 'Fr', 'startTime': '9:30', 'endTime': '12:20', 'campus': 'Burnaby'}]",Mehdi Nazemi,3
IAT 334,D100,summer,2021,"Completion of 48 units, including IAT 235 with a minimum grade of C-.",IAT 235,False,"[{'days': 'Tu', 'startTime': '10:30', 'endTime': '12:20', 'campus': 'Burnaby'}]",Andrew Hawryshkewich,3
IAT 336,D100,summer,2021,IAT 233 with a minimum grade of C-.,IAT 233,False,"[{'days': 'Th', 'startTime': '12:30', 'endTime': '14:20', 'campus': 'Burnaby'}]",Kenneth Zupan;Henry Lin,3
IAT 339,D100,summer,2021,"IAT 235 and IAT 265, with a minimum grade of C-.",IAT 235;IAT 265,False,"[{'days': 'Th', 'startTime': '10:30', 'endTime': '12:20', 'campus': 'Burnaby'}]",Andrew Hawryshkewich,3
IAT 343,D100,summer,2021,"Minimum of 24 units, including MATH 130 or MACM 101 or MATH 150 or MATH 151 or MATH 154 or MATH 157, with a minimum grade of C-.",MATH 130;MACM 101;MATH 150;MATH 151;MATH 154;MATH 157,False,"[{'days': 'Tu', 'startTime': '12:30', 'endTime': '14:20', 'campus': 'Burnaby'}]",Hanieh Shakeri,3
IAT 344,D100,summer,2021,Minimum of 48 units and IAT 202 with a minimum grade of C-.,IAT 202,False,"[{'days': 'Mo', 'startTime': '12:30', 'endTime': '14:20', 'campus': 'Burnaby'}]",Mehdi Nazemi,3
IAT 445,D100,summer,2021,"Completion of 60 units, including IAT 343 with a minimum grade of C-.",IAT 343,False,"[{'days': 'Mo, We', 'startTime': '10:30', 'endTime': '12:20', 'campus': 'Burnaby'}]",Bernhard Riecke,3
PUB 332,E100,summer,2021,PUB 231.,PUB 231,False,"[{'days': 'We', 'startTime': '17:30', 'endTime': '18:20', 'campus': 'Burnaby'}]",,4
PUB 372,C100,summer,2021,60 units.,,False,[],Suzanne Norman,4
PUB 438,D100,summer,2021,"PUB 231. IAT 102, CMNS 253, and CMNS 354 highly recommended.",PUB 231;IAT 102;CMNS 253;CMNS 354,False,"[{'days': 'Tu, Th', 'startTime': '10:30', 'endTime': '12:20', 'campus': 'Burnaby'}]",,4
PUB 458,D100,summer,2021,75 units.,,False,"[{'days': 'Tu, Th', 'startTime': '14:30', 'endTime': '16:20', 'campus': 'Burnaby'}]",,4
EDUC 100W,C100,summer,2021,,,False,[],Allan MacKinnon,3
EDUC 100W,C200,summer,2021,,,False,[],Allan MacKinnon,3
EDUC 100W,C300,summer,2021,,,False,[],Allan MacKinnon,3
EDUC 100W,C400,summer,2021,,,False,[],Allan MacKinnon,3
EDUC 100W,D100,summer,2021,,,False,"[{'days': 'Th', 'startTime': '11:30', 'endTime': '14:20', 'campus': 'Burnaby'}]",Michael Ling,3
EDUC 100W,D200,summer,2021,,,False,"[{'days': 'We', 'startTime': '14:30', 'endTime': '17:20', 'campus': 'Burnaby'}]",,3
EDUC 100W,D300,summer,2021,,,False,"[{'days': 'Th', 'startTime': '14:30', 'endTime': '17:20', 'campus': 'Burnaby'}]",,3
EDUC 100W,D400,summer,2021,,,False,"[{'days': 'Tu', 'startTime': '11:30', 'endTime': '14:20', 'campus': 'Burnaby'}]",Carolyn Roberts,3
EDUC 199,C100,summer,2021,,,False,[],Susan Barber,4
EDUC 199,C200,summer,2021,,,False,[],Susan Barber,4
EDUC 199,D100,summer,2021,,,False,"[{'days': 'We', 'startTime': '13:30', 'endTime': '17:20', 'campus': 'Burnaby'}]",Marela Dichupa;Cary Campbell,4
EDUC 212,D100,summer,2021,"Students who have credit for MATH 150, MATH 151, MATH 154, MATH 157 need permission of the instructor to participate in EDUC 211 and EDUC 212.",MATH 150;MATH 151;MATH 154;MATH 157;EDUC 211;EDUC 212,False,"[{'days': 'Tu', 'startTime': '8:30', 'endTime': '11:20', 'campus': 'Burnaby'}]",Sheree Gillings Rodney,3
EDUC 220,OL01,summer,2021,,,False,[],Ofelia Flores,3
EDUC 230,C100,summer,2021,,,False,[],Heesoon Bai,3
EDUC 230,C200,summer,2021,,,False,[],Heesoon Bai,3
EDUC 230,C300,summer,2021,,,False,[],Heesoon Bai,3
EDUC 250,D100,summer,2021,,,False,"[{'days': 'Th', 'startTime': '8:30', 'endTime': '11:20', 'campus': 'Burnaby'}]",Fatemah Jalali-Tehrani,3
EDUC 252,D100,summer,2021,,,False,"[{'days': 'Tu, Th', 'startTime': '8:30', 'endTime': '12:20', 'campus': 'Burnaby'}]",Charles Bingham,4
EDUC 311,D100,summer,2021,60 units.,,False,"[{'days': 'We', 'startTime': '9:30', 'endTime': '12:20', 'campus': 'Burnaby'}]",Carolyn Roberts,3
EDUC 315,OL01,summer,2021,EDUC 220 or PSYC 250 or LING 100. Students may be required to successfully complete a Criminal Record Check.,EDUC 220;PSYC 250;LING 100,False,[],Pamela Filiatrault-Veilleux,3
EDUC 322,D100,summer,2021,EDUC 220 or PSYC 250.,EDUC 220;PSYC 250,False,"[{'days': 'Tu', 'startTime': '14:30', 'endTime': '17:20', 'campus': 'Burnaby'}]",Jessica Hunter,3
EDUC 322,OL01,summer,2021,EDUC 220 or PSYC 250.,EDUC 220;PSYC 250,False,[],Jessica Hunter,3
EDUC 323,D100,summer,2021,60 units including EDUC 220.,EDUC 220,False,"[{'days': 'Tu', 'startTime': '14:30', 'endTime': '17:20', 'campus': 'Burnaby'}]",Eleonora Joensuu,3
EDUC 323,D200,summer,2021,60 units including EDUC 220.,EDUC 220,False,"[{'days': 'Mo', 'startTime': '14:30', 'endTime': '17:20', 'campus': 'Burnaby'}]",Shereen Khan,3
EDUC 324,E100,summer,2021,EDUC 220 or PSYC 250 and 60 units.,EDUC 220;PSYC 250,False,"[{'days': 'Tu', 'startTime': '16:30', 'endTime': '19:20', 'campus': 'Burnaby'}]",Paul Yeung,3
EDUC 325,D100,summer,2021,EDUC 220.,EDUC 220,False,"[{'days': 'Tu', 'startTime': '14:30', 'endTime': '17:20', 'campus': 'Burnaby'}]",Koichi Haseyama,3
EDUC 326,C100,summer,2021,"One of EDUC 100, 220, 230, or 240; or EDUC 401/402, or corequisite EDUC 403.",EDUC 100;EDUC 401;EDUC 403,False,[],Zuzana Vasko,3
EDUC 328,E100,summer,2021,EDUC 220 or EDUC 401/402 or corequisite EDUC 403.,EDUC 220;EDUC 401;EDUC 403,False,"[{'days': 'We', 'startTime': '17:30', 'endTime': '20:20', 'campus': 'Burnaby'}]",Erin Thrift,3
EDUC 341,C100,summer,2021,60 units including three units in EDUC courses.,,False,[],Liang Cao,3
EDUC 352W,D100,summer,2021,EDUC 252.,EDUC 252,False,"[{'days': 'Tu, Th', 'startTime': '8:30', 'endTime': '12:20', 'campus': 'Burnaby'}]",Marela Dichupa;Cary Campbell,4
EDUC 370,D100,summer,2021,"Completion of at least 60 units, including 3 units in Education.",,False,"[{'days': 'Fr', 'startTime': '13:30', 'endTime': '17:20', 'campus': 'Burnaby'}]",Dale McCartney,4
EDUC 371W,E100,summer,2021,60 units; or permission of instructor.,,True,"[{'days': 'We', 'startTime': '17:30', 'endTime': '21:20', 'campus': 'Burnaby'}]",Lance Castonguay,4
EDUC 376,D100,summer,2021,,,False,"[{'days': 'Tu', 'startTime': '14:30', 'endTime': '17:20', 'campus': 'Burnaby'}]",Rebecca (Becky) Cox,3
EDUC 382,D100,summer,2021,60 units.,,False,"[{'days': 'Mo', 'startTime': '13:30', 'endTime': '17:20', 'campus': 'Burnaby'}]",Jacqueline Barreiro,4
EDUC 404,D001,summer,2021,EDUC 401/402 or corequisite EDUC 403.,EDUC 401;EDUC 403,False,[],,0
EDUC 411,D100,summer,2021,"One of MATH 152, 155 or 158. Corequisite: EDUC 415 or appropriate math background and permission of instructor.",MATH 152;EDUC 415,False,"[{'days': 'Tu', 'startTime': '13:30', 'endTime': '17:20', 'campus': 'Burnaby'}]",Rina Zazkis,3
EDUC 412W,D100,summer,2021,EDUC 401/402 or corequisite EDUC 403.,EDUC 401;EDUC 403,False,[],Robert Manery,4
EDUC 415,E100,summer,2021,"One of MATH 152, 155, or 158, and either EDUC 401/402 or corequisite EDUC 403.",MATH 152;EDUC 401;EDUC 403,False,"[{'days': 'Tu', 'startTime': '17:30', 'endTime': '21:20', 'campus': 'Burnaby'}]",Robert Sidley,4
EDUC 422,OL01,summer,2021,PSYC 250 or corequisite of EDUC 315 or 473. Students may be required to successfully complete a Criminal Record Check.,PSYC 250;EDUC 315,False,[],Pamela Filiatrault-Veilleux,4
EDUC 423,D100,summer,2021,Or corequisite: EDUC 323.,EDUC 323,False,"[{'days': 'We', 'startTime': '13:30', 'endTime': '17:20', 'campus': 'Burnaby'}]",Gillian Diane Smith,4
EDUC 423,E100,summer,2021,Or corequisite: EDUC 323.,EDUC 323,False,"[{'days': 'Th', 'startTime': '16:30', 'endTime': '20:20', 'campus': 'Burnaby'}]",Carmen Almarza,4
EDUC 424,D100,summer,2021,Prerequisite or corequisite: EDUC 422. Students must successfully complete a Criminal Record Check.,EDUC 422,False,"[{'days': 'We', 'startTime': '8:30', 'endTime': '12:20', 'campus': 'Burnaby'}]",Robert Williamson,4
EDUC 424,E100,summer,2021,Prerequisite or corequisite: EDUC 422. Students must successfully complete a Criminal Record Check.,EDUC 422,False,"[{'days': 'We', 'startTime': '17:30', 'endTime': '21:20', 'campus': None}]",Robert Williamson,4
EDUC 426,D100,summer,2021,"Students may be required to successfully complete a Criminal Record Check. 60 units including EDUC 220 or PSYC 250, or EDUC 401/402 or Corequsite: EDUC 403.",EDUC 220;PSYC 250;EDUC 401;EDUC 403,False,"[{'days': 'Mo', 'startTime': '13:30', 'endTime': '17:20', 'campus': 'Burnaby'}]",Inna Stepaniuk,4
EDUC 428W,E100,summer,2021,EDUC 401/2 or EDUC 403. Students must successfully complete an SFU Criminal Records Check.,EDUC 401;EDUC 403,False,"[{'days': 'Tu', 'startTime': '17:30', 'endTime': '21:20', 'campus': 'Burnaby'}]",Lannie Kanevsky,4
EDUC 437,OL01,summer,2021,60 units including 3 units in Education.,,False,[],Scott Bowering,4
EDUC 448,C100,summer,2021,60 units including six in education courses. Teaching experience is recommended.,,False,[],Wanda Cassidy,4
EDUC 454,E100,summer,2021,EDUC 401 and EDUC 402 or Corequisite: EDUC 403.,EDUC 401;EDUC 402;EDUC 403,False,"[{'days': 'We', 'startTime': '17:30', 'endTime': '21:20', 'campus': 'Burnaby'}]",Allan MacKinnon,4
EDUC 464,D100,summer,2021,EDUC 401/402 or PSYC 250 or corequisite EDUC 403.,EDUC 401;PSYC 250;EDUC 403,False,"[{'days': 'Th', 'startTime': '13:30', 'endTime': '17:20', 'campus': 'Burnaby'}]",Catherine Read,4
EDUC 465,D100,summer,2021,60 units.,,False,[],Beth Marshall,4
EDUC 465,D200,summer,2021,60 units.,,False,[],Beth Marshall,4
EDUC 466,C100,summer,2021,Corequisite: EDUC 464.,EDUC 464,False,[],Margaret MacDonald,4
EDUC 471,C100,summer,2021,60 units.,,False,[],Susan Barber,4
EDUC 471,C200,summer,2021,60 units.,,False,[],Susan Barber,4
EDUC 471,C300,summer,2021,60 units.,,False,[],Susan Barber,4
EDUC 471,D100,summer,2021,60 units.,,False,"[{'days': 'Th', 'startTime': '8:30', 'endTime': '12:20', 'campus': 'Burnaby'}]",Lee Beavington,4
EDUC 471,D200,summer,2021,60 units.,,False,"[{'days': 'We', 'startTime': '13:30', 'endTime': '17:20', 'campus': 'Burnaby'}]",Maureen Jack-LaCroix,4
EDUC 471,E100,summer,2021,60 units.,,False,"[{'days': 'Mo, We', 'startTime': '17:30', 'endTime': '21:20', 'campus': 'Burnaby'}]",Nancy Griffith-Zahner,4
EDUC 473W,E100,summer,2021,EDUC 401/402 or corequisite EDUC 403.,EDUC 401;EDUC 403,False,"[{'days': 'Mo', 'startTime': '17:30', 'endTime': '21:20', 'campus': 'Burnaby'}]",Julie Sture,4
EDUC 482,D100,summer,2021,60 units.,,False,"[{'days': 'Th', 'startTime': '13:30', 'endTime': '17:20', 'campus': 'Burnaby'}]",Matthew Kruger-Ross,4
ARCH 100,C100,summer,2021,,,False,[],Ross Jamieson,3
ARCH 100,D100,summer,2021,,,False,"[{'days': 'Mo, We', 'startTime': '9:30', 'endTime': '12:20', 'campus': 'Burnaby'}]",Francesco Berna,3
ARCH 101,C100,summer,2021,,,False,[],David Maxwell,3
ARCH 101,D100,summer,2021,,,False,[],Bob Muir,3
ARCH 105,D100,summer,2021,,,False,[],David Maxwell,3
ARCH 131,C100,summer,2021,,,False,[],Dennis Sandgathe,3
ARCH 131,D100,summer,2021,,,False,[],Dennis Sandgathe,3
ARCH 226,C100,summer,2021,,,False,[],David Maxwell,3
ARCH 301,C100,summer,2021,45 credit hours.,,False,[],Laurie Darcus,3
EVSC 100,D100,summer,2021,,,False,"[{'days': 'Th', 'startTime': '14:30', 'endTime': '16:20', 'campus': 'Burnaby'}]",Tara Holland,3
EVSC 380,D100,summer,2021,Acceptance in the environment science co-operative education program.,,True,[],,3
EVSC 381,D100,summer,2021,EVSC 380 and re-admission to the environment science co-operative education program.,EVSC 380,False,[],,3
GEOG 100,C100,summer,2021,,,False,[],Gretchen Ferguson,3
GEOG 100,D100,summer,2021,,,False,"[{'days': 'We', 'startTime': '14:30', 'endTime': '17:20', 'campus': 'Burnaby'}]",Jason Young,3
GEOG 104,D100,summer,2021,,,False,"[{'days': 'Tu', 'startTime': '14:30', 'endTime': '17:20', 'campus': 'Burnaby'}]",Tara Holland,3
GEOG 162,C100,summer,2021,,,False,[],Michele Wiens,3
GEOG 255,D100,summer,2021,GEOG 100 or 111 or permission of instructor.,GEOG 100,False,[],Shivanand Balram,3
GEOG 312,C100,summer,2021,"One of GEOG 100, 104 or 111 or one of EASC 101 or 104.",GEOG 100;EASC 101,False,[],Andrew Perkins,4
GEOG 327,D100,summer,2021,"At least 45 units, including GEOG 100 or REM 100.",GEOG 100;REM 100,False,[],Lauren Harding,4
GEOG 364,D100,summer,2021,"At least 45 units, including GEOG 100.",GEOG 100,False,"[{'days': 'Mo', 'startTime': '10:30', 'endTime': '12:20', 'campus': 'Burnaby'}]",Melora Koepke,4
GEOG 386,D100,summer,2021,"At least 45 units, including either GEOG 100 or HSCI 130.",GEOG 100;HSCI 130,False,[],John Pickering,4
GEOG 387,D100,summer,2021,"At least 45 units, including GEOG 100.",GEOG 100,False,"[{'days': 'Mo', 'startTime': '14:30', 'endTime': '16:20', 'campus': 'Burnaby'}]",Melora Koepke,4
REM 100,D100,summer,2021,,,False,[],Scott Harrison,3
REM 200,D100,summer,2021,"One of REM 100, GEOG 100 or 111, or EVSC 100; and 30 units.",REM 100;GEOG 100;EVSC 100,False,"[{'days': 'Tu, Th', 'startTime': '10:30', 'endTime': '12:20', 'campus': 'Burnaby'}]",Duncan Knowler,3
REM 319,E100,summer,2021,45 units.,,False,"[{'days': 'Mo', 'startTime': '17:30', 'endTime': '20:20', 'campus': 'Burnaby'}]",Cameron Brewer,3
REM 471,D100,summer,2021,"One of REM 100, or GEOG 100 or 111, or EVSC 100 or BISC 102; and 45 units.",REM 100;GEOG 100;EVSC 100;BISC 102,False,"[{'days': 'Mo', 'startTime': '13:00', 'endTime': '17:00', 'campus': 'Burnaby'}]",Jason Brown,4
SD 401,E100,summer,2021,60 units or admission to the Post Baccalaureate Diploma in Sustainable Development. Recommended: SD 281 or equivalent.,,False,"[{'days': 'We', 'startTime': '17:30', 'endTime': '21:20', 'campus': 'Burnaby'}]",Cherie Enns,4
HSCI 100,D100,summer,2021,,,False,"[{'days': 'We', 'startTime': '14:30', 'endTime': '17:20', 'campus': 'Burnaby'}]",Shabnam Massah,3
HSCI 130,D100,summer,2021,,,False,"[{'days': 'Tu', 'startTime': '14:30', 'endTime': '16:20', 'campus': 'Burnaby'}, {'days': 'Fr', 'startTime': '14:30', 'endTime': '15:20', 'campus': 'Burnaby'}]",Robert Hogg,4
HSCI 160,D100,summer,2021,,,False,"[{'days': 'We', 'startTime': '9:30', 'endTime': '12:20', 'campus': 'Burnaby'}]",John O'Neil,3
HSCI 216,D100,summer,2021,"HSCI 100 or BISC 101, with a minimum grade of C-.",HSCI 100;BISC 101,False,"[{'days': 'Mo, We', 'startTime': '14:30', 'endTime': '17:20', 'campus': 'Burnaby'}]",Pablo Nepomnaschy,3
HSCI 305,D100,summer,2021,"60 units, including nine HSCI units with a minimum grade of C-.",,False,"[{'days': 'Th', 'startTime': '14:30', 'endTime': '17:20', 'campus': None}]",Lauren Currie,3
HSCI 312,D100,summer,2021,"60 units, including either HSCI 130 or BPK 140, with a minimum grade of C-.",HSCI 130;BPK 140,False,"[{'days': 'Mo', 'startTime': '9:30', 'endTime': '12:20', 'campus': 'Burnaby'}]",Kate Tairyan,3
HSCI 330,D100,summer,2021,"Nine HSCI units with a minimum grade of C- including one HSCI 200 division course and either STAT 302 or 305, with a minimum grade of C-, which may be taken concurrently.",HSCI 200;STAT 302,False,"[{'days': 'We', 'startTime': '9:30', 'endTime': '12:20', 'campus': 'Burnaby'}]",Meghan Winters,3
HSCI 475,D100,summer,2021,MBB 331 with a minimum grade of C- or permission of the instructor.,MBB 331,False,"[{'days': 'Fr', 'startTime': '9:30', 'endTime': '12:20', 'campus': 'Burnaby'}]",Rebecca Kalikawe,3
HSCI 481,D100,summer,2021,"90 units, including at least 15 upper division HSCI units with a minimum grade of C-. Other prerequisites may vary according to topic.",,False,"[{'days': 'Tu, Th', 'startTime': '8:30', 'endTime': '11:20', 'campus': 'Burnaby'}]",Rochelle Tucker,3
HSCI 481,D200,summer,2021,"90 units, including at least 15 upper division HSCI units with a minimum grade of C-. Other prerequisites may vary according to topic.",,False,"[{'days': 'We', 'startTime': '14:30', 'endTime': '17:20', 'campus': 'Burnaby'}]",Mandana Salajegheh,3
HSCI 483,D100,summer,2021,"90 units, including HSCI 204 and HSCI 330, with a minimum grade of C-.",HSCI 204;HSCI 330,False,"[{'days': 'Mo, Tu, We, Th, Fr', 'startTime': '8:30', 'endTime': '11:20', 'campus': 'Burnaby'}]",Bruce Lanphear,3
BISC 101,D100,summer,2021,"High school Biology 12 (or equivalent) with a C grade or better, or BISC 100 with C- or better, or BISC 113 with C+ or better, or HSCI 100 with C+ or better; and High school Chemistry 12 (or equivalent) with a C grade or better, or CHEM 111 with a C- or better.",BISC 100;BISC 113;HSCI 100;CHEM 111,False,"[{'days': 'Tu', 'startTime': '10:30', 'endTime': '11:20', 'campus': 'Burnaby'}, {'days': 'Th', 'startTime': '9:30', 'endTime': '11:20', 'campus': 'Burnaby'}]",Onkar Bains,4
BISC 102,D100,summer,2021,,,False,[],Rolf Mathewes;Miranda Meents,4
BISC 113,C100,summer,2021,"Recommended: Students with a C or better in Biology 12, who are considering a BISC major, are encouraged to proceed directly to BISC 101 and 102.",,False,[],Tammy Mcmullan,3
BISC 202,D100,summer,2021,BISC 101 and 102 with a grade of C- or better.,BISC 101,False,"[{'days': 'Tu', 'startTime': '8:30', 'endTime': '10:20', 'campus': 'Burnaby'}, {'days': 'Th', 'startTime': '8:30', 'endTime': '9:20', 'campus': 'Burnaby'}]",Kathleen Fitzpatrick,3
BISC 300,D100,summer,2021,BISC 202 with a grade of C- or better. Recommended: BISC 204.,BISC 202,False,"[{'days': 'Mo, We, Fr', 'startTime': '12:30', 'endTime': '13:20', 'campus': 'Burnaby'}]",Edward Pokrishevsky,3
BISC 303,D100,summer,2021,BISC 102 and MBB 231 with a grade of C- or better.,BISC 102;MBB 231,False,"[{'days': 'We, Fr', 'startTime': '9:30', 'endTime': '10:20', 'campus': 'Burnaby'}]",Susan Fowler;Agata Becalska,4
BISC 305,D100,summer,2021,BISC 205 and MBB 231 and PHYS 102 (or PHYS 121 or 126 or 141) with a grade of C- or better.,BISC 205;MBB 231;PHYS 102;PHYS 121,False,"[{'days': 'We', 'startTime': '14:30', 'endTime': '17:20', 'campus': 'Burnaby'}]",Inigo Novales Flamarique;Julian Christians,3
BISC 316,D100,summer,2021,BISC 101 and 102 with a grade of C- or better.,BISC 101,False,"[{'days': 'Mo, We, Fr', 'startTime': '10:30', 'endTime': '11:20', 'campus': 'Burnaby'}]",Vinicius Cavicchioli Azevedo,4
BISC 341,I100,summer,2021,Acceptance in the Biological Sciences Co-operative Education Program.,,True,[],,3
BPK 105,C100,summer,2021,"Recommended: Grade 11 Biology, Chemistry and Physics.",,False,[],Ryan Peter Dill,3
BPK 105,C200,summer,2021,"Recommended: Grade 11 Biology, Chemistry and Physics.",,False,[],Ryan Peter Dill,3
BPK 110,D100,summer,2021,,,False,"[{'days': 'Tu', 'startTime': '8:30', 'endTime': '10:20', 'campus': 'Burnaby'}]",,3
BPK 110,OL01,summer,2021,,,False,[],,3
BPK 140,OL01,summer,2021,,,False,[],Damon Poburko,3
BPK 141,C100,summer,2021,,,False,[],Tony Leyland,3
BPK 142,D100,summer,2021,"One of Grade 12 Anatomy and Physiology, Biology, Chemistry or Physics with a grade of C or better; or one of BPK 105, BPK 110, BPK 143, BISC 100, BISC 113 or HSCI 100 with a grade of C or better.",BPK 105;BPK 110;BPK 143;BISC 100;BISC 113;HSCI 100,False,"[{'days': 'Th', 'startTime': '8:30', 'endTime': '10:20', 'campus': 'Burnaby'}]",Mike Walsh,3
BPK 241,D100,summer,2021,BPK 142.,BPK 142,False,"[{'days': 'Tu', 'startTime': '8:30', 'endTime': '10:20', 'campus': 'Burnaby'}]",,3
BPK 303,D100,summer,2021,"BPK 201, BPK 241 and STAT 201 or an equivalent statistics course.",BPK 201;BPK 241;STAT 201,False,"[{'days': 'Mo', 'startTime': '10:30', 'endTime': '12:20', 'campus': 'Burnaby'}]",Michael Rosenblat,3
BPK 304W,D100,summer,2021,"BPK 142, 201, 205, and STAT 201.",BPK 142;STAT 201,False,"[{'days': 'Tu', 'startTime': '14:30', 'endTime': '16:20', 'campus': 'Burnaby'}, {'days': 'Fr', 'startTime': '14:30', 'endTime': '15:20', 'campus': 'Burnaby'}]",,3
BPK 310,C100,summer,2021,"BPK 205, MBB 201 (or 231). Recommended: BPK 201.",BPK 205;MBB 201,False,[],Ryan Peter Dill,3
BPK 326,D100,summer,2021,"Admission to the major or honours program in Behavioural Neuroscience or Biomedical Physiology or Kinesiology. BPK 142, 201, 205 and at least 60 units. Behavioral Neuroscience Major and Honours students require BPK 142, 205, PSYC 280 and at least 60 units.",BPK 142;PSYC 280,False,"[{'days': 'Mo, We', 'startTime': '9:30', 'endTime': '10:20', 'campus': 'Burnaby'}]",Leanne Ramer;Michael Rosenblat,4
BPK 340,D100,summer,2021,"BPK 142, STAT 201 (or PSYC 201). Recommended: BPK 140.",BPK 142;STAT 201;PSYC 201,False,"[{'days': 'Th', 'startTime': '8:30', 'endTime': '11:20', 'campus': 'Burnaby'}]",,3
BPK 375,C100,summer,2021,"BPK 105 or 205, and 142.",BPK 105,False,[],Mike Walsh,3
BPK 431,D100,summer,2021,MBB 231 (or MBB 201) and at least 90 units.,MBB 231;MBB 201,False,"[{'days': 'Th', 'startTime': '14:30', 'endTime': '17:20', 'campus': 'Burnaby'}]",Miriam Rosin,3
CHEM 120,D100,summer,2021,"Chemistry 12 with a minimum grade of C, or CHEM 110 or 111 with a minimum grade of C-.",CHEM 110,False,[],Rebecca Goyan,3
CHEM 122,D100,summer,2021,CHEM 120 or 121 with a minimum grade of C-.,CHEM 120,False,"[{'days': 'We', 'startTime': '12:30', 'endTime': '13:20', 'campus': 'Burnaby'}]",Hogan Yu,2
CHEM 125,LA01,summer,2021,"Chemistry 12 with a minimum grade of C, or CHEM 109 or CHEM 111 with a minimum grade of C-. Corequisite: CHEM 120.",CHEM 109;CHEM 111;CHEM 120,False,[],Garry Mund,1
CHEM 126,LA03,summer,2021,CHEM 121 with a minimum grade of C-. Corequisite: CHEM 122.,CHEM 121;CHEM 122,False,"[{'days': 'Tu', 'startTime': '8:30', 'endTime': '12:20', 'campus': 'Burnaby'}]",Garry Mund,2
CHEM 126,LA04,summer,2021,CHEM 121 with a minimum grade of C-. Corequisite: CHEM 122.,CHEM 121;CHEM 122,False,"[{'days': 'Tu', 'startTime': '13:30', 'endTime': '17:20', 'campus': 'Burnaby'}]",Garry Mund,2
CHEM 126,LA05,summer,2021,CHEM 121 with a minimum grade of C-. Corequisite: CHEM 122.,CHEM 121;CHEM 122,False,"[{'days': 'We', 'startTime': '8:30', 'endTime': '12:20', 'campus': 'Burnaby'}]",Garry Mund,2
CHEM 126,LA06,summer,2021,CHEM 121 with a minimum grade of C-. Corequisite: CHEM 122.,CHEM 121;CHEM 122,False,"[{'days': 'We', 'startTime': '13:30', 'endTime': '17:20', 'campus': 'Burnaby'}]",Garry Mund,2
CHEM 126,LA07,summer,2021,CHEM 121 with a minimum grade of C-. Corequisite: CHEM 122.,CHEM 121;CHEM 122,False,"[{'days': 'Th', 'startTime': '8:30', 'endTime': '12:20', 'campus': 'Burnaby'}]",Garry Mund,2
CHEM 126,LA08,summer,2021,CHEM 121 with a minimum grade of C-. Corequisite: CHEM 122.,CHEM 121;CHEM 122,False,"[{'days': 'Th', 'startTime': '13:30', 'endTime': '17:20', 'campus': 'Burnaby'}]",Garry Mund,2
CHEM 210,D100,summer,2021,CHEM 122 with a minimum grade of C-.,CHEM 122,False,"[{'days': 'Tu', 'startTime': '10:30', 'endTime': '11:20', 'campus': 'Burnaby'}]",Paul Li,2
CHEM 216,LA01,summer,2021,"CHEM 122 and CHEM 126, both with a minimum grade of C-. Corequisite: CHEM 210.",CHEM 122;CHEM 126;CHEM 210,False,"[{'days': 'Tu', 'startTime': '13:30', 'endTime': '17:20', 'campus': 'Burnaby'}]",Dev Sharma,2
CHEM 216,LA02,summer,2021,"CHEM 122 and CHEM 126, both with a minimum grade of C-. Corequisite: CHEM 210.",CHEM 122;CHEM 126;CHEM 210,False,"[{'days': 'We', 'startTime': '13:30', 'endTime': '17:20', 'campus': 'Burnaby'}]",Dev Sharma,2
CHEM 280,D100,summer,2021,CHEM 120 or CHEM 121 with a minimum grade of C-. Corequisite: CHEM 122.,CHEM 120;CHEM 121;CHEM 122,False,"[{'days': 'We', 'startTime': '10:30', 'endTime': '11:20', 'campus': 'Burnaby'}]",M Khaled Arafeh,3
CHEM 282,D100,summer,2021,CHEM 281 with a minimum grade of C-.,CHEM 281,False,"[{'days': 'We', 'startTime': '10:30', 'endTime': '11:20', 'campus': 'Burnaby'}]",Vance Williams,2
CHEM 283,D100,summer,2021,CHEM 281 with a minimum grade of C-.,CHEM 281,False,"[{'days': 'We', 'startTime': '10:30', 'endTime': '11:20', 'campus': 'Burnaby'}]",Vance Williams,3
CHEM 285,LA02,summer,2021,"CHEM 120 and CHEM 125, both with a minimum grade of C-, or CHEM 121 with a minimum grade of C-. Corequisite: CHEM 122 and CHEM 280.",CHEM 120;CHEM 125;CHEM 121;CHEM 122;CHEM 280,False,"[{'days': 'Tu', 'startTime': '13:30', 'endTime': '17:20', 'campus': 'Burnaby'}]",Dalia Abdelhamid,1
CHEM 285,LA03,summer,2021,"CHEM 120 and CHEM 125, both with a minimum grade of C-, or CHEM 121 with a minimum grade of C-. Corequisite: CHEM 122 and CHEM 280.",CHEM 120;CHEM 125;CHEM 121;CHEM 122;CHEM 280,False,"[{'days': 'We', 'startTime': '13:30', 'endTime': '17:20', 'campus': 'Burnaby'}]",Dalia Abdelhamid,1
EASC 103,D100,summer,2021,,,False,"[{'days': 'Mo, We, Fr', 'startTime': '9:30', 'endTime': '10:20', 'campus': 'Burnaby'}]",Robbie Donald,3
EASC 206,D100,summer,2021,EASC 101 and prerequisite/co-requisite: EASC 210. All with a grade of C- or better.,EASC 101;EASC 210,False,[],Derek Thorkelson,2
EASC 306,D100,summer,2021,"Prerequisite/Corequisite: EASC 201, 204, 205, and 206. All with a grade of C- or better.",EASC 201,False,[],Derek Thorkelson,3
MACM 316,D100,summer,2021,"MATH 152 or 155 or 158, and MATH 232 or 240, and computing experience.",MATH 152;MATH 232,False,"[{'days': 'Mo, We, Fr', 'startTime': '10:30', 'endTime': '11:20', 'campus': 'Burnaby'}]",Pengyu Liu,3
MATH 150,D100,summer,2021,"Pre-Calculus 12 (or equivalent) with a grade of at least B+, or MATH 100 with a grade of at least B-, or achieving a satisfactory grade on the Simon Fraser University Calculus Readiness Test.",MATH 100,False,"[{'days': 'Mo, We, Fr', 'startTime': '13:30', 'endTime': '14:20', 'campus': 'Burnaby'}]",Seyyed Aliasghar Hosseini,4
MATH 152,D100,summer,2021,"MATH 150 or 151, with a minimum grade of C-; or MATH 154 or 157 with a grade of at least B.",MATH 150;MATH 154,False,"[{'days': 'Mo, We, Fr', 'startTime': '8:30', 'endTime': '9:20', 'campus': 'Burnaby'}]",Vijaykumar Singh,3
MATH 155,D100,summer,2021,"MATH 150, 151 or 154, with a minimum grade of C-; or MATH 157 with a grade of at least B.",MATH 150;MATH 157,False,"[{'days': 'Mo, We, Fr', 'startTime': '8:30', 'endTime': '9:20', 'campus': 'Burnaby'}]",Mahdieh Malekian,3
MATH 157,D100,summer,2021,"Pre-Calculus 12 (or equivalent) with a grade of at least B, or MATH 100 with a grade of at least C, or achieving a satisfactory grade on the Simon Fraser University Calculus Readiness Test.",MATH 100,False,"[{'days': 'Mo, We, Fr', 'startTime': '11:30', 'endTime': '12:20', 'campus': 'Burnaby'}]",Justin Chan,3
MATH 190,OL01,summer,2021,"Pre-Calculus 11 or Foundations of Mathematics 11 (or equivalent) with a grade of at least B, or SFU FAN X99 course with a grade of at least C, or achieving a satisfactory grade on the Simon Fraser University Quantitative Placement Test. This course may not be counted toward the Mathematics minor, major or honours degree requirements. Students who have taken, have received transfer credit for, or are currently taking MATH 150, 151, 154 or 157 may not take MATH 190 for credit without permission from the Department of Mathematics. Intended to be particularly accessible to students who are not specializing in mathematics.",MATH 150;MATH 190,False,[],Petra Menz,4
MATH 232,D200,summer,2021,"MATH 150 or 151 or MACM 101, with a minimum grade of C-; or MATH 154 or 157, both with a grade of at least B.",MATH 150;MACM 101;MATH 154,False,"[{'days': 'Mo, We, Fr', 'startTime': '14:30', 'endTime': '15:20', 'campus': 'Burnaby'}]",Justin Chan,3
MATH 240,D100,summer,2021,"MATH 150 or 151 or MACM 101, with a minimum grade of C-; or MATH 154 or 157, both with a grade of at least B.",MATH 150;MACM 101;MATH 154,False,"[{'days': 'Mo, We, Fr', 'startTime': '11:30', 'endTime': '12:20', 'campus': 'Burnaby'}]",Shuxing Li,3
MATH 251,D100,summer,2021,MATH 152 with a minimum grade of C-; or MATH 155 or MATH 158 with a grade of at least B. Recommended: It is recommended that MATH 240 or 232 be taken before or concurrently with MATH 251.,MATH 152;MATH 155;MATH 158,False,"[{'days': 'Mo, We, Fr', 'startTime': '13:30', 'endTime': '14:20', 'campus': 'Burnaby'}]",Steven Ruuth,3
MATH 251,D200,summer,2021,MATH 152 with a minimum grade of C-; or MATH 155 or MATH 158 with a grade of at least B. Recommended: It is recommended that MATH 240 or 232 be taken before or concurrently with MATH 251.,MATH 152;MATH 155;MATH 158,False,"[{'days': 'Mo, We, Fr', 'startTime': '9:30', 'endTime': '10:20', 'campus': 'Burnaby'}]",Jamie Mulholland,3
MATH 254,D100,summer,2021,"MATH 240 or 232, and 251, all with a minimum grade of C-. MATH 240 or 232 may be taken concurrently.",MATH 240,False,"[{'days': 'Mo, We, Fr', 'startTime': '13:30', 'endTime': '14:20', 'campus': 'Burnaby'}]",Mahsa Faizrahnemoon,3
MATH 260,D100,summer,2021,"MATH 152 with a minimum grade of C-; or MATH 155 or 158, with a grade of at least B; MATH 232 or 240, with a minimum grade of C-.",MATH 152;MATH 155;MATH 232,False,"[{'days': 'Mo, We, Fr', 'startTime': '12:30', 'endTime': '13:20', 'campus': 'Burnaby'}]",Justin Gray,3
MATH 260,D200,summer,2021,"MATH 152 with a minimum grade of C-; or MATH 155 or 158, with a grade of at least B; MATH 232 or 240, with a minimum grade of C-.",MATH 152;MATH 155;MATH 232,False,"[{'days': 'Mo, We, Fr', 'startTime': '12:30', 'endTime': '13:20', 'campus': 'Burnaby'}]",Vijaykumar Singh,3
MATH 338,D100,summer,2021,"MATH 340 or 332, with a minimum grade of C- or permission of the instructor.",MATH 340,False,"[{'days': 'We', 'startTime': '15:30', 'endTime': '16:20', 'campus': 'Burnaby'}, {'days': 'Fr', 'startTime': '14:30', 'endTime': '16:20', 'campus': 'Burnaby'}]",Imin Chen,3
MATH 342,D100,summer,2021,"MATH 240 or 232, with a minimum grade of C-, and one additional 200 level MATH or MACM course.",MATH 240,False,"[{'days': 'Mo', 'startTime': '14:30', 'endTime': '16:20', 'campus': 'Burnaby'}, {'days': 'We', 'startTime': '14:30', 'endTime': '15:20', 'campus': 'Burnaby'}]",Imin Chen,3
MATH 426,D100,summer,2021,"MATH 242 and (MATH 348 or STAT 380), all with a minimum grade of C-.",MATH 242;MATH 348;STAT 380,False,"[{'days': 'Mo', 'startTime': '12:30', 'endTime': '14:20', 'campus': 'Burnaby'}, {'days': 'We', 'startTime': '12:30', 'endTime': '13:20', 'campus': 'Burnaby'}]",Paul Tupper,3
MATH 436,D100,summer,2021,MATH 337 and permission of the co-op co-ordinator; students must apply at least one term in advance.,MATH 337,False,[],,3
MBB 151,D100,summer,2021,Acceptance in the Science Co-operative Education Program.,,True,[],,3
MBB 201,D100,summer,2021,BISC 101; CHEM 281 as prerequisite or corequisite.,BISC 101;CHEM 281,False,"[{'days': 'Mo, We, Fr', 'startTime': '14:30', 'endTime': '15:20', 'campus': 'Burnaby'}]",Ingrid Northwood,3
MBB 222,D100,summer,2021,or Corequisite CHEM 281.,CHEM 281,False,"[{'days': 'Mo, We, Fr', 'startTime': '11:30', 'endTime': '12:20', 'campus': 'Burnaby'}]",Irina Kovalyova,3
MBB 231,D100,summer,2021,"MBB 222, BISC 101, CHEM 281 with grades of C- or better. Corequisite or Prerequisite: CHEM 282 or CHEM 283.",MBB 222;BISC 101;CHEM 281;CHEM 282;CHEM 283,False,"[{'days': 'Mo, We, Fr', 'startTime': '11:30', 'endTime': '12:20', 'campus': 'Burnaby'}]",Sophie Sneddon,3
MBB 251,D100,summer,2021,Acceptance in the Science Co-operative Education Program.,,True,[],,3
MBB 302,D100,summer,2021,"45 units. This course is only open to students in the Faculties of Applied Sciences, Arts and Social Sciences, Communication, Art and Technology, Education, Environment, Beedie School of Business and Health Sciences (Bachelor of Arts Degree Program only).",,False,"[{'days': 'Tu, Th', 'startTime': '14:30', 'endTime': '16:20', 'campus': 'Burnaby'}]",Lynne Quarmby,3
MBB 308,D100,summer,2021,or corequisite: MBB 331 with a minimum grade of C-.,MBB 331,False,"[{'days': 'Mo', 'startTime': '14:30', 'endTime': '16:20', 'campus': 'Burnaby'}]",Stephanie Vlachos,3
MBB 321,D100,summer,2021,"MBB 231, with a minimum grade of C.",MBB 231,False,"[{'days': 'Mo, We, Fr', 'startTime': '11:30', 'endTime': '12:20', 'campus': 'Burnaby'}]",Ingrid Northwood,3
MBB 331,D100,summer,2021,"MBB 231, and BISC 202, with a minimum grade of C.",MBB 231;BISC 202,False,"[{'days': 'Tu, Th', 'startTime': '10:30', 'endTime': '12:20', 'campus': 'Burnaby'}]",Irina Kovalyova,4
MBB 402,D100,summer,2021,MBB 331 or BISC 302W with a minimum grade of C.,MBB 331;BISC 302W,False,"[{'days': 'We, Fr', 'startTime': '10:30', 'endTime': '12:20', 'campus': 'Burnaby'}]",Stephanie Vlachos,3
MBB 429,D100,summer,2021,MBB 331 with a minimum grade of C.,MBB 331,False,"[{'days': 'We, Fr', 'startTime': '8:30', 'endTime': '10:20', 'campus': 'Burnaby'}]",Peter Unrau,3
MBB 430,D100,summer,2021,"MBB 322 and MBB 331, with a minimum grade of C.",MBB 322;MBB 331,False,"[{'days': 'Tu, Th', 'startTime': '10:30', 'endTime': '12:20', 'campus': 'Burnaby'}]",Christopher Beh,3
MBB 461,D100,summer,2021,"MBB 331 and MBB 342, with a minimum grade of C.",MBB 331;MBB 342,False,"[{'days': 'Tu, Th', 'startTime': '8:30', 'endTime': '10:20', 'campus': 'Burnaby'}]",Nansheng Chen,3
PHYS 100,D100,summer,2021,BC Pre-Calculus 12 (or equivalent) or MATH 100. BC Physics 11 (or equivalent) is recommended.,MATH 100,False,"[{'days': 'Mo, We, Fr', 'startTime': '9:30', 'endTime': '10:20', 'campus': 'Burnaby'}]",Simin Bagheri Najmi,3
PHYS 101,D100,summer,2021,"BC Principles of Physics 12 or PHYS 100 or equivalent, with a minimum grade of C-. This prerequisite may be waived, at the discretion of the department, as determined by the student's performance on a regularly scheduled PHYS 100 final exam. Please consult the physics advisor for further details. Corequisite: MATH 150 or 151 or 154 or 157; BISC 100 or 101 or 102. Recommended Corequisite: PHYS 132.",PHYS 100;MATH 150;BISC 100;PHYS 132,False,"[{'days': 'Mo, We, Fr', 'startTime': '9:30', 'endTime': '10:20', 'campus': 'Burnaby'}]",Andrew DeBenedictis,3
PHYS 102,D100,summer,2021,"PHYS 101 or 120 or 125 or 140; MATH 150 or 151 or 154 or 157; both with a minimum grade of C-. Corequisite: BISC 100 or 101 or 102. Recommended Corequisites: MATH 152, 155 or 158; PHYS 133.",PHYS 101;MATH 150;BISC 100;MATH 152;PHYS 133,False,"[{'days': 'Mo, We, Fr', 'startTime': '11:30', 'endTime': '12:20', 'campus': 'Burnaby'}]",Andrew DeBenedictis,3
PHYS 121,D100,summer,2021,"PHYS 120 or 125 or 140, with a minimum grade of C-, or PHYS 101 with a minimum grade of B. Corequisite: MATH 152 or 155. Recommended Corequisite: PHYS 133.",PHYS 120;PHYS 101;MATH 152;PHYS 133,False,"[{'days': 'Mo, We, Fr', 'startTime': '9:30', 'endTime': '10:20', 'campus': 'Burnaby'}]",Sarah Johnson,3
PHYS 133,LA01,summer,2021,"PHYS 132 or 140 or ENSC 120 (no substitutions), with a minimum grade of C-. Corequisite: PHYS 102 or 121 or 126.",PHYS 132;ENSC 120;PHYS 102,False,"[{'days': 'Th', 'startTime': '14:30', 'endTime': '18:20', 'campus': 'Burnaby'}]",Simin Bagheri Najmi,1
PHYS 335,D100,summer,2021,"Completion of 30 units, with a minimum GPA of 2.75 in the physics program. Students should apply to the department at least one term in advance.",,False,[],,3
STAT 100,D100,summer,2021,,,False,"[{'days': 'Mo', 'startTime': '14:30', 'endTime': '15:20', 'campus': 'Burnaby'}, {'days': 'Th', 'startTime': '14:30', 'endTime': '16:20', 'campus': 'Burnaby'}]",Gaitri Yapa,3
STAT 201,D100,summer,2021,Recommended: 30 units.,,False,"[{'days': 'We', 'startTime': '13:30', 'endTime': '14:20', 'campus': 'Burnaby'}, {'days': 'Fr', 'startTime': '12:30', 'endTime': '14:20', 'campus': 'Burnaby'}]",Tim Swartz,3
STAT 203,E100,summer,2021,"Recommended: 30 units including a research methods course such as SA 255, CRIM 220, POL 200, or equivalent.",,False,"[{'days': 'Tu', 'startTime': '16:30', 'endTime': '17:20', 'campus': 'Burnaby'}, {'days': 'Th', 'startTime': '16:30', 'endTime': '18:20', 'campus': 'Burnaby'}]",Scott Pai,3
STAT 270,D100,summer,2021,"or Corequisite: MATH 152 or 155 or 158, with a minimum grade of C-. Students wishing an intuitive appreciation of a broad range of statistical strategies may wish to take STAT 100 first.",MATH 152;STAT 100,False,"[{'days': 'We', 'startTime': '11:30', 'endTime': '12:20', 'campus': 'Burnaby'}, {'days': 'Fr', 'startTime': '10:30', 'endTime': '12:20', 'campus': 'Burnaby'}]",Scott Pai,3
STAT 300W,D100,summer,2021,Admission to the major or honours programs in statistics; STAT 350 with a minimum grade of C- or permission of the instructor; prior completion of a lower division W course.,STAT 350,False,"[{'days': 'Tu', 'startTime': '10:30', 'endTime': '12:20', 'campus': 'Burnaby'}, {'days': 'Fr', 'startTime': '10:30', 'endTime': '11:20', 'campus': 'Burnaby'}]",Michael Davis,3
STAT 302,D100,summer,2021,"One of STAT 201, STAT 203, STAT 205, STAT 270, or BUEC 232, with a minimum grade of C-.",STAT 201;STAT 203;STAT 205;STAT 270;BUEC 232,False,"[{'days': 'Mo', 'startTime': '14:30', 'endTime': '15:20', 'campus': 'Burnaby'}, {'days': 'Th', 'startTime': '14:30', 'endTime': '16:20', 'campus': 'Burnaby'}]",Rachel Altman,3
STAT 336,D100,summer,2021,Students must apply and receive permission from the co-op co-ordinator at least one but preferably two terms in advance. They will normally be required to have completed 45 units with a GPA of 2.5 before they may take this practicum course.,,True,[],,3
ENSC 296,D200,summer,2021,ENSC 195 or 196 and approval of internship co-ordinator required.,ENSC 195,False,"[{'days': 'Mo, Tu, We, Th, Fr', 'startTime': '8:00', 'endTime': '20:00', 'campus': None}]",,3
MSE 110,D100,summer,2021,,,False,"[{'days': 'Tu', 'startTime': '8:30', 'endTime': '10:20', 'campus': 'Burnaby'}, {'days': 'Fr', 'startTime': '8:30', 'endTime': '9:20', 'campus': 'Burnaby'}]",Amr Marzouk,3
MSE 393,D100,summer,2021,MSE 293 or 294.,MSE 293,False,"[{'days': 'Mo, Tu, We, Th, Fr', 'startTime': '8:30', 'endTime': '16:50', 'campus': None}]",,3
MSE 394,D100,summer,2021,MSE 293 or 294 and approval of internship co-ordinator required.,MSE 293,False,"[{'days': 'Mo, Tu, We, Th, Fr', 'startTime': '8:30', 'endTime': '16:50', 'campus': None}]",,3
MSE 404,D100,summer,2021,,,False,"[{'days': 'We', 'startTime': '9:30', 'endTime': '10:20', 'campus': 'Burnaby'}]",,1
MSE 411,D100,summer,2021,MSE 410. Must not be taken concurrently with MSE 493 or MSE 494.,MSE 410;MSE 493;MSE 494,False,"[{'days': 'Fr', 'startTime': '9:30', 'endTime': '12:20', 'campus': 'Burnaby'}]",Farid Golnaraghi,3
MSE 427,D100,summer,2021,"MSE 280 or ENSC 380, MSE 320 or ENSC 382, MSE 321 or ENSC 388 and a minimum of 80 credits.",MSE 280;ENSC 380;MSE 320;ENSC 382;MSE 321;ENSC 388,False,"[{'days': 'Th', 'startTime': '8:30', 'endTime': '11:20', 'campus': 'Burnaby'}]",Gary Wang,3
MSE 452,D100,summer,2021,MSE 353.,MSE 353,False,"[{'days': 'Tu', 'startTime': '8:30', 'endTime': '10:20', 'campus': 'Burnaby'}, {'days': 'Fr', 'startTime': '8:30', 'endTime': '9:20', 'campus': 'Burnaby'}]",Jason Jiacheng Wang,3
CHIN 100,D200,summer,2021,,,False,"[{'days': 'We, Fr', 'startTime': '12:30', 'endTime': '14:20', 'campus': 'Burnaby'}]",Jia Fei,3
CRIM 135,D100,summer,2021,,,False,"[{'days': 'Tu', 'startTime': '8:30', 'endTime': '10:20', 'campus': 'Burnaby'}]",Amy Conroy,3
ECON 370,E100,summer,2021,"ECON 103 and ECON 105, with a minimum grade of C-.",ECON 103;ECON 105,False,"[{'days': 'Tu', 'startTime': '18:30', 'endTime': '20:20', 'campus': 'Burnaby'}]",Natt Hongdilokkul,3
ENGL 205,D100,summer,2021,Two 100 division English courses.,,False,"[{'days': 'We, Fr', 'startTime': '9:30', 'endTime': '10:20', 'campus': 'Burnaby'}]",Betty Schellenberg,3
ENGL 434W,E100,summer,2021,"Two 300 division English courses. Strongly recommend: ENGL 327 or 330. Reserved for English honours, major, joint major and minor students.",ENGL 327,False,"[{'days': 'Mo', 'startTime': '16:30', 'endTime': '20:20', 'campus': 'Burnaby'}]",Margaret Linley,4
GERM 102,D100,summer,2021,,,False,"[{'days': 'Tu, We, Th, Fr', 'startTime': '10:30', 'endTime': '12:20', 'campus': 'Burnaby'}]",Julia Rueben,3
HIST 236,D100,summer,2021,,,False,"[{'days': 'Th', 'startTime': '12:30', 'endTime': '14:20', 'campus': 'Burnaby'}]",Janice Matsumura,3
HUM 350,D100,summer,2021,45 units.,,False,"[{'days': 'Mo', 'startTime': '13:30', 'endTime': '16:50', 'campus': 'Burnaby'}]",Svend Robinson,4
INDG 332,D200,summer,2021,INDG (or FNST) 101.,,False,"[{'days': 'Fr', 'startTime': '12:30', 'endTime': '18:20', 'campus': 'Burnaby'}]",Robert Bandringa,3
JAPN 100,D300,summer,2021,,,False,"[{'days': 'We, Fr', 'startTime': '14:30', 'endTime': '16:20', 'campus': 'Burnaby'}]",Eri Hato,3
LBST 308,D100,summer,2021,Strongly Recommended: LBST 101 and/or 301.,,False,"[{'days': 'Mo', 'startTime': '9:30', 'endTime': '12:20', 'campus': 'Burnaby'}]",Benjamin Anderson,3
PHIL 326,D100,summer,2021,"One of PHIL 120W (or equivalent), 121, 220, 221, ENV 320W, or with permission of instructor.",PHIL 120W;ENV 320W,False,"[{'days': 'Th', 'startTime': '11:30', 'endTime': '14:20', 'campus': 'Burnaby'}]",Jennifer Warriner,3
POL 141,D100,summer,2021,,,False,"[{'days': 'We, Fr', 'startTime': '15:30', 'endTime': '16:50', 'campus': 'Burnaby'}]",Elis Vllasi,3
PSYC 480,D100,summer,2021,"PSYC 201, 210, 280, 60 units, and a CGPA of 3.0. Other prerequisites vary by topic offering.",PSYC 201,False,"[{'days': 'Th', 'startTime': '14:30', 'endTime': '17:20', 'campus': 'Burnaby'}]",Ralph Mistlberger,4
BUS 217W,D400,summer,2021,"BUS 201 with a minimum grade of C- and 15 units; OR 45 units and corequisite: BUS 202; OR Business Administration joint major, joint honours, or double degree students with 45 units; OR Data Science majors with 15 units.",BUS 201;BUS 202,False,"[{'days': 'Fr', 'startTime': '14:30', 'endTime': '17:20', 'campus': 'Burnaby'}]",,3
BUS 221,E100,summer,2021,,,False,"[{'days': 'Mo', 'startTime': '18:30', 'endTime': '21:20', 'campus': 'Burnaby'}]",,3
BUS 326,D100,summer,2021,,,False,[],,3
BUS 421,E100,summer,2021,"BUS 207 (or ECON 201 or ECON 301), BUS 321, BUS 360W, all with a minimum grade of C-; 60 units.",BUS 207;ECON 201;ECON 301;BUS 321;BUS 360W,False,"[{'days': 'Mo', 'startTime': '16:30', 'endTime': '19:20', 'campus': 'Burnaby'}]",,3
BUS 446,D100,summer,2021,"BUS 343, 347, 360W, all with a minimum grade of C-; 60 units.",BUS 343,False,"[{'days': 'Tu', 'startTime': '11:30', 'endTime': '14:20', 'campus': 'Burnaby'}]",,3
BUS 485,D100,summer,2021,"BUS 272, 360W, and either 374 or 381, all with a minimum grade of C-; 60 units.",BUS 272,False,"[{'days': 'Th', 'startTime': '11:30', 'endTime': '14:20', 'campus': 'Burnaby'}]",,3
CA 263,D100,summer,2021,CA (or FPA) 160. A course materials fee is required.,,False,"[{'days': 'Mo, We', 'startTime': '9:30', 'endTime': '15:20', 'campus': 'DT VSAR'}]",Neil Wedman,3
CMNS 453,D100,summer,2021,"75 units, including CMNS 253W, 353 or 354, with a minimum grade of C-. CMNS 362 is recommended.",CMNS 253W;CMNS 362,False,"[{'days': 'Th', 'startTime': '13:30', 'endTime': '17:20', 'campus': 'Burnaby'}]",,4
IAT 373,D100,summer,2021,IAT 272 (or WKTM 200).,IAT 272;WKTM 200,False,"[{'days': 'Mo, Tu, We, Th, Fr, Sa, Su', 'startTime': '8:00', 'endTime': '20:00', 'campus': 'Burnaby'}]",,3
IAT 374,I100,summer,2021,IAT 373 (or WKTM 300).,IAT 373;WKTM 300,False,"[{'days': 'Mo, Tu, We, Th, Fr, Sa, Su', 'startTime': '8:00', 'endTime': '20:00', 'campus': None}]",,3
IAT 438,D100,summer,2021,"Completion of 60 units, including IAT 233, 235 and 267, with a minimum grade of C-.",IAT 233,False,"[{'days': 'Th', 'startTime': '13:30', 'endTime': '17:20', 'campus': 'Burnaby'}]",,3
PUB 231,D100,summer,2021,PUB 131 or equivalent. IAT 102 is recommended.,PUB 131;IAT 102,False,"[{'days': 'Mo, We', 'startTime': '10:30', 'endTime': '12:20', 'campus': 'Burnaby'}]",,3
PUB 480,E100,summer,2021,75 units.,,False,"[{'days': 'Mo, We', 'startTime': '18:30', 'endTime': '20:20', 'campus': 'Burnaby'}]",,4
EDUC 313,D100,summer,2021,EDUC 401/402 or corequisite EDUC 403.,EDUC 401;EDUC 403,False,"[{'days': 'Th', 'startTime': '14:30', 'endTime': '17:20', 'campus': 'Burnaby'}]",Sean Chorney,3
EDUC 326,C200,summer,2021,"One of EDUC 100, 220, 230, or 240; or EDUC 401/402, or corequisite EDUC 403.",EDUC 100;EDUC 401;EDUC 403,False,[],Zuzana Vasko,3
EDUC 326,D100,summer,2021,"One of EDUC 100, 220, 230, or 240; or EDUC 401/402, or corequisite EDUC 403.",EDUC 100;EDUC 401;EDUC 403,False,"[{'days': 'Mo', 'startTime': '14:30', 'endTime': '17:20', 'campus': 'Burnaby'}]",Koichi Haseyama,3
EDUC 330,E100,summer,2021,60 units including six units in EDUC courses.,,False,"[{'days': 'Th', 'startTime': '17:30', 'endTime': '21:20', 'campus': 'Burnaby'}]",Cheryl Kay,3
EDUC 341,C200,summer,2021,60 units including three units in EDUC courses.,,False,[],Liang Cao,3
EDUC 382,F100,summer,2021,60 units.,,False,"[{'days': 'Tu', 'startTime': '8:30', 'endTime': '12:20', 'campus': 'Burnaby'}]",Diane Dagenais,4
EDUC 404,D002,summer,2021,EDUC 401/402 or corequisite EDUC 403.,EDUC 401;EDUC 403,False,[],,0
EDUC 404,D003,summer,2021,EDUC 401/402 or corequisite EDUC 403.,EDUC 401;EDUC 403,False,[],,0
EDUC 412W,E100,summer,2021,EDUC 401/402 or corequisite EDUC 403.,EDUC 401;EDUC 403,False,"[{'days': 'Tu', 'startTime': '17:30', 'endTime': '21:20', 'campus': 'Burnaby'}]",Greg Sutherland,4
EDUC 414,D100,summer,2021,EDUC 401/402 or corequisite EDUC 403.,EDUC 401;EDUC 403,False,"[{'days': 'Th', 'startTime': '13:30', 'endTime': '17:20', 'campus': 'Burnaby'}]",Kel McDowell;Christine Paget,4
EDUC 414,E100,summer,2021,EDUC 401/402 or corequisite EDUC 403.,EDUC 401;EDUC 403,False,"[{'days': 'Mo', 'startTime': '17:30', 'endTime': '21:20', 'campus': 'Burnaby'}]",Kel McDowell;Christine Paget,4
EDUC 414,F100,summer,2021,EDUC 401/402 or corequisite EDUC 403.,EDUC 401;EDUC 403,False,"[{'days': 'Mo, We', 'startTime': '13:30', 'endTime': '17:20', 'campus': 'Burnaby'}]",Isabelle Claire Cote,4
EDUC 416,D100,summer,2021,EDUC 401/402 or corequisite EDUC 403.,EDUC 401;EDUC 403,False,"[{'days': 'Tu', 'startTime': '13:30', 'endTime': '17:20', 'campus': 'Burnaby'}]",Maria Cristina Albuquerque Maranhao,4
EDUC 430,E100,summer,2021,EDUC 401/402 or corequisite EDUC 403.,EDUC 401;EDUC 403,False,"[{'days': 'Th', 'startTime': '17:30', 'endTime': '21:20', 'campus': 'Burnaby'}]",Cheryl Kay,4
EDUC 452,D100,summer,2021,EDUC 401W/402W or Corequisite: EDUC 403. Students may be required to successfully complete a Criminal Record Check.,EDUC 401W;EDUC 403,False,"[{'days': 'Fr, Sa, Su', 'startTime': '8:30', 'endTime': '16:20', 'campus': 'Burnaby'}]",David Zandvliet;Victor Elderton,8
EDUC 454,F100,summer,2021,EDUC 401 and EDUC 402 or Corequisite: EDUC 403.,EDUC 401;EDUC 402;EDUC 403,False,"[{'days': 'Mo, We', 'startTime': '8:30', 'endTime': '12:20', 'campus': 'Burnaby'}]",Helene Lalancette,4
EDUC 457,E100,summer,2021,EDUC 401/402 or corequisite EDUC 403.,EDUC 401;EDUC 403,False,"[{'days': 'Mo', 'startTime': '17:30', 'endTime': '21:20', 'campus': 'Burnaby'}]",Claire Carolan,4
EDUC 459,D100,summer,2021,EDUC 401/402 or corequisite EDUC 403.,EDUC 401;EDUC 403,False,"[{'days': 'Tu, Th', 'startTime': '8:30', 'endTime': '12:20', 'campus': 'Burnaby'}]",Wendi Palmer,4
EDUC 473W,E200,summer,2021,EDUC 401/402 or corequisite EDUC 403.,EDUC 401;EDUC 403,False,"[{'days': 'Tu', 'startTime': '17:30', 'endTime': '21:20', 'campus': 'Burnaby'}]",Sheila Pace,4
EDUC 476,C100,summer,2021,EDUC 401/402 or corequisite EDUC 403.,EDUC 401;EDUC 403,False,[],Allan MacKinnon,4
EDUC 476,F100,summer,2021,EDUC 401/402 or corequisite EDUC 403.,EDUC 401;EDUC 403,False,"[{'days': 'Mo, We', 'startTime': '8:30', 'endTime': '12:20', 'campus': 'Burnaby'}]",Michelle Leptich,4
EDUC 477,E100,summer,2021,EDUC 401/402 or corequisite EDUC 403.,EDUC 401;EDUC 403,False,"[{'days': 'Th', 'startTime': '17:30', 'endTime': '21:20', 'campus': 'Burnaby'}]",Zuzana Vasko,4
EDUC 478,E100,summer,2021,EDUC 401/402 or corequisite EDUC 403.,EDUC 401;EDUC 403,False,"[{'days': 'Th', 'startTime': '17:30', 'endTime': '21:20', 'campus': 'Burnaby'}]",Caroline Brendel Pacheco,4
EDUC 480,F100,summer,2021,EDUC 401/402 or corequisite EDUC 403.,EDUC 401;EDUC 403,False,"[{'days': 'Th', 'startTime': '8:30', 'endTime': '12:20', 'campus': 'Burnaby'}]",Isabelle Claire Cote,4
EDUC 481,F200,summer,2021,EDUC 401/402 (French Immersion) or corequisite EDUC 403.,EDUC 401;EDUC 403,False,"[{'days': 'Mo, We', 'startTime': '13:30', 'endTime': '17:20', 'campus': 'Burnaby'}]",Shauna Néro,4
FAL X99,D001,summer,2021,,,False,"[{'days': 'Tu, Th', 'startTime': '8:30', 'endTime': '10:20', 'campus': 'Burnaby'}]",Shaila Shams,4
FAL X99,D002,summer,2021,,,False,"[{'days': 'Tu, Th', 'startTime': '10:30', 'endTime': '12:20', 'campus': 'Burnaby'}]",Daniel Dunford,4
ARCH 323,D100,summer,2021,ARCH 131 or any lower division biology course.,ARCH 131,False,"[{'days': 'Tu, Th', 'startTime': '11:30', 'endTime': '14:20', 'campus': 'Burnaby'}]",Kimberly Plomp,3
ARCH 329,D100,summer,2021,ARCH 101 or ARCH 201.,ARCH 101;ARCH 201,False,[],Christina Giovas,3
GEOG 402,D100,summer,2021,GEOG 303 and readmission to the environment co-operative education program.,GEOG 303,False,[],,3
PLAN 319,E100,summer,2021,45 units.,,False,"[{'days': 'Mo', 'startTime': '17:30', 'endTime': '20:20', 'campus': 'Burnaby'}]",Cameron Brewer,3
ACMA 337,D100,summer,2021,ACMA 336 or Job Practicum I from another department. Students must apply and receive permission from the co-op coordinator at least one term in advance.,ACMA 336,False,[],,3
ACMA 436,D100,summer,2021,ACMA 337 or Job Practicum II from another department. Students must apply and receive permission from the co-op coordinator at least one term in advance.,ACMA 337,False,[],,3
ACMA 438,D100,summer,2021,ACMA 437 or Job Practicum IV from another department. Students must apply and receive permission from the co-op coordinator at least one term in advance.,ACMA 437,False,[],,3
BISC 341,D100,summer,2021,Acceptance in the Biological Sciences Co-operative Education Program.,,True,[],,3
BISC 444,D100,summer,2021,BISC 443 and re-admission to the science co-operative education program.,BISC 443,False,[],,3
CHEM 284,D100,summer,2021,"CHEM 282 with a minimum of C+, or permission of the Department.",CHEM 282,False,"[{'days': 'We', 'startTime': '10:30', 'endTime': '11:20', 'campus': 'Burnaby'}]",Vance Williams,1
EASC 101,D100,summer,2021,,,False,"[{'days': 'Mo, We', 'startTime': '11:30', 'endTime': '12:20', 'campus': 'Burnaby'}]",Kevin Cameron,3
EASC 308,D100,summer,2021,"EASC 201, 206 and 209W. Recommended: EASC 207. All with a grade of C- or better.",EASC 201,False,[],Shahin Dashtgard,3
FAN X99,D100,summer,2021,,,False,"[{'days': 'Tu, Th', 'startTime': '8:30', 'endTime': '10:20', 'campus': 'Burnaby'}]",Mahdieh Malekian,4
MATH 337,D100,summer,2021,MATH 336 and permission of the co-op co-ordinator; students must apply at least one term in advance.,MATH 336,False,[],,3
CMPT 320,D200,summer,2021,,,False,[],Jacqueline Nelsen,3
CMPT 429,D100,summer,2021,"CMPT 428, CGPA of 2.50.",CMPT 428,False,"[{'days': 'Mo, Tu, We, Th, Fr', 'startTime': '8:00', 'endTime': '20:00', 'campus': None}]",,3
CMPT 429,D200,summer,2021,"CMPT 428, CGPA of 2.50.",CMPT 428,False,"[{'days': 'Mo, Tu, We, Th, Fr', 'startTime': '8:00', 'endTime': '20:00', 'campus': None}]",,3
CMPT 429,D300,summer,2021,"CMPT 428, CGPA of 2.50.",CMPT 428,False,"[{'days': 'Mo, Tu, We, Th, Fr', 'startTime': '8:00', 'endTime': '20:00', 'campus': None}]",,3
ECON 446,D100,summer,2021,"ECON 201 or 301, ECON 305 and ECON 345, all with a minimum grade of C-.",ECON 201;ECON 305;ECON 345,False,"[{'days': 'We', 'startTime': '14:30', 'endTime': '17:20', 'campus': 'Burnaby'}]",Minjie Deng,3
JAPN 101,D100,summer,2021,JAPN 100 or equivalent.,JAPN 100,False,"[{'days': 'Tu, We, Th, Fr', 'startTime': '12:30', 'endTime': '14:20', 'campus': 'Burnaby'}]",Naoko Takei,3
EDUC 472,D100,summer,2021,EDUC 401/402 or corequisite EDUC 403.,EDUC 401;EDUC 403,False,"[{'days': 'Tu, Th', 'startTime': '13:30', 'endTime': '17:20', 'campus': 'Burnaby'}]",Susan Barber,4
EDUC 472,D200,summer,2021,EDUC 401/402 or corequisite EDUC 403.,EDUC 401;EDUC 403,False,"[{'days': 'Mo', 'startTime': '13:30', 'endTime': '17:20', 'campus': 'Burnaby'}]",Koichi Haseyama,4
EDUC 472,D300,summer,2021,EDUC 401/402 or corequisite EDUC 403.,EDUC 401;EDUC 403,False,"[{'days': 'Th', 'startTime': '8:30', 'endTime': '12:20', 'campus': 'Burnaby'}]",Catherine Read,4
EDUC 474,E100,summer,2021,EDUC 401/402 or corequisite EDUC 403.,EDUC 401;EDUC 403,False,"[{'days': 'Th', 'startTime': '17:30', 'endTime': '21:20', 'campus': 'Burnaby'}]",Sonja Van Der Putten,4
EDUC 474,F100,summer,2021,EDUC 401/402 or corequisite EDUC 403.,EDUC 401;EDUC 403,False,"[{'days': 'Mo, We', 'startTime': '13:30', 'endTime': '17:20', 'campus': 'Burnaby'}]",Isabelle Claire Cote,4
BISC 298,D100,summer,2021,,,False,"[{'days': 'Mo, Tu, We, Th', 'startTime': '18:30', 'endTime': '20:20', 'campus': 'Burnaby'}]",,3
CMPT 426,D100,summer,2021,"Students must complete Bridging Online (visit www.sfu.ca/coop/bol for further details) at least two terms before their anticipated co-op placement. Students must then enroll with the co-op program by the second week of the term preceding the work term. Normally, students will have completed a minimum of 45 units by the end of the term of application, CMPT 275 or 276, and have a minimum CGPA of 2.50.",CMPT 275,False,"[{'days': 'Mo, Tu, We, Th, Fr', 'startTime': '8:00', 'endTime': '20:00', 'campus': None}]",,3
EDUC 375,D100,summer,2021,EDUC 401/402 or corequisite EDUC 403.,EDUC 401;EDUC 403,False,"[{'days': 'We', 'startTime': '14:30', 'endTime': '17:20', 'campus': 'Burnaby'}]",Sean Chorney,3
EDUC 464,C200,summer,2021,EDUC 401/402 or PSYC 250 or corequisite EDUC 403.,EDUC 401;PSYC 250;EDUC 403,False,[],Lucy Lemare,4
EDUC 471,D300,summer,2021,60 units.,,False,"[{'days': 'Mo', 'startTime': '8:30', 'endTime': '12:20', 'campus': 'Burnaby'}]",Addisu Bailie,4
EDUC 475,D100,summer,2021,EDUC 401/402 or corequisite EDUC 403. Students must successfully complete an SFU criminal records check.,EDUC 401;EDUC 403,False,"[{'days': 'Tu, Th', 'startTime': '8:30', 'endTime': '12:20', 'campus': 'Burnaby'}]",Rina Zazkis,4
EDUC 475,D300,summer,2021,EDUC 401/402 or corequisite EDUC 403. Students must successfully complete an SFU criminal records check.,EDUC 401;EDUC 403,False,"[{'days': 'Tu', 'startTime': '8:30', 'endTime': '12:20', 'campus': 'Burnaby'}]",Peter Liljedahl,4
EDUC 475,D400,summer,2021,EDUC 401/402 or corequisite EDUC 403. Students must successfully complete an SFU criminal records check.,EDUC 401;EDUC 403,False,"[{'days': 'We', 'startTime': '8:30', 'endTime': '12:20', 'campus': 'Burnaby'}]",Peter Liljedahl,4
EDUC 475,D600,summer,2021,EDUC 401/402 or corequisite EDUC 403. Students must successfully complete an SFU criminal records check.,EDUC 401;EDUC 403,False,"[{'days': 'Tu', 'startTime': '13:30', 'endTime': '17:20', 'campus': 'Burnaby'}]",Stephen Campbell,4
EDUC 475,E100,summer,2021,EDUC 401/402 or corequisite EDUC 403. Students must successfully complete an SFU criminal records check.,EDUC 401;EDUC 403,False,"[{'days': 'Th', 'startTime': '17:30', 'endTime': '21:20', 'campus': 'Burnaby'}]",Sandy Bakos,4
EDUC 475,E200,summer,2021,EDUC 401/402 or corequisite EDUC 403. Students must successfully complete an SFU criminal records check.,EDUC 401;EDUC 403,False,"[{'days': 'Mo', 'startTime': '17:30', 'endTime': '21:20', 'campus': 'Burnaby'}]",Canan Gunes,4
EDUC 475,F100,summer,2021,EDUC 401/402 or corequisite EDUC 403. Students must successfully complete an SFU criminal records check.,EDUC 401;EDUC 403,False,"[{'days': 'Mo, We', 'startTime': '17:30', 'endTime': '21:20', 'campus': 'Burnaby'}]",Rebecca Cohen,4
CMPT 427,D100,summer,2021,"CMPT 426, CGPA of 2.50.",CMPT 426,False,"[{'days': 'Mo, Tu, We, Th, Fr', 'startTime': '8:00', 'endTime': '20:00', 'campus': None}]",,3
CMPT 427,D200,summer,2021,"CMPT 426, CGPA of 2.50.",CMPT 426,False,"[{'days': 'Mo, Tu, We, Th, Fr', 'startTime': '8:00', 'endTime': '20:00', 'campus': None}]",,3
CMPT 427,I100,summer,2021,"CMPT 426, CGPA of 2.50.",CMPT 426,False,"[{'days': 'Mo, Tu, We, Th, Fr', 'startTime': '8:00', 'endTime': '20:00', 'campus': None}]",,3
CMPT 428,D100,summer,2021,"CMPT 427, CGPA of 2.50.",CMPT 427,False,"[{'days': 'Mo, Tu, We, Th, Fr', 'startTime': '8:00', 'endTime': '20:00', 'campus': None}]",,3
CMPT 428,D300,summer,2021,"CMPT 427, CGPA of 2.50.",CMPT 427,False,"[{'days': 'Mo, Tu, We, Th, Fr', 'startTime': '8:00', 'endTime': '20:00', 'campus': None}]",,3
CMPT 477,E100,summer,2021,"CMPT 275 or 276, with a minimum grade of C-.",CMPT 275,False,"[{'days': 'Tu', 'startTime': '17:30', 'endTime': '20:20', 'campus': None}]",Evgenia Ternovska,3
ENSC 254,D200,summer,2021,"(ENSC 251 & ENSC 252) or (CMPT 150 & CMPT 225 & enrolled as a Computing Science Major), all with a minimum grade of C-. ENSC 254 is a required course for all Engineering Science Majors and Honours students (no course substitutions are permitted).",ENSC 251;ENSC 252;CMPT 150;CMPT 225;ENSC 254,False,[],,4
ENSC 395,I100,summer,2021,ENSC 295 or 296 and a minimum of 75 units.,ENSC 295,False,"[{'days': 'Mo, Tu, We, Th, Fr', 'startTime': '8:00', 'endTime': '20:00', 'campus': None}]",,3
ENSC 498,D100,summer,2021,At least 115 units or permission of the academic supervisor.,,True,[],,1
TEKX 101,D100,summer,2021,,,False,"[{'days': 'Fr', 'startTime': '12:30', 'endTime': '14:20', 'campus': None}]",,3
ARAB 100,D100,summer,2021,,,False,"[{'days': 'Tu, Th', 'startTime': '14:30', 'endTime': '16:20', 'campus': 'Burnaby'}]",Rastin Mehri,3
ECON 484,D100,summer,2021,To be determined by the instructor subject to approval by the department chair.,,True,"[{'days': 'Th', 'startTime': '14:30', 'endTime': '17:20', 'campus': 'Burnaby'}]",Joshua Boitnott,3
ENGL 304,E100,summer,2021,"Two 100 division English courses, and two 200 division English courses.",,False,"[{'days': 'Th', 'startTime': '17:30', 'endTime': '21:20', 'campus': 'Burnaby'}]",Niall Mackenzie,4
HUM 102W,C200,summer,2021,,,False,[],,3
IS 358,D100,summer,2021,45 units.,,False,"[{'days': 'We', 'startTime': '9:30', 'endTime': '13:20', 'campus': 'Burnaby'}]",Bidisha Ray,4
LBST 330,D100,summer,2021,Strongly Recommended: LBST 101 and/or 301.,,False,"[{'days': 'We', 'startTime': '9:30', 'endTime': '12:20', 'campus': 'Burnaby'}]",Sherry Breshears,3
LBST 330,D300,summer,2021,Strongly Recommended: LBST 101 and/or 301.,,False,"[{'days': 'Th', 'startTime': '11:30', 'endTime': '14:20', 'campus': 'Burnaby'}]",John-Henry Harter,3
LING 309W,D100,summer,2021,LING 282W. Recommended: LING 160 or LING 260.,LING 282W,False,"[{'days': 'Mo, We', 'startTime': '15:30', 'endTime': '16:50', 'campus': 'Burnaby'}]",Dasha Gluhareva,3
PHIL 455W,D100,summer,2021,Two 300 division PHIL courses.,,False,"[{'days': 'We', 'startTime': '14:30', 'endTime': '16:20', 'campus': 'Burnaby'}, {'days': 'Fr', 'startTime': '10:30', 'endTime': '12:20', 'campus': 'Burnaby'}]",Kathleen Akins;Trey Boone,4
WL 490,D100,summer,2021,Lower division and language requirements for the World Literature major plus 12 units of upper division requirements including WL 300. Open only to students who have been accepted into the World Literature honours program. Admission is by permission of the Instructor and the Department.,WL 300,False,[],,4
BUS 318,D100,summer,2021,"BUS 312 with a minimum grade of C-, 45 units, and permission of the instructor. This course is only open to students selected for the BEAM program.",BUS 312,False,"[{'days': 'We', 'startTime': '14:30', 'endTime': '17:20', 'campus': 'Burnaby'}]",,3
BUS 345,D200,summer,2021,"BUS 343, 336, both with a minimum grade of C-; 45 units; OR Data Science majors with BUS 343 with a minimum grade of C- and 45 units.",BUS 343,False,"[{'days': 'Mo', 'startTime': '13:30', 'endTime': '17:20', 'campus': 'Burnaby'}]",,4
BUS 347,D200,summer,2021,BUS 343 with a minimum grade of C-; 45 units.,BUS 343,False,"[{'days': 'Th', 'startTime': '10:30', 'endTime': '12:20', 'campus': 'Burnaby'}]",,3
CA 140,OL01,summer,2021,,,False,[],Arne Eigenfeldt,3
CA 363,D100,summer,2021,CA (or FPA) 160. A course materials fee is required.,,False,"[{'days': 'Mo, We', 'startTime': '9:30', 'endTime': '15:20', 'campus': 'DT VSAR'}]",Neil Wedman,3
IAT 271,D200,summer,2021,,,False,"[{'days': 'Mo, Tu, We, Th, Fr, Sa, Su', 'startTime': '8:00', 'endTime': '20:00', 'campus': None}]",,3
EDUC 416,E100,summer,2021,EDUC 401/402 or corequisite EDUC 403.,EDUC 401;EDUC 403,False,"[{'days': 'We', 'startTime': '17:30', 'endTime': '21:20', 'campus': 'Burnaby'}]",Maria Cristina Albuquerque Maranhao,4
EDUC 423,E200,summer,2021,Or corequisite: EDUC 323.,EDUC 323,False,"[{'days': 'We', 'startTime': '16:30', 'endTime': '20:20', 'campus': 'Burnaby'}]",Carmen Almarza,4
EDUC 473W,E300,summer,2021,EDUC 401/402 or corequisite EDUC 403.,EDUC 401;EDUC 403,False,"[{'days': 'We', 'startTime': '17:30', 'endTime': '21:20', 'campus': 'Burnaby'}]",Julie Sture,4
EDUC 476,C200,summer,2021,EDUC 401/402 or corequisite EDUC 403.,EDUC 401;EDUC 403,False,[],Allan MacKinnon,4
EDUC 481,F100,summer,2021,EDUC 401/402 (French Immersion) or corequisite EDUC 403.,EDUC 401;EDUC 403,False,"[{'days': 'Th', 'startTime': '8:30', 'endTime': '12:20', 'campus': 'Burnaby'}]",Isabelle Claire Cote,4
GEOG 303,D100,summer,2021,GEOG 302 and readmission to the environment co-operative education program.,GEOG 302,False,[],,3
PHYS 435,D100,summer,2021,PHYS 336 and 60 units with a minimum cumulative GPA of 2.75.,PHYS 336,False,[],,3
CMPT 429,D400,summer,2021,"CMPT 428, CGPA of 2.50.",CMPT 428,False,"[{'days': 'Mo, Tu, We, Th, Fr', 'startTime': '8:00', 'endTime': '20:00', 'campus': None}]",,3
MSE 493,D200,summer,2021,MSE 393 or 394 and a minimum of 75 units.,MSE 393,False,"[{'days': 'Mo, Tu, We, Th, Fr', 'startTime': '8:30', 'endTime': '16:50', 'campus': None}]",,3
LBST 309,D100,summer,2021,Strongly Recommended: LBST 101 and at least one other Labour Studies course.,,False,"[{'days': 'Th', 'startTime': '14:30', 'endTime': '17:20', 'campus': 'Burnaby'}]",Jonathan Elston,3
BUS 225,D100,summer,2021,,,False,[],,3
BPK 409,D100,summer,2021,BPK 305 and 306.,BPK 305,False,"[{'days': 'Fr', 'startTime': '10:30', 'endTime': '12:20', 'campus': 'Burnaby'}]",,3
CMPT 426,D300,summer,2021,"Students must complete Bridging Online (visit www.sfu.ca/coop/bol for further details) at least two terms before their anticipated co-op placement. Students must then enroll with the co-op program by the second week of the term preceding the work term. Normally, students will have completed a minimum of 45 units by the end of the term of application, CMPT 275 or 276, and have a minimum CGPA of 2.50.",CMPT 275,False,"[{'days': 'Mo, Tu, We, Th, Fr', 'startTime': '8:00', 'endTime': '20:00', 'campus': None}]",,3
CRIM 470,D100,summer,2021,"CRIM 320, 321 and 330. Written application to the school no later than the last day of classes of the preceding term. Reserved for criminology honours and majors. Recommended: CRIM 370.",CRIM 320,False,[],,5
POL 210,D100,summer,2021,POL 100 or 101W or permission of department.,POL 100,False,"[{'days': 'Tu, Th', 'startTime': '14:30', 'endTime': '16:20', 'campus': 'Burnaby'}]",Genevieve Fuji Johnson,3
BUS 322,D100,summer,2021,"BUS 254 with a minimum grade of C-, 45 units.",BUS 254,False,"[{'days': 'Tu', 'startTime': '11:30', 'endTime': '14:20', 'campus': 'Burnaby'}]",,3
EDUC 464,C100,summer,2021,EDUC 401/402 or PSYC 250 or corequisite EDUC 403.,EDUC 401;PSYC 250;EDUC 403,False,[],Lucy Lemare,4
EDUC 475,D200,summer,2021,EDUC 401/402 or corequisite EDUC 403. Students must successfully complete an SFU criminal records check.,EDUC 401;EDUC 403,False,"[{'days': 'Th', 'startTime': '13:30', 'endTime': '17:20', 'campus': 'Burnaby'}]",Sheena Tan,4
BPK 325,D100,summer,2021,BPK 142 and either BPK 105 (with a grade of C or higher) or BPK 205.,BPK 142;BPK 105;BPK 205,False,[],,3
CMPT 428,D200,summer,2021,"CMPT 427, CGPA of 2.50.",CMPT 427,False,"[{'days': 'Mo, Tu, We, Th, Fr', 'startTime': '8:00', 'endTime': '20:00', 'campus': None}]",,3
ENSC 195,I100,summer,2021,,,False,"[{'days': 'Mo, Tu, We, Th, Fr', 'startTime': '8:00', 'endTime': '20:00', 'campus': None}]",,3
ENSC 196,D200,summer,2021,,,False,"[{'days': 'Mo, Tu, We, Th, Fr', 'startTime': '8:00', 'endTime': '20:00', 'campus': None}]",,3
MSE 489,D100,summer,2021,A minimum of 100 units and permission of the chair of the undergraduate curriculum committee.,,True,[],,3
CHIN 152,D100,summer,2021,,,False,[],Jia Fei,3
FREN 491,D100,summer,2021,,,False,[],,3
JAPN 100,D400,summer,2021,,,False,"[{'days': 'Tu, Th', 'startTime': '14:30', 'endTime': '16:20', 'campus': 'Burnaby'}]",Eri Hato,3
BUS 303,D200,summer,2021,45 units.,,False,"[{'days': 'We', 'startTime': '9:30', 'endTime': '12:20', 'campus': 'Burnaby'}]",,3
CA 489,D100,summer,2021,45 CA (or FPA) units.,,False,"[{'days': 'Mo, Tu', 'startTime': '12:30', 'endTime': '15:20', 'campus': 'GOLDCORP'}]",Jessica Chambers,5
IAT 271,D100,summer,2021,,,False,"[{'days': 'Mo, Tu, We, Th, Fr, Sa, Su', 'startTime': '8:00', 'endTime': '20:00', 'campus': 'Burnaby'}]",,3
IAT 272,D100,summer,2021,IAT 271 (or WKTM 100).,IAT 271;WKTM 100,False,"[{'days': 'Mo, Tu, We, Th, Fr, Sa, Su', 'startTime': '8:00', 'endTime': '20:00', 'campus': 'Burnaby'}]",,3
EDUC 475,D700,summer,2021,EDUC 401/402 or corequisite EDUC 403. Students must successfully complete an SFU criminal records check.,EDUC 401;EDUC 403,False,"[{'days': 'We', 'startTime': '13:30', 'endTime': '17:20', 'campus': 'Burnaby'}]",Stephen Campbell,4
EDUC 480,F200,summer,2021,EDUC 401/402 or corequisite EDUC 403.,EDUC 401;EDUC 403,False,"[{'days': 'Mo, We', 'startTime': '13:30', 'endTime': '17:20', 'campus': 'Burnaby'}]",Shauna Néro,4
CHEM 306,D100,summer,2021,"Completion of 28 units in a science program, including first-year calculus, chemistry and physics. Minimum CGPA 2.67 (or permission of co-op co-ordinator).",,True,[],Gwen Litchfield;Natalie Erickson,3
MBB 351,D100,summer,2021,Acceptance in the Science Co-operative Education Program.,,True,[],,3
MSE 293,I100,summer,2021,,,False,"[{'days': 'Mo, Tu, We, Th, Fr', 'startTime': '8:30', 'endTime': '16:50', 'campus': None}]",,3
EDUC 472,D400,summer,2021,EDUC 401/402 or corequisite EDUC 403.,EDUC 401;EDUC 403,False,"[{'days': 'Tu', 'startTime': '8:30', 'endTime': '12:20', 'campus': 'Burnaby'}]",Koichi Haseyama,4
CHEM 406,D100,summer,2021,CHEM 307 and completion of 56 units toward a BSc degree. Minimum CGPA of 2.67 (or permission of co-op co-ordinator).,CHEM 307,False,[],Gwen Litchfield;Natalie Erickson,3
CMPT 428,D400,summer,2021,"CMPT 427, CGPA of 2.50.",CMPT 427,False,"[{'days': 'Mo, Tu, We, Th, Fr', 'startTime': '8:00', 'endTime': '20:00', 'campus': None}]",,3
CMPT 430,D100,summer,2021,"CMPT 429, CGPA of 2.50.",CMPT 429,False,"[{'days': 'Mo, Tu, We, Th, Fr', 'startTime': '8:00', 'endTime': '20:00', 'campus': None}]",,3
MSE 393,D200,summer,2021,MSE 293 or 294.,MSE 293,False,"[{'days': 'Mo, Tu, We, Th, Fr', 'startTime': '8:30', 'endTime': '16:50', 'campus': None}]",,3
GSWS 401,D100,summer,2021,Nine units in GSWS including GSWS 101 (or WS 101) and/or GSWS 102 (or WS 102) and approval of the course proposal by the department.,GSWS 101;WS 101;GSWS 102;WS 102,False,[],,5
GSWS 403,D100,summer,2021,nine units in GSWS including GSWS 101 (or WS 101) or GSWS 102 (or WS 102) and approval of course proposal by Dept.,GSWS 101;WS 101;GSWS 102;WS 102,False,[],,3
PHIL 451W,E100,summer,2021,two 300 level PHIL courses.,,False,"[{'days': 'Tu', 'startTime': '16:30', 'endTime': '20:20', 'campus': 'Burnaby'}]",Lisa Shapiro,4
BUS 216,D100,summer,2021,,,False,"[{'days': 'Tu', 'startTime': '14:30', 'endTime': '17:20', 'campus': 'Burnaby'}]",,3
BUS 303,E100,summer,2021,45 units.,,False,"[{'days': 'We', 'startTime': '16:30', 'endTime': '19:20', 'campus': 'Burnaby'}]",,3
IAT 373,D200,summer,2021,IAT 272 (or WKTM 200).,IAT 272;WKTM 200,False,"[{'days': 'Mo, Tu, We, Th, Fr, Sa, Su', 'startTime': '8:00', 'endTime': '20:00', 'campus': None}]",,3
EDUC 416,F100,summer,2021,EDUC 401/402 or corequisite EDUC 403.,EDUC 401;EDUC 403,False,"[{'days': 'Mo, We', 'startTime': '8:30', 'endTime': '12:20', 'campus': 'Burnaby'}]",Michelle Leptich,4
EDUC 480,D100,summer,2021,EDUC 401/402 or corequisite EDUC 403.,EDUC 401;EDUC 403,False,"[{'days': 'Th', 'startTime': '13:30', 'endTime': '17:20', 'campus': 'Burnaby'}]",Isabelle Claire Cote,4
BISC 342,D100,summer,2021,BISC 341 and readmission to the Science Co-op Education Program.,BISC 341,False,[],,3
BISC 498,D100,summer,2021,Completion of lower division course requirements.,,False,[],,3
CHEM 216,LA03,summer,2021,"CHEM 122 and CHEM 126, both with a minimum grade of C-. Corequisite: CHEM 210.",CHEM 122;CHEM 126;CHEM 210,False,"[{'days': 'We', 'startTime': '8:30', 'endTime': '12:20', 'campus': 'Burnaby'}]",Dev Sharma,2
ENSC 295,I100,summer,2021,ENSC 195 or 196.,ENSC 195,False,"[{'days': 'Mo, Tu, We, Th, Fr', 'startTime': '8:00', 'endTime': '20:00', 'campus': None}]",,3
EDUC 472,E200,summer,2021,EDUC 401/402 or corequisite EDUC 403.,EDUC 401;EDUC 403,False,"[{'days': 'Tu', 'startTime': '17:30', 'endTime': '21:20', 'campus': 'Burnaby'}]",Catherine Read,4
CMPT 427,D300,summer,2021,"CMPT 426, CGPA of 2.50.",CMPT 426,False,"[{'days': 'Mo, Tu, We, Th, Fr', 'startTime': '8:00', 'endTime': '20:00', 'campus': None}]",,3
DIAL 390W,D100,summer,2021,"45 units. Students should apply prior to the term in which they wish to enroll. Students can be accepted into either the Summer Institute in Dialogue (DIAL 390W and 391W, 10 units) or the Semester in Dialogue (fall or spring term, DIAL 390W, 391W and 392W, 15 units), but not both.",DIAL 390W,False,[],,5
DIAL 391W,D100,summer,2021,"45 units. Students should apply prior to the term in which they wish to enroll. Students can be accepted into either the Summer Institute in Dialogue (DIAL 390W and 391W, 10 units) or the Semester in Dialogue (fall or spring semester, DIAL 390W, 391W and 392W, 15 units) but not both.",DIAL 390W,False,[],,5
FASS 211,D200,summer,2021,15 units.,,False,"[{'days': 'Fr', 'startTime': '13:30', 'endTime': '16:20', 'campus': 'Burnaby'}]",,1
EVSC 381,D200,summer,2021,EVSC 380 and re-admission to the environment science co-operative education program.,EVSC 380,False,[],,3
CHEM 285,LA01,summer,2021,"CHEM 120 and CHEM 125, both with a minimum grade of C-, or CHEM 121 with a minimum grade of C-. Corequisite: CHEM 122 and CHEM 280.",CHEM 120;CHEM 125;CHEM 121;CHEM 122;CHEM 280,False,"[{'days': 'Tu', 'startTime': '8:30', 'endTime': '12:20', 'campus': 'Burnaby'}]",Dalia Abdelhamid,1
CMPT 429,I100,summer,2021,"CMPT 428, CGPA of 2.50.",CMPT 428,False,"[{'days': 'Mo, Tu, We, Th, Fr', 'startTime': '8:00', 'endTime': '20:00', 'campus': None}]",,3
CMPT 497,D100,summer,2021,Submission of a satisfactory capstone project proposal.,,False,[],,6
CMPT 426,D200,summer,2021,"Students must complete Bridging Online (visit www.sfu.ca/coop/bol for further details) at least two terms before their anticipated co-op placement. Students must then enroll with the co-op program by the second week of the term preceding the work term. Normally, students will have completed a minimum of 45 units by the end of the term of application, CMPT 275 or 276, and have a minimum CGPA of 2.50.",CMPT 275,False,"[{'days': 'Mo, Tu, We, Th, Fr', 'startTime': '8:00', 'endTime': '20:00', 'campus': None}]",,3
CMPT 426,I100,summer,2021,"Students must complete Bridging Online (visit www.sfu.ca/coop/bol for further details) at least two terms before their anticipated co-op placement. Students must then enroll with the co-op program by the second week of the term preceding the work term. Normally, students will have completed a minimum of 45 units by the end of the term of application, CMPT 275 or 276, and have a minimum CGPA of 2.50.",CMPT 275,False,"[{'days': 'Mo, Tu, We, Th, Fr', 'startTime': '8:00', 'endTime': '20:00', 'campus': None}]",,3
CMPT 430,D300,summer,2021,"CMPT 429, CGPA of 2.50.",CMPT 429,False,"[{'days': 'Mo, Tu, We, Th, Fr', 'startTime': '8:00', 'endTime': '20:00', 'campus': None}]",,3
ENSC 296,D100,summer,2021,ENSC 195 or 196 and approval of internship co-ordinator required.,ENSC 195,False,"[{'days': 'Mo, Tu, We, Th, Fr', 'startTime': '8:00', 'endTime': '20:00', 'campus': None}]",,3
ENSC 395,D200,summer,2021,ENSC 295 or 296 and a minimum of 75 units.,ENSC 295,False,"[{'days': 'Mo, Tu, We, Th, Fr', 'startTime': '8:00', 'endTime': '20:00', 'campus': None}]",,3
POL 201,E100,summer,2021,,,False,"[{'days': 'Th', 'startTime': '17:30', 'endTime': '21:20', 'campus': 'Burnaby'}]",Defne Ezgi,4
BUS 217W,E200,summer,2021,"BUS 201 with a minimum grade of C- and 15 units; OR 45 units and corequisite: BUS 202; OR Business Administration joint major, joint honours, or double degree students with 45 units; OR Data Science majors with 15 units.",BUS 201;BUS 202,False,"[{'days': 'We', 'startTime': '16:30', 'endTime': '19:20', 'campus': 'Burnaby'}]",,3
BUS 406,D100,summer,2021,Instructor permission; 60 units; BUS 360W (or successful completion of an upper division Writing (W) course) with a minimum grade of C-.,BUS 360W,False,"[{'days': 'Mo', 'startTime': '9:30', 'endTime': '12:20', 'campus': 'Burnaby'}]",,3
CA 386,C200,summer,2021,60 credit hours.,,False,[],Martin Gotfrit,3
CMNS 395,D100,summer,2021,"Complete Bridging Online at least two terms before anticipated co-op placement. Students must then enroll with the co-op program by the second week of the term preceding the work term of application, and have a minimum GPA of 2.7.",,True,[],,3
CMNS 395,I100,summer,2021,"Complete Bridging Online at least two terms before anticipated co-op placement. Students must then enroll with the co-op program by the second week of the term preceding the work term of application, and have a minimum GPA of 2.7.",,True,[],,3
IAT 167,D100,summer,2021,"CMPT 166 (or equivalent first year programming course such as CMPT 120, 125, 126, 128, 130 or 135) with a minimum grade of C-.",CMPT 166;CMPT 120,False,"[{'days': 'Tu', 'startTime': '10:30', 'endTime': '12:20', 'campus': 'Burnaby'}]",Yingchen Yang,3
EVSC 480,D100,summer,2021,EVSC 381 and readmission to the environment science co-operative education program.,EVSC 381,False,[],,3
JAPN 101,E100,summer,2021,JAPN 100 or equivalent.,JAPN 100,False,"[{'days': 'We, Fr', 'startTime': '16:30', 'endTime': '18:20', 'campus': 'Burnaby'}]",Naoko Takei,3
CMPT 427,D400,summer,2021,"CMPT 426, CGPA of 2.50.",CMPT 426,False,"[{'days': 'Mo, Tu, We, Th, Fr', 'startTime': '8:00', 'endTime': '20:00', 'campus': None}]",,3
MSE 101W,D100,summer,2021,,,False,[],Maureen Hindy,3
HUM 349,D100,summer,2021,"45 units, including 6 units of lower division history.",,False,"[{'days': 'Tu', 'startTime': '11:30', 'endTime': '14:20', 'campus': 'Burnaby'}]",Aleksandar Jovanovic,4
BUS 217W,D500,summer,2021,"BUS 201 with a minimum grade of C- and 15 units; OR 45 units and corequisite: BUS 202; OR Business Administration joint major, joint honours, or double degree students with 45 units; OR Data Science majors with 15 units.",BUS 201;BUS 202,False,"[{'days': 'Tu', 'startTime': '14:30', 'endTime': '17:20', 'campus': 'Burnaby'}]",,3
BUS 401,E100,summer,2021,"BUS 311 (or BUS 254 and BUS 312), BUS 340, BUS 341, all with a minimum grade of C-; 60 units. The course is only open to students in the Business Minor program.",BUS 311;BUS 254;BUS 312;BUS 340;BUS 341,False,"[{'days': 'We', 'startTime': '16:30', 'endTime': '20:20', 'campus': 'Burnaby'}]",,4
BUS 476,D100,summer,2021,"IAT 330 and BUS 339, with a minimum grade of C-, or instructor permission to enroll in the course. BUS 360W (or another upper division Writing (W) course) with a minimum grade of C-. Corequisite: IAT 430.",IAT 330;BUS 339;BUS 360W;IAT 430,False,"[{'days': 'Fr', 'startTime': '14:30', 'endTime': '16:20', 'campus': 'Burnaby'}]",,4
ENV 302,D100,summer,2021,Admission into Environment Co-operative Education Program.,,True,[],,3
ENV 303,D100,summer,2021,"ARCH 350, ENV 302 or GEOG 302 and readmission into Environment Co-operative Education Program.",ARCH 350;ENV 302;GEOG 302,False,[],,3
ENV 303,D200,summer,2021,"ARCH 350, ENV 302 or GEOG 302 and readmission into Environment Co-operative Education Program.",ARCH 350;ENV 302;GEOG 302,False,[],,3
ENV 402,D100,summer,2021,"ARCH 351, ENV 303 or GEOG 303 and readmission into Environment Co-operative Education Program.",ARCH 351;ENV 303;GEOG 303,False,[],,3
ENV 403,D200,summer,2021,"ARCH 450, ENV 402 or GEOG 402 and readmission into Environment Co-operative Education Program.",ARCH 450;ENV 402;GEOG 402,False,[],,3
ENV 404,D100,summer,2021,"ARCH 451, ENV 403 or GEOG 403 and readmission into Environment Co-operative Education Program.",ARCH 451;ENV 403;GEOG 403,False,[],,3
ENV 404,D200,summer,2021,"ARCH 451, ENV 403 or GEOG 403 and readmission into Environment Co-operative Education Program.",ARCH 451;ENV 403;GEOG 403,False,[],,3
EVSC 380,D200,summer,2021,Acceptance in the environment science co-operative education program.,,True,[],,3
EVSC 480,D200,summer,2021,EVSC 381 and readmission to the environment science co-operative education program.,EVSC 381,False,[],,3
ACMA 336,D200,summer,2021,Students must apply and receive permission from the co-op coordinator at least one but preferably two terms in advance. They will normally be required to have completed 45 units with a GPA of 2.50 before they may take this practicum course.,,True,[],,3
ACMA 337,D200,summer,2021,ACMA 336 or Job Practicum I from another department. Students must apply and receive permission from the co-op coordinator at least one term in advance.,ACMA 336,False,[],,3
ACMA 436,D200,summer,2021,ACMA 337 or Job Practicum II from another department. Students must apply and receive permission from the co-op coordinator at least one term in advance.,ACMA 337,False,[],,3
ACMA 438,D200,summer,2021,ACMA 437 or Job Practicum IV from another department. Students must apply and receive permission from the co-op coordinator at least one term in advance.,ACMA 437,False,[],,3
BISC 342,D200,summer,2021,BISC 341 and readmission to the Science Co-op Education Program.,BISC 341,False,[],,3
BISC 446,D100,summer,2021,BISC 444 and readmission to the Science Co-op Education Program.,BISC 444,False,[],,3
CHEM 216,LA04,summer,2021,"CHEM 122 and CHEM 126, both with a minimum grade of C-. Corequisite: CHEM 210.",CHEM 122;CHEM 126;CHEM 210,False,"[{'days': 'Th', 'startTime': '13:30', 'endTime': '17:20', 'campus': 'Burnaby'}]",Dev Sharma,2
CHEM 285,LA05,summer,2021,"CHEM 120 and CHEM 125, both with a minimum grade of C-, or CHEM 121 with a minimum grade of C-. Corequisite: CHEM 122 and CHEM 280.",CHEM 120;CHEM 125;CHEM 121;CHEM 122;CHEM 280,False,"[{'days': 'Fr', 'startTime': '13:30', 'endTime': '17:20', 'campus': 'Burnaby'}]",Dalia Abdelhamid,1
CHEM 306,I100,summer,2021,"Completion of 28 units in a science program, including first-year calculus, chemistry and physics. Minimum CGPA 2.67 (or permission of co-op co-ordinator).",,True,[],,3
MATH 336,D200,summer,2021,"Students must apply to and receive permission from the co-op co-ordinator at least one, preferably two, terms in advance. They will normally be required to have completed 45 units with a GPA of 2.5. This course will be graded on a pass/withdraw basis. A course fee is required.",,True,[],,3
MATH 337,D200,summer,2021,MATH 336 and permission of the co-op co-ordinator; students must apply at least one term in advance.,MATH 336,False,[],,3
PHYS 335,D200,summer,2021,"Completion of 30 units, with a minimum GPA of 2.75 in the physics program. Students should apply to the department at least one term in advance.",,False,[],,3
STAT 436,D200,summer,2021,STAT 337 or Job Practicum II from another department. Students must apply and receive permission from the co-op co-ordinator at least one term in advance.,STAT 337,False,[],,3
GSWS 320,D100,summer,2021,15 units.,,False,"[{'days': 'We', 'startTime': '9:30', 'endTime': '13:20', 'campus': 'Burnaby'}]",Michelle Walks,4
LING 480,D100,summer,2021,Requirements will vary according to the topic offered.,,False,[],,3
ARCH 350,D100,summer,2021,Acceptance in the Environment Co-operative Education Program.,,True,[],,3
REM 452,D100,summer,2021,90 units. Students may be required to complete a Criminal Record Check.,,False,"[{'days': 'Fr, Sa, Su', 'startTime': '8:30', 'endTime': '16:20', 'campus': 'Burnaby'}]",,8
BISC 499,D100,summer,2021,Completion of lower division course requirements.,,False,[],,3
MATH 336,D100,summer,2021,"Students must apply to and receive permission from the co-op co-ordinator at least one, preferably two, terms in advance. They will normally be required to have completed 45 units with a GPA of 2.5. This course will be graded on a pass/withdraw basis. A course fee is required.",,True,[],,3
ENSC 195,D200,summer,2021,,,False,"[{'days': 'Mo, Tu, We, Th, Fr', 'startTime': '8:00', 'endTime': '20:00', 'campus': None}]",,3
ENSC 252,D200,summer,2021,"CMPT 128 or CMPT 125 or CMPT 126 or CMPT 135, with a minimum grade of C-. ENSC 252 is a required course for all Engineering Science Majors and Honours Students (no course substitutions are permitted).",CMPT 128;CMPT 125;CMPT 126;CMPT 135;ENSC 252,False,"[{'days': 'Tu, Th', 'startTime': '9:30', 'endTime': '11:20', 'campus': 'Burnaby'}]",,4
ENSC 296,I100,summer,2021,ENSC 195 or 196 and approval of internship co-ordinator required.,ENSC 195,False,"[{'days': 'Mo, Tu, We, Th, Fr', 'startTime': '8:00', 'endTime': '20:00', 'campus': None}]",,3
BUS 217W,D300,summer,2021,"BUS 201 with a minimum grade of C- and 15 units; OR 45 units and corequisite: BUS 202; OR Business Administration joint major, joint honours, or double degree students with 45 units; OR Data Science majors with 15 units.",BUS 201;BUS 202,False,"[{'days': 'Th', 'startTime': '14:30', 'endTime': '17:20', 'campus': 'Burnaby'}]",,3
BUS 405,D100,summer,2021,"Instructor permission, following acceptance into the technology entrepreneurship @SFU program; BUS 360W (or successful completion of an upper division Writing (W) course) and BUS 404 and BUS 477, all with a minimum grade of C-. This course may not be applied toward the three 400 division BUS or BUEC course requirement in the Bachelor of Business Administration. Corequisite: BUS 406.",BUS 360W;BUS 404;BUS 477;BUS 406,False,"[{'days': 'We', 'startTime': '9:30', 'endTime': '10:20', 'campus': 'Burnaby'}]",,1
CMNS 396,D100,summer,2021,CMNS 395.,CMNS 395,False,[],,3
IAT 387,D100,summer,2021,"Completion of 45 units, and permission of the School and the instructor is required. No more than six units of Directed Studies may be taken.",,True,[],,3
IAT 430,D100,summer,2021,BUS 339 with a minimum grade of C- and an upper division Writing (W) course. Corequisite: BUS 476.,BUS 339;BUS 476,False,"[{'days': 'We', 'startTime': '14:30', 'endTime': '16:20', 'campus': 'Burnaby'}]",,3
CMNS 494,D100,summer,2021,CMNS 396.,CMNS 396,False,[],,3
IAT 374,D100,summer,2021,IAT 373 (or WKTM 300).,IAT 373;WKTM 300,False,"[{'days': 'Mo, Tu, We, Th, Fr, Sa, Su', 'startTime': '8:00', 'endTime': '20:00', 'campus': 'Burnaby'}]",,3
GEOG 302,D100,summer,2021,acceptance in the environment co-operative education program.,,True,[],,3
CHEM 285,LA04,summer,2021,"CHEM 120 and CHEM 125, both with a minimum grade of C-, or CHEM 121 with a minimum grade of C-. Corequisite: CHEM 122 and CHEM 280.",CHEM 120;CHEM 125;CHEM 121;CHEM 122;CHEM 280,False,"[{'days': 'Fr', 'startTime': '8:30', 'endTime': '12:20', 'campus': 'Burnaby'}]",Dalia Abdelhamid,1
CHEM 285,LB01,summer,2021,"CHEM 120 and CHEM 125, both with a minimum grade of C-, or CHEM 121 with a minimum grade of C-. Corequisite: CHEM 122 and CHEM 280.",CHEM 120;CHEM 125;CHEM 121;CHEM 122;CHEM 280,False,"[{'days': 'Tu', 'startTime': '8:30', 'endTime': '12:20', 'campus': 'Burnaby'}]",Dalia Abdelhamid,1
CHEM 285,LB02,summer,2021,"CHEM 120 and CHEM 125, both with a minimum grade of C-, or CHEM 121 with a minimum grade of C-. Corequisite: CHEM 122 and CHEM 280.",CHEM 120;CHEM 125;CHEM 121;CHEM 122;CHEM 280,False,"[{'days': 'Tu', 'startTime': '13:30', 'endTime': '17:20', 'campus': 'Burnaby'}]",Dalia Abdelhamid,1
CHEM 307,D100,summer,2021,CHEM 306 and completion of 42 units toward a BSc degree. Minimum CGPA 2.67 (or permission of co-op co-ordinator).,CHEM 306,False,[],Gwen Litchfield;Natalie Erickson,3
ENSC 499,D100,summer,2021,ENSC 498 with a minimum grade of C-.,ENSC 498,False,[],,9
INLG 434,A375,summer,2021,INLG (or FNLG) 433 or permission of course supervisor. Recommended: LING 431 and 432.,,True,[],,3
JAPN 100,L100,summer,2021,,,False,[],,3
CHEM 285,LB03,summer,2021,"CHEM 120 and CHEM 125, both with a minimum grade of C-, or CHEM 121 with a minimum grade of C-. Corequisite: CHEM 122 and CHEM 280.",CHEM 120;CHEM 125;CHEM 121;CHEM 122;CHEM 280,False,"[{'days': 'We', 'startTime': '13:30', 'endTime': '17:20', 'campus': 'Burnaby'}]",Dalia Abdelhamid,1
FAN X99,D200,summer,2021,,,False,"[{'days': 'Tu, Th', 'startTime': '8:30', 'endTime': '10:20', 'campus': 'Burnaby'}]",Vijay Jeevanantham Naidu;Seyyed Aliasghar Hosseini,4
CMPT 415,D300,summer,2021,Permission of Instructor and School.,,True,[],,3
CMPT 416,D100,summer,2021,Permission of the department.,,True,[],,3
HSCI 491,D100,summer,2021,HSCI 490 with a minimum grade of C-.,HSCI 490,False,[],,3
HSCI 491,D200,summer,2021,HSCI 490 with a minimum grade of C-.,HSCI 490,False,[],,3
HSCI 492,D100,summer,2021,"One of HSCI 491, HSCI 493, HSCI 494, with a minimum grade of C-.",HSCI 491;HSCI 493;HSCI 494,False,[],,3
ENSC 413,D100,summer,2021,"MATH 251, ENSC 280, ENSC 351, ENSC 380, all with a minimum grade of C-.",MATH 251;ENSC 280;ENSC 351;ENSC 380,False,"[{'days': 'Tu, Th', 'startTime': '14:30', 'endTime': '16:20', 'campus': 'Burnaby'}]",,4
BUS 311,D100,summer,2021,"This course is only open to students admitted to the Business Administration Minor between Fall 2012 - Summer 2016 and who have credit for BUS 251 with a minimum grade of C- and 45 units, OR to students admitted to the Business Administration Minor Fall 2016 - onwards and who have credit for BUS 251 with a minimum grade of C-, 45 units, and corequisite BUS 200.",BUS 251;BUS 200,False,"[{'days': 'Tu, Th', 'startTime': '8:30', 'endTime': '10:20', 'campus': 'Burnaby'}]",,4
CMNS 452,D100,summer,2021,"75 units including one of CMNS 202 (or 262), 220, 221, 223 (or 223W), with a minimum grade of C-, and at least two CMNS upper division courses with a minimum grade of C-.",CMNS 202,False,"[{'days': 'Th', 'startTime': '13:30', 'endTime': '17:20', 'campus': 'Burnaby'}]",,4
PSYC 393,D300,summer,2021,"PSYC 201, 60 units, a UDGPA of at least 2.5, and permission of the department. Tri-council ethics certificate.",PSYC 201,False,[],,3
PSYC 493,D100,summer,2021,"PSYC 201, 210, 60 units, a UDGPA of at least 3.0, and permission of the department.",PSYC 201,False,[],,3
CA 406,D100,summer,2021,60 units.,,False,[],,4
EASC 493,D100,summer,2021,75 units including 30 units in earth sciences courses and permission of the department.,,True,[],,3
MSE 494,D100,summer,2021,"MSE 393 or 394, a minimum of 75 units and approval of internship co-ordinator required.",MSE 393,False,"[{'days': 'Mo, Tu, We, Th, Fr', 'startTime': '8:30', 'endTime': '16:50', 'campus': None}]",,3
SEE 294,I100,summer,2021,,,False,"[{'days': 'Mo, Tu, We, Th, Fr', 'startTime': '8:00', 'endTime': '20:00', 'campus': None}]",,3
CA 400,D300,summer,2021,"60 units plus a minimum standing of completion of second year in any of the programs offered in the School for the Contemporary Arts, and prior approval.",,False,[],,3
HSCI 491,D300,summer,2021,HSCI 490 with a minimum grade of C-.,HSCI 490,False,[],,3
HSCI 492,D200,summer,2021,"One of HSCI 491, HSCI 493, HSCI 494, with a minimum grade of C-.",HSCI 491;HSCI 493;HSCI 494,False,[],,3
CHEM 285,LB04,summer,2021,"CHEM 120 and CHEM 125, both with a minimum grade of C-, or CHEM 121 with a minimum grade of C-. Corequisite: CHEM 122 and CHEM 280.",CHEM 120;CHEM 125;CHEM 121;CHEM 122;CHEM 280,False,"[{'days': 'Fr', 'startTime': '8:30', 'endTime': '12:20', 'campus': 'Burnaby'}]",Dalia Abdelhamid,1
CHEM 285,LB05,summer,2021,"CHEM 120 and CHEM 125, both with a minimum grade of C-, or CHEM 121 with a minimum grade of C-. Corequisite: CHEM 122 and CHEM 280.",CHEM 120;CHEM 125;CHEM 121;CHEM 122;CHEM 280,False,"[{'days': 'Fr', 'startTime': '13:30', 'endTime': '17:20', 'campus': 'Burnaby'}]",Dalia Abdelhamid,1
MBB 498,D001,summer,2021,"MBB 308 or 309W; Students may not take MBB 498 concurrently with MBB 481, 482, 483, 491 or 492 or BISC 490, 491, 492W, 498 or 499.",MBB 308;MBB 498;MBB 481;BISC 490,False,[],,3
MBB 498,D002,summer,2021,"MBB 308 or 309W; Students may not take MBB 498 concurrently with MBB 481, 482, 483, 491 or 492 or BISC 490, 491, 492W, 498 or 499.",MBB 308;MBB 498;MBB 481;BISC 490,False,[],,3
HSCI 496,D100,summer,2021,"HSCI 160 or equivalent, and HSCI 330 or equivalent, all with a minimum grade of C-. An Introductory language course may be a requirement for some course locations (SPAN 102 or SPAN 103 or equivalent for Mexico). Students enrolled in the course are required to register with the SFU International Travel Safety Program.",HSCI 160;HSCI 330;SPAN 102;SPAN 103,False,[],Shira Goldenberg,3
CMPT 426,D400,summer,2021,"Students must complete Bridging Online (visit www.sfu.ca/coop/bol for further details) at least two terms before their anticipated co-op placement. Students must then enroll with the co-op program by the second week of the term preceding the work term. Normally, students will have completed a minimum of 45 units by the end of the term of application, CMPT 275 or 276, and have a minimum CGPA of 2.50.",CMPT 275,False,"[{'days': 'Mo, Tu, We, Th, Fr', 'startTime': '8:00', 'endTime': '20:00', 'campus': None}]",,3
STAT 337,D100,summer,2021,STAT 336 or Job Practicum I from another department. Students must apply and receive permission from the co-op co-ordinator at least one term in advance.,STAT 336,False,[],,3
BUS 346,D200,summer,2021,45 units.,,False,"[{'days': 'Tu', 'startTime': '11:30', 'endTime': '14:20', 'campus': 'Burnaby'}]",,3
MSE 293,D200,summer,2021,,,False,"[{'days': 'Mo, Tu, We, Th, Fr', 'startTime': '8:30', 'endTime': '16:50', 'campus': None}]",,3
INLG 335,A320,summer,2021,"INLG (or FNLG) 130, INLG (or FNLG) 133, INLG (or FNLG) 233 or permission of instructor. Recommended: LING 360.",,True,[],,3
LING 480,A320,summer,2021,Requirements will vary according to the topic offered.,,False,[],,3
FASS 200,D200,summer,2021,15 units.,,False,"[{'days': 'Th', 'startTime': '11:30', 'endTime': '14:20', 'campus': 'Burnaby'}]",,1
CHEM 306,D200,summer,2021,"Completion of 28 units in a science program, including first-year calculus, chemistry and physics. Minimum CGPA 2.67 (or permission of co-op co-ordinator).",,True,[],Gwen Litchfield;Natalie Erickson,3
MBB 481,D001,summer,2021,"MBB 308, MBB 309W and MBB 331, enrollment in the MBB or Biological Physics Honours Program, a minimum 3.0 CGPA and 3.0 UDGPA and permission of the MBB department. Corequisite: MBB 482 and MBB 483.",MBB 308;MBB 309W;MBB 331;MBB 482;MBB 483,False,[],,5
MBB 482,D001,summer,2021,"MBB 308, MBB 309W and MBB 331, enrollment in the MBB or Biological Physics Honours Program, a minimum 3.0 CGPA and 3.0 UDGPA and permission of the MBB department. Corequisite: MBB 481 and MBB 483.",MBB 308;MBB 309W;MBB 331;MBB 481;MBB 483,False,[],,5
MBB 483,D001,summer,2021,"MBB 308, MBB 309W and MBB 331, enrollment in the MBB or Biological Physics Honours Program, a minimum 3.0 CGPA and 3.0 UDGPA and permission of the MBB department. Corequisite: MBB 481 and MBB 482.",MBB 308;MBB 309W;MBB 331;MBB 481;MBB 482,False,[],,5
HSCI 350,D100,summer,2021,Students must be accepted into the Health Sciences Co-op program and complete Bridging Online.,,True,[],,3
HSCI 351,D100,summer,2021,Completion of HSCI 350 Co-op Practicum I.,HSCI 350,False,[],,3
HSCI 450,D100,summer,2021,Completion of HSCI 351 Co-op Practicum II.,HSCI 351,False,[],,3
HSCI 452,D100,summer,2021,Completion of HSCI 451 Co-op Practicum IV.,HSCI 451,False,[],,3
BISC 102,D200,summer,2021,"High school biology 12 (or equivalent) with a C grade or better, or BISC 100 with C- or better, or BISC 113 with C+ or better, or HSCI 100 with C+ or better.",BISC 100;BISC 113;HSCI 100,False,"[{'days': 'Tu, Th', 'startTime': '12:30', 'endTime': '13:20', 'campus': 'Burnaby'}]",Rolf Mathewes;Miranda Meents,4
BUS 225,I100,summer,2021,,,False,[],,3
HSCI 496,D200,summer,2021,"HSCI 160 or equivalent, and HSCI 330 or equivalent, all with a minimum grade of C-. An Introductory language course may be a requirement for some course locations (SPAN 102 or SPAN 103 or equivalent for Mexico). Students enrolled in the course are required to register with the SFU International Travel Safety Program.",HSCI 160;HSCI 330;SPAN 102;SPAN 103,False,"[{'days': 'Tu, Th', 'startTime': '10:00', 'endTime': '11:30', 'campus': 'Burnaby'}]",Angela Kaida,3
INLG 435,A320,summer,2021,"LING 220, INLG (or FNLG) 332 or permission of instructor. Recommended: LING 360, 431 and 432.",LING 220,False,[],,3
INLG 435,A325,summer,2021,"LING 220, INLG (or FNLG) 332 or permission of instructor. Recommended: LING 360, 431 and 432.",LING 220,False,[],,3
HSCI 216,D200,summer,2021,"HSCI 100 or BISC 101, with a minimum grade of C-.",HSCI 100;BISC 101,False,"[{'days': 'Mo, We', 'startTime': '14:30', 'endTime': '17:20', 'campus': 'Burnaby'}]",,3
HSCI 451,D100,summer,2021,Completion of HSCI 450 Co-op Practicum III.,HSCI 450,False,[],,3
CHEM 307,D200,summer,2021,CHEM 306 and completion of 42 units toward a BSc degree. Minimum CGPA 2.67 (or permission of co-op co-ordinator).,CHEM 306,False,[],Gwen Litchfield;Natalie Erickson,3
HIST 489,D100,summer,2021,45 units including nine units of lower division history. Recommended: at least three upper division courses in history.,,False,[],,4
BUS 425,D100,summer,2021,,,False,[],,3
CMNS 481,D001,summer,2021,Two upper division CMNS courses with a minimum grade of C- and consent of instructor.,,True,[],,3
BISC 497W,D100,summer,2021,Completion of lower division course requirements.,,False,[],,3
BPK 352,D100,summer,2021,BPK 351.,BPK 351,False,[],,3
BPK 452,D100,summer,2021,BPK 451.,BPK 451,False,[],,3
MSE 394,I100,summer,2021,MSE 293 or 294 and approval of internship co-ordinator required.,MSE 293,False,"[{'days': 'Mo, Tu, We, Th, Fr', 'startTime': '8:30', 'endTime': '16:50', 'campus': None}]",,3
CMNS 481,D002,summer,2021,Two upper division CMNS courses with a minimum grade of C- and consent of instructor.,,True,[],,3
EDUC 452,D300,summer,2021,EDUC 401W/402W or Corequisite: EDUC 403. Students may be required to successfully complete a Criminal Record Check.,EDUC 401W;EDUC 403,False,"[{'days': 'Th', 'startTime': '13:30', 'endTime': '21:20', 'campus': None}]",David Zandvliet;Wiske Rotinsulu,8
REM 499,D100,summer,2021,90 units and permission of the REM Undergraduate Program Chair.,,True,[],,4
BPK 451,D100,summer,2021,BPK 352.,BPK 352,False,[],,3
BPK 452,D200,summer,2021,BPK 451.,BPK 451,False,[],,3
CHEM 407,D100,summer,2021,CHEM 406. Minimum CGPA of 2.67 (or permission of co-op co-ordinator).,CHEM 406,False,[],Gwen Litchfield;Natalie Erickson,3
CHEM 481,D001,summer,2021,Permission of the Department; knowledge of chemistry at an advanced level. Normally taken after completion of 300-level course requirements.,,True,[],,5
CHEM 482,D001,summer,2021,Permission of the Department. Normally taken during the fourth year of study.,,True,[],,3
FASS 302,D100,summer,2021,Open only to students accepted to the FASS Co-op Program.,,True,[],,3
CMPT 430,D400,summer,2021,"CMPT 429, CGPA of 2.50.",CMPT 429,False,"[{'days': 'Mo, Tu, We, Th, Fr', 'startTime': '8:00', 'endTime': '20:00', 'campus': None}]",,3
ENSC 405W,D300,summer,2021,"(ENSC 105W or MSE 101W), ENSC 204, all with a minimum grade of C-, completion of a minimum of 22 units of upper division ENSC courses, and completion of (or concurrent enrollment in) two upper division technical electives meeting the requirements of the program. Students are required to complete at least two co-ops before enrolling in ENSC 440 Capstone B. Capstone B must be taken in the term immediately following Capstone A. Enrollment into Capstone A is by approval of the department via Capstone application form.",ENSC 105W;MSE 101W;ENSC 204;ENSC 440,False,"[{'days': 'We', 'startTime': '12:30', 'endTime': '14:20', 'campus': 'Burnaby'}]",,3
BUS 327,D200,summer,2021,,,False,[],,3
GEOG 402,D200,summer,2021,GEOG 303 and readmission to the environment co-operative education program.,GEOG 303,False,[],,3
GEOG 409,D100,summer,2021,GEOG 403 and readmission to the environment co-operative education program.,GEOG 403,False,[],,3
BISC 341,D200,summer,2021,Acceptance in the Biological Sciences Co-operative Education Program.,,True,[],,3
STAT 337,D200,summer,2021,STAT 336 or Job Practicum I from another department. Students must apply and receive permission from the co-op co-ordinator at least one term in advance.,STAT 336,False,[],,3
PSYC 393,D200,summer,2021,"PSYC 201, 60 units, a UDGPA of at least 2.5, and permission of the department. Tri-council ethics certificate.",PSYC 201,False,[],,2
CA 306,D100,summer,2021,45 units.,,False,[],,3
HSCI 350,D200,summer,2021,Students must be accepted into the Health Sciences Co-op program and complete Bridging Online.,,True,[],,3
BPK 351,D100,summer,2021,"Students must complete Bridging Online (visit www.sfu.ca/coop/bol for further details) at least two terms before co-op placement. Students must then apply to the BPK co-op program by Week 1 of the term prior; a minimum of 45 units, BPK 142, plus at least two other BPK courses and have a minimum GPA of 2.50.",BPK 142,False,[],,3
MBB 481,D002,summer,2021,"MBB 308, MBB 309W and MBB 331, enrollment in the MBB or Biological Physics Honours Program, a minimum 3.0 CGPA and 3.0 UDGPA and permission of the MBB department. Corequisite: MBB 482 and MBB 483.",MBB 308;MBB 309W;MBB 331;MBB 482;MBB 483,False,[],,5
MBB 482,D002,summer,2021,"MBB 308, MBB 309W and MBB 331, enrollment in the MBB or Biological Physics Honours Program, a minimum 3.0 CGPA and 3.0 UDGPA and permission of the MBB department. Corequisite: MBB 481 and MBB 483.",MBB 308;MBB 309W;MBB 331;MBB 481;MBB 483,False,[],,5
MBB 483,D002,summer,2021,"MBB 308, MBB 309W and MBB 331, enrollment in the MBB or Biological Physics Honours Program, a minimum 3.0 CGPA and 3.0 UDGPA and permission of the MBB department. Corequisite: MBB 481 and MBB 482.",MBB 308;MBB 309W;MBB 331;MBB 481;MBB 482,False,[],,5
MBB 498,D003,summer,2021,"MBB 308 or 309W; Students may not take MBB 498 concurrently with MBB 481, 482, 483, 491 or 492 or BISC 490, 491, 492W, 498 or 499.",MBB 308;MBB 498;MBB 481;BISC 490,False,[],,3
URB 497,E100,summer,2021,45 units; By permission of instructor.,,True,"[{'days': 'Tu', 'startTime': '17:30', 'endTime': '21:20', 'campus': 'Burnaby'}]",Annika Airas,9
ENV 302,D200,summer,2021,Admission into Environment Co-operative Education Program.,,True,[],,3
FEP 206,D100,summer,2021,,,False,[],,9
BPK 453,D100,summer,2021,BPK 452.,BPK 452,False,[],,3
CHEM 481,D002,summer,2021,Permission of the Department; knowledge of chemistry at an advanced level. Normally taken after completion of 300-level course requirements.,,True,[],,5
CHEM 481,D003,summer,2021,Permission of the Department; knowledge of chemistry at an advanced level. Normally taken after completion of 300-level course requirements.,,True,[],,5
MBB 498,D004,summer,2021,"MBB 308 or 309W; Students may not take MBB 498 concurrently with MBB 481, 482, 483, 491 or 492 or BISC 490, 491, 492W, 498 or 499.",MBB 308;MBB 498;MBB 481;BISC 490,False,[],,3
CRIM 370,D100,summer,2021,"CRIM 320 and 330, and written application to the school no later than the last day of classes of the preceding term. CRIM 370 and 470 may not be taken concurrently.",CRIM 320;CRIM 370,False,[],,3
HSCI 490,D100,summer,2021,,,False,[],,3
BUS 326,D200,summer,2021,,,False,[],,3
HSCI 350,I100,summer,2021,Students must be accepted into the Health Sciences Co-op program and complete Bridging Online.,,True,[],,3
MBB 481,D003,summer,2021,"MBB 308, MBB 309W and MBB 331, enrollment in the MBB or Biological Physics Honours Program, a minimum 3.0 CGPA and 3.0 UDGPA and permission of the MBB department. Corequisite: MBB 482 and MBB 483.",MBB 308;MBB 309W;MBB 331;MBB 482;MBB 483,False,[],,5
MBB 482,D003,summer,2021,"MBB 308, MBB 309W and MBB 331, enrollment in the MBB or Biological Physics Honours Program, a minimum 3.0 CGPA and 3.0 UDGPA and permission of the MBB department. Corequisite: MBB 481 and MBB 483.",MBB 308;MBB 309W;MBB 331;MBB 481;MBB 483,False,[],,5
MBB 483,D003,summer,2021,"MBB 308, MBB 309W and MBB 331, enrollment in the MBB or Biological Physics Honours Program, a minimum 3.0 CGPA and 3.0 UDGPA and permission of the MBB department. Corequisite: MBB 481 and MBB 482.",MBB 308;MBB 309W;MBB 331;MBB 481;MBB 482,False,[],,5
ENGL 442,D100,summer,2021,"Two 100 division English courses, two 200 division English courses and two 300 division English courses. Reserved for English honours, major, joint major and minor students. Admission is by permission of the instructor and the Department.",,True,[],,2
POL 484,D100,summer,2021,Completed minimum 30 units of University courses and GPA of 2.50.,,False,"[{'days': 'Tu, We, Th, Fr', 'startTime': '8:00', 'endTime': '16:00', 'campus': 'Burnaby'}]",Alex Moens;Alexandra Richards,12
CMNS 395,D200,summer,2021,"Complete Bridging Online at least two terms before anticipated co-op placement. Students must then enroll with the co-op program by the second week of the term preceding the work term of application, and have a minimum GPA of 2.7.",,True,[],,3
CMNS 428,D400,summer,2021,Two upper division CMNS courses with a minimum grade of C- and permission of the instructor.,,True,"[{'days': 'Tu', 'startTime': '13:30', 'endTime': '16:20', 'campus': 'Burnaby'}]",,4
CMNS 495,D100,summer,2021,CMNS 494.,CMNS 494,False,[],,3
CMNS 496,D100,summer,2021,CMNS 495.,CMNS 495,False,[],,3
FASS 201,D100,summer,2021,Open only to students accepted to the FASS Co-op Program.,,True,[],,3
FASS 201,D200,summer,2021,Open only to students accepted to the FASS Co-op Program.,,True,[],,3
FASS 302,D200,summer,2021,Open only to students accepted to the FASS Co-op Program.,,True,[],,3
INLG 130,A320,summer,2021,Students in the Indigenous Studies program should complete INLG 133 before INLG 130.,INLG 133;INLG 130,False,[],,3
INLG 130,A325,summer,2021,Students in the Indigenous Studies program should complete INLG 133 before INLG 130.,INLG 133;INLG 130,False,[],,3
INLG 133,A320,summer,2021,,,False,[],,3
INLG 133,A325,summer,2021,,,False,[],,3
INLG 134,A320,summer,2021,INLG (or FNLG) 133.,,False,[],,3
BUS 325,I100,summer,2021,,,False,[],,3
BISC 490,D100,summer,2021,"Completion of all lower division biological sciences courses, plus upper division BISC courses appropriate to the subject of the intended research as determined by the departmental undergraduate curriculum committee; completion of all physics, chemistry and mathematics requirements for the major or honours program.",,False,[],,5
BISC 491,D100,summer,2021,"Completion of all lower division biological sciences courses, plus upper division BISC courses appropriate to the subject of the intended research as determined by the departmental undergraduate curriculum committee; completion of all physics, chemistry and mathematics requirements for the major or honours program; at the time of application, students will normally have a CGPA of 3.00 (B standing). Corequisite: BISC 490 and 492.",BISC 490,False,[],,5
BISC 492W,D100,summer,2021,"Completion of all lower division biological sciences courses, plus upper division BISC courses appropriate to the subject of the intended research as determined by the departmental undergraduate curriculum committee; completion of all physics, chemistry and mathematics requirements for the major or honours program; at the time of application, students will normally have a CGPA of 3.00 (B standing). Corequisite: BISC 490 and BISC 491.",BISC 490;BISC 491,False,"[{'days': 'Mo, Tu, We', 'startTime': '18:30', 'endTime': '20:20', 'campus': 'Burnaby'}]",,5
FASS 301,D100,summer,2021,Open only to students accepted to the FASS Co-op Program.,,True,[],,3
FASS 401,D200,summer,2021,Open only to students accepted to the FASS Co-op Program.,,True,[],,3
INLG 158,A320,summer,2021,,,False,[],,3
INLG 134,A970,summer,2021,INLG (or FNLG) 133.,,False,[],,3
INLG 258,A970,summer,2021,,,False,[],,3
LING 160,A970,summer,2021,,,False,[],,3
FASS 301,D200,summer,2021,Open only to students accepted to the FASS Co-op Program.,,True,[],,3
MBB 492,D100,summer,2021,"MBB 491, MBB 308, MBB 309W and MBB 331, enrollment in the MBB honours program, a minimum 3.0 CGPA and 3.0 UDGPA and permission of the department.",MBB 491;MBB 308;MBB 309W;MBB 331,False,[],,10
CMNS 396,I100,summer,2021,CMNS 395.,CMNS 395,False,[],,3
MSE 498,D100,summer,2021,At least 115 units or permission of the academic supervisor.,,True,[],,3
PHIL 477,D100,summer,2021,,,False,[],Kathleen Akins;David Heide,5
ARCH 351,D200,summer,2021,ARCH 350 and readmission to the Environment Co-operative Education Program.,ARCH 350,False,[],,3
GEOG 303,D200,summer,2021,GEOG 302 and readmission to the environment co-operative education program.,GEOG 302,False,[],,3
BISC 444,D200,summer,2021,BISC 443 and re-admission to the science co-operative education program.,BISC 443,False,[],,3
STAT 336,D200,summer,2021,Students must apply and receive permission from the co-op co-ordinator at least one but preferably two terms in advance. They will normally be required to have completed 45 units with a GPA of 2.5 before they may take this practicum course.,,True,[],,3
FASS 301,I100,summer,2021,Open only to students accepted to the FASS Co-op Program.,,True,[],,3
PLAN 200,D200,summer,2021,"One of REM 100, GEOG 100, GEOG 111, or EVSC 100, and 18 units.",REM 100;GEOG 100;GEOG 111;EVSC 100,False,"[{'days': 'We, Fr', 'startTime': '10:30', 'endTime': '12:20', 'campus': 'Burnaby'}]",,3
ENGL 496,D100,summer,2021,"Lower division requirements for the English major. Open only to students who have been accepted into the English honours program, and who have completed ENGL 494.",ENGL 494,False,[],,4
CMNS 396,D200,summer,2021,CMNS 395.,CMNS 395,False,[],,3
CMNS 495,D200,summer,2021,CMNS 494.,CMNS 494,False,[],,3
MBB 490,D100,summer,2021,"MBB 231, with a minimum grade of C, and permission of the molecular biology and biochemistry department. Usually, upper level standing with at least 60 units in a Biochemistry major, minor or honours program will be required.",MBB 231,False,[],,2
MBB 491,D100,summer,2021,"MBB 308 or MBB 309W and permission of the MBB department. Upper level standing in an MBB major, minor or honours program is required.",MBB 308;MBB 309W,False,[],,5
CMNS 494,D200,summer,2021,CMNS 396.,CMNS 396,False,[],,3
MBB 491,D200,summer,2021,"MBB 308 or MBB 309W and permission of the MBB department. Upper level standing in an MBB major, minor or honours program is required.",MBB 308;MBB 309W,False,[],,5
MBB 491,D300,summer,2021,"MBB 308 or MBB 309W and permission of the MBB department. Upper level standing in an MBB major, minor or honours program is required.",MBB 308;MBB 309W,False,[],,5
SEE 290,I100,summer,2021,,,False,"[{'days': 'Mo, Tu, We, Th, Fr', 'startTime': '8:00', 'endTime': '20:00', 'campus': None}]",,3
IAT 272,D200,summer,2021,IAT 271 (or WKTM 100).,IAT 271;WKTM 100,False,"[{'days': 'Mo, Tu, We, Th, Fr, Sa, Su', 'startTime': '8:00', 'endTime': '20:00', 'campus': None}]",,3
IAT 386,D100,summer,2021,"Completion of 45 units, and permission of the instructor and of the School is required. No more than six units of Directed Studies may be taken.",,True,[],,3
BPK 459,D100,summer,2021,A minimum grade of B in BPK 457. Corequisite: Must be enrolled in the Honours Program of the B.Sc. in Behavioural Neuroscience. Students must seek permission from their honours project supervisor to enroll in additional courses at the same time.,BPK 457,False,[],,9
SEE 294,D100,summer,2021,,,False,"[{'days': 'Mo, Tu, We, Th, Fr', 'startTime': '8:00', 'endTime': '20:00', 'campus': None}]",,3
INLG 458,A375,summer,2021,Completion of Certificate in Indigenous Language Proficiency including INLG (or FNLG) 358; or permission of instructor.,,True,[],,3
BUS 478,E200,summer,2021,"BUS 207 (or ECON 201 or ECON 301), BUS 312, 343, 360W and either BUS 374 or 381, all with a minimum grade of C-; 90 units.",BUS 207;ECON 201;ECON 301;BUS 312;BUS 374,False,"[{'days': 'Tu', 'startTime': '16:30', 'endTime': '19:20', 'campus': 'Burnaby'}]",,3
MBB 492,D200,summer,2021,"MBB 491, MBB 308, MBB 309W and MBB 331, enrollment in the MBB honours program, a minimum 3.0 CGPA and 3.0 UDGPA and permission of the department.",MBB 491;MBB 308;MBB 309W;MBB 331,False,[],,10
CMPT 376W,D400,summer,2021,"CMPT 105W and (CMPT 275 or CMPT 276), with a minimum grade of C-.",CMPT 105W;CMPT 275;CMPT 276,False,"[{'days': 'Mo, We, Fr', 'startTime': '13:30', 'endTime': '14:20', 'campus': 'Burnaby'}]",,3
INDG 332,A100,summer,2021,INDG (or FNST) 101.,,False,[],,3
FEP 201,D100,summer,2021,,,False,[],,5
FEP 204,D100,summer,2021,,,False,[],,4
CHEM 481,D004,summer,2021,Permission of the Department; knowledge of chemistry at an advanced level. Normally taken after completion of 300-level course requirements.,,True,[],,5
MBB 481,D004,summer,2021,"MBB 308, MBB 309W and MBB 331, enrollment in the MBB or Biological Physics Honours Program, a minimum 3.0 CGPA and 3.0 UDGPA and permission of the MBB department. Corequisite: MBB 482 and MBB 483.",MBB 308;MBB 309W;MBB 331;MBB 482;MBB 483,False,[],,5
MBB 482,D004,summer,2021,"MBB 308, MBB 309W and MBB 331, enrollment in the MBB or Biological Physics Honours Program, a minimum 3.0 CGPA and 3.0 UDGPA and permission of the MBB department. Corequisite: MBB 481 and MBB 483.",MBB 308;MBB 309W;MBB 331;MBB 481;MBB 483,False,[],,5
MBB 483,D004,summer,2021,"MBB 308, MBB 309W and MBB 331, enrollment in the MBB or Biological Physics Honours Program, a minimum 3.0 CGPA and 3.0 UDGPA and permission of the MBB department. Corequisite: MBB 481 and MBB 482.",MBB 308;MBB 309W;MBB 331;MBB 481;MBB 482,False,[],,5
NUSC 482,D001,summer,2021,Permission of the Department.,,True,[],,3
CMPT 415,D100,summer,2021,Permission of Instructor and School.,,True,[],,3
CMPT 415,D200,summer,2021,Permission of Instructor and School.,,True,[],,3
FASS 402,D100,summer,2021,Open only to students accepted to the FASS Co-op Program.,,True,[],,3
CA 400,D100,summer,2021,"60 units plus a minimum standing of completion of second year in any of the programs offered in the School for the Contemporary Arts, and prior approval.",,False,[],,1
CA 400,D200,summer,2021,"60 units plus a minimum standing of completion of second year in any of the programs offered in the School for the Contemporary Arts, and prior approval.",,False,[],,2
CA 400,D600,summer,2021,"60 units plus a minimum standing of completion of second year in any of the programs offered in the School for the Contemporary Arts, and prior approval.",,False,[],,6
CMNS 495,I100,summer,2021,CMNS 494.,CMNS 494,False,[],,3
IAT 386,D200,summer,2021,"Completion of 45 units, and permission of the instructor and of the School is required. No more than six units of Directed Studies may be taken.",,True,[],,3
IAT 387,D200,summer,2021,"Completion of 45 units, and permission of the School and the instructor is required. No more than six units of Directed Studies may be taken.",,True,[],,3
HSCI 488,D100,summer,2021,,,False,[],,3
ENSC 396,D100,summer,2021,"ENSC 295 or 296, a minimum of 75 units and approval of internship co-ordinator required.",ENSC 295,False,"[{'days': 'Mo, Tu, We, Th, Fr', 'startTime': '8:00', 'endTime': '20:00', 'campus': None}]",,3
MSE 489,D200,summer,2021,A minimum of 100 units and permission of the chair of the undergraduate curriculum committee.,,True,[],,3
LING 491,D100,summer,2021,"LING 220, 60 units, and permission of the Undergraduate Committee Chair.",LING 220,False,[],,3
PSYC 494,D100,summer,2021,"PSYC 201, 210, 60 units, a UDGPA of at least 3.0, and permission of the department.",PSYC 201,False,[],,3
ARCH 351,D100,summer,2021,ARCH 350 and readmission to the Environment Co-operative Education Program.,ARCH 350,False,[],,3
HSCI 450,D200,summer,2021,Completion of HSCI 351 Co-op Practicum II.,HSCI 351,False,[],,3
MBB 452,D100,summer,2021,Acceptance in the Science Co-operative Education Program.,,True,[],,3
INLG 335,A900,summer,2021,"INLG (or FNLG) 130, INLG (or FNLG) 133, INLG (or FNLG) 233 or permission of instructor. Recommended: LING 360.",,True,[],,3
INLG 434,A900,summer,2021,INLG (or FNLG) 433 or permission of course supervisor. Recommended: LING 431 and 432.,,True,[],,3
INLG 435,A900,summer,2021,"LING 220, INLG (or FNLG) 332 or permission of instructor. Recommended: LING 360, 431 and 432.",LING 220,False,[],,3
INLG 458,A900,summer,2021,Completion of Certificate in Indigenous Language Proficiency including INLG (or FNLG) 358; or permission of instructor.,,True,[],,3
BUS 325,D200,summer,2021,,,False,[],,3
CMNS 453,D200,summer,2021,"75 units, including CMNS 253W, 353 or 354, with a minimum grade of C-. CMNS 362 is recommended.",CMNS 253W;CMNS 362,False,"[{'days': 'Th', 'startTime': '13:30', 'endTime': '17:20', 'campus': 'Burnaby'}]",,4
IAT 271,I100,summer,2021,,,False,"[{'days': 'Mo, Tu, We, Th, Fr, Sa, Su', 'startTime': '8:00', 'endTime': '20:00', 'campus': None}]",,3
ARCH 350,D200,summer,2021,Acceptance in the Environment Co-operative Education Program.,,True,[],,3
PHYS 436,D100,summer,2021,PHYS 435 followed by 12 units. A minimum cumulative GPA of 2.75.,PHYS 435,False,[],,3
SEE 490,D100,summer,2021,SEE 390 or SEE 394.,SEE 390;SEE 394,False,"[{'days': 'Mo, Tu, We, Th, Fr', 'startTime': '8:00', 'endTime': '20:00', 'campus': None}]",,3
BUS 225,D200,summer,2021,,,False,[],,3
MBB 492,D300,summer,2021,"MBB 491, MBB 308, MBB 309W and MBB 331, enrollment in the MBB honours program, a minimum 3.0 CGPA and 3.0 UDGPA and permission of the department.",MBB 491;MBB 308;MBB 309W;MBB 331,False,[],,10
MSE 193,D100,summer,2021,,,False,"[{'days': 'Mo, Tu, We, Th, Fr', 'startTime': '8:30', 'endTime': '16:50', 'campus': None}]",,3
INLG 333,A900,summer,2021,Completion of Certificate in Indigenous Language Proficiency; or with permission of instructor.,,True,[],,3
INLG 335,A920,summer,2021,"INLG (or FNLG) 130, INLG (or FNLG) 133, INLG (or FNLG) 233 or permission of instructor. Recommended: LING 360.",,True,[],,3
SA 499,D100,summer,2021,"SA 495, permission from the SA department, and prior agreement from an SA faculty member who has agreed to supervise the honours essay.",SA 495,False,[],,4
SD 494,D100,summer,2021,Permission of the Director of the Sustainable Development Program.,,True,[],,4
SA 497,D100,summer,2021,Minimum of 72 units including SA 101 or 150 or 201W.,SA 101,False,[],,4
CMPT 495,D300,summer,2021,CMPT 494 with a minimum grade of C-. CMPT 495 must be taken in the term immediately following the successful completion of CMPT 494 and must be for the same project and faculty supervisor.,CMPT 494;CMPT 495,False,[],,3
IS 428,D200,summer,2021,By application to the undergraduate chair. May only be taken once for credit towards a degree or diploma.,,False,[],,4
SEE 290,D100,summer,2021,,,False,"[{'days': 'Mo, Tu, We, Th, Fr', 'startTime': '8:00', 'endTime': '20:00', 'campus': None}]",,3
POL 496,D100,summer,2021,90 units. By application to the undergraduate chair.,,False,[],,1
CHEM 481,D005,summer,2021,Permission of the Department; knowledge of chemistry at an advanced level. Normally taken after completion of 300-level course requirements.,,True,[],,5
CMPT 495,D100,summer,2021,CMPT 494 with a minimum grade of C-. CMPT 495 must be taken in the term immediately following the successful completion of CMPT 494 and must be for the same project and faculty supervisor.,CMPT 494;CMPT 495,False,[],,3
CMPT 495,D200,summer,2021,CMPT 494 with a minimum grade of C-. CMPT 495 must be taken in the term immediately following the successful completion of CMPT 494 and must be for the same project and faculty supervisor.,CMPT 494;CMPT 495,False,[],,3
CMNS 408,D100,summer,2021,Two upper division CMNS courses with a minimum grade of C- and permission of the instructor.,,True,[],,4
EVSC 489,D100,summer,2021,"EVSC 305, 90 units and consent of EVSC Director.",EVSC 305,False,[],,4
BPK 491,D100,summer,2021,"90 units, BPK 304W (may be taken concurrently) and permission of the chair of the undergraduate program committee. A minimum grade of B in this course is needed to register in BPK 495 or BPK 499.",BPK 304W;BPK 495;BPK 499,False,[],,3
BPK 495,D100,summer,2021,BPK 491 (minimum grade of B). Corequisite: BPK 499. Only students in the honours program may enroll in BPK 495.,BPK 491;BPK 499;BPK 495,False,[],,6
BPK 496,D100,summer,2021,"BPK 304W (may be taken concurrently) or PSYC 210, and permission from the chair of the undergraduate program committee. Usually, upper level standing with at least 75 units in the Biomedical Physiology and Kinesiology program will be required.",BPK 304W;PSYC 210,False,[],,3
BPK 498,D100,summer,2021,"BPK 304W (may be taken concurrently) or PSYC 210, and permission from the chair of the undergraduate program committee. Usually, upper level standing with at least 75 units in the Biomedical Physiology and Kinesiology program will be required.",BPK 304W;PSYC 210,False,[],,3
BPK 499,D100,summer,2021,BPK 491 (minimum grade of B). Corequisite: BPK 495. Only students in the honours program may enroll in BPK 499.,BPK 491;BPK 495;BPK 499,False,[],,6
CMPT 415,D400,summer,2021,Permission of Instructor and School.,,True,[],,3
CMPT 416,D200,summer,2021,Permission of the department.,,True,[],,3
CRIM 370,D200,summer,2021,"CRIM 320 and 330, and written application to the school no later than the last day of classes of the preceding term. CRIM 370 and 470 may not be taken concurrently.",CRIM 320;CRIM 370,False,[],,3
IAT 386,D300,summer,2021,"Completion of 45 units, and permission of the instructor and of the School is required. No more than six units of Directed Studies may be taken.",,True,[],,3
MBB 451,D100,summer,2021,Acceptance in the Science Co-operative Education Program.,,True,[],,3
CMPT 415,D500,summer,2021,Permission of Instructor and School.,,True,[],,3
ENSC 396,D200,summer,2021,"ENSC 295 or 296, a minimum of 75 units and approval of internship co-ordinator required.",ENSC 295,False,"[{'days': 'Mo, Tu, We, Th, Fr', 'startTime': '8:00', 'endTime': '20:00', 'campus': None}]",,3
BUS 425,D200,summer,2021,,,False,[],,3
GEOG 302,D200,summer,2021,acceptance in the environment co-operative education program.,,True,[],,3
SA 496,D100,summer,2021,Minimum of 72 units including SA 101 or 150 or 201W.,SA 101,False,[],,4
ENV 403,D100,summer,2021,"ARCH 450, ENV 402 or GEOG 402 and readmission into Environment Co-operative Education Program.",ARCH 450;ENV 402;GEOG 402,False,[],,3
EVSC 491,D100,summer,2021,"60 units, 3.0 cumulative grade point average.",,False,[],,1
CMPT 415,D600,summer,2021,Permission of Instructor and School.,,True,[],,3
CMPT 416,D300,summer,2021,Permission of the department.,,True,[],,3
SEE 290,D200,summer,2021,,,False,"[{'days': 'Mo, Tu, We, Th, Fr', 'startTime': '8:00', 'endTime': '20:00', 'campus': None}]",,3
CA 401,D300,summer,2021,"60 units plus a minimum standing of completion of second year in any of the programs offered in the School for the Contemporary Arts, and prior approval.",,False,[],,3
ACMA 437,D200,summer,2021,ACMA 436 or Job Practicum III from another department. Students must apply and receive permission from the co-op coordinator at least one term in advance.,ACMA 436,False,[],,3
CHEM 482,D002,summer,2021,Permission of the Department. Normally taken during the fourth year of study.,,True,[],,3
MATH 436,D200,summer,2021,MATH 337 and permission of the co-op co-ordinator; students must apply at least one term in advance.,MATH 337,False,[],,3
IAT 486,D100,summer,2021,"Completion of 69 units, and permission of the instructor and School are required. No more than six units of Directed Studies may be taken.",,True,[],,3
EVSC 491,D200,summer,2021,"60 units, 3.0 cumulative grade point average.",,False,[],,3
BISC 443,D100,summer,2021,BISC 342 and readmission to the Science Co-op Education Program.,BISC 342,False,[],,3
MATH 437,D100,summer,2021,MATH 436 and permission of the co-op co-ordinator; students must apply at least one term in advance.,MATH 436,False,[],,3
MBB 351,D200,summer,2021,Acceptance in the Science Co-operative Education Program.,,True,[],,3
CA 306,D300,summer,2021,45 units.,,False,[],,3
CMNS 321,D100,summer,2021,"One of CMNS 220, 221 or 223W, with a minimum grade of C-.",CMNS 220,False,"[{'days': 'Mo', 'startTime': '14:30', 'endTime': '16:20', 'campus': 'Burnaby'}]",,4
ITAL 201,D100,summer,2021,ITAL 200.,ITAL 200,False,[],,3
INLG 158,A600,summer,2021,,,False,[],,3
INLG 258,A600,summer,2021,,,False,[],,3
BISC 443,D200,summer,2021,BISC 342 and readmission to the Science Co-op Education Program.,BISC 342,False,[],,3
STAT 436,D100,summer,2021,STAT 337 or Job Practicum II from another department. Students must apply and receive permission from the co-op co-ordinator at least one term in advance.,STAT 337,False,[],,3
CA 401,D100,summer,2021,"60 units plus a minimum standing of completion of second year in any of the programs offered in the School for the Contemporary Arts, and prior approval.",,False,[],,1
EVSC 489,D200,summer,2021,"EVSC 305, 90 units and consent of EVSC Director.",EVSC 305,False,[],,4
