name,department,rating,num_ratings,would_take_again_percent,difficulty,courses
Stephen Collis,English,4.1,83,87.5,2.7,ENG; ENG100; ENG101; ENG102; ENG112; ENG300; ENG338; ENG349; ENG355; ENGL102; ENGL107; ENGL111; ENGL112; ENGL112W; ENGL202; ENGL205; ENGL347; ENGL349; ENGL372; ENGL374; ENGL397; ENGL418W; ENGL472; ENGL474; ENGLISH327; ENGLISHPOETRY; FASS101; POETRY100LEVE
Michael Schmitt,Psychology,4,62,70.5882,2.1,PSCY363; PSY366; PSYC363; PSYC366; PSYC391; PSYCH363; PSYCH366; PSYCPSYC
Joanna Niezen,Mathematics,3.9,33,73.5294,3.6,MATH292; Math150; Math190
Cory Ahn,Mathematics,4.3,28,88.4615,3.2,FANX99; MATH100; MATH151; MATH152; MATH157
Rhonda Arab,English,3.6,15,50,2.5,ENG103; ENG103W; ENG203; ENG311; ENGL103; ENGL113W; ENGL203; ENGL204; ENGL311
Troy Boucher,Psychology,4.8,8,77.7778,3.3,PSYC201W; PSYC391
Alexandra Coates,Biomedical Physiology & Kinesiology,4,6,66.6667,4.2,BPK205
Nabyl Merbouh,Chemistry,3.6,185,49.4845,3.8,CHEM281; CHEM281L; CHEM282; CHEM283; CHEM286; CHEM380
Dave Ng,Biomedical Physiology & Kinesiology,3,21,61.9048,3.8,BPK110; BPK142
Bohdan Nosyk,Health Science,2.1,20,43.75,4.7,HSCI372; HSCI416; HSCI471; HSCI484
Hoi-Kwan (Kero) Lau,Physics,1,15,0,4.7,Phys-121
Wendi Palmer,Education,1,14,0,5,EDUC400; EDUC401; EDUC403; EDUC405
Deniz Anginer,Finance,4.6,8,100,3.1,BUS315; BUS418
Akash Rattan,Business Administration,1.6,5,20,4.2,BUS254; BUS321; BUS424
Himchan Jeong,Statistics,5,3,100,2.7,ACMA201; ACMA231; RISK421
Mohammad Soltanshah,Engineering,5,2,100,3,CMPT310; ENSC204
Nicolas Bommarito,Philosophy,4.6,23,91.3043,1.9,PHIL150; PHIL322; PHIL342; PHIL357; PHIL421W
Amanda Butler,Criminology,3.8,13,77.7778,3.1,131; CRIM131; CRIM241; Crim346; crim101
Andrei Bulatov,Mathematics,3.3,148,71.7172,3.6,CMPT210; CMPT307; CMPT308; CMPT404; CMPT409; MACM101
Wei Becky Lin,Statistics,4.3,125,85.7143,2.6,STAT100; STAT201; STAT203; STAT270; STAT271; STAT302
Toby Donaldson,Computer Science,3.5,72,67.7966,2.9,CMPT120; CMPT125; CMPT135; CMPT225; CMPT310; CMPT383
NICHOLAS VINCENT,Computer Science,4.9,69,97.1429,2.1,cmpt120; cmpt419
Nadine Wicks,Biomedical Physiology  Kinesiology,4.1,66,80.303,3.7,BISC405; BPK140; BPK205; BPK306; BPK307; BPK408W; SCI140
Jamie Mullholand,Mathematics,4.8,46,95.5556,2.9,MACM201; MATH150; MATH151; MATH152; MATH232; MATH251; math155
Jorge Calderon,French,2.5,33,29.4118,3.2,FR3XXX; FREN230; FREN245; FREN340; FREN360; FREN430; FREN444; FREN452; FREN472; FRENFREN
Christian Guilbault,Languages,3.4,25,60,3.3,270; FREN; FREN270; FREN275; FREN331; FREN424; FREN425; FRENXXX
Sheena  Tan,Education,4.4,14,93.3333,3,EDUC211; MATH190; Math151
Tao Wang,Computer Science,2.6,14,46.6667,3.9,cmpt276; cmpt479
Anas Atakora,French,4.8,12,100,1.9,FREN101; FREN300
Laurence Gauvreau,French,2.8,6,50,3.5,FREN112; FREN122; FREN301; MODL1102
Jiguo Cao,Statistics,3.9,6,0,2.3,DATA180; STAT285
Jianliang Wu,Computer Science,2,6,16.6667,4.2,CMPT403; CMPT789
Zahra Borghei,Business Administration,2,3,25,3.7,BUS275; BUS321
Claudette Lauzon,Art,1,2,33.3333,4.5,CA118
Rupak Shrestha ,International Studies,5,2,66.6667,2.5,IS230
Shivanand Balram,Geography,3.7,152,54.878,3.1,GEO150; GEOG150; GEOG151; GEOG251; GEOG253; GEOG255; GEOG355
James Busumtwi-Sam,Political Science,3.8,101,45.8333,3.2,346; DEVS201; DEVS401; IOIR1111; PL448; POL342; POL344; POL345; POL346; POL374; POL448; POLANY; POLI100
Jane Friesen,Economics,2.7,95,58.3333,3.2,BUEC280; ECON103; ECON280; ECON381; ECON435; ECON838
Neil Watson,Psychology,3.9,74,74.1935,3.7,PSYC280; PSYC381; PSYCH280
John-Henry Harter,History,4.1,68,62.5,2.7,HIS101; HIST101; HIST102W; HIST327; HIST424; LBST101; LBST301; LBST301W; LBST311; LBST330
Darren Fleet,Communication,3.5,20,60,3.3,CMNS130; CMNS316; CMNS323; cmns110
Cecile Vigouroux,French,3.6,44,53.3333,3.4,FRE330; FRE370; FREN275; FREN330; FREN332; FREN370; FREN420; FREN423; FREN452; FREN4XX; FREN800; FRENFREN; FRENLING; FRENXXX; FRLINLING; LING100; LINGFREN
Claudia Gomez,Business Administration,2.1,37,26.3158,3.2,BUS341; BUS343; BUS443; BUS447
Michel Virgilio,Mathematics,4,8,77.7778,2.5,MATH1130; MATH1140; MATH157; MATH251; MATH310
Gopolang  Mohlabeng,Physics,2,7,37.5,3.9,PHYS313; Phys-126
John Bechhoefer,Physics,1.6,4,0,4.5,PHYS211; PHYS231; PHYS234
Robert Britton,Chemistry,4.1,140,79.1045,3.4,CHEM280; CHEM281; CHEM455
Vijay Singh,Mathematics,3.5,79,69.697,3,MACM316; MATH1152; MATH130; MATH151; MATH152; MATH152251; MATH157; MATH242; MATH251; MATH260; MATH342; MMT100
David Whitehurst,Health Science,3.7,57,64.2857,2.7,HSCI206; HSCI310
Dylan Cooke,Biomedical Physiology amp Kinesiology,1.3,49,5.8824,4.7,BPK207; BPK423
Yueh Li,Molecular Biology & Biochemistry,4.4,20,80.9524,2.3,MBB222; MBB324
Rebecca Cobb,Psychology,2.3,97,16.9231,3.7,362; INTERPERSONALR; PSCY362; PSYC362; PSYC367; PSYC462
Martin Andresen,Criminology,2.7,70,24,3.7,CRIM101; CRIM320; CRIM350; CRIM352
Nancy Forde,Physics,2.2,61,19.2308,4,PHYS102; PHYS132
Cheng Li,Engineering,1.7,28,10.3448,4.2,ENSC-151
Sevda Sattari,Business Administration,5,5,100,2.6,BUS345
Michael  Hamilton,Chemistry,0,0,100,0,122
Amy Conroy,Criminology,2.2,241,31.405,4.1,CRIM135; CRIM230; CRIM330; CRIM331; CRIM332
Clare McGovern,Political Science,3.3,85,56.9767,3.7,POL121; POL151; POL221; POL330; POL332; POL421; POL421W; POL428
Gherardo Caracciolo,Business Administration,3.8,81,67.0732,3.4,BUS312; BUS313; BUS412
Niall MacKenzie,Humanities,3.5,72,53.5714,3.3,101W; 407W; ENG100; ENG101W; ENG111W; ENG199W; ENG410; ENGL101; ENGL101W; ENGL111W; ENGL199W; ENGL304; ENGL359; ENGL410; GSWS204; HIST106; HIST404; HIST444; HUM; HUM101; HUM130; HUM202; HUM330; HUM340
Arne Eigenfeldt,Music,2.8,57,27.7778,3.3,CA140; CA142; CA386; CMNS147; FPA140; FPA147; FPA247; FPA289; FPA345
Kent Williams,Business Administration,2.1,32,27.2727,4,BUS275; BUS489; BUS716
Agnes Macdonald,Sociology,2.2,17,23.5294,3.6,SA150; SA302; SA304; SA350
Cleusa Yamamoto,Business Administration,3.9,14,73.3333,2.9,BUS232
Tsoghik Grigoryan,Education,4.9,7,100,3.1,EDUC240; EDUC322; FALX99
Kevin Laughren,Economics,2.9,25,50,3.9,ECON201; ECON220W; ECON342; ECON383; ECON455W; ECON484
Farouk Abdul-Salam Salam,Business Administration,1,2,33.3333,2,BUS346
Ouldooz Karimi,Computer Science,2,101,23.7624,3.5,CMPT354; CMPT371; CMPT454; CMPT471; CMPT474; CMPT756
Erika Plettner,Chemistry,2,78,27.2727,4.4,CHEM; CHEM282; CHEM380; CHEM452; SCI300
Masahiro Minami,Education,4.8,12,100,2.1,EDUC324; EDUC423
Matthew Sigal,Psychology,2.5,113,40.3509,3.9,21O; PSYC210; PSYC301
Yue Wang,Languages,2.9,33,50,2.8,410; LING100; LING130; LING290; LING330; LING415; LINQUISTICS130
Paul Garfinkel,History,4.4,139,86.0465,3.2,225; H225; HIS225; HIST106; HIST224; HIST225; HIST391; HIST433; HIST433W; HIST445; HIST4XX; HUM-106; HUM-321W; HUM-350; HUM333W; HUM335; HUM360
Michael Johnson,Business Administration,4.4,81,66.6667,2.6,336; BUEC232; BUS336; BUS706; COMM651
Sara Graves,Business Administration,3.2,47,57.4468,3.2,BUS275; BUS303; BUS374; BUS660; BUS716
Julian Guttman,Biology,3.7,35,76.4706,3.2,BISC303; BISC428
Suzanne Hilgendorf,Linguistics,2.8,34,17.6471,3.1,GERM102; GERM103; GERM201; LING160; LING200; LING2111; LING309; LING309W; LING410
Sarah Rosengard,Science,5,7,87.5,2.4,EVSC100; EVSC195
Tasnim Abedalqader,Linguistics,1,1,0,3,LING160
Ingrid Northwood,Microbiology,3.7,139,80.7692,2.9,HSCI326; MBB; MBB221; MBB231; MBB321; MBB326
Peter Leavitt,Psychology,4.8,98,95.9596,2.2,100; 102; 201; 300W
David Muraki,Mathematics,2.4,93,42.4242,4.3,316; APMA900; MACM316; MAT251; MATH251; MATH302; MATH314; MATH322; MATH418; MATH462; MATH495
JF Williams,Mathematics,2.9,82,54.902,3.9,232; MACM202; MACM204; MATH130; MATH155; MATH232; MATH251; MATH475; Macm316
Ahmad Bisher,Business Administration,3.3,50,56.8627,3.4,BUS237
Katrina Honigs,Mathematics,3.9,49,70,3.2,MATH441; Math157; math240
Nicolas Fillion,Philosophy,3.6,80,50.6329,3.8,PHIL110; PHIL310; PHIL314; PHIL341; PHIL451W
vaibhav saria,Gender Studies,4,3,75,3,GSWS-332; GSWS212
Lakshman (Lucky) One,Engineering,2.8,113,36.5854,3.7,440; ENSC; ENSC150; ENSC252; ENSC316; ENSC350; ENSC416; ENSC425; ENSC426; ENSC440; XXX
Hasina Samji,Health Science,2.6,9,30,3.6,HSCI300; HSCI330; HSCI432; HSCI802
Ilya Vinkovetsky,History,3.6,67,54.5455,3.3,224; HIST106; HIST224; HIST225; HIST334; HIST335; HIST419; HIST420; HIST4XX; HISTHIST; HST225
Rajiv Kozhikode,International Business,4,25,66.6667,3.5,BUS374; BUS430
Uzair Azmat,Business Administration,2.9,24,58.3333,3.9,BUS207; BUS410
Susan Bubra.,Business Administration,1.4,40,12.1951,4.5,BUS251; BUS254; BUS311; BUS322; BUS330
Anushay Malik,Labor Studies,4.4,40,87.8049,3.1,472W; GA101; HIS243; HIST130; HIST130W; HIST243; HIST252; HIST358; HIST472W; IS101; IS265; LBST201
Trevor Block,Linguistics,5,34,100,2.9,LING100; LING200; LING220; LING280; LING282; LING301W; LING323; LING324; LING350; LING400
Elizabeth Elle,Biology,3.4,34,77.7778,3.6,BIO102; BISC; BISC102; BISC360W; BISC400; BISC404; BISCSECT; ECOLOGY
Brad Bart,Computer Science,3,419,40.0943,4.1,CMPT210; CMPT307; MACA101; MACM101
Peter Dickinson,English,3.4,68,16.6667,3.1,103W; ENG; ENG103; ENG103W; ENG113W; ENG368; ENG399; ENG468; ENGL103; ENGL103W; ENGL3; ENGL357; ENGL368CDE; ENGL376; ENGL380; ENGL382; ENGL399; ENGL468W; ca135
Sabine Betts,Physics,4,18,80,2.7,ILSA101; PHY140; PHYS102; PHYS140
Hamideh Shokoohian,Business Administration,3,21,50,3.6,BUS232; BUS336; BUS373
Diana Bedoya,Kinesiology,4,186,66.3551,3.1,110; BPK110; BPK140; BPK326; BPK340; BPK417
Medha Kumar,Business Administration,1,1,0,5,BUS272; BUS374
Steven  Adang ,Business Administration,5,1,50,3,BUS417
Stephen Choi,Mathematics,3.7,197,77.2727,2.6,MATH154; MATH155; MATH157; MATH240; MATH242; MATH254; MATH260; MATH322; MATH342; MATH419; math152
Graeme Bowbrick,Criminology,3.9,192,60.5769,3.6,135; 230; ALS602; ALS620; CRIM135; CRIM230; POL151
Richard Wong,Business Administration,4.7,71,90.2778,3.2,BUS251; BUS254; BUS321; BUS331
Sonja Isberg,Statistics,5,63,100,2.1,STAT100; STAT201; STAT270; STAT271; STAT285; STAT305; STAT485
Kirsten McAllister,Communication,3.2,47,18.1818,3.3,387210; CMNS202; CMNS210; CMNS262; CMNS314; CMNS362; CMNS386; CMNS423; CMNS424; CMNS452; CMNS482; CMNS487; CMS286; COM; FPA412
Jim Carter,Biomedical Physiology  Kinesiology,4.6,11,90.9091,3.5,BPK142
Ali Bhagat,Policy Studies,3.1,9,45.4545,3.7,PLCY100
Ramesh Krishnamurti,Computer Science,2.2,55,19.0476,3.4,CMPT110; CMPT165; CMPT225; CMPT250; CMPT307; CMPT307405; CMPT405; CMPT705; CMPT710; CMPT815; COMP711; MACM; MACM101
Sarah Lubik,Business Administration,4.3,13,80,2.3,BUS238; BUS338; BUS477
Meghan Winters,Health Science,3.2,13,75,2.9,HSCI230; HSCI330; HSCI472
Paul Tupper,Mathematics,3.8,56,84.375,3.1,ALGEB100; APMA940; MATH232; MATH251; MATH309; MATH348; MATH419; MATH470; MATH495; MATHD100; math157
Jiang Ye,Computer Science,2.3,72,32.8125,3.6,CMPT125; CMPT128; CMPT128CMPT150; CMPT130; CMPT135; CMPT150
Bernhard Rabus,Engineering,1.4,25,7.6923,4.6,ENSC220; ENSC316; ENSC461
Reid  Staples,Earth Science,3,18,52.6316,3.7,EASC; EASC202; EASC205; EASC206; EASC301
Amyn Somani,Business Administration,4.7,18,100,2.7,240; 338; BUS238; BUS240; BUS714
Baher  Amouzgar,Engineering,1,2,0,3.5,405
John Bird,History,5,2,100,3.5,HIST326
Sophie Sneddon,Molecular Biology & Biochemistry,4.4,46,78.7234,3.2,MBB110; MBB231; MBB322; MBB331; MBB342; MBB441; MBB462; MBB463; MBB841; mbb326
Darren Francis,Business Administration,4.5,26,88.8889,3.5,BUS217W; BUS360
Mitchi   Kamigaki-Baron ,Linguistics,2.3,4,40,4.3,LING190; LING330
Andy Hoffer,Biomedical Physiology & Kinesiology,3,3,75,3.7,BPK448
Susan Christie-Bell,Business Administration,2.6,117,38.7387,3.5,BUS201; BUS202; BUS217W; BUS300; BUS496
Andrei Balezin,Business Administration,5,2,100,3,BUS343
Natalya Alonso,Business Administration,5,2,100,2.5,BUS272; BUS488
Kangyi Peng,Statistics,3,2,33.3333,3.5,STAT445
Sisi  Zhang,Business Administration,5,1,100,3,BUS315
Yew-Wei Lim,Statistics,4.5,36,0,2.5,STAT201; STATS201; STATS306
Ardeshir Zamani,Business Administration,4.5,23,90.3226,3,BUS346
Sara Doering,Criminology,4.1,14,80,3.7,CRIM000; CRIM104; CRIM320; CRIM413
Spozhmay   Oriya,Psychology,1.8,11,9.0909,3.3,PSYC241
Spozhmay  Oriya,Psychology,3,1,0,1,PSYC241
Kevin Lam,Biology,4.7,157,93.4426,3.3,BIO101; BIO102; BIO202; BISC101; BISC102; BISC202
Rastin Mehri,Humanities,4.8,43,90.9091,2.6,ARAB100; ARAB101; ARAB134; ARAB148; ARAB1OO; LING134; LING190; PERS100; PERS101; PERS104; PERS118; PERS190; WL104W
Shiva Gol Tabaghi,Mathematics,3.1,38,47.619,2.8,EDUC475; FAN99; FANX99; MATH100; MATH105; MATH151; MATH157
Peter Smith,Physics,2,86,14.4928,4.1,ENF100; PHY100; PHYS100; PHYS140; PHYS140141; PHYS141
Jamie Mulholland,Mathematics,4.7,221,90.3226,2.8,150; 151AND152; MACM201; MATH150; MATH151; MATH151MATH152; MATH152; MATH155; MATH251; MCAM201
Arrvindh Shriraman,Computer Science,2.1,189,27.4725,4.4,CMPT295
Gulriz Barkin,Economics,2.5,159,30,3.9,103; 201; ECON103; ECON105; ECON201; ECON260; ECON302; ECON383; econ220
Jeff Sonier,Physics,1.9,119,14.2857,3.7,120; PHY120; PHYS120; PHYS131; PHYS132; PHYS385; PHYS861
Neha Shivhare,Business Administration,2,59,25,3.4,BUS303
Joanne Leow,English,2.6,9,33.3333,3.3,ENGL-112W; ENGL-209; ENGL-362
Angel Kennedy ,Health Science,4.7,7,100,3,HSCI372
Schuyler Pringle,Philosophy,0,0,-1,0,
Martin Santamaria,Economics,4.4,121,87.6033,2.8,ECON103; ECON105; ECON113; ECON115; ECON355W
Diana Lim,Psychology,3.4,97,57.732,3.2,PSYC100; PSYC102; PSYC201W; PSYC280; PSYC383
Christoph Lulfesmann,Economics,2.5,73,36.3636,4,ECON201; ECON301; ECON325; ECON826
Holly Andersen,Philosophy,3.1,63,38.7097,4,PHIL100W; PHIL144; PHIL203; PHIL302; PHIL341; PHIL455
Bruno Guindon,Philosophy,3.9,61,75.4098,3.3,PHIL105; PHIL110; PHIL120; PHIL120W; PHIL221; PHIL326; PHIL467W
Chelsea Rosenthal,Philosophy,4.2,34,88.2353,2.2,PHIL120; PHIL120W; PHIL329; PHIL421W; SDA270
Mahmoudian Fereshteh,Accounting,2.8,32,40.625,3.8,BUS320; BUS322; BUS420
Gregory Lauro,Philosophy,4.7,19,100,2.8,PHIL100W; PHIL110; PHIL201; PHIL315; PHIL345W
Sahar Zaman,Political Science,4.9,13,100,1.9,92531; POL100
Lydia du Bois,Philosophy,2.8,13,38.4615,2.9,HSCI319W; PHIL103; PHIL1103; PHIL302; PHIL332
Justin Tetrault,Criminology,5,7,100,2.1,CRIM101; CRIM319
Tom Loughin,Statistics,3.9,7,71.4286,3,STAT100; STAT285; STAT475
Zara Anwarzai,Philosophy,5,5,100,1.8,COGS100
Nadine Attewell,Women,5,4,100,3,GA-101; GSWS-320
Stephen  Bero,Philosophy,0,0,-1,0,
Kate Tairyan,Health Science,2.8,111,23.1884,2.5,HSCI130; HSCI160; HSCI199; HSCI312; HSCI486; HSCI821
Ryan Allen,Health Science,4.6,87,90.9091,2.7,HSCI204; HSCI304; HSCI340; HSCI424; HSCI471; HSI304
Jason Brown,Religious Studies,4.2,70,81.4286,2.5,HUM130; HUM204; REM471
Laura  Tate,Urban Planning,2.6,40,35,3.6,PLAN100; SD381
Mark Pickup,Political Science,3.1,23,50,3,POL201; POL315; POL318; POL339; POL426W; POLI426
Joao Bastos,Health Science,2.9,14,50,2.4,230
Angelina Polsinelli,Psychology,5,2,100,4,PSYC387
Dai Heide,Philosophy,3.8,101,65.7895,3.6,PHIL100W; PHIL105; PHIL120W; PHIL151; PHIL203; PHIL352; PHIL356; PHIL357; PHIL451W; PHILD100; PHILXX1; XX1
Nessim Tariq,Mathematics,2,60,18.75,3.8,MATH152; MATH157; MATH310; MATHS152; MATHS157
Igor Shinkar,Computer Science,4.2,173,80.9249,3.5,CMPT125; CMPT225
Lauren Rossi,History,3.5,32,62.5,3.8,HIST106; HIST138; HIST232; HIST285; HIST332; HIST338; HIST401; HUM360
Yeung Paul,Education,1.9,22,15,4.1,EDUC101; EDUC323; EDUC324; EDUC328; EDUC422
Lin Zhang,Statistics,5,2,100,3,STAT350
Mel Voulgaris,Education,0,0,100,0,EDUC252
Evan Tiffany,Philosophy,3.8,155,88.5246,3.2,PHIL120; PHIL120W; PHIL329
Sean Zwagerman,English,4.1,66,75.6757,3.1,114W; 475; ENG104; ENG104W; ENG114; ENG114W; ENG199; ENG214; ENG375; ENG3RDYEAR; ENGL101; ENGL104W; ENGL112W; ENGL114; ENGL114W; ENGL144W; ENGL199W; ENGL375
Bruce Lanphear,Health Science,4.4,11,83.3333,3.2,HSCI408; HSCI483
Seda Albayrak,Mathematics,2.6,5,40,3.2,MATH152; MATH232
Inigo Novales-Flamarique,Biology,2.8,40,41.1765,4.2,BIO305; BISC305; BISC425
Daniel Chang,Education,4.6,30,90,2.4,EDU1150; EDUC100; EDUC220; EDUC320; FALX99
Lara Aknin,Psychology,4.2,95,73.5294,2.8,PSYC260; PSYC364; PSYC391
Grant Mowbray,Accounting,3.9,28,71.4286,3.1,BUS251; BUS426
Alireza Noori,Physics,2.3,20,40,3.5,PHYS100
Gustavo Albuquerque,Economics,4.1,7,71.4286,2.6,ECON102; ECON105; ECON355W
Clint Burnham,English,2,66,18.75,4.1,ENG104; ENG454; ENGL115W; ENGL1XX; ENGL272; ENGL2XX; ENGL355; ENGL357; ENGL3XX
John Craig,History,3.6,56,41.6667,3.8,316; ENGREFORMATION; HIST200; HIST215; HIST220; HIST315; HIST338; HIST404; HIST405; HISTENGL; HST105
Maaike Helmus,Criminology,3.3,54,53.7037,3.6,CRIM103; CRIM220; CRIM318; CRIM320; CRIM418
Steve Zillwood,English,4.8,46,96.875,2.4,ENG101; ENG105; ENG112; ENG115; ENG205; ENGL101; ENGL112; ENGL115; ENGL203; ENGL205
Daniel Hooley,Philosophy,3.3,20,40,3.1,BUS303; ENV320; ENV320W; PHIL101
Thomas Spalek,Psychology,3,160,57.1429,3.9,221; 303; COGS221; PHYC221; PSY221; PSYC221; PSYC303; PSYCH221
Alyssa Croft,Psychology,3.3,125,56.8,3.1,PSYC102; PSYC260; PSYC300W
Jeremy Brown,History,4.4,65,81.4815,2.8,HIST225; HIST254; HIST255; HIST366; HIST4; HIST400; HIST464; HIST479; HIST485
Thomas Loughin,Statistics,3.3,36,48.3871,3.6,MSSC180; STAT100; STAT285; STAT305; STAT452; STAT475
Adele  Quigley McBride,Psychology,4.6,25,92,2.7,376; PSYC268
Patricia Somers,Chemistry,4.2,23,78.2609,3.3,CHEM281
Nicolas Kenny,History,2.9,20,46.1538,3.8,HIST102; HIST102W; HIST214; HIST300; HIST372; HIST390; HIST3XX
Maxwell Donelan,Biomedical Physiology & Kinesiology,3.3,9,44.4444,3.2,BPK201
Zhanna Lyubykh,Business Administration,4.4,8,75,1.6,BUS381; BUS485
Jennifer Wong,Criminology,2.8,157,34.4828,3.9,103; 340; CRIM103; CRIM220; CRIM340
Vasyl Golovetskyy,Economics,2.4,109,33.8983,3.1,ECON103; ECON105; ECON291; ECON325; ECON333
Leanne Roderick,Geography,3.2,71,56.338,3,GEOG100; GEOG104; GEOG162; GEOG221
Bertrand Sager,Psychology,3.8,59,64.4068,3.1,PSYC210; PSYC221; PSYC308; PSYC325
Ke Wang,Computer Science,3.3,57,57.1429,2.9,CMPT354; CMPT454; CMPT741; CMPT884
Eugene McCann,Geography,4.5,44,100,3.4,261; 261362; GEO362; GEOG; GEOG161; GEOG261; GEOG362; GEOG362261; GEOG362W; GEOG441; GEOG442; GEOGRAPHY; GOEG442
Milad Parpouchi,Health Science,4.7,38,92.8571,2.5,130; HSCI120; HSCI130; HSCI214; HSCI481
Brendan Murphy,Environmental Science,4.3,36,77.7778,2.9,EVSC100; EVSC305; EVSC460; EVSC495
Juan Ferrer,Science,4.8,16,93.75,1.5,TEKX101
Jeanne Essame,History,2,1,0,4,HIST455W
Megan Barker,Biology,2.4,163,32.9268,4.2,BIO101; BISC101; BISC1O1
Zamir Punja,Science,4.5,152,95.3488,2.6,101; BI101; BIO101; BIOLO101; BISC101; BISC326; BISC328; BISC430; BSCI101
Tianzheng Wang,Computer Science,2.3,58,33.8983,4.5,CMPT300; CMPT454
Halil Erhan,Interactive Media Design,1.8,42,18.4211,4.1,IAT106; IAT233; IAT337; IAT437; IAT452; TECH106
Razvan Fetecau,Mathematics,3.2,31,61.1111,3.7,APMA935; CALC3; CALC999; MATH158; MATH240; MATH251; MATH260; MATH301; MATH303; MATH314; MATH467; MATH495
Daria Ahrensmeier,Physics,3,24,56,3.5,PHYS100; PHYS140; PHYS141; PHYS255
Amirhossein Khameneh,Computer Science,5,6,100,2.3,CMPT225; MACM101
Bing Lu,Geography,3.7,3,66.6667,2.3,GEOG215; GEOG253; GEOG353
Ralf Wittenberg,Mathematics,2.8,171,29.5652,3.5,MACM316; MATH154; MATH155; MATH260; MATH314
Rachel Altman,Statistics,2.1,67,30.8824,4,STAT201; STAT270; STAT302; STAT305; STAT350; stat851
Marie Ouellet,Criminology,4.9,10,100,2.6,CRIM220
Cindy Hansen,Earth Science,3.9,80,63.0769,3.4,EASC101; EASC103; EASC106
Bahareh Assadi,Business Administration,3.3,58,66.1017,3.2,BUS272; BUS381
Barbara Sanders,Statistics,5,2,100,2.5,ACMA832; RISK102
Douglas Allen,Economics,3.6,451,68.4211,4,103; E103; ECO103; ECON103; ECON402; ECON427
Bobby Chan,Computer Science,3.8,154,62.3762,3.2,CMPT120; CMPT213; CMPT218; CMPT272; CMPT276; CMPT372; CMPT470; MACM101; cmpt300
Tamara O'Doherty,Criminology,3.8,108,59.3407,3.7,CRIM135; CRIM230; CRIM302; CRIM317; CRIM335
Andrew Perkins,Geography,4.2,88,82.0225,3,G312; GEO111; GEOG11; GEOG111; GEOG312
Martin Ester,Computer Science,2.7,45,59.2593,3.1,CMPT354; CMPT454; CMPT459; CMPT459454; CMPT741; CMPT884; DATABASES
Nicholas May,History,3.3,39,55,3.5,HIST101W; HIST325; HIST424; HIST498; hist427; hist436
Tamir Moustafa,International Studies,4,32,60,3.4,415; IS101; IS210; IS315; IS415; IS419; IS809
Kevin Douglas,Psychology,4.3,28,94.4444,2.9,PSYC201; PSYC268; PSYC379; PSYC476; PSYCH201; PSYCH379; PSYCHPSYC
Aaron Hoffman,Political Science,4.3,12,84.6154,3.2,POL141; POL349; POL445W
Giuliano Gullotti ,French,4.5,2,100,1,FREN201; FREN300; FREN302
Tony Williams,Biology,3,147,35.8025,3.7,101; BIO101; BISC101; BISC171; BISC455
Christopher Kennedy,Biology,3.6,94,93.3333,3.3,BIO101; BIOL101; BISC0000; BISC101; BISC313; BISC316; MATB24
Brenda Lyshaug,Political Science,3.9,83,57.8947,3.1,IS100; IS101; IS200; IS302; IS329; IS350; IS409; IS429; IS450
Irene Pang,International Studies,2.4,17,27.7778,3.6,IS220; IS300; IS333
Adrian Ivakhiv,Humanities,5,1,100,3,HUM101W
Hannah McGregor,Publishing & Printing,0,0,0,0,PUB222
Vanja (VJ) Terzic,Business Administration,3.5,55,53.5714,2.9,BUS240
Baran Fakhri,Sociology,4.2,52,82.6923,2.7,SA-150; SA150; SA260; SA321; SA366
Ke Li,Computer Science,2.9,21,45.4545,4.5,CMPT410; CMPT419; CMPT726; CMPT983
Angel Chen,Psychology,3,4,25,3.3,PSYC260; PSYC391
Daniel Higginbottom,Physics,4,3,100,2.7,PHYS120
Krishna Pendakur,Economics,3.3,87,87.5,3.2,104; BUEC333; BUECBUEC; ECON104; ECON1123; ECON182; ECON383; ECON836; ECONAABB
Mohammad Tayebi,Computer Science,2.8,49,42,3.6,CMPT120; CMPT354; CMPT782
Eline De Rooij,Political Science,3.5,41,51.8519,2.8,POL100; POL101W; POL121; POL231; POL241; POL310; POL31O; POL338W; POL481; POL490; POLI438
Serdar Kaya,Political Science,3.2,40,44.1176,3.6,IS101; IS210; IS300; IS355; LBST312; POL100; POL241; POL339; POLI1120; POLI1125; S257; SA257; lbst201
Ajay Kalra,Education,2.1,15,37.5,1.5,EDUC240
Shafik Bhalloo,Business Administration,4.6,241,90.4762,2.8,303; 393; BUS233; BUS303; BUS393; BUS483; BUS772
Petr Lisonek,Mathematics,3,128,54.5455,3.2,MACM201; MACM203; MACM204; MATH154; MATH155
Victor Cheung,Computer Science,2.4,118,41.1765,3.9,CMPT120; CMPT125; CMPT225; CMPT263; CMPT363; MACM101
Eric Tung,Business Administration,4.6,68,89.1304,3.5,BUS360; BUS360W
David Vocadlo,Chemistry,4.5,40,92.6829,3.2,1629; CHEM281
Eirini Kotsovili,Humanities,4,39,71.4286,3.4,332; GRK100; GRK291; GSWS318; GSWS319; GSWS321; HS303; HUM102; HUM209; HUM240; HUM309; HUM318; HUM319; HUM332; HUM360; HUM385; SFU; WL203; WL303
Glenn Chapman,Engineering,3,33,61.1111,3.1,CLASS; ENG850; ENSC220; ENSC435; ENSC460; ENSC470; ENSC495; ENSC851; ensc477
Sherryl Bisgrove,Biology,4.3,28,82.3529,3,BISC326; BISC333; BISC498; MBB221; MBB231
Engida Gebre,Education,1.3,10,9.0909,3.3,EDUC320; EDUC864; EDUC893
M. Hasan,Business Economics,4.5,255,91.4286,3.2,BUS207; BUS315; BUS413; ECON101; ECON355; ECON457
Ilia Bykov,Education,2.8,226,52.0468,4,BUS201; BUS217; BUS360W
George Zhang,Business Administration,3.3,174,43.4783,2.8,BUEC232; BUECD200; BUS232; BUS336; BUS437
Andy Heard,Political Science,4,138,80,3.2,POL; POL100; POL101; POL101W; POL221; POL222; POL324; POL417; POLI101W
Matt Martell,Business Administration,3.3,51,61.5385,3.1,BUS100; BUS201; BUS202; BUS251; BUS254; BUS362; BUS401; BUS478; Bus217
Andrey Pavlov,Business Administration,3.3,39,55.5556,2.5,BUS312; BUS316; BUS414; BUS419; BUS495; BUS803
Devadrita Nair,Business Administration,5,34,100,2.5,BUS232; BUS373
Robert Weston,Business Administration,4.5,32,90.625,2.4,BUS381; BUS484
Lisa Ricci,Accounting,1.8,24,24,3.8,BUS-322; BUS475
Ulrich Paschen,Business Administration,4.7,21,100,2.9,BUS272; BUS361; BUS473; BUS474; BUS485; BUS715
Afifa Shahrin,Health Science,2.9,13,57.1429,3.5,HSCI412; HSCI471
Kam Phung,Business Administration,4.8,10,100,2.6,BUS275; BUS453; BUS489; BUS692; BUS716; BUS735
Anosh Irani,Literature,3.3,10,72.7273,3.4,CRWR200; WL307W; WL330
Martin Fuchs,Business Administration,4.9,7,100,3,BUS275
Anna Lukkarinen,Business Administration,5,5,83.3333,1,BUS240; BUS314
Rochelle Tucker,Health Science,3.2,293,70.9924,3.2,130; HSCI1130; HSCI130; HSCI207; HSCI345; HSCI481
John Edgar,Computer Science,3.3,150,51.9608,3.5,CMPT120; CMPT130; CMPT225; CMPT376W; CMPT454
Garth Davies,Criminal Justice,3.2,137,57.6923,3.8,CRIM320; CRIM321; CRIM413; CRIM417; CRIM423
Derek Bingham,Statistics,4.6,91,93.3333,2.5,STAT100; STAT201; STAT203; STAT270; STAT403; STAT410; STAT430; STATS203; STATS302
Evan McCuish,Criminology,4.5,80,94.5205,2.9,103; CRIM103; CRIM210; CRIM414; CRIM861
Thomas Donaldson,Philosophy,4.8,71,95.7746,2.5,100W; AMH2020; PHIL100W; PHIL110; PHIL201
Catherine D'Andrea,Archaeology,3.6,69,60,3.1,ARCH100; ARCH200; ARCH200479; ARCH252; ARCH272; ARCH375; ARCH390; ARCH442; LOTSOFARCH
Gail Anderson,Criminal Justice,3.5,67,55.5556,3.4,CRIM; CRIM355; CRIM358; CRIM402; CRIM451
Yan Yan,Economics,4.8,63,96.8254,3,ECON103; ECON105; ECON305; ECON392; ECON410
Hang Ma,Computer Science,2.4,40,35,3.6,CMPT310; CMPT417
Carman Fung,Gender Studies,2.2,37,26.3158,4.1,100; 101; 102; GSWS100; GSWS331
Robert Cameron,Computer Science,1.5,31,10.7143,3.7,CMPT128; CMPT212; CMPT275; CMPT276; CMPT383; CMPT384; CMPT473
Rui Basto Da Silva,Business Administration,4.4,27,82.6087,2.9,BUS340; BUS343; BUS346; BUS478; COMR465
David Stenning,Statistics,4.6,22,95.4545,2.6,STAT260; STAT460
Rudy Reimer,Archaeology,4,19,92.8571,2.7,ARCH273; ARCH321; FNST101; FNST212; FNST222; FNST301; INDG212; INDG333
Zuzana Vasko,Education,4.5,19,83.3333,2,EDUC100W; EDUC199; EDUC252; EDUC401; EDUC437; FALX99
Weiming Liu,Business Administration,4.6,11,91.6667,2.9,BUS254; BUS322; BUS330
Andrea Krusi,Criminal Justice,4.9,9,90,2.3,crim104
Ryan Sandrin,Criminal Justice,4.1,9,80,2.6,Crim251
Dheva Setiaputra,Molecular Biology & Biochemistry,3.6,7,62.5,3.3,MBB321; MBB322
Shana  Ruess,Criminology,2.8,6,28.5714,3.2,CRIM311; CRIM321
Zoe  Todd ,Indigenous Studies,5,2,100,3,INDG305; INDG322
Stephen Smith,Education,3,2,50,3,educ371; educ901
Onkar Bains,Biology,4.6,203,88.8889,2.9,BIO101; BISC101; BISC102; BISC202; BISC205
Simon Watkins,Physics,3.2,93,61.9048,3.3,PHY101; PHYS100; PHYS101
Leanne Ramer,Biomedical Physiology  Kinesiology,2.5,85,33.7209,3.9,BPK110; BPK140; BPK325; BPK326; BPK375
Kathleen Burke,Sociology,3.2,72,42.5,3.3,303; BUS303
Gamage  Perera,Statistics,4.2,71,83.5821,2.5,STAT100; STAT101; STAT201; STAT203; STAT270; STAT302; STAT350; STAT430
Eldon Emberly,Physics,3.7,60,92,3.1,PHY101; PHYS100; PHYS101; PHYS347; PHYSI101; PHYSICS100; PHYSICS101; PSY101
Loren Kaake,Chemistry,1.8,34,14.7059,4,CHEM122; CHEM260
Steve Ruuth,Mathematics,3.2,34,62.8571,3.6,MACM203; MACM316; MATH251; MATH252; MATH260; MATH269; MATH467
Steve Dodge,Physics,3.2,29,52.381,4.1,PHYS100; PHYS126; PHYS132; PHYS233; PHYS255; PHYS355; PHYS450
Heather Bliss,Linguistics,4.6,25,96.1538,2.4,282W; LING100; LING100220; LING220; LING280; LING282W
Sabrina Higgins,Archaeology,4.7,24,84,3.1,ARCH232; ARCH312; ARCH313; ARCH321; HS231; HS232; HS303; HUM216; HUM232; HUM314; HUM390
Michelle Nilson,Education,2.9,23,45.4545,2.1,EDUC100W; EDUC471; EDUC813; EDUC950
Henry Chow,Business Administration,1.8,22,30.4348,4.2,BUS217W
Ryan Fitzgerald,Psychology,4.5,21,81.8182,3,PSYC268; PSYC376
David Broun,Physics,4.2,9,83.3333,3.6,PHYS126; PHYS255
Herbert Tsang,Computer Science,1.9,202,14.3939,3.8,CMPT105W; CMPT276; ENSC180; ENSC251; MSE402
Ivona Mladenovic,Biology,2.9,151,46.25,3.6,101; 102; BIO102; BISC101; BISC102; BISC202
Marie Rekkas,Economics,3.6,149,61.4583,3.3,BUEC333; ECN103; ECON103; ECON325; ECON333
Rebecca Goyan,Chemistry,2.2,135,22.3301,3.9,CHEM111; CHEM120; CHEM121; CHEM126
Karen Ruckman,Business Administration,4.2,115,82.6087,3.3,BUS; BUS207; BUS478
Danielle Murdoch,Criminology,4.5,99,89.3333,2.7,CRIM131; CRIM213; CRIM220; CRIM241; CRIM343; CRIM346
Hwee Tan,Business Administration,3.4,82,57.8313,3.9,BUS254
Mehdi Ghotboddini,Business Administration,2.8,75,42.1053,3.5,BUS232; BUS336; BUS440; BUS474
David MacAlister,Criminal Justice,3.6,73,54.5455,3.3,330; 338; CRIM; CRIM131; CRIM210; CRIM330; CRIM331; CRIM332; CRIM335; CRIM338; CRIM414; CRIM416
Erol Girt,Physics,2.8,59,26.1905,3.5,PHY100; PHY120; PHY121; PHYS100; PHYS120; PHYS121
Yagiz Aksoy,Computer Science,1.4,54,10.9091,4.2,CMPT310; CMPT361; CMPT762
Joanna Woo,Physics,4.4,53,83.3333,2.7,PHYS101; PHYS190
Joanna  Peplak,Psychology,2.8,35,36.1111,3.9,PSYC-250; PSYC-391
Bidisha Ray,History,3.2,34,38.4615,3.4,HIST130; HIST242; HIST243; HIST252; HIST277; HIST358; HIST454; HIST486
Tammara Soma,Resource Management,4.6,21,95.4545,2.9,PLAN200; REM357; SD281; plan100
Hartse Joel Heng,Writing,4.9,19,94.7368,2.1,EDUC100W; EDUC388; EDUC467; FALX99
Bonnie Gray,Engineering,3.7,17,100,3.2,ENSC224; ENSC225; ENSC324; ENSC462; ENSC475; ENSC495
Fatima Jalali,Education,3.9,12,76.9231,2.3,EDUC199; EDUC250; FALX99
Kel Mcdowell,Education,4.5,6,83.3333,2.2,EDUC323
Helen McTaggart-Cowan,Health Science,1.2,5,0,4.8,305
Vicki Kelly,Education,3.3,2,100,2,EDUC867; EDUC868
Justin Gray,Mathematics,3.9,215,73.1343,3.1,190; MATH100; MATH251; MATH260
Brenda Davison,Mathematics,4.1,148,86.25,3.5,MACM316; MATH152; MATH232; MATH310
David Coley,English,4.8,71,92,2.6,ENG105; ENG105W; ENG115W; ENG201; ENG306; ENGL105; ENGL115; ENGL115W; ENGL201; ENGL209; ENGL304; ENGL306; ENGL404; ENGL404W; ENGL413; ENSC306
Ghassan Hamarneh,Computer Science,2.7,45,20,3.9,340; 383; CMP340; CMPT102; CMPT128; CMPT340; CMPT340419; CMPT419; CMPT829; COS126
Isabel Mayo-Harp,Languages,4.5,41,90.4762,2.6,102; SPAN100; SPAN102; SPAN102C100; SPAN103; SPAN201; SPAN202; SPAN210; SPAN302
Jijun Niu,Finance,4.9,20,100,1.9,BUS313; BUS410; BUSBUS
LINYI  LI,Computer Science,3.3,9,50,3.7,CMPT201
Michaela McGuire,Criminology,2,7,25,4.4,CRIM419; INDG422
Amy Lee,Biochemistry,3.5,4,40,2.5,MBB328; mbb110
Olessya Akimenko,Education,5,1,100,2,EDUC100W
Jeff McGuirk,Physics,3.9,56,92.3077,3.8,PHY120; PHYS100; PHYS101; PHYS121; PHYS211; PHYSICS100
Genevieve Fuji-Johnson,Political Science,3.5,39,77.7778,3.4,POL210; POL316; POL319; POL416; POL419; POL803; POL888; POLI419
Sophie Burrill,Mathematics,2.7,83,45.2381,3.7,FANX99; MATH150; MATH151; MATH190; MATH240
Suzanna Michener,Criminology,3.6,56,66.6667,3.4,CRIM103; CRIM355
Gordon Rintoul,Biology,4.7,47,92.6829,2.8,BISC205; BISC305; BISC405
Elena Halmaghi,Mathematics,2.9,47,55.1724,3.2,FAND100; FANX99; FANXD100; MATH100; MATH151; MATH157; MATHS100; MTH151
Richard Lockhart,Statistics,3.1,42,44.4444,3.7,100; STAT100; STAT201; STAT270; STAT380; STAT450; STAT485; STAT804; STAT830; STATS100
Graeme  Koelwyn,Health Science,4.3,7,87.5,3.3,HSCI321
Marina Rozenberg,Literature,2,6,0,3.7,intg100
Diana Cukierman,Computer Science,3.4,247,53.5948,3.1,120; CMPT120; CMPT150
Justin Chan,Mathematics,4.1,99,81,3.2,MATH100; MATH130; MATH151; MATH154; MATH155; MATH157; MATH232; MATH251
Paul Sedra,History,4.3,68,94.1176,3.2,151; HIST151; HIST355; HIST467
Diana Solomon,English,4.3,54,88.8889,2.5,103; 103W; 486W; ENG103; ENG103W; ENG113; ENG205; ENG206; ENG398; ENG486W; ENGL103; ENGL103W; ENGL113; ENGL113W; ENGL115; ENGL115W; ENGL205; ENGL211; ENGL420
Darren Byler ,Internation Service,4.9,16,100,2.1,IS105; IS314; IS356
Audrey Pearson,Biology,3.9,16,64.7059,3,BISC2014; BISC204; GEO104; GEOG213; GEOG215
Sharon Gorski,Molecular Biology & Biochemistry,4.2,8,60,2.6,BISC202; MBB446
Mark Blair,Cognitive Science,3.3,147,48.3146,3.4,COG100; COGS100; COGS110; COGS300; COGS310
Nick Hedley,Geography,3.1,66,59.2593,3.7,GEOG255; GEOG255GIS; GEOG356; GEOG457
Lloyd Lloyd Elliott,Statistics,3.6,54,69.0909,3.1,STAT240; STAT270; STAT440
Brenda Lautsch,Business Administration,3.8,46,100,2.2,272; 485; BUEC485; BUS237; BUS272; BUS485; BUS487
Laurie Nixon-Darcus,Anthropology,1.7,21,14.2857,3.7,ARCH101; arch301
Gustavo Balbino,Biomedical Physiology & Kinesiology,3.2,11,45.4545,3.7,BPK207; BPK306
Moksh Matta,Business Administration,4.4,8,87.5,3,361; 493
Sam Doesburg,Biomedical Physiology & Kinesiology,3.1,8,44.4444,3.5,BPK306; BPK426
Liane  Jean ,Kinesiology,3,7,42.8571,4,BPK303
Brynn Letham,Archaeology,2.4,5,16.6667,4.6,arch282
Casey Kirkpatrick,Archaeology,2.5,4,20,3.8,Arch131
Malcolm Kennett,Physics,4.5,4,100,3,PHY384; PHYS285; PHYS384
Carmen Bott,Physical Education,3,3,75,4,BPK141
Mackenzie Hart,Criminology,5,2,100,3,CRIM-303; CRIM413
Randall Pyke,Mathematics,1.9,221,19.8895,4.3,MATH152; MATH157; MATH232
Wendy Chan,Criminal Justice,2.5,49,20.6897,3.2,CRIM; CRIM213; CRIM311; CRIM320; CRIM431; SA335; SA345; SOCA
Radoslav Dimitrov,Political Science,3.7,30,76.6667,3.3,POL141; POL349; POL448; POL842
Lucas Herrenbrueck,Economics,4.1,28,78.9474,3.4,305; ECON291; ECON305; ECON807
Jocelyn Minns ,Computer & Informational Tech.,4.4,23,95.8333,2.8,CMPT225; CMPT276; CMPT307
Scott Harrison,Environmental Resources,4.7,14,93.3333,3.1,REM100; REM202; REM375; REM388
Xiaoting Sun,Economics,3.6,9,50,3.8,ECON333
Spyros Sofos,Humanities,4.8,8,100,2.4,HUM101W; HUM360W
Naghmeh Jahangir-Tafreshi,Psychology,5,1,100,2,PSYC110
Kevin Stewart,Business Administration,3.2,157,50.9434,4.2,BUS360; BUS360W
Corina Andreoiu,Chemistry,1.5,78,10.6667,4,1622; CHEM122; NUSC341; NUSC342
Steven Kates,Business Administration,1.9,63,13.3333,3.6,347; BUS; BUS343; BUS344; BUS347; BUS494; MARKETING
Robert Adamson,Business Administration,3.9,59,75.6757,3.1,105; BUS105; BUS233; BUS343; BUS391; BUS393
Matt Hussey,English,3.9,41,87.5,3.7,ENG102; ENG102W; ENG211; ENG300; ENG304; ENG306; ENGL102; ENGL102W; ENGL201; ENGL203; ENGL204; ENGL300; ENGL304; ENGL306; ENGL400
Katty Wang,Business Administration,3.5,30,61.2903,2.7,BUS238; BUS240
Amanda Watson,Sociology  Anthropology,4.3,28,75,3.1,SA100; SA100W; SA200; SA200W; SA302; SA302W; SA331
Natalia  Soloshchenko ,Business Administration,4.1,17,83.3333,1.2,BUS203; BUS300
Cristina Eftenaru,Computer Science,3.9,15,87.5,1.9,CMPT105W; CMPT376W
Angela Bessa,Archaeology,2.7,10,36.3636,3.8,ARCH131; ARCH323; Arch442
Ryan Sandrin,Criminology,4.4,7,87.5,2.6,CRIM220; CRIM251; CRIM300W; CRIM321; crim320
Anne Salomon,Resource Management,3,3,50,2.7,REM211; REM495
David Maxwell,Archaeology,3.8,128,69.3069,2.6,ARCH100; ARCH101; ARCH201; ARCH226; ARCH286
Glyn Williams-Jones,Science,2.3,84,14.7541,4.3,EASC; EASC207; EASC305
Alexandra Lysova,Criminology,3.3,71,51.4286,3.7,300W; CRIM300; CRIM300W; CRIM313; CRIM406; crim405
Yonas Weldeselassie,Computer Science,3.6,63,67.1875,3.7,CMPT120; CMPT125; CMPT130; CMPT130135; CMPT130AND135; CMPT135
Scott Harrison,Resource Management,3.2,45,52.2727,3.6,REM100; REM202W; REM311; REM471; REM495; REM88
Jean-Christophe Belisle-Pipon,Health Science,2,40,17.9487,4.1,HSCI319W
Francesco Berna,Archaeology,3.8,22,75,2.3,100; ARCH100; ARCH285
JD Fleming,English,4,19,80,3.1,ENGL115; ENGL115W; ENGL211; ENGL216; ENGL376
Ken Zupan,Not Specified,3.4,13,53.8462,2.3,100; IAT102; IAT110; IAT233
Pamela Stern,Sociology amp Anthropology,2.8,4,20,4,SA201; SA386; SA443
Michael Gilraine,Economics,5,4,100,2.5,ECON260
Stuart Poyntz,Communication,4.5,40,71.4286,2.5,CMNS110; CMNS210; CMNS221; CMNS327; CMNS428; CMNS487
Simon Ford,Business Administration,4.8,21,90.9091,2.6,BUS201; BUS238; BUS240; BUS338
Garry Mund,Chemistry,4.6,150,96.9697,2.7,121; CHEM120; CHEM121; CHEM122; CHEM125; CHEM126
Matthew Devos,Mathematics,4.1,105,80.5556,2.9,MACM201; MATH151; MATH154; MATH301; MATH302; MATH303; MATH304; MATH308; MATH338; MATH345
Nienke Van Houten,Health Science,3.1,57,50,3.3,212; HSCI100; HSCI212; HSCI323; HSCI441; HSCIHSCI; hsci477
Naoko Takei,Languages,4.2,44,78.5714,2.7,100; JAP100; JAP100C; JAPN100; JAPN101; JAPN200; JAPN201; JPN201
Ivelina Koleva Tchizmarova,Linguistics,3.8,26,69.2308,3.1,LING101; LING160; LING200; LING220; LING323
Thomas Claydon,Kinesiology,2.9,24,25,3.8,BPK305; BPK412; KIN305; KIN412
Sabrina Lee,Biomedical Physiology & Kinesiology,3.7,11,66.6667,2.3,BPK201; BPK304W; BPK340
Brian Fraser,Computer Science,4.4,153,87.6033,3.1,CMPT; CMPT120; CMPT130; CMPT201; CMPT213; CMPT433
Sanjay Jeram,Political Science,4,129,76.7442,3,POL100; POL200; POL200W
Torsten Kehler,English,4.4,110,83.0189,2.4,ENG101; ENG111W; ENG115W; ENG311; ENG312; ENG342; ENG383; ENGL111W; ENGL113W; ENGL203; ENGL210; ENGL311; ENGL313; ENGL383; HIST407W
Dimitrios Krallis,History,2.8,49,35.7143,4,460; HIST277; HIST306; HIST307; HIST308; HIST317; HIST349; HIST365; HIST390; HIST391; HIST460; HS100; HUM110; HUM277; HUM340
Shahram Payandeh,Engineering,2.6,32,44.4444,2.9,ENSC; ENSC230; ENSC386; ENSC470; ENSC488; ENSC489; ENSC4XX
Jamal Nazari,Business Administration,4.4,11,75,3.3,BUS321; BUS420
Mariam Georgis,Gender Studies,4.4,9,88.8889,3.4,GSWS200; GSWS215; GSWS318
Beau  Wallbridge,Psychology,5,2,100,2,PSYC352; PSYC354
Alys Avalos-Rivera,English,1.5,134,14.1791,4.3,ENGL114; ENGL114W; ENGL199W; ENGL375; ENGL470W
Mo Chen,Computer Science,2.5,55,38.1818,4.2,CMPT125; CMPT419; CMPT726; CMPT983; COS123
Yuri Taira,Business Administration,1.5,31,16.129,3.3,BUS343; BUS346; BUS434; BUS478
Anoop Sarkar,Computer Science,3.8,30,62.5,3.6,CMPT127; CMPT379; CMPT413; CMPT825
Angel Chang,Computer Science,2.3,20,35,4.2,CMPT412; CMPT413; CMPT839; CMPT983
Keval Vora,Computer Science,3.2,94,53.1915,4.1,CMPT431; CMPT459
Bascom Guffin,Anthropology,4.1,57,80,2.7,ANTH101; ANTH402; SA100; SA101; SA150; SA1O1; SA316; SA322; SA359; SA364; SA401; sa255
Yuthika Girme,Psychology,4.6,45,86.6667,2.3,PSYC361; PSYC362; PSYC367; PSYC391; PSYCH362; PSYCH391
Chelsey  Armstrong,Humanities,2.3,34,29.4118,3.6,INDG101
Jan Kietzmann,Business Administration,3.4,24,45.4545,3,BUS338; BUS361; BUS364; BUS450; COM331
Paul Budra,English,4.4,163,86.6667,2.8,ENG; ENG103; ENG105W; ENG113W; ENG115; ENG311; ENG312; ENG383; ENGL113W; ENGL115; ENGL115W; ENGL211; ENGL310; ENGL312; ENGL383; ENGL414
Ash Parameswaran,Engineering,4.1,101,55.1724,2.8,120; ENSC120; ENSC220; ENSC220ENSC225; ENSC225; ENSC324; ENSC387; ENSC854
Christian Venhuizen,Business Administration,3.7,95,76.9231,3.8,BUS201; BUS2OO; BUS360; BUS360W
Miranda Meents,Biology,3.8,24,54.1667,3.3,BISC102; BISC326; BISC328; BISC337; BISC366
Ashleigh Rich,Health Science,2.4,7,42.8571,2.1,HSCI207
SiQi Zhou,Computer Science,4.4,7,85.7143,3.1,CMPT210
Addisu Bailie,Education,2.8,6,50,2.8,AIS111; EDUC252; educ326
Natahnee Winder,Indigenous Studies,1.8,15,13.3333,3.1,101; 211; 401
Dan Gibson,Earth Science,3.5,15,69.2308,4.1,EASC204; EASC309
Yuepeng Wang,Computer Science,4.3,9,88.8889,2.9,CMPT383; CMPT777
Janice Regan,Computer Science,1.8,388,7.6613,4.3,CMPT125; CMPT275
Jim Carter,Kinesiology,4.5,50,90,2.9,BPK140; BPK142; BPK340; BPK407; KIN140; KIN142; KIN143
Damon Poburko,Biomedical Physiology & Kinesiology,2.2,11,27.2727,4.3,BPK205; BPK305
Nils Bruin,Mathematics,1.9,269,19.3717,4,CALC152; MACM201; MATH151; MATH152; MATH240; MATH340; MATH341
Stephanie Vlachos,Molecular Biology  Biochemistry,4,65,75,3.5,MBB201; MBB231; MBB308; MBB331; mbb229
Alaa Alameldeen,Computer Science,4.8,31,100,3.1,CMPT295; CMPT305; CMPT431
Lance Lesack,Geography,3.9,27,81.8182,3.2,316315; BIOECOL; BISC204; BISC414; BISC416; GEOG315; GEOG315316; GEOG316
Kirsten Zickfeld,Geography,3.7,17,66.6667,3.1,214; GEO414; GEOG214; GEOG314
Gohram  Baloch,Business Administration,4.8,16,93.75,2.5,3972; BUS-336; BUS336; BUS373
Brea McCauley,Archaeology,2.6,12,50,3.3,ARCH101; ARCH226
Will Niver,Resource Management,5,7,100,1.6,REM-320W; REM350
Irina Kovalyova,Molecular Biology & Biochemistry,3.1,79,54.4304,4,MBB222; MBB229; MBB231; MBB309; MBB309W; MBB331
Margaret Linley,English,3.5,66,78.9474,3.4,102; 329; ENG102; ENG105; ENG105W; ENG112W; ENG115W; ENG206; ENG329; ENG363; ENG364; ENG465; ENG8; ENGL105; ENGL112; ENGL112W; ENGL115; ENGL115W; ENGL206; ENGL329; ENGL330; ENGL336; ENGL363; ENGL364; ENGL413; ENGL465; ENLG329
Thomas Kuehn,History,3.2,65,38.4615,3.8,151; 486; HIST151; HIST350; HIST350AND457; HIST351; HIST354; HIST457; HIST47; HIST486; HIST4XX; HIST8XX; HISTORY354
Majid Shokoufi,Engineering,3.6,48,68.75,3.6,ENSC-225; ENSC-252; ENSC-280; ENSC-325; ENSC383
Koopa Hakimi,Mathematics,4.8,5,100,3,CMPT115; CMPT120; ENF100
Gerhard Gries,Biology,4.7,45,85.7143,2.6,317; BIO204; BISC204; BISC204BISC317; BISC317; ECOLOGY204
Rejean Canac-Marquis,Languages,3,35,63.1579,3.6,3702YRSAGO; FREN-425; FREN275; FREN304; FREN370; FREN417; FRENC304; FRENCH; FRENXXX
Parvaneh Saeedi,Engineering,2.7,23,40,3.4,320; ENSC304; ENSC383; ENSC474; ENSC800; ENSC801; ENSE460
Maral Moradipour,Languages,1,2,0,4,GA333
Parmit Chilana,Computer Science,3,2,100,4,CMPT363
Luke Clossey,History,3.9,100,68.5714,3.5,385; 388; HIS254; HIST130; HIST254; HIST338; HIST388; HIST468; HIST472
Navid Alaei,Mathematics,3.3,41,72.4138,3.6,MATH100; MATH152; MATH155; MATH232
Stefan Smulovitz,Art,4.5,31,83.871,2,CA149
James Kelleher,English,1.9,16,18.75,4.1,ALC099; IUW100
Richard Wright,Psychology,3.9,184,77.1084,2.8,221; 330; PSYC221; PSYC330
Denise Oleksijczuk,Fine Arts,3.3,38,37.5,3.2,167; 167168; 168; 210; ARTHISTORIES; ARTHISTORY; CA117; CA118; FPA167; FPA167168; FPA168; FPA187; FPA210; FPA312; FPA369; FPA412; FPA414; FPA417; FPASECT
Adel Iskandar,Communication,4.8,24,100,1.6,CMNS130; CMNS348; CMNS448
Sabine Bitter,Fine Arts,2.2,11,14.2857,3,CA261; FPA161; FPA186; FPA210; FPA365
Stephanie Dick,Communication,4.2,10,80,2.8,235; CMNS353
Emily Salmon,Business Administration,4,18,77.7778,2.4,BUS275
Ray Zhang,Accounting,3.6,12,63.6364,3.2,BUS251; BUS254; BUS322
Kathleen Fitzpatrick,Biology,3.4,143,47.7612,3.5,202; BIO202; BISC102; BISC202; BISC302; BISC302W; BISC333; BISC357
Alessandra Capperdoni,English,2.8,86,30.6122,3.8,101W; 103W; ENG111W; ENGL111W; GSWS200; HUM102; HUM102W; HUM106; HUM222; HUM309; HUM320; HUM321W; HUM325; HUM340; HUM350
Leanne Barlow,Business Administration,2.6,72,42.8571,4.2,BUS217; BUS217W; BUS360; BUS360W; BUS861
Sandie Dielissen,Archaeology,4,36,77.7778,2.7,FNST101; FNST201; FNST201W; GSWS101; INDG201; INDG201W; INDG286; INDG301; INDG302; indg101
Vlad Vintila,History,3.3,27,60,3.3,425W; HIST115; HIST220; HIST425W; ITAL100; ITAL101; ITAL390
Luana Carcano,Business Administration,2.9,26,46.1538,3.3,BUS217; BUS217W; BUS340; BUS341; BUS401; BUS478
Simon Pollon,Philosophy,3.7,21,57.1429,3.5,ENV320; ENV320W; LIBS7102; PHIL100W; PHIL105; PHIL144; PHIL150; PHIL203; PHIL300; PHIL328; PHIL343
Brenda Morrison,Criminal Justice,2,103,14.7059,3.1,103; CRIM315; CRIM416
Julian Somers,Health Science,2.9,60,36.8421,3.2,HSC100; HSCI180; HSCI214; HSCI402; HSCI485
Nicholas Scott,Sociology,2.5,50,40,3.3,255; 442; SA255; SA355; SA371; SA461
Brent Ward,Earth Science,2.1,22,16.6667,4.1,EASC; EASC104; EASC209; EASCD104
Jingzhou Na,Mathematics,4.9,8,100,2.9,MATH-260
Victoria Thomas,Communication,4.3,7,85.7143,2.9,CMNS215; CMNS311; CMNS316
Karen Ferguson,History,2.5,75,11.1111,4.5,382; HIST; HIST213; HIST277; HIST3; HIST34263; HIST374W; HIST382; HIST4; HIST400; HIST426; HIST440; HIST455; HIST487; HIST999; HISTORY382; HST382; URB; URB635; hist436
Nicholas Dulvy,Biology,2.9,23,52.9412,3,BISC; BISC 309; BISC309
Shivaji  Mukherjee,Political Science,4.6,11,90.9091,2.5,339; POL132
Alex King,Philosophy,5,5,100,3,PHIL221; PHIL321; PHIL331; PHIL467W
Nazanin Shahrokni,International Studies,4,3,66.6667,3.3,IS315
Jonathan Moore,Environmental Studies,5,1,100,2,BISC412
"Hao ""Richard"" Zhang",Computer Science,2.7,38,62.5,3.7,250; CMPT250; CMPT361; CMPT412; CMPT461; CMPT464; CMPT466; CMPT764
Joel Akinwumi,Languages,4.7,3,100,1.7,WL100
Bojan Mohar,Mathematics,2.5,26,38.8889,3.7,MACM201; MATH240; MATH345
AJ Withers,Gender Studies,4.7,3,100,2.3,GSWS-315; GSWS333
Eric Guiry,Archaeology,5,2,100,1.5,ARCH101; ARCH376
Shih En Lu,Economics,2.9,76,46.4286,4.6,302; ECO302; ECON222; ECON282; ECON302; ECOND102
Gregory Harder,Economics,2.6,42,32.1429,3.4,220W; 225; ECON103; ECON105; ECON1054; ECON220W; ECON260; ECON3
David Freeman,Economics,2.3,14,30.7692,4.1,ECO201; ECON201; ECON331
Kevin Schnepel,Economics,4.9,7,100,2.3,ECON334; ECON448W
Sophie Wilkinson,Environmental Resources,2.4,7,42.8571,4.1,REM100; REM471
Iris Gordon,Psychology,1.6,212,14.6226,4.6,PSYC102; PSYC201W; PSYC308; PSYC391
Paola De Rycke,French,4.5,57,100,2.7,FRE122; FRE212; FREN102; FREN121; FREN122; FREN211; FREN212; FREN217; FREN221; FREN222; FREN223; FREN301; FREN303; FREN401; FRENC221; FRENCH212; FRENCH304; FRENGRAM
Jia Fei,Foreign Languages,4.8,26,100,2.1,CHIN100; CHIN101; CHIN151; CHIN152; CHIN153; CHIN200; CHIN201; CHIN330; CHIN460
Coleman Nye,Gender Studies,4.4,24,87.5,2.3,FASS101; GSWS103; GSWS208; GSWS315; GSWS316; GSWS320; GSWS321; GSWS411; GSWS414
Kamyar Razavi,Communication,5,7,100,2,CMNS126; CMNS235
Manon Parise,French,2.5,2,50,2,FREN; FREN210
Craig Scratchley,Engineering,1.9,187,20,3.7,351; ENSC151; ENSC251; ENSC254; ENSC351; ENSC405W
Jen Marchbank,Women's Studies,3.7,41,46.1538,2.8,EXPL130; EXPL140; EXPL160; EXPL301; EXPL310; GDST300; GSWS102; GSWS330; WS303
Harald Hutter,Biology,3.3,37,57.1429,3.7,202; BISC202; BISC333; BISC423; BISC474
Praise Ma,Business Administration,4.3,22,81.8182,3.2,BUS251; BUS426
Robert Bandringa,Indigenous Studies,4.6,17,88.2353,2.6,7544; INDG332
Brad McNeney,Statistics,3.8,74,83.3333,2.5,305; STAT201; STAT302; STAT305; STAT341; STAT360; STAT410; STAT452; STAT652; STATS302
Gordon Myers,Economics,3.5,57,58.3333,2.6,ECON103; ECON105; ECON290; ECON301; ECON392; MICRO103
Michael Hathaway,Anthropology,3.5,53,60,2.4,101; ANTH101; SA101; SA388; SAD
Kathleen  Millar ,Sociology,4,16,78.5714,3.4,SA101; SA301; SA350; SA356; SA360; SA375
Jennifer Johnson,Philosophy,4,74,93.75,3,PHIL001; PHIL101; PHIL105; PHIL110; PHIL120; PHIL120W; PHIL220; PHIL280; PHIL300; PHIL320; PHIL322; PHIL331; PHIL3XX; PHILXX1; PHIO220
Leith Davis,English,3.8,55,71.4286,3,105; 327; DERP44; ENG; ENG101; ENG104; ENG105; ENG111W; ENG114W; ENG203; ENG205; ENG327; ENG427; ENGL101; ENGL104; ENGL104W; ENGL111W; ENGL205; ENGL206; ENGL211; ENGL213; ENGL320; ENGL327; ENGL427; ENGL433; ROMANTICS
Wenona Hall,Indigenous Studies,2.5,15,26.6667,4.3,INDG301; INDG401
Connie Liu,Business Administration,1.9,107,16.8224,3.6,BUS237; BUS361
Danielle Wills,Mathematics,4.3,3,66.6667,2.3,FANX99
Stephan Nieweler,Geography,2,1,0,4,GEOG328
Charles Krieger,Kinesiology,3,16,20,3.9,446; BPK306; BPK446; KIN446
Roumiana Ilieva,Education,2,1,0,3,EDUC-240
Kyle Willmott,Sociology,3.5,104,60.5769,3.6,SA150; SA304; SA325; SA327; SA340
Paul Li,Chemistry,3.1,71,57.3529,2.8,210; CHEM121; CHEM122; CHEM215
Ryan D'Arcy,Engineering,2.6,44,37.2093,1.9,ENSC410
Michael Hart,Biology,3.2,42,51.4286,4.1,BIO306; BISC202; BISC306
Johnny Jermias,Accounting,2.8,32,40,3.3,320; 424; BUS251; BUS320; BUS424
Ed Bukszar,Business Administration,2.6,26,42.3077,3.5,BUS111; BUS478
Dany Lacombe,Sociology,4.3,23,100,3.2,CJ102; SA250; SA304; SA410; SA450850; SA849
Kenneth Seigneurie,Literature,3.7,19,68.4211,3.4,WL100; WL101; WL101W; WL104
Seyyed Shirvani,Business Administration,2.7,10,60,3.2,BUS346
Erique Zhang,Communication,5,3,100,2,CMNS202; CMNS215; CMNS316
John Canal,Chemistry,3.4,80,47.619,3.1,CHEM120; CHEM121; CHEM122; CHEM126; CHEM230; CHEM236W; CHEM332; CHEM371; SCI300
Suzanna Crage,Sociology,2.8,68,49.2308,3.2,SA150; SA257; SA355; SA356; SOC257
Gwenn Flowers,Earth Science,2.1,34,0,4.5,EASC; EASC104; EASC304
Liam O'Flaherty,History & Political Science,3.6,25,62.5,3,HIST101; HIST102; HIST330W; HIST442W
Brendan Hunt,Geography,4,3,66.6667,3.7,GEOG100; GEOG104; GEOG114
Douglas Ross,Political Science,3.2,63,50,3.6,347348; 348; 348347443; POL100; POL335; POL344; POL347; POL348; POL348443; POL422; POL443; POL448; POL4XX; POL826; POLI444; POLISCI348; POLITICSGOV100; POLSC348; POLSCI; POLSCI63
Lucas Villagra Torcomian,Mathematics,2.4,14,42.8571,4.1,MATH251
Wuyang Chen,Computer Science,1,1,0,5,CMPT420-728
Michael Monagan,Mathematics,4.8,110,97.7528,2.7,MACM204; MACM401; MATH152; MATH240
Cherie Ng,Statistics,4.4,17,88.2353,2.7,ACMA101; ACMA301; RISK311
Albert Seah,Business Administration,2,33,24.2424,3.5,BUS108; BUS200; BUS216; BUS217W; BUS237; COM002; ECON100
Peter Wilson,Chemistry,3.7,105,68.9655,3.5,CHEM281; CHEM282; CHEM283; CHEM286; CHEM381
M Khaled Arafeh,Chemistry,3.3,79,63.2911,3.8,CHEM126; CHEM233; CHEM280; CHEM281; chem122
Valentine Kabanets,Computer Science,2.1,135,17.4312,4.6,CMPT307; CMPT308
Anders Miltner,Computer Science,2.7,29,41.3793,4,CMPT383; CMPT982
Michael Parent,Business Administration,1,6,0,4.2,BUS709; BUS718
Timothy Van den Brink,Political Science,5,4,100,3.3,pol428
Brian Krauth,Economics,3.5,93,81.8182,3.3,105; 381; ECON103; ECON105; ECON233; ECON381
Anil Hira,Political Science,3.6,62,57.8947,4,LAS; LAS100; LAS101; LAS200; LAS201; LAS311; LAS403; LAS815; NA; POL; POL150; POL253; POL3; POL337; POL348; POL440; POL451; POL452W; POL457; POL459; POL483; POL489; POLI359
Owen Ward,Statistics,4,21,76.1905,3.2,STAT240; STAT260; STAT452
Lawrence Kim,Computer Science,2.6,5,40,3.4,CMPT263; CMPT363
Laura Brady,Publishing & Printing,2,1,0,4,PUB480
Anthony Perl,Political Science,3.8,16,72.7273,3.1,POL451; POL451W; POL460; POLI451; T102; URB660
Michael Howlett,Political Science,3.3,7,33.3333,3.6,A851; POL355; POL451; POL854
Scott MacEachern,Accounting,4.9,41,97.561,3,ACCT1110; ACCT3008; BUS251; BUS254; BUS320; BUS321; BUS330; BUS426; BUS510
Meysam Fereidouni,Business Administration,3.3,9,66.6667,3.3,
Dongsheng Zhao,Engineering,5,5,100,3.4,ENSC
Ralph Mistlberger,Psychology,2.6,92,26.8293,3.8,PSY280388; PSYC106; PSYC280; PSYC338; PSYC388; PSYCH280; PYSC388
Rémi Léger,Political Science,4.7,16,100,2.4,POL100; POL101; POL210; POL251; POL325; POL329; POL411; POLXXXF
Laura Marks,Film,1.8,27,5,3.2,CA186; CA318; FPA111; FPA310; FPA312
Jessica Pilarczyk,Earth Science,3.8,6,60,3,EASC208W; EASC209W
Christopher Pavsek,Film,4.3,32,100,2.8,CA136; CA137; ENGL383; FPA136; FPA137; FPA314; FPAFPA; SA137
Ali  Bhagat,Public Policy,3.3,3,50,3,PLCY200
Steven Malcic,Communication,2.5,30,43.3333,3.7,CMNS221; CMNS304W; CMNS314; CMNS353; CMNS453; FMST410
Maxwell Libbrecht,Computer Science,2.1,24,25,3.5,CMPT307; CMPT310; CMPT727
Eric Beauregard,Criminology,2.5,91,23.9437,4.1,CRIM316; CRIM326; CRIM3XX
Sharla Stolhandske,Biology,4.1,58,66.6667,2.5,BIO100; BISC100; BISC101; GEO100; GEO104; GEOG100; GEOG1000; GEOG104
Dawn Rault,Criminology,3.7,51,70.5882,3.2,300W; CRIM101; CRIM104; CRIM131; CRIM321; crim300w
Collin Ifeonu,Sociology,3.7,37,59.4595,3.3,SA-150; SA-304
James Zhou,Chemistry,4.9,26,100,2.6,CHEM100; CHEM111; CHEM121
Ian Brooks,Philosophy,4.9,23,91.3043,2.6,PHIL100; PHIL105; PHIL115
Ali Habibzadeh,Engineering,5,3,100,1.3,ENSC105
Cristina Moretti,Sociology & Anthropology,2.7,34,22.7273,4,SA101; SA201; SA364; SA402
Mark Brockman,Molecular Biosciences,4.2,18,90,2.8,HSCI326; HSCI473; MBB201; MBB322
Jinko Graham,Statistics,1.7,62,14.0351,4,STAT270; STAT305; STAT330; STAT350; STAT853
Kino Zhao,Philosophy,1.8,38,15.7895,3.9,PHIL105; PHIL270; PHIL302; PHIL315
Chris Jeschelnik,Communication,4.7,32,96.5517,2.5,CMN201W; CMNS201; CMNS201W; CMNS226; CMNS260; CMNS314; CMNS387; CMNS428
Jennessia Pedri,Communication,3.9,32,65.625,2.7,120; 200; 455W; cmns221
Janice Jeong,History,2.5,19,36.8421,4,HIST151; HIST255
Edgar Young,Science,2.5,82,33.3333,4.2,MBB222; MBB321; MBB323; MBB324
Mark Nazemi,Information Technology,4,9,71.4286,2.8,IAT202; IAT267; IAT340; IAT443
Frederik Lesage,Communication,3.9,21,90,2.5,253W; 313; CMNS201; CMNS253; CMNS253W; CMNS260; CMNS325; CMNS354
Karen Kavanagh,Physics,1.5,95,1.7544,4.2,PHYS101; PHYS120; PHYS121; PHYS344
Edward Hung,Management,3.5,2,50,4,MGMT420
Billie Ng,Languages,3.4,50,35.2941,3,CHI100; CHIN; CHIN100; CHIN1001; CHIN101; CHIN110; CHIN151; CHIN152; CHIN2; CHIN200; CHIN201
Peter Cramer,English,3.5,52,56.5217,3.1,114A; 114W; ENG104; ENG105; ENG114W; ENG199; ENGL104; ENGL104W; ENGL105; ENGL105W; ENGL210; ENGL214; ENGL371; ENGL375; ENGL470; ENGL475
Peng Zhang,Business Administration,2.7,57,47.3684,3.9,BUS200; BUS207
Zahra Ladha,Business Administration,3.2,34,37.5,2.7,BUS217W; BUS343; BUS347; BUS442; BUS444; BUS448
Michael Brydon,Business Administration,3.6,27,100,3.4,BUS362; BUS462; BUS468; GRADCLASS
Martin Funchs,Business Administration,3,1,-1,3,
Laurie Darcus,Archaeology,1.5,27,7.4074,4.1,ARCH301; arch101
Christopher Gibson,International Studies,2.7,12,33.3333,3.5,IS220
Tara Immell,Business Administration,1.8,187,17.7778,3.4,BUS221; BUS312; CMPT105W; CMPT376W; Educ100
Greg Baker,Computer Science,3.2,348,57.265,3,470; CMPP165; CMPT102; CMPT120; CMPT295; CMPT353; CMPT383; CMPT732
Fiona Brinkman,Biology,2.8,24,53.8462,3,BIOINFORMATICS; MBB; MBB222; MBB342; MBB441; MBB493
Blaber Andrew,Biomedical Physiology & Kinesiology,2.7,22,45.4545,3.3,BPK140
Matthew Stewart,Engineering,4.1,15,86.6667,2.7,ENSC251; ENSC351; ENSC450
Yaroslav Senyshyn,Education,2.7,36,7.6923,2.9,471; EDU471; EDU478; EDUC; EDUC1; EDUC463; EDUC469; EDUC471; EDUC478; NANA
John Welch,Archaeology,2.5,20,28.5714,3.3,ARCH286; ARCH334; REM100
Victor Song,Finance,1.9,8,25,4,BUS413; BUS418
James Pflanz,Business Administration,4,54,69.697,3,200; 393; BUS200; BUS233; BUS393
Angela May,Global Studies,5,1,100,3,GA301
Zhengjie Miao,Computer Science,3.2,21,52.381,2.9,CMPT354
Altug Turgay,Finance,3,5,60,2.4,312; BUS312
Nadine Schuurman,Geography,2.7,51,27.2727,3.6,354355; 355; 355455; EASC354; G455; GEOG162; GEOG255; GEOG354; GEOG355; GEOG452; GEOG455; GIS34; GISS
Chelsey  Lee,Criminology,1.9,25,32,3.8,103; CRIM220
Martin Laba,Communication,3.9,83,76.1905,2.5,221; CMN221; CMNS220; CMNS221; CMNS425; CMNS425D100; PUB212
Evgenia Ternovska,Computer Science,2.1,72,17.7778,3.7,477; 777; CMPT354; CMPT409; CMPT477; MACM101
Enda Brophy,Communication,4.1,51,71.4286,3,CMMN130; CMNS130; CMNS130W; CMNS240; CMNS440; CMNS488
Cher Hill,Education,4.3,28,68.75,3.2,220; EDUC220; EDUC252; EDUC260; EDUC352; EDUC400; EDUC867
Sarah Ganzon,Communication,2.2,26,34.6154,3.3,CMNS110; CMNS316
Shervin Janesar,Engineering,2.1,31,22.5806,3.7,ENSC204; ENSC440; ENSC483; Ensc385
Imin Chen,Mathematics,3.2,117,62.7119,3.6,151152; 157; MATH157; MATH338; MATH342
Paul Choi,Law,5,1,100,2,Als615
Timothy Racine,Psychology,3.9,87,65.3061,3.1,308W; PSYC308; PSYC385; PSYCH308; PSYCH385
Rachel Fouladi,Psychology,2.7,22,40,3,PSYC210; PSYC911; psyc391
Steven Ko,Computer Science,3.6,43,72.093,3.8,CMPT201; CMPT473
David Chou,Computer Science,4.8,32,96.875,2.5,CMPT365; cmpt225
Morteza Badali,Computer Science,4.9,11,100,2.6,CMPT310
Logan Masilamani,Political Science,3.3,26,57.6923,3.2,100; 101
Mike Hegedus,Engineering,4.1,21,90.4762,2.7,ENSC100W; ENSC405W
Tammy McMullan,Biology,2.8,126,24.3902,4,BIO316; BISC113; BISC316; BISC318
Ilten Nathan ,Mathematics,3,99,50.6173,4.1,340; MATH152; MATH242; MATH340
Masahiro Niikura,Health Science,2.9,17,50,3.9,HSCI336; HSCI338; HSCI441; HSCI482; VIROL338
Kevin Lunnie,Kinesiology,4.8,62,96.2264,3,BPK110; BPK143; BPK241
Amir Daneshpajouh,Computer Science,1.2,43,6.9767,4.7,Cmpt125; Comp7035
Endre Begby,Philosophy,4.3,55,80.4348,2.8,COGS100; PHIL120; PHIL121; PHIL135; PHIL201; PHIL320; PHIL329; PHIL332; PHIL344; PHIL455
Ho Henny Yeung,Linguistics,3.8,9,88.8889,3.1,LING221; LING350; ling190
Geoffrey Poitras,Business Administration,4,53,85,3.4,316; BUS316; BUS411; BUS417; BUS417419; BUS418; BUS419; BUS492
Qiu Lin,Philosophy,3,15,46.6667,2.1,PHIL100W; PHIL144
Mona Yourdshahy,Business Administration,5,11,100,2.6,BUS373; BUS473
Jean-Francois Caron,Physics,2,121,23.1405,4.1,PHY-102; PHYS100
Tom Archibald,Mathematics,4.1,56,78.0488,3,MATH100; MATH110; MATH152; MATH154; MATH242; MATH260; MATH322; MATH380; MATH380W; MATH381
Simon Woodcock,Economics,3.9,35,90,2.8,282; BUEC; BUEC280; BUEC282; BUEC333; ECON334; ECON480; ECON484
Farzana Kara -MacAlister,Criminology,2.4,28,35.7143,3.1,CRIM101; CRIM104; CRIM131; CRIM210; CRIM312
Ric Hohn,Psychology,4.6,25,92,2.6,PSYC-210; PSYC-301; PSYC201
Michael Sjoerdsma,Engineering,3.2,49,89.4737,3.1,ENSC100; ENSC100W; ENSC101; ENSC101W; ENSC102; ENSC102204; ENSC105; ENSC2014; ENSC204; ENSC304; ENSC406; SEE101W
Karel Hrazdil,Accounting,3.3,28,57.1429,3.6,BUS321; BUS421
Timothy Audas,Molecular Biology amp Biochemistry,3.8,21,71.4286,4,MBB231; MBB304; MBB331
Bryan Kinney,Criminology,3.2,16,56.25,1.9,101; CRIM104; CRIM350
Natalia Perez,Geography,2.7,9,55.5556,2.8,GEOG100
Laurent Dobuzinskis,Political Science,2.7,42,46.1538,3.3,3RDYEAR; 400; POL210; POL210D100; POL312; POL314; POL319; POL415; POL424; POL455; POL457
Hugo Cardoso,Archaeology,4.3,29,100,3.6,373; ARCH131; ARCH373; ARCH442
Hadia Samim,Health Science,4.8,4,100,2.5,HSCI486
David Cox,Psychology,4.2,73,73.3333,2.6,365; BUS365; PSCY365; PSYC365; PSYCH365; PSYCH464
Jonathan Choy,Biochemistry,2.1,28,25,3.9,HSCI427; MBB231; MBB322; MBB427
Richard Hohn,Psychology,4.9,7,100,2.7,PSYC201; PSYC210
Sally Xie,Psychology,4.7,6,100,2.7,PSYC-391
Christine Kim,English,3.4,29,58.3333,3.1,ENG105; ENG112; ENG112W; ENG208; ENG357; ENG394; ENGL104; ENGL105; ENGL112; ENGL112W; ENGL207; ENGL349; ENGL394; ENGL486W
Maria Barraza,Literature,4.6,13,90.9091,2.9,IS435; LAS412; WL104; WL303; WL410
Gianluca  Oluic,Literature,4.5,6,83.3333,2.8,WL103
Chenyu (Sev) Hou,Economics,5,3,100,3.7,Econ482
Ron Ydenberg,Biology,2,133,19.469,4.1,BIO102; BISC101; BISC102; BISC204
Shawn Tan,Cognitive Science,2.7,39,33.3333,2.4,COGS100; COGS110; PSYC201W; PSYC391; cogs200
S W Underwood,Sociology,5,9,100,2.7,SA250; SA331
Mehran Ahmadi,Engineering,3.6,7,57.1429,2.6,SEE-100
Uwe Kreis,Chemistry,2.5,254,24.3902,4.1,281; 282; 282286; 286; AB; CHEM121; CHEM281; CHEM281LAB; CHEM282; CHEM286; CHEM286LAB; Sci300
Luis Goddyn,Mathematics,2.3,237,11.8519,3.4,100; MATH157; MATH343; MATH345
John Michael Stockie,Mathematics,2.6,129,33.3333,4,MACM316
Hogan Yu,Science,3.3,82,42.8571,3.1,CHEM122; CHEM215
Lindsey Freeman,Sociology  Anthropology,3.2,48,56.25,3.1,SA150; SA15O; SA250; SA335; SA340; SA364; SA366; SA402
Sharan Vaswani,Computer Science,3.5,29,65.5172,4.5,CMPT210; CMPT981
Felix Lo,Computer Science,2.2,26,26.9231,2.5,CMPT105W; CMPT376
Shiraz Charania,Business Administration,2.1,8,25,4.4,BUS330
Michele Vincenti,Business Administration,3.1,8,50,2.6,BUS312; BUS313; BUS413
Mei Fang,Urban Planning,2.7,3,66.6667,3.7,URB101
Charles Bingham,Education,4.5,101,86.4865,1.8,240; EDU240; EDUC100W; EDUC240; EDUC250; EDUC252; EDUC352W; EDUC490
Pablo Nepomnaschy,Health Science,4,75,81.0811,2.8,216; 471; HSCI100; HSCI216; HSCI462
Claire Bossavit,French,3.9,25,100,2.8,215; FR215; FRE210; FREN121; FREN122; FREN202; FREN210; FREN211; FREN215; FREN221; FRENXXX
Guillaume Girard,French,4.3,13,84.6154,2.9,FREN203; FREN245; FREN301; FREN340; FREN355
Jeremie Cornut,Political Science,2.6,5,20,3.6,POL347; pol244
Dev Sharma,Science,2.9,48,35.7143,3.3,216; CHEM101; CHEM110; CHEM111; CHEM122; CHEM126; CHEM210; CHEM215; CHEM215LAB; CHEM230; CHEM236
James Horncastle,History,4.6,36,83.3333,3.1,HIST307; HIST422; HS150; HS307; HS422; HS477; HS577; HUM110; HUM121; HUM150; HUM277; HUM360
Liangliang Wang,Statistics,2.8,26,61.1111,2.9,ECON305; STAT270; STAT285; STAT305; STAT330; STAT403; STAT445; STATS305
Farid Golnaraghi,Engineering,2.4,14,27.2727,4.1,ENSC282; ENSC383; MSE281; MSE921
Kevin O'Neill,Education,4.6,11,100,3.1,804; EDUC100W; EDUC260; EDUC358; EDUC370; EDUC400; EDUC804
Ryan Assari,Mathematics,3.5,2,100,3,MACM-101
Elise Chenier,History,2.7,77,36.3636,4,115; 204; 329; HIIST454; HIST; HIST115; HIST204; HIST329; HIST330; HIST373; HIST374W; HIST400; HIST436; HIST451; HIST454; HISTORY454; HST
Javier Almonacid,Mathematics,4.9,13,100,2.8,MACM316
Cary Tsai,Statistics,3.4,12,42.8571,3.5,ACMA301; ACMA315; ACMAMANY; RISK321
Jeffrey Mathesius,Criminology,3.5,12,44.4444,3.6,CRIM1150; CRIM131; CRIM320
Jonathan Cripps,Geography,3.3,9,55.5556,3.1,GEOG111; GEOG213
Sophia Han,Communication,4.5,2,100,1,CMNS3400
Lawrence Boland,Economics,4.2,45,100,2.4,ECON101; ECON110; ECON208; ECON210; ECON404
Mohamad Sadri,Economics,3.8,14,78.5714,3,207; BUS478
Shawn Chartrand,Environmental Science,5,9,100,2.2,EVSC100
Mohamad Karami,Business Administration,4,2,50,3.5,BUS207
Ashley Trimble,Linguistics,4.1,24,75,3.3,LING220; LING221; LING290; LING321; LING480
May Farrales,Gender Studies,3.5,6,66.6667,3.3,GEOG382; GSWS312
Robin Sandhawalia,Accounting,4.2,27,77.7778,4,BUS320; BUS321; BUS420
Dennis Chung,Business Administration,3,100,37.2881,3.9,BUS320
William Small,Health Science,4.8,27,100,2.9,HSCI214; HSCI402; HSCI431; HSCI803
Lyn Ge,Mathematics,4.7,68,92.6471,2.8,Math150; Math152
Robyn Ilten-Gee,Education,4.7,20,85,2.1,EDUC220; EDUC322; EDUC837
Miremad Soleymanian,Marketing,2.4,38,34.2105,3,BAMA520; BUS343; BUS445
Manish  Bhatia,Business Administration,3,11,54.5455,2.6,BUS217W
Mengxin Pan,Geography,4.8,5,100,2,GEOG104
Lyle Crawford,Philosophy,3.6,161,61.2903,3.3,PHIL100; PHIL105; PHIL110; PHIL120; PHIL300
Mark Leier,History,4.4,152,89.8305,2.5,102; 4XX; HIS102; HIST; HIST101; HIST102; HIST102W; HIST135; HIST327; HIST463W; HISTORY102; hist485
Thomas Culham,Business Administration,2.3,28,25.9259,3.2,BUS303
Simone Rapisarda Casanova,Film,3.3,7,71.4286,3.3,CA130; CA131; CA332
Atousa Hajshirmohammadi,Engineering,2.5,141,52.0833,3.2,ENSC120; ENSC220; ENSC280; ENSC327; ENSC380
Layla Cameron,Communication,1.3,82,8.5366,3.9,CMNS253W; cmns110; cmns453
Bryan Myles,History & Political Science,3,32,53.125,2.9,FNST101; INDG101; INDG305
Wendy Palen,Biological Sciences,4.3,28,85,2.8,360W; BISC204; BISC360W
Bridget Disini,Psychology,1.7,16,18.75,4.6,300W; PSYC371
Shahin Dashtgard,Earth Science,1.7,13,14.2857,4.4,EASC000; EASC210; EASC310
Trevor Battye,Publishing  Printing,4.3,3,66.6667,2,PUB456
Joel Rivera,Business Administration,5,2,100,1,BUS203
Anthony Chan,Business Administration,3.6,48,37.5,2.9,BUS343; BUS362; BUS371; BUS434; BUS466; BUS468; BUS478; CMPT301; CMPT470
Lei (Raymond) Zhang,Accounting,3.2,18,55.5556,2.4,BUS254; BUS322; BUS421
Jennifer Wang,Philosophy,3.8,16,56.25,3.3,PHIL203; PHIL315; PHIL322; phil302
Reema Faris,Women's Studies,3.4,9,66.6667,3,GSWS100; GSWS320; GSWS398W; gsws205
Charles Walsby,Chemistry,4.6,94,92.4528,3.3,CHEM122; CHEM260; PHYS101
Rafegabeham  Ahmedsheriff,Engineering,1.7,12,25,4.3,ensc252
Sherry Breshears,Labor Studies,4.3,9,77.7778,2.4,LBST101; LBST330
Angelica Perez Anzures,Film,1.5,2,0,3.5,233
Jennifer Visser,Business Administration,5,2,100,3.5,BUS361
Christopher Zatzick,Business Administration,4.1,143,93.0233,2.7,BUS272; BUS381
Bryan Kinney,Criminal Justice,3.2,100,45.1613,2.6,101; CRIM101; CRIM101D; CRIM203; CRIM303; CRIM320; CRIM350; CRIM352; CRIM457; INTROCRIM
Ladislav Stacho,Computer Science,2.9,94,50,3.3,MATH154; MATH157; MATH232; MATH240; MATH242; MATH308; MATH345
Erin Barley,Biology,3.8,75,72.2222,3.3,BIOL102; BISC100; BISC101LAB; BISC102; BISC102LAB; BISC2102; BISC306; BISC316
Greta Fesechko,Business Administration,1.1,54,2.0833,4.6,312; BUS312; BUS315; BUS316
Mark Deggan,Literature,3.6,46,63.6364,3.4,104W; D900; FASS100; WL100; WL100W; WL104; WL104W; WL200; WL204; WL306; WL320; WL402
Tim Storr,Chemistry,4.1,37,73.6842,3.3,CHEM121; CHEM230; CHEM439
Michele Schmidt,Education,4.8,27,96.2963,1.4,EDU100; EDUC100; EDUC100W
Nadia Nosrati,Mathematics,4.3,65,89.7436,2.5,MAT154; MATH100; MATH150; MATH151; MATH154
Sarbjit Hovey,Business Administration,2.8,49,47.0588,3.4,BUS200; BUS216; BUS272; HR315; MGMT115; MGMT310; MGMT315
Saba Alimadadi,Computer Science,3.1,41,56.0976,2.9,CMPT276
Ryan Dill,Biomedical Physiology & Kinesiology,2.6,24,45.8333,4.2,BPK105; BPK142; BPK310
Duan Ying,Business Administration,2.3,20,27.7778,3.8,BUS315; BUS316
Andreas Kahre,Communication,4.6,16,87.5,2.3,CA145; CA149; FPA149
Heba Maghraby,Business Administration,2.1,10,30,3.7,BUS336; BUS362
Siyuan Yin,Communication,4,10,80,2.2,CMNS240; CMNS310; CMNS348
Neethu  Parvathy,Business Economics,5,6,100,2.7,BUS430; BUS431; BUS432; BUS435
Jane Fowler,Biology,3.2,6,33.3333,3.8,BISC303
Yumiko Murai,Education,5,3,100,1.7,EDUC100W; EDUC358
Fernanda Ramirez,Languages,4.5,2,100,2.5,SPAN100
Steven Pearce,Computer Science,2.4,302,44.1441,3.4,CMPT101; CMPT275; CMPT276; CMPT310; CMPT320; CMPT409; CMPT478; MACM101
Kay Wiese,Computer Science,4.2,62,86.0465,3.3,CMPT307; CMPT310; CMPT441; MACM101
Ben Ashby,Mathematics,4.8,60,95,2.9,MATH155; MATH360; MATH495
Dorothy Barenscott,Art,4.3,44,84.2105,3.3,CA117; CA167; FPA111; FPA167
Anke Kessler,Economics,2.7,40,25,3.9,ECON302; ECON387; ECON402
Ljiljana Trajkovic,Engineering,2.5,40,33.3333,3.5,104; ENSC151; ENSC220; ENSC320; ENSC418; ENSC427; ENSC833; ENSC894
Natalie Zhao,Business Administration,4.4,26,100,2.9,BUS381; BUS481; BUS482
James MacEachern,Science,3.8,21,70,3.8,201; 201401ECT; EASC; EASC103; EASC201; EASC302; EASC310
Helene Love,Criminology,3.2,99,50.5051,3.6,CRIM135; CRIM230; CRIM330; CRIM438
Mark Moore,Business Administration,3.5,43,33.3333,3.7,BUS207; BUS478; BUS552; BUS751; ECON100; ECON478
Paul Haljan,Physics,3.8,28,75,3.1,255; PHY126; PHYS121; PHYS125; PHYS126; PHYS221; PHYS255; PHYS324; PHYS332; PHYS421
Jonn Axsen,Resource Management,2.7,19,47.3684,3.3,REM100; REM321; Rem355
Evan Freeman,Humanities,5,3,100,3,HUM106
Michael Laurence,Political Science,4.3,59,84.7458,2.8,416W; POL100; POL121; POL151; POL210; POL310; POL312; POL325; POL400; POL405; POL416; POL416W; POL430; POL430W
Lily Lin,Business Administration,2.8,31,45.1613,3.2,BUS343; BUS443; MARKETING343
Nicole Catherine,Health Science,2.6,19,36.8421,4,HSCI214; HSCI485
Gillian Judson,Education,4.8,10,100,2.7,830; EDUC325; EDUC376; EDUC471; EDUC818; EDUC823; EDUC830
anne-kristina  arnold,Biomedical Physiology & Kinesiology,2,4,25,3.5,BPK140; BPK180W
Petra Menz,Mathematics,3.2,260,31.1111,3.7,FANX99; MATH; MATH157; MATH158; MATH190
Jeffrey Warren,Chemistry,4.6,99,94.8454,3.2,CHEM120; CHEM121; CHEM180; CHEM230; CHEM332
Nick Sumner,Computer Science,2.5,66,34.375,4.2,CMPT373; CMPT373CMPT473; CMPT473; CMPT479
Pierre Mouganie,Economics,4.2,28,85.7143,2.6,econ113
Sharalyn Jordan,Education,2.6,20,17.6471,2.9,EDUC322; EDUC323; EDUC324; EDUC870
Andrew Blaber,Biomedical Physiology & Kinesiology,2,11,27.2727,3.5,BPK140
Travers Travers,Sociology,2,4,25,4.8,350
Donald Estep,Statistics,4.7,3,100,3,STAT485; STAT851
Steve Gibson,Business Administration,2.8,141,41.0256,3.5,BUS201; BUS216; BUS251; BUS311
Sam Black,Philosophy,3.4,127,63.4615,3.3,PHIL; PHIL120; PHIL120W; PHIL322; PHIL329; PHIL333PHIL42O
Deborah Connolly,Psychology,3.4,62,62.5,3.5,268; PSYC268; PSYC369; PSYC376; PSYC476; PSYCH268; PYSC376
Sutrisno Setya Hartana,Music,1,1,0,1,CA341
Alexander Vedrashko,Business Administration,2.7,14,57.1429,3.6,316; BUS316; BUS410; BUS413
Shannon Linning,Criminology,3.8,11,60,3,CRIM220; CRIM318; CRIM433
Kasra Jamshidi,Computer Science,3.3,8,50,4,cmpt276
Yanwen  Luo,Mathematics,5,4,100,2.5,MACM201
Maitland Waddell,Psychology,5,3,100,1.7,PSYC363
Timothy Swartz,Statistics,2.1,138,10,4.2,201; STAT201; STAT203; STAT270; STAT302; STATS101
Ralph Pantophlet,Health Science,1.3,27,3.7037,4,HSCI212; HSCI442
Rina Zazkis,Mathematics,3.3,24,40,3.2,190MATH; ALL; DESIGNSELMATH; EDUC211; MATH190
Frank Lee,Health Science,3.7,16,81.8182,2.5,HSCI100; HSCI321; HSCI440; HSCI474
Karrmen Crey,Communication,2.8,11,45.4545,3.8,304W; CMNS304W; CMNS424
Brian Kinney,Criminology,3.6,11,81.8182,1.7,Crim101
Matthew Hussey,English,4.4,9,100,3.3,ENGL111W; ENGL114; ENGL201; ENGL300; ENGL306; ENGL400W
Andreanne Doyon,Resource Management,2.8,6,33.3333,3,REM356W; REM381; SD100; SD381
Samantha Rayner,Business Administration,5,1,100,2,BUS443
Sarah Walshaw,History,3.6,63,43.5897,3.5,HIST146; HIST231; HIST312; HIST344; HIST348; HIST473; HIST485348473
Grace Iarocci,Psychology,2,30,30.7692,3.7,441; DEV250; PSYC; PSYC250; PSYC359; PSYC391; PSYC491; PSYC807; PSYC822; PSYCH250
Dongya Yang,Archaeology,4,21,57.1429,3.2,373334; ARCH332; ARCH372335; ARCH373; ARCH383
Agata Becalska,Biology,3.1,16,43.75,3.8,303LAB; BISC101
Kendra  Strauss,Labor Studies,4.4,14,100,2.2,GEOG328; LBST100W; LBST101; LBST306
Stephen Robinovitch,Kinesiology,3,9,57.1429,3.2,BPK201; BPK402; KIN201; KIN402
Carla Pretorius,Chemistry,4.3,7,85.7143,2.9,CHEM-230; CHEM-266; CHEM-366
Jean-Francois Begin,Statistics,4.7,3,100,4,ACMA830; acma340
Mohammad Kenari,Film,2,1,0,2,CA135
Alizera Noori,Physics,0,0,-1,0,
John Knowles,Economics,1.8,35,21.875,4,ECON105; ECON305; ECON310
Cynthia Xie,Linguistics,4.3,16,90.9091,2.6,CHIN180; CHIN190; CHIN290; CHIN291; CHIN390
Dave Clarke,Biomedical Physiology  Kinesiology,2.7,13,25,4.9,BPK310; BPK443; KIN310
KangKang Yin,Computer Science,4.1,9,88.8889,3.3,CMPT361; CMPT466
Ernest Bumann,Archaeology,4.1,65,62.5,2.2,AECH100; ARCH100; ARCH131; ARCH252
Benjamin Adcock,Mathematics,3.3,50,56.0976,3.8,MACM316; MACM409; MATH152; MATH242; MATH260; MATH309; MATH310
Dasha Gluhareva,Linguistics,4.9,21,100,2.4,LING100; LING220; LING309W; LING360
Francesca Furlanetto,Earth Science,2.9,9,66.6667,3.4,EASC107
Shawn Sederberg,Engineering,4.7,9,100,3.2,ENSC324
Chris  Buse ,Health Science,5,2,100,1.5,HSCI220; HSCI483
Ross Jamieson,Anthropology,4.1,75,69.2308,2.7,ARCH100; ARCH330; ARCH363; ARCH471
Robert Muir,Archaeology,3.9,71,81.8182,2.6,201; 372; ALL; ARCH; ARCH100; ARCH101; ARCH201; ARCH282; ARCH331; ARCH372; ARCH375; ARCH386; ARCHLOTS; CRIM101
Mohammad Khodabandeh,Computer Science,4.5,8,87.5,3.3,CMPT210
Hua/Grace Zhang,Archaeology,4.5,4,100,3.5,ARCH373
Dustin King,Biochemistry,4.1,42,83.3333,3.4,MBB222
Yildiz Atasoy,Social Science,2.9,79,38.4615,3,SA; SA105; SA150; SA300; SA325; SA350; SA360; SA366; SA429; SA430; SA4945; SA4XX; SOC150
ruth joy,Environmental Science,4,4,50,3.5,EVSC445; evsc100
Kyle Wilson,Resource Management,3,1,100,1,rem100
Anne Lavergne,Computer Science,3,335,54.1063,3.6,CMPT120; CMPT125; CMPT225; CMPT295
Sherrie Atwood,Psychology,2.7,232,36.3095,3.4,DEVPS250; PSYC100; PSYC102; PSYC250; PSYC355; PSYC358; PSYCH100; PSYCH357
Stephen Hart,Psychology,4.3,34,100,2.6,479; PSYC106; PSYC241; PSYC268; PSYC368; PSYC379; PSYC476; PSYCH241; PSYCH241368; PSYCH268; PSYCPSYC; SY
Angela May (née Kruger),Liberal Arts & Sciences,5,2,100,2,GA301
Robert Hogg,Health Science,3.2,69,58.6207,2.5,HSCI100; HSCI130; HSCI212; HSCI431
Nikolay Shchitov,Criminology,3.2,63,52.459,2.8,CRIM101; CRIM104; CRIM131; CRIM220; CRIM345
Ken Kasa,Economics,3.5,49,50,2.5,ECON305; ECON345; ECON435; ECON835
Rekha Krishnan,Business Administration,3.4,24,53.3333,2.7,BUS346; BUS430; BUS434; HST350
Matt Stewart,Engineering,5,3,100,2.7,ENSC-351
Melissa McCrae,Business Administration,3.6,34,47.3684,3.6,BUS100; BUS272; BUS381; BUS557; BUSBUS; CCC22
Elliot Montpellier,Anthropology,4.7,7,85.7143,3,SA101; SA201W; SA315
Jeannie Morgan,Indigenous Studies,1.5,11,9.0909,2.6,GSWS305; INDG222; INDG250; INDG327; LBST203; LBST305
Jane MacDonald ,Mathematics,1.2,119,4.2017,4.7,MACM316; MTH256
Maike Knoechelmann,Criminology,3.3,18,55.5556,3.6,CRIM1150; CRIM310; CRIM330; CRIM335; CRIM414; CRIM438; PSYCH2251
Cornel Bogle,English,3.5,11,54.5455,3.4,ENGL209; ENGL272; ENGL361; ENGL472w
Nicole Jackson,International Studies,3.9,9,100,2.9,IS200; IS322; IS402
Krzysztof Starosta,Chemistry,3.6,15,60,4.7,CHEM260; NUSC344
Sepideh Fotovatian,Economics,3.7,14,71.4286,3.6,ECON220; ECON220W
Vinicius Silva,Kinesiology,1.3,9,11.1111,4.8,BPK207
Mahsa Ansari,Mathematics,5,1,100,2,FAN-X99
Mandana Salajegheh,Health Science,2.8,127,43.038,3.2,BPK140; HCSI160; HSCI140; HSCI160; HSCI215; KIN140
Jie Liang,Engineering,3.5,20,58.3333,2.8,ENSC180; ENSC327; ENSC424; ENSC429
John Nesbit,Education,3.2,100,75.7576,3.2,EDU220; EDU222; EDUC220; EDUC222; EDUC327
Valerie Spicer,Criminology,4,33,81.25,2.4,CRIM101; CRIM220; CRIM300W; CRIM350; CRIM351; crim302
Logan Macnair,Criminology,4.4,19,84.2105,2.7,300W; CRIM101; CRIM1150; CRIM300; CRIM300W; CRIM318; CRIM321; CRIM417
Haolun Shi,Statistics,4.7,17,88.2353,2.7,STAT260; STAT310; STAT342; STAT360; STAT452
Olha Farion,Physics,5,1,100,5,PHYS121
Gary McCarron,Communication,4.3,217,89.4737,2.7,110; CMN110; CMNS110; CMNS304; CMNS332; COMM110
Michael Ling,Education,4.9,29,100,1.8,EDU100W; EDU883; EDUC100; EDUC100W; EDUC811; EDUC820; EDUC867; HUM321
Anne-Marie Nicol,Health Science,2.5,15,33.3333,3.5,483; HSCI412; HSCI483
Alsu Tagirova,Political Science,2.8,5,40,2.6,POL100; is-105; pol446w
Hilmar Pabel,History,2.5,110,46.1538,4.5,223; HHH450; HIS223; HIS439; HIST; HIST106; HIST2; HIST212; HIST221; HIST223; HIST223AND320; HIST225; HIST231; HIST280; HIST288; HIST320; HIST321; HIST336; HIST350; HIST439; HIST450; HISTORY320
Andrew Racz,Biology,0,0,-1,0,
Ann Travers,Sociology,3.9,148,62.5,3,2NDYEAR; 300LEVEL; 350; SA; SA150; SA150SA348; SA250; SA337; SA350; SA353; SA358; SA360
Negar Ganjouhaghighi,Business Administration,4.1,100,78,3.3,BUS232; BUS336; BUS373
Andrew Baycetich,Business Administration,4.5,7,100,2.9,BUS272
Judy  Wu,Health Science,5,3,100,2.3,HSCI230
Claudia Hein,Languages,4.7,59,94.4444,2.1,GERM; GERM100; GERM102; GERM103; GERM201; GERM202; GERM300; GERMAN
Eric Gedajlovic,Business Administration,2.9,18,60,3.1,BUS478
Inna Stepaniuk,Education,3.3,6,50,2.8,EDUC382; EDUC426
Natasha Ghosh,Psychology & Sociology,3.1,61,40,3.2,201; ILS110; PSY99; PSYC100; PSYC102; PSYC109; PSYC109W; PSYC201; PSYC99; PSYCH109W; PSYCHX99; PSYCX99; PSYCX99W; PYSC201
Stan Sessional,Psychology,4.7,15,93.3333,1.4,indg101
Mark Lechner,Health Science,4.4,116,81.9672,2.9,HLSC100; HSCI100; HSCI170; HSCI321; HSCI324; HSCI336; HSCI372; HSCI440
Michelle Levy,English,3.2,59,72.7273,2.8,ENG101; ENG102; ENG105; ENG206; ENG3263; ENG327; ENG378; ENG427; ENGL; ENGL101; ENGL102; ENGL104; ENGL105; ENGL112W; ENGL202; ENGL206; ENGL325; ENGL327; ENGL329; ENGL363; ENGL427W; ENGLISH; ENGLISH102; ENGLISH206; ENGLISH325; ENGLISH378; eng363
Nigare Raheem,Science,4.3,6,83.3333,2.8,CHEM281
Yuri Reis Rodrigues,Engineering,4,4,75,2.5,ENSC151
Amir Rubin,Business Administration,2.5,57,18.75,3.4,BUB312; BUS312; BUS413; BUS802; BUS806; BUSBUS
Anthony Okuchi,Business Administration,5,32,100,3.5,CHRM210; MGMT1115; MGMT115; MGMT115VA11971; MGMT310; MGMT420; ORGB1105; VA11911
Shereen Hassan,Criminology,2.6,7,40,2.4,CRIM1100; CRIM312
Janice Matsumura,History,3.9,68,80,3,H371; HIS206; HIST205; HIST205206; HIST206; HIST236; HIST3; HIST322; HIST368; HIST371; HIST371480; HIST3XX; HIST447W; HIST464; HIST471; HISTHIST; HST206; JAPAN1600
Anis Rahman,Communication,3.7,37,84.2105,3,110; CMN130; CMNS110; CMNS130; CMNS220; CMNS240; CMNS261; CMNS304; CMNS346; CMNS348; CMNS444
Brett van Poorten,Resource Management,4,4,100,2.8,REM221; REM225
Travis Salway,Health Science,3.5,36,66.6667,3.2,HSCI230; HSCI802
Margaret Schmidt,Geography,4.2,15,80,2.3,GEOG215; GEOG317; GEOG417; GEOG417W
Tara Holland,Environmental Science,4.4,57,85.9649,2.6,EVSC100; EVSC300; GEOG104; GEOG111; GEOG266W
Susan Clements-Vivian,Media Studies,4.1,33,84.2105,2.5,IAT100; IAT102; IAT110; IAT202; IAT208; IAT313; TECH117
Erik Kjeang,Engineering,4.1,13,88.8889,2.9,ENSC280; MSE210; MSE223; mse422
Simin Najmi,Physics,3.4,10,37.5,2.8,157; PHYS101; PHYS141; phys100
Chehra Aboukinane,Business Administration,2.8,21,47.619,3.9,BUS232; BUS473
Nick (peter) Inglis,Science,4.5,2,100,2.5,BioL-1260; MBB231
Shervin Shirmohammadi,Computer Science,2.3,79,35.443,3.8,CMPT272; CMPT371
Tanya Broesch,Psychology,2.7,55,31.25,2.9,250; PSCY391; PSYC250; PSYC325; PSYC352; PSYC450; PSYCH250
Charles Pace,Literature,3.4,10,33.3333,3.6,ENGL113; WL101; WL102; WL102WL201; WL110; WL201
Douglas Fast,Business Administration,3.4,7,57.1429,2.3,BUS240; BUS338; BUS477
Heather Whiteside,Political Science,2,4,25,2.5,PSCI231; PSCI428
Anne-Marie Feenberg-Dibon,Humanities,2.6,7,0,4.3,HUM101; HUM302; HUM309
Angela Kaida,Health Science,3.9,7,66.6667,2.7,HSCI160; HSCI431; HSCI496
Sarah Johnson,Physics,3,84,47.541,3.5,PHYS100; PHYS101; PHYS102; PHYS121; PHYS140; phys120
Bingyun Sun,Chemistry,1.8,30,6.25,4,316; 419; CH316; CHEM210; CHEM215; CHEM315; CHEM316
Stephen Steele,French,3.6,7,66.6667,3,FREN245; FREN341; FREN4XX
Nerida Bullock,Women's Studies,4.7,12,83.3333,2.5,GSWS320; GSWS411; SA150; SA335; SA337
Rodney Vaughan,Engineering,2.3,64,34.375,4.1,320; ENSC320; Ensc894
Khalil  Esmkhani,Finance,3.8,5,60,4,BUS315
Shervin  Fudhu,Engineering,0,0,-1,0,
Ahmedreza Nezami,Computer Science,3,70,41.4286,3,CMPT310
Ping Ding,Mathematics,3,25,40,2.4,CALC150; FANX99; MATH100; MATH130; MATH150; MATH154; MATH157; MATH251; STAT203
Nancy Hawkins,Biology,3.6,38,66.6667,3.3,BISC322; MBB221; MBB222; MBB231; MBB322; MBB331; MMB221
Christopher Giles,Criminology,2.9,19,41.6667,3.8,320; CRIM1208; CRIM2251; CRIM320; CRIM321
Sasha Ramnarine,Business Administration,4.6,50,92,2.9,BUS200; BUS233; BUS393; BUS483; BUSI2390; MGMT326
Richard Frank,Criminology,3,59,45,3.5,380; CRIM380; CRIM480; CRIM481
Marie Loughin,Statistics,2,62,27.907,3.6,
Barbara Mitchell,Sociology,4.2,16,100,3.3,GERO408; SA231; SA232; SA355; SA360
Masood Masjoody,Mathematics,2.7,9,44.4444,3.1,MATH308; MATH310
Chris Shaw,Computer Science,1,4,0,4.3,IAT167
Mackenzie Carr,Mathematics,4.7,23,100,2.9,Math150; Math232
Suk Choi,Art  Design,2,61,24.0741,4.3,IAT110
Andrew Bennet,Chemistry,2.7,117,43.956,3.5,CHEM122; CHEM282; CHEM283; CHEMISTRY282
Nick Blomley,Geography,4.4,29,93.75,2.8,381; GEOG100; GEOG102; GEOG120; GEOG381; GEOG440; POLITICALGEOG
Rylan Simpson,Criminology,4.6,85,90.5882,2.5,CRIM220; CRIM251; CRIM458
Natalia Gajdamaschko,Education,4.5,28,71.4286,2.1,EDU823; EDUC370; EDUC464; EDUC471; EDUC711; EDUC816; EDUC879
Ivelina Tchizmarova,English,3.8,55,52.5,3.1,160; LIN200; LING100; LING160; LING200; LING220; TESL408
Valentin Jaumouilleacute,Molecular Biology & Biochemistry,4.1,7,85.7143,3.3,MBB322; MBB420
Daniel Vigo,Health Science,3.1,34,55.8824,2.7,HSCA214; HSCI214; HSI214
Colleen Elderton,Education,1.1,20,5,4.9,EDUC252; EDUC400; EDUC472
Michael Favere-Marchesi,Accounting,2.4,116,8.5714,3.9,254; BUS251; BUS254; BUS426
Shane Gunster,Communication,4.1,33,66.6667,3.3,CMNS223; CMNS232; CMNS235; CMNS240; CMNS311; CMNS323; CMNS323W; CMNS349; CMNS388; CMNS439; CMNS460; CMNS486; CMNS487; COMS223
Feyza Sahinyazan,Management,5,5,100,2.6,BUS373; BUS473
Michel Leroux,Molecular Biosciences,4.1,62,88.4615,3.5,MBB222; MBB308; MBB309; MBB309W; MBB443
Kailyn Pritchard,Mathematics,3.5,2,50,5,FANX99
Parsa Rajabi,Computer Science,3.2,89,55.0562,3.5,CMPT276; CMPT376
Shauna McAuley-Bax,Economics,4.7,28,71.4286,2.5,ECON103; ECON1034; ECON1150; MACMA
Ching-Chiu Lin,Education,4,8,75,3,EDUC252; EDUC458
Amirhossein Khameneh,Mathematics,5,8,100,2.4,MACM101
Tina Adcock,History,4.2,23,53.8462,3.4,204; HIST132; HIST204; HIST323; HIST377; HIST432; HISTORY323; Hist428
Jess Schulschenk,Business Administration,0,0,-1,0,
Atiya Mahmood,Gerontology,2.8,12,33.3333,3.3,GERO300; GERO401
Jon Smith,English,3.8,69,77.2727,3.4,ENG104; ENG104W; ENG383; ENG484; ENGL104; ENGL111; ENGL111W; ENGL210; ENGL349; ENGL385; ENGL411; ENGL449
Russ Tront,Computer Science,3.6,62,22.2222,3.5,CMPT101; CMPT104; CMPT212; CMPT250; CMPT275; CMPT276; CMPT370; CMPT371; CMPT454; CMPT475; CS212275
Daniel Lee,Engineering,1.9,24,16.6667,4.2,ENSC327; ENSC428; ENSC429; ENSC802
Evan Gatev,Business Administration,2.8,16,33.3333,2.6,BUS312; BUS315; BUS316; BUS410; BUS418
Margaret Grant,Linguistics,3.9,14,78.5714,2.7,COGS100; LING100; LING220; LING315
Evan Due,Business Administration,3,2,50,2,BUS346
Canan Gunes,Education,3.4,5,80,3.2,EDUC211; EDUC475
Greg Sutherland,Education,5,5,100,2.6,EDUC-311; EDUC400
Pace Charles,Not Specified,2.1,11,20,4.1,ENG105; ENGL113; WL101; WL102
Sharon  Hou,Education,5,1,100,3,EDUC422
Cherie Enns,Urban Planning,3,5,40,3.2,SD401; SD499
Ailene MacPherson,Mathematics,2.2,89,28.0899,3.8,MATH151; MATH154; MATH348; Math155
Evelyn Encalada,Labor Studies,3.2,9,44.4444,3.7,LBST101; SA250
Yifan Wei,Business Administration,5,3,100,2,BUS478
Jordan Scott,English,4.8,39,96.7742,2,ALAC098; ALC099; ENG101; ENG105; ENG115; ENGL105; ENGL115; ILS101
Abid Ali,Engineering,1,23,0,4.3,MSE311
Lynnaea Owens,Psychology,3.6,17,58.8235,3.5,PSYC241; PSYC371
Anna Hippmann,Environmental Science,1.9,14,21.4286,3.9,EVSC-100; EVSC300
Martin Hahn,Philosophy,2.1,22,22.7273,3.2,PHIL100; PHIL100W; PHIL344
Michaela Manson,Philosophy,2.7,10,40,3.8,PHIL100W; PHIL150; Phil-321
Mark Mahadeo,Biochemistry,2.3,3,33.3333,3,MBB201; mbb231
Jie Yang,Anthropology,3.7,68,56,2.6,ANTH368; SA201; SA201W; SA201WANDSA27; SA265; SA275; SA368; SA443W; SASA
Cara Tremain,Archaeology,5,3,100,3.3,ARCH100
Alexander Moens,Political Science,3.8,81,66.6667,3.1,449; D100; HIST449; POL; POL141; POL210; POL225; POL232; POL232241; POL241; POL349; POL430; POL444; POL445; POL449; POL455; POL484; POLI210
Yanghong Huang,Mathematics,2.8,3,0,2,MATH309
Judy Zaichkowsky,Business Administration,3,37,45.4545,3.5,347; BUS327; BUS347; BUS442; BUS495; MBA
Ivan Bajic,Engineering,3.4,15,80,3.1,ENSC180; ENSC380; ENSC424; ENSC429; ENSC802; ENSC861
Roger Frie,Psychology,4.5,11,85.7143,2.1,EDU323; EDUC323; PSY237
Madison Edge-Almond,Psychology,1.5,8,12.5,4.1,PSYC379
Brent Lyons,Business Administration,4.1,38,79.3103,2.2,BUS381; BUS482; ORGS2010; ORGS2100
Emily O'Brien,History,4.4,43,75,3.6,420; HIS300; HIST; HIST220; HIST288; HIST300; HIST311; HIST402; HIST489; HUM105; HUM211; HUM311; HUM312; HUM312W; HUM340; HUM3XX
Hali  Kil,Psychology,1.2,30,6.6667,3.6,250
Byron Hauck,Communication,2.8,29,44.8276,3.6,CMNS110; CMNS130; CMNS304W; CMNS332; CMNS346; cmns445
Suzanne Smythe,Education,2.7,9,44.4444,3.4,EDUC341; EDUC806
Cara Camcastle,Political Science,2.2,93,23.0769,3.2,CNS391; POL100; POL210; POL222; POL232; POL252; POL253; POL322; POL329; POL350
Marni Mishna,Mathematics,3.2,45,72.2222,3.5,MACM201; MATH232; MATH242; MATH251; MATH322; MATH341; math157
Keiron Mcconnell,Criminology,4.2,28,78.5714,2.1,CRIM131; CRIM455; CRIM459
Parveen Karsan,Business Administration,4,7,85.7143,3.1,BUS200
Caitlin Turner,Communication,4,25,80,3.4,CMNS110; CMNS2200
Shanny Chuah,Gender Studies,3,1,0,3,411
Gurpreet Mund,Chemistry,4.8,14,100,2.7,CHEM121; CHEM122
Aaron Windel,History,3.4,57,48.6486,3.3,FASS101; HIS215; HIST106; HIST11; HIST111; HIST135; HIST215; HIST314; HIST362; HIST3XX; HIST415; HIST438W; HIST463W; HIST486WWI; HISTORY415
Shannon Zaitsoff,Psychology,3.7,68,74.4186,2.8,PSYC241; PSYC371; PSYC441; PSYCH241
Suzana Dragicevic,Geography,3.3,37,60,3.2,CARTOG; GEOG351; GEOG352; GEOG451; GOEG351
Karen Kurytnik,Education,5,8,100,2.8,EDUC322; EDUC323; EDUC464
Clifford Atleo,Resource Management,4.8,4,100,2.3,REM-207
Jeff Sugarman,Education,3.9,133,57.1429,3.3,EDU220; EDU327; EDUC220; EDUC327
Yiwen Liu,Social Science,2.3,3,33.3333,4,GA302
Emily Ip,Art amp Design,2.7,24,41.6667,3.6,IAT102; IAT110
Scott Pai,Statistics,2.6,280,25.6757,3.7,201; 203; STA201; STAT201; STAT203; STAT270; STAT285; STAT305; STATSTAT
Gretchen Ferguson,Geography,3.5,19,63.1579,2.3,GEO383; GEOG100
Brianne Kent,Psychology,4.3,8,87.5,3.5,PSYC325
Suki Badh,Economics,2.7,163,83.3333,3.5,102; 210; ADS222; ECON; ECON103; ECON105; ECON1101; ECON200; ECON201; ECON210; ECON2350; ECON3; ECON301; ECONO101; ECONOMIC210; ECONOMICS210; EONOMICS105
Sarah Ganter,Communication,3.3,12,58.3333,3.8,CMNS230; CMNS333; CMNS437
Christine Leanne Johnson,Publishing  Printing,2,5,20,2.4,PUB375; PUBL1118
Steven Bergner,Computer Science,1.8,40,20,3.4,CMPT310; CMPT353; CMPT410; CMPT726
Stephen Wright,Psychology,4.3,72,86.3636,2.6,PSYC260; PSYC330; PSYC363; PSYCD100; PSYCH260; PSYCH363; SOCIA260
Michael Chen,Physics,3.5,170,75,2.8,100; PHY100; PHY101; PHYS100; PHYS101; PHYS121
Nicky Didicher,English,3.1,25,52,3.5,ENG112; ENG212; ENGL112; ENGL112W; ENGL212; ENGL387
John Reynolds,Biology,2.6,18,33.3333,3.9,BISC102
Rosie Dhaliwal,Social Science,2.5,4,25,3.3,FASS207
Mark Ting,Art,4.6,19,89.4737,2.3,FASS208; FASS225
Andrew Sixsmith,Gerontology,3.8,4,100,1.5,GERO101
Evan Caldbick,Psychology,4.5,96,85.4167,3.2,PSYC100; PSYC201W; PSYC280; PSYC325; PSYC381; PSYC382; PSYC383
David Green,Biology,3.8,34,90,3,BIO300; BISC204; BISC300; BISC304; BISC304W; BISC309; BISC400; BISC410; BISC420
Azadeh Yamini-Hamedani,Literature,3.6,16,55.5556,3.4,WL102; WL103; WL104W; WL300; WL301; WL304; WL402; WLIT203
Hemant Merchant,Business Administration,2.8,20,0,2.9,346; BUS346; BUS435; BUS492; MBUS
Edana Beauvais,Political Science,3.2,5,60,3.6,POL315; SDA490
Gary Leach,Chemistry,4.4,51,77.7778,2.9,CHEM121; CHEM122; CHEM260; CHEM266; CHEM364; CHEM462
Camila Nunes,Languages,4.8,4,100,2.3,PORT100
Xiaoqiong HU,Statistics,2.4,36,35,4.1,STAT201; STAT203; STAT270; STAT285; STAT402; STAT450; STAT475; STATS270
Joseph Taylor,History,3.2,40,60,3.7,432; GEOG376; GEOG377; GEOG432; HIS132; HIST; HIST132; HIST212; HIST213; HIST373; HIST376; HIST377; HIST4; HIST432; HISTHIST
John Alderete,Linguistics,2.7,46,33.3333,3.3,COGS200; LING220; LING221; LING321; LING323; LINQUISTICS221
Christina Brassard,French,4.3,8,75,3.6,FRE340; FREN245; FREN340; FREN341; FREN430
Marion Caldecott,Linguistics,4,25,61.5385,3.1,330; LING221; LING290; LING312; LING321; LING330; LING380; LING800
Alexandra  Gillis,Education,3.4,5,60,2,EDUC252; EDUC471
Ted Palys,Criminal Justice,3.5,76,57.1429,3,321; CRIM220; CRIM220DED; CRIM320; CRIM321; CRIM419; CRIM429; FNST419
James Fleming,English,3.7,79,68.4211,3.3,105; 115W; 203; 3SOMETHING; ENC4313; ENG102; ENG115; ENG115W; ENG203; ENG315; ENG407; ENG416; ENGL102; ENGL102W; ENGL105; ENGL105W; ENGL115W; ENGL203; ENGL216; ENGL313; ENGL315; ENGL416; ENGL416W; UNDER101
Kamal Gupta,Engineering,3,28,31.25,3.7,ENSC380; ENSC383; ENSC385; ENSC488; ENSC887
Michael Adachi,Engineering,4,9,77.7778,2.3,ENSC225; ENSC387; ENSC495
Jessica Stockdale,Mathematics,3.1,17,64.7059,2.9,MATH152; MATH208W
Jeremie Lumbroso,Mathematics,3,28,0,3.1,CMPT120; CMPT225; CPMT225; PHYS100
Terri Griffith,Business Administration,1,2,0,4,BUS750
Jeremy  Turner ,Cognitive Science,3.5,87,66.6667,2.9,COGS100; psyc325
Lynne Bell,Anthropology,2.8,47,38.8889,2.7,332; 333; ARCH; ARCH300; ARCH332; ARCH333; CRIM355; CRIM356; CRIM356AND452; CRIM357; CRIM417; CRIM452; FORENSICARCH
Ataman  Avdan ,Sociology,4.5,39,88.8889,2.9,SA150; SA250; SA255; SA315; SA321; SA326; SA371; SOCI110
Tamon Stephen,Mathematics,2,24,33.3333,3.3,MATH157; MATH208W; MATH232; MATH308; MATH448
Jemima Ackah-Arthur,International Studies,1.3,4,0,5,IS306
David Mitchell,Computer Science,2,175,30.2326,3.2,CMPT125; CMPT225; CMPT307
Peter Hollmann,Biology,4.5,23,70,3,BISC303; BISC303L; BISC357; BISC473L; LAB
Mark Paetzel,Science,3.2,51,55.1724,3.1,MBB222; MBB324; MBB420; MBB423; MBB432
Esther Verheyen,Biology,4.6,16,87.5,3.2,BISC202; MBB438
Pascal Haegeli,Resource Management,3.4,57,62.7451,3.4,REM100; REM427
Cristina Pastia,Criminology,1.6,10,20,4.1,CRIM320
Faezeh Yazdi,Statistics,4.3,4,75,2.3,STAT445
James Flory,Marketing,3.8,4,75,3.3,BUS441
Jiamin Liu,Economics,3.2,61,37.1429,3.5,ECON103; ECON105; ECON290; ECON291
Kamal Masri,Business Administration,4.1,109,69.2308,3,BUS100; BUS237; BUS361; BUS362; CBSY2205; D100; MIS237; bus496
Wei Wah Wong,Linguistics,3.7,6,83.3333,2.5,LING111; LING362
Richard Gbedoah,Political Science,3.7,3,66.6667,2,POL121
Saieed Akbari,Mathematics,4.3,19,89.4737,2.5,Math-232
Gary Parker,Mathematics,3.8,34,64.7059,4.3,310; ACMA; ACMA210; ACMA310; ACMA320; ASSORTEDACMAS; STAT271; STAT485
Daniela Blettner,Business Administration,4.5,11,75,2.8,BUS340; BUS471; BUS478
Megan MacKenzie,International Studies,5,2,100,3,IS101
Eirikur Palsson,Biology,2.5,84,100,3.6,BIO101; BISC100; BISC101; BISC371; BISC475; BSC101; PHYS101
Harinder Khangura,Computer Science,4.5,52,89.1892,2.9,CMPT105W; CMPT106; CMPT120; CMPT150; CMPT165; CMPT250; CMPT295; CMPT300; CMPT322; MACM101
Heesoon Bai,Education,4.4,33,90,1.9,833; ED883; EDPHI01; EDU230; EDUC100W; EDUC203; EDUC230; EDUC327; EDUC437; EDUC833
Abraham Punnen,Mathematics,2.1,25,17.6471,3.8,MACM201; MATH157; MATH232; MATH308; math152
Kwai Man Fung,Business Administration,4.2,17,82.3529,3.4,BUS254; BUS321; BUS330; BUS331
Krista  Socholotiuk,Education,5,2,100,1.5,EDUC423; HSCI220
David Mirhady,Humanities,3.2,96,59.0909,3.1,161; HUM102; HUM102W; HUM151; HUM201; HUM216; HUM302; HUM332
Scott Lear,Health Science,4.1,34,91.3043,2.5,HSCI211; HSCI403; HSCI484
Jie Goh,Business Administration,3.3,14,57.1429,3.1,BUS237; BUS462
Kanna Hayashi,Health Science,3.2,12,58.3333,3,HSCI330; HSCI341; HSCI431
Dr jennifer Davis,Psychology,2.9,9,33.3333,3.2,psyc260
Vance Williams,Chemistry,3.7,74,100,2.8,CH281; CHEM122; CHEM190; CHEM281; CHEM282; CHEM380; CHEM391; CHEMORG; ORGD
Qianping Gu,Computer Science,2.9,51,52.9412,3.6,CMPT307; CMPT371; CMPT405; CMPT471; CMPT705
Matthias Danninger,Physics,2.8,38,47.3684,4.1,PHYS120; PHYS211; phys125
Michelle Walks,Gender Studies,2.5,30,37.931,3.4,GSWS102; GSWS1100; GSWS200; GSWS320; GWST101; SA201W; Sa356w
Sandra Dielissen,Indigenous Studies,3,2,50,2.5,GSWS101; INDG101
Dan Ridinger,Computer Science,2,57,17.0732,2.8,376W; CMPT370; CMPT376W; CMPT475
Farshid Kazemi,Film,3.5,35,71.4286,2.4,CA135; ca137
Evdoxios Doxiadis,History,3.8,18,68.75,3.7,HIST106; HIST276; HIST307; HIST338; HIST341; HIST364; HIST476; HS276
Peter J. Unrau,Science,3.8,18,75,3.6,MBB229; MBB308; MBB323; MBB331; MBB429
Julia Rueben,German,4.6,5,80,3.2,GERM102
Steven Holdcroft,Chemistry,3.7,173,65.625,3.5,CEHM121; CHEM; CHEM121; CHEM442
Sepand Fardghassemi,Business Administration,4.8,4,100,3.3,BUS240
Mohammadreza Karamad,Chemistry,2,1,0,4,1124
Amandio Vieira,Kinesiology,1.7,62,10.4167,3.5,BPK110; BPK140; BPK311; KIN110; KIN311
Claudia Wong,Linguistics,2.5,30,43.3333,2.8,LING111; LING220; LING360; LING362; Ling100
Janet Danielson,Music,2.4,90,3.8462,3.6,CA104; FPA100; FPA104; FPA120; FPA145; FPA246; FPA345
Maxwell Levit,Mathematics,2.4,17,29.4118,3.2,MATH100; MATH308
Alexandra Kitson,Design,5,3,100,2,IAT333
Chris Bidner,Economics,3.8,15,66.6667,3.4,455W; ECON220W; ECON355; ECON355W; ECON455; ECON455W
Jade Ho,Education,3.7,3,66.6667,3,EDUC230; GA202; GA301
Dylan Chandler,Communication,2.5,2,50,3,cmns253w
Milan Tofiloski,Computer Science,2.1,109,28.7037,3.4,376W; CMPT105W; CMPT125; CMPT310; CMPT376; CMPT376W; IAT167; MACM101
Isolde Hey,German,1.4,4,0,3.5,GER104; GERM104
Melissa Rui wan,Business Administration,5,3,100,2.3,BUS418
Angelica Lim,Computer Science,4.2,74,83.7838,2.9,CMPT120; CMPT310; CMPT376; CMPT419
Bob Muir,Archaeology,3.9,7,85.7143,2.9,ARCH100; ARCH201; ARCH282
Nicholas Schmitt,Economics,1.9,25,14.2857,3.8,ECON102; ECON302; ECON342
Fred Popowich,Computer Science,3.2,24,80,3,CMPT165; CMPT275; CMPT376; CMPT376W; CMPT413; cmpt120
Panayiotis Pappas,Languages,2.7,66,60,3.6,415; LING160; LING220; LING282W; LING309W; LING322; LING407; LING415; LINGLING
Carolyn Lesjak,English,4.1,24,66.6667,3.5,206; E330; ENG101; ENG115W; ENG206; ENG330; ENGL101; ENGL101W; ENGL115W; ENGL206; ENGL216; ENGL330; ENGL364
Paula  Rosehart,Education,3.7,3,66.6667,1.7,educ326; educ400
Elizabeth King,Health Science,3.3,10,60,3.7,HSCI207; HSCI212
Sarah Henzi,Native Studies,4.6,9,88.8889,2.9,FNST101; FREN355; INDG100; INDG101
Dale McCartney,History,4.9,47,100,2.2,EDUC370; HIST102; HIST103; HIST204; IBST101; LBR301; LBST101; LBST101301; LBST301; LBST330; UNIV101
Jim Mattsson,Biology,3.5,31,61.5385,2.8,BISC205; BISC329; BISC333; BISC357; BISC366; BISC367; BISC471; BISC473
Behraad Bahreyni,Engineering,3.8,22,61.5385,3.6,CNN225; ENSC226; ENSC260; FAT203; MSE251; MSE311
Weiran Sun,Mathematics,3,54,43.9024,4.4,MATH157; MATH242; MATH251; MATH252; MATH314; MATH418; MATH467
Pamela Stern,Health Science,2.5,33,26.6667,3.6,ANTH101; HSCI214; SA1; SA101; SA105; SA201; SA201W; SA301; SA356; SA356W
Olga Shipulina,Education,2.7,25,43.4783,3.8,EDUC221; EDUC313; FANX99; MATH100
Gary Teeple,Social Science,4.2,54,85.7143,3,AABBCAAVV; ALLD; SA100; SA100351362; SA315; SA325; SA327; SA350; SA351; SA352; SA358; SA362; SA410; SA416; SOC325; SOCI351; sa317
Daniel B. Leznoff,Chemistry,3.8,110,74.7253,3.8,CHEM121
Howard Trottier,Physics,4.1,109,63.4146,2.9,ASTRONOMY; PHYS125; PHYS126; PHYS190; PHYSICS190
Farhad Shahryarpoor,Economics,1,1,0,5,econ104
Jerry Sheppard,Business Administration,3.1,39,69.2308,2.7,BUS303; BUS478
Ryan Lundell- Creagh,Psychology,3.8,6,83.3333,2.7,PSYC201W; PSYC370
Xue Bin Peng ,Computer Science,4.5,4,100,3,CMPT361
Andrea Tagliasacchi,Computer Science,5,2,100,4,CMPT412
Sam Rayner,Business Administration,1,1,0,3,BUS455
Antone Minard,Humanities,4,37,74.1935,3.3,ENG203; ENGL111; ENGL111W; ENGL115; ENGL115W; ENGL201; ENGL203; ENGL306; ENGL311; HUM101W; HUM102; HUM102W; HUM130; HUM204; HUM216; HUM325; HUM340; HUM350; SA323
Gaelle Planchenault,French,2.5,35,25,3.6,FR215; FREN215; FREN270; FREN275; FREN301; FREN352; FREN452; FRENCH424; FRENXXX
Ivelina Tchizmarova,Not Specified,2,3,50,3,LING160; LING220
Jas Morgan,Communication,2.3,3,33.3333,3.7,215; cmns314
Megan Giroux,Psychology,3.7,3,66.6667,3.7,PSYC102
Joyce Schneider,Indigenous Studies,2.2,39,28.2051,3.7,FNST100; FNST101; INDG101; INDG403
Boxin Tang,Statistics,3.8,37,90,2.6,STAT270; STAT285; STAT330; STAT350; STAT380; STAT402; STAT402430; STAT410; STAT430
Beth Marshall,Education,4.9,29,100,2.7,465; 472; EDU101; EDUC391; EDUC396; EDUC465
Susan Barber,Education,2.2,11,16.6667,2.8,EDUC100; EDUC341; EDUC471; EDUC472; FAL; FALX99
Nancy Hedberg,Linguistics,2.9,28,28.5714,2.6,3; LING222; LING301W; LING322; LING324; LING480
David Burley,Archaeology,2.7,13,57.1429,3.9,ARCH201; Arch101
Fatemeh Beik,Mathematics,1.5,46,13.0435,4.5,Math-232
Michael Maraun,Psychology,3.9,38,85.7143,3.8,301; 301HNRSSTATS; PSYC210; PSYC301; PSYC410; PSYC415; PSYC910; PSYCH; PSYCH210
Naghmeh Babaee,Education,2.3,6,33.3333,4.2,FALX99; HUMN430
Rolf Mathewes,Biology,2.9,51,25.9259,3.1,BIO102; BISC101; BISC102; BISC300; BISC434; ECON102
Paul Crowe,Humanities,3.8,24,75,3.3,ASC; ASC200; ASC202; HUM101; HUM101W; HUM203; HUM204; HUM331; HUM383
Robert Williamson,Education,4,4,75,3,EDUC422; EDUC424
Samantha Vries,Criminology,2.3,4,25,4.3,318
Curt Griffiths,Criminal Justice,4.6,74,100,2.1,CRIM 410; CRIM131; CRIM131DIS; CRIM20163; CRIM241; CRIM251; CRIM310; CRIM318; CRIM410; CRIM455; CRIMX3
Rachelle  Louden ,Criminal Justice,5,5,100,2.4,CRIM131; CRIM318
Simin Bagheri Najmi,Physics,3.3,53,52.2727,3.1,PHYS100; PHYS101; PHYS102; PHYS157
Margaret Grant,Cognitive Science,2.8,32,46.875,3.6,COG100; COGS100; COGS200; LING220
Claire Carolan,Education,3,4,50,3.8,EDUC355; EDUC455
Valorie Crooks,Geography,3.3,10,66.6667,3,GEO241; GEOG241; GEOG386; GEOG486
amanda zacharuk,Biomedical Physiology & Kinesiology,2.7,6,33.3333,3.8,BPK140
John Pickering,Geography,3,4,50,4,GEOG386
Natalia Kouzniak,Mathematics,3.7,53,56.5217,3.8,MATH150; MATH151; MATH154; MATH155; MATH157; MATH310
Cedric Chauve,Mathematics,2.3,95,70.3704,4,CALC154; MACM201; MATH154; MATH302; MATH309; MATH343
Michael Walsh,Kinesiology,2.6,96,40.3509,3.7,BPK140; BPK142; BPK304; BPK304W; BPK310; BPK375
Cameron Forde,Chemistry,2,96,5.5556,3.8,CHEM121; CHEM122; CHEM126; PHY101; PHYS101
Mahatelge Peiris,Statistics,4.8,5,100,2.6,STA032; STAT485
Jason Brown,Humanities,2,2,0,5,REM320W
Sara Anwar,Business Administration,4,1,100,4,BUS373
Dennis Sandgathe,Archaeology,4,177,67.7083,2.8,ARCH131; ARCH272
Tim Beischlag,Health Science,2.9,19,53.8462,3.2,HSCI100; HSCI323; HSCI471; HSCI476
Peter Tingling,Business Administration,3.2,112,50,3.6,201; B; BUS; BUS201; BUS237
Hazra Imran,Computer Science,2.7,100,41,3.6,CMPT120; CMPT300
Bob Russell,Mathematics,2.6,33,100,3.6,MACM316; MATH154; MATH155; MATH158; MATH232; MATH418; MATHA; MTH154
Pamela Glatt,Criminology,3.4,43,60.4651,2.9,CRIM103; CRIM213; CRIM230; CRIM438
Alison Dean,English,4.3,106,91.2621,3.2,ENG111W; ENGL111W
Nicole Didicher,English,3.3,105,44,3,DRAMAD100; EN322; ENG103; ENG105; ENG205; ENG320; ENG322; ENG387; ENGL103; ENGL104; ENGL105; ENGL105W; ENGL112; ENGL112W; ENGL205; ENGL206; ENGL212Q; ENGL383; ENGL387; ENGL404; ENGL420; ENGLISH322
Vicki Marlatt,Biology,4.6,12,87.5,2.5,BISC308; BISC316; BISC473
Gulnaz Anjum,Psychology,4.3,58,81.0345,3.3,D100366; PSY366; PSY391; PSYC361; PSYC366; PSYC391; PSYCD100; PSYCH391
Leah Bendell-Young,Biology,2.7,89,46.1538,2.7,BIO102; BIO204; BISC100; BISC102; BISC204; BISC474; D100; ECOLOGY204; EVSC100; EVSC200
Xingdong Yang,Computer Science,2.9,16,50,4.1,CMPT362
Vienna Lam,Criminology,4.7,31,93.5484,2.7,CRIM101; CRIM218; CRIM318; CRIM330; CRIM355; CRIM402; crim220
Jason Proulx,Psychology,5,32,100,2.5,PSYC260
Melanie Cassidy,Art & Design,4.5,16,93.3333,2.1,CA135; IAT102
Kiyip Yee,History,2.7,6,33.3333,2.8,HIST254
Alice Airola,Criminal Justice,3,2,50,4,CRIM464
Isabelle Cote,Biology,4.2,35,55.5556,3.2,102; BIO102; BISC102; BISC406; EDUC100W
Elis Vllasi,Political Science,3.2,17,47.0588,2.8,POL141; POL349; POL422
Lance Castonguay,Education,3.9,9,77.7778,2.7,EDUC370; EDUC371W
Victoria Guyevskey,Mathematics,3.4,8,62.5,2.8,EDUC464; EDUC475; educ100
Kevin Cameron,Geology,3.4,71,41.1765,3.2,101; EASC; EASC101; EASC104; EASC107; EASC202; EASC205; GEOG101
Ahmed Al-Rawi,Communication,3.7,14,71.4286,3.2,CMNS201; CMNS201W; CMNS316; CMNS331; CMNS431
Christine Pitt,Marketing,5,3,100,2.3,BUS449
Timothy Beischlag,Health Science,4.3,3,66.6667,3.3,HSCI100; HSCI323
Bee Brigidi,History,3.5,2,50,1.5,HIST374
Victor Lozano,Economics,5,1,100,3,ECON342
Jiangchuan Liu,Computer Science,3.3,47,66.6667,2.7,CMPT101; CMPT307; CMPT365; CMPT371; CMPT771; CMPT880; MACM101
Richard Wong,Accounting,5,4,100,2.5,BUS330
Samuel Black,Philosophy,4.3,14,85.7143,2.3,PHIL120
Keyvan Khoroush,Chemistry,2.6,5,40,4,CHEM122
Neil Alberding,Physics,3,109,50,2.7,PHY120; PHY132; PHYS100; PHYS101; PHYS102; PHYS120; PHYS121; PHYS132; PHYS140; PHYS141; PHYS141D100; PHYS233; PHYSD100
Vivian Neal,Engineering,2,1,0,4,SEE101W
Roxanne Panchasi,History,4.2,79,70,3.1,300; HIS224; HIST; HIST000; HIST224; HIST225; HIST235; HIST300; HIST319; HIST319300; HIST345W; HIST417; HIST417W; HIST486
Lyana Patrick,Health Science,5,3,100,1.7,HSCI210; HSCI472
Nilima Nigam,Mathematics,2.4,40,35.4839,4.2,314; MACM409; MACM416; MATH232; MATH240; MATH242; MATH252; MATH314; MATH320; MATH397; MATH425
Geoff Mann,Geography,4.8,36,100,2.6,GEO100; GEO221; GEOG100; GEOG221; GEOG321; GEOG389; GEOG490; GEOGMBA
Eva Snirer,Geography,2.2,9,44.4444,3,GEOG251; GEOG253; GEOG2700
Laurie Darcus,Anthropology,1,2,0,4.5,ARCH301
Cary Campbell,Education,4.7,27,92.5926,2.3,EDUC100; EDUC100W; EDUC252; EDUC352; EDUC469; EDUC478
Sam Thiara,Business Administration,4.3,84,84.058,2.6,BUS200; BUS272
Joshua Boitnott,Economics,3.7,46,71.4286,3.8,103; 115; BUS207; BUSN290; BUSN291; ECON102; ECON104; ECON113; ECON201; ECON484
Chelsea Little,Environmental Science,4.8,5,100,2.4,EVSC-100; EVSC-495
Jake Levinson,Mathematics,4.8,22,95.4545,3.6,MATH340; MATH440; Math251; math240
Christiana Miewald,Geography,2.9,11,60,3.3,GEO489; GEOG385; GEOG387
Kate Dilworth,Business Administration,4.8,6,100,2.3,BUS238
Stephen Spector,Business Administration,3.6,76,80,2.6,251319; 254; 319; BUS100; BUS201; BUS217; BUS254; BUS254319; BUS319; BUS320; BUS320BUS254; BUS321; BUS322; BUS420; BUS421; BUS424; BUS426; CGA
Tim Schwartz,Statistics,1.7,48,5.7143,4.5,STA270; STAT201; STAT203DISTAN; STAT270; STAT285; STAT302; STATISTICS270; STATS201; STATS203; STATS270
Kelly Cardwell,Business Administration,2,2,0,2,300
Vahid Hosseini,Engineering,2,1,0,4,SEE477
Nicole Berry,Health Science,3.3,35,50,3.1,HSCI106; HSCI160; HSCI210; HSCI340; HSCI7865
Mirza Faisal Beg,Engineering,4.6,32,92.8571,2.4,ENSC383; ENSC413; ENSC460; ENSC474; ENSC801; NICE
Uwe Glaesser,Computer Science,2.7,16,37.5,2.8,CMPT318; CMPT375; CMPT475; CMPT475745
Jordan Jutras,Business Administration,5,1,100,2,BUS393
Zuo-Guang Ye,Science,2.8,28,100,3,CHEM122; CHEM222; CHEM230; CHEM340
Lindsay Hedden,Health Science,4.6,7,85.7143,3.3,HSCI305; HSCI305W
Kevin Wainwright,Economics,2.5,78,25.9259,3.4,ECON201; ECON260; ECON331; ECON460; OPMT5200; OPMT7701
Mary Gillies,English,3.6,8,85.7143,3.1,
Cluny South,Business Administration,2.9,20,40,3.5,BUS343; BUS345; BUS347; EDUC368
Connie Wai Liu,Business Administration,1.6,13,15.3846,3.2,B237; BUS237; BUS361
Laura Farres,Education,5,1,100,1,423
Mitsu  Feng,Business Administration,2.3,3,33.3333,1.7,BUS443
Yifang Yuan,Linguistics,3,1,0,2,LING250
Eman Nasr,Business Administration,2.6,14,42.8571,3.6,BUS336; BUS362; BUS462
Iouri Pankrats,Linguistics,4.5,2,100,3,ling111
Andrew Wister,Gerontology,4.3,28,81.25,2.9,GERO420; SA420; SOC420
Aneesh Sharma,Business Administration,2.2,12,25,2.4,346; BUS455
Rosemary Collard,Geography,4.4,9,88.8889,3.1,GEOG221; GEOG389; GEOG389W
Jason  Peng,Computer Science,4.5,2,100,3,CMPT361; CMPT729
Helen Leung,Women's Studies,4.5,51,85.1852,2.4,ENG100; GDST200; GSWS100; GSWS316; GSWS398; GSWS431; INS805; WS301
Anita Tino,Engineering,4.6,21,90.4762,4.1,ENSC251; ENSC252; ENSC450; ENSC462
Joseph Clark,Culinary Arts,3.6,5,60,2.6,CA135; CA186
Deanna Reder,English,2.9,37,33.3333,3,ENG101; ENG101W; ENG360; ENGL101; ENGL101W; ENGL360; FNST201; FNST322; FNST329; FNST360; INDG201W
Rosalie Tung,International Business,3.3,11,50,3.3,BUS346; BUS431; BUS666; BUS882BUS883; BUS883; IHRM
Steven Weldon,Political Science,3.4,46,71.4286,3.9,231; 315; POL201; POL210; POL231; POL315; POL338; POL339; POLI201
Gerardo Otero,Sociology,3.3,30,33.3333,3.5,350; IS410; IS835; LAS200; SA150; SA321; SA350; SA360; SA366; SA887; SOC100; SOC350; SOC392; SOCIOLOGY
Richard Rigby,Psychology,1,2,0,4.5,PSYC362
Sheri Fabian,Criminal Justice,3.5,124,37.037,3.4,131; 131AND321; 311; CR321; CRIM101; CRIM131; CRIM311; CRIM321
Tsuyoshi Kawasaki,Political Science,3.3,57,45.4545,2.9,ASC101; ASC201; POL339; POL348; POL349; POL363; POL381; POL446; POL449
Kristin Dust,Economics,3.6,54,60.8696,2.7,ECON102; ECON103; ECON105; ECON260
Jas Dhahan,Mathematics,4.5,6,100,3.3,MATH232
Alexa Manuel,English,4.5,2,100,1,ENGL355; ENGL363
Emmeline Hoogland,Education,2,1,100,3,EDUC320
Tbd Tbd,Not Specified,4.8,5,100,2.8,STA4102
Caterina Ramogida,Chemistry,5,2,100,2,CHEM433; NUSC444
Valentina  Martinoia,Anthropology,5,1,100,1,ARCH321
Michael Everton,English,4.7,144,93.4426,3.4,102W; 111W; 206W; ENG111; ENG111W; ENG120; ENG437; ENG447W; ENGL111; ENGL111W; ENGL209; ENGL210; ENGL211; ENGL345; ENGL347; ENGL447
Pulindu Ratnasekera,Statistics,1.3,38,7.8947,4.4,STAT201; STAT203; STAT270
Bianjun Xia,Economics,3,14,50,3.9,ECON1150; ECON1250; ECON301
Amarpreet Rattan,Mathematics,2.6,13,46.1538,3.9,MACM201; MATH341
Srividhya Mouli,Management,3,2,50,2.5,CHRM200; CHRM220
Brian Thomas,Political Science,2,77,20,3.4,PHIL120; PHIL120W; PHIL121; PHIL221; PHIL300; PHIL320; PHIL322; PHIL328; POL100; POL101W; POL151; POL210; POL310; POL319
Dal Yong Jin,Communication,3.7,31,86.6667,2.5,CMNS140; CMNS240; CMNS336; CMNS348; CMNS387; CMNS443; cmns315
Laura  Tate,Resource Management,2.3,3,33.3333,3,PLAN-100; SD281
Sadri Mohamad,Business Administration,1.6,7,14.2857,4.4,BUS207
Seong-Jun Choi,Economics,3.6,151,57.8125,3.6,ECON103; ECON105; ECON1054; ECON1O5
Adam Blanchard,Psychology,3.3,24,66.6667,3.7,PSYC201W; PSYC210; PSYC241; PSYC379
Ted Wisniewski,Art,3.7,14,64.2857,3.4,ENG112; ENG114; ENGL112; ENGL113; ENGL115
Steven Hill,Theater,3.4,5,50,3.6,CA252; FPA151; FPA250; FPA350
Salar Ghotb,Business Administration,2,2,50,3.5,BUS373
Alexander  Beams,Mathematics,4.8,25,100,2.9,Math154
Andrés Cisneros-Montemayor,Resource Management,4.5,2,100,3,REM356W
Connor MacMillan,Criminal Justice,5,1,100,3,PSYC212
Zhenman Fang,Engineering,2.9,18,44.4444,3.6,ENSC251; ENSC254; ENSC462
Ronaldo Au-Yeung,Political Science,4.5,2,100,2.5,HIST305; pol200
Bob Gill,Computer Science,2.6,28,42.8571,3.1,CMPT371; ENSC204; ENSC327; ENSC406; ENSC429; ENSC483; ENSC820
Maureen Hoskyn,Education,2.2,56,11.1111,3.6,315; ED424; EDU422; EDUC315; EDUC315DE; EDUC422; EDUC481; EDUC485; EDUC829; EDUCATION315; EDUCEDUC
Felix Tang,Marketing,3,1,100,3,BUS447
Shirin Golchi,Statistics,1.9,11,0,3,STAT270
Junjie Liu,Economics,3.5,167,72.093,3,ECON103; ECON105; ECON282; ECON290
Tracy Brennand,Geography,3.6,31,75,4,213; 313; GEO213; GEOG; GEOG213; GEOG213A; GEOG313; GEOG412
Paul Kingsbury,Geography,4.4,29,85.7143,2.9,GEO241; GEOG241; GEOG325; GEOG420; GOEG241
Elisha Are,Mathematics,4.2,40,82.5,2.8,MATH154; MATH155
Scott Neufeld,Psychology & Sociology,4.1,21,80.9524,2.9,PSYC363; PSYC391
Yourie Pankratz,Languages,3.1,189,31.0345,2.5,110; LING100; LING110; LING111
MacKay Altman,Statistics,2,3,0,3,STAT201
Amir Amintabar,Business Administration,3.6,9,66.6667,3.7,BUS362; BUS464
Allan Matadeen,Business Administration,3.3,262,37.5,3.6,BUS207; ECON; ECON1150
Putu Duff,Health Science,4,4,75,3.8,HSCI431
Veselin Jungic,Mathematics,3.7,283,50.3817,3.4,MATH100; MATH150; MATH155; MATH251; MATH254; MATH301; MATH302; MATH303
Luba Petersen,Economics,4.2,22,55.5556,3,ECON305; ECON483
Richard Konarski,Criminal Justice,2.6,26,35.7143,2.9,CRIM; CRIM104; CRIM131; CRIM210; CRIM318; CRIM412; CRIM455
David Matijasevich,Political Science,4.7,44,93.1818,2.8,INTS310; IS101; IS210; IS305; IS307; IS314; IS451; POL100; POL102; POL121; POL132; POL151; POL315; POL319
Paul Neufeld,Education,4.8,6,100,2.8,EDUC473
Michael Pruner,Mathematics,5,6,100,2.3,EDUC475; FANX99
Cheryl Kay,Education,4,1,100,1,EDUC330
Russell Day,Psychology,3.4,344,48.1481,3.2,102; PSCY100; PSY100; PSY102; PSYC100; PSYC1002; PSYC102; PSYCH100; PYSC100; PYSC102
A. George Alder,Psychology,3.6,348,58.8235,2.9,100; PSY100; PSYC100; PSYC102; PSYC201; PSYC201W; PSYCH100; PSYCH201W; PYSC100
Marc Legacy,Education,2.2,26,23.0769,4.1,CRIM338; EDUC376; EDUC445; MGMT601
Treena Chambers,Indigenous Studies,3.5,8,75,1.9,FNST101; INDG101
Alexander Cancelli,Resource Management,1.9,7,14.2857,3.3,REM100
Declan Roshea,Chemistry,2.7,6,50,3.8,CHEM110; CHEM260; NUSC341
Zoe Druick,Communication,4.2,48,50,3.3,221223; 223; CMNS220; CMNS221; CMNS223; CMNS230; CMNS322; CMNS386; CMNS426; CMNS428; CMNS486; CMNS488; CMNS830
M. Hahn,Philosophy,3.3,44,62.5,2.5,METAPHYSICS; PHIL100; PHIL100W; PHIL110; PHIL201; PHIL203; PHIL231; PHIL3; PHIL332; PHIL341; PHIL344; PHIL352; PHIL353; PHIL3XX; PHILOFSCIENCE; YES
Iouri Pankrats,Languages,4,3,100,2.3,LING100
Frank Gobas,Resource Management,3.7,12,100,3.1,REM100; REM445
Mahsa Faizrahemoon,Mathematics,4,4,75,3.3,D100
David Cox,Economics,3.5,233,44.4444,2.9,E310; ECO105; ECO342; ECO345; ECON105; ECON210; ECON310; ECON310345; ECON342; ECON345; ECON410
patricia  plackett,Business Administration,1,1,0,2,BUS-753
Owen Thomas,Psychology,3.7,74,53.3333,3,109W; PAYC109; PSY109W; PSY201; PSYC099; PSYC109; PSYC109W; PSYC201; PSYCH109W; PSYCH201W; PSYCHX99; PSYCX99; PSYCX99W; PSYX99; PYSC99
Michaela Lucas,Philosophy,2.2,41,31.7073,3.7,BUS303; PHIL100W; PHIL1100; PHIL120W; PHIL300; PHIL321
Vera Lantinova,Economics,2.7,50,69.2308,3.4,ECO102; ECON100; ECON102; ECON103; ECON105; ECON1054; ECON210; ECONECON; ECONS102; ED; IS240; POL201
Yue Wong,Linguistics,3.6,5,100,3.2,LING290; LING330
Lisa Julian,Biology,3.3,3,33.3333,3,BISC333; BISC447
Dana Cochrane,Psychology,3.7,3,66.6667,1.3,PSYC391D300
Mohamed Hefeeda,Computer Science,4,10,83.3333,2.7,CMPT300; CMPT301; CMPT371; CMPT471
Celeste Snowber,Education,4.3,6,66.6667,1.5,EDUC; EDUC100W; EDUC330; EUDC100
Felicia Rubright,Writing,2,1,0,3,TCOM120
Stacy Pigg,Social Science,3,48,44.4444,3.1,300LEVEL; ANTHR101; ANTHR218; SA101; SA218; SA301; SA318; SA318ETC; SA360; SA418; SA419; SAASDF; SASA; SASTAC; SOC218
Josh Murphy,Criminology,4.6,49,93.1034,2.7,251; CRIM104; CRIM1100; CRIM1101; CRIM131; CRIM135; CRIM251; CRIM3211; CRIM351
Ivan Jankovic,Political Science,2.2,6,100,3.7,MATH101; POL101W; POL210; POL221; POLI223; POLI232
Livia Poljak,French,4.4,9,88.8889,2.3,FREN101; FREN120; FREN121; FRENCH120
Chung-Hye Han,Languages,4,33,87.5,2.5,100; LING100; LING322; LING324; LING342; LING400; LING405; SYNTAX
Lisa Poole,Sociology amp Anthropology,3.7,3,66.6667,4,SA250; SA331
Lesley Shannon,Engineering,2.5,36,60,3.7,ENSC251; ENSC350; ENSC351; ENSC452; ENSC852; ENSC894; ENSC999; ENSCXXX
Aron Weir,Biology,4.9,8,100,2.4,BISC205
Daniel Iwama,Indigenous Studies,1.7,3,33.3333,3.7,INDG201W
Ben Baral,Computer Science,4.5,4,75,3,CMPT307
Shannon  Cuykendall,Media & Performing Arts,2.5,2,0,5,IAT103W
Yiwei Liu,Social Science,1,1,0,4,GA302
Benjamin Anderson,Labor Studies,4.4,15,86.6667,2.8,301W; CMNS130; CMNS221; CMNS240; LBST101; LBST308
Majid Bahrami,Engineering,2.9,10,33.3333,4.3,ENSC283; ENSC388; MSE321
Gary Sabin,Mathematics,3.9,38,91.6667,3.3,MACM316; MATH; MATH151; MATH152; MATH157; MATH232; MATH252
Thuy Do,Women's Studies,2.3,7,28.5714,3,GSWS-200
Ying-Fen Huang,Communication,2.8,49,41.3793,2.9,CMNS110; CMNS130; CMNS240; CMNS348; CMNS443; CMNS444; CMNS445
Tiffany Muller Myrdahl,Gender Studies,3.9,21,68.4211,2.7,GSWS102; GSWS204; GSWS318; GSWS319; GSWS322; GSWS333; GSWS350; GSWS399; GSWS411; GSWS800
Wolf Read,Geography,3.7,11,72.7273,2,GEO101; GEOG214
Fatemah Tehrani,Education,0,0,-1,0,
Kate Scheel,English,4.3,23,85.7143,2.8,340; ALC009; ALC0099; ALC099; EN347; ENG104; ENG207; ENG340; ENGL104; ENGL207; ENGL340; ENGLISH104
Valerie Liao,Finance,2,5,40,4.2,BUS411; BUS418
Joey Lam,Marketing,5,18,100,2.3,BUS449
Carolyn Roberts,Education,2.4,5,40,3,EDUC100; EDUC400
Maya Gislason,Health Science,4.4,12,87.5,2,340; HSCI340; HSCI835
Susan Montabello,Education,5,6,100,2.3,EDUC100; EDUC252; EDUC376; MEL10
Matthew White,Kinesiology,2.6,42,5.2632,3.6,BPK110; BPK312; BPK422; BPK432; KIN110; KIN305; KIN807
Samir Gandesha,Humanities,2.6,36,30,3.5,320NIHILISM; HUM100; HUM101; HUM101W; HUM202; HUM321; HUM322; HUM350ETC; HUM360; HUMHUM; HUMNIHILISM; HUMXXX; NIHILISM; hum320
Victoria Claydon,Kinesiology,3.4,13,50,4.4,BPK444; KIN305; KINKIN
Arne Mooers,Science,3.5,32,46.6667,3.4,300; BISC300; BISC400; BISC440W; BISC475
Ed Graham,English,4,5,80,2.6,ENGL115; ENGL364
Yasutaka Furukawa,Computer Science,3.5,11,63.6364,3.5,CMPT412
Edward Pokrishevsky,Health Science,3.7,40,67.5,3.4,BISC102; BISC300; HSC324; HSCI100; HSCI324; HSCI338; HSCI440; MBB201
Glen Tibbits,Biomedical Physiology & Kinesiology,4.9,16,100,3.6,305; 305412; 412; BPK412; KIN305; KIN412
Nawal Motut,Communication,3.3,15,53.3333,3.7,CMNS110; CMNS304; CMNS331; CMNS346; CMNS362; CMNS437; CMNS452; CMNS455; COM426
Nawal Musleh-Motut,Communication,2.5,2,50,4.5,CMNS452
Irshad Abdulla,Business Administration,1.1,16,6.25,4.4,BUS468
Edward Graham,English,4,2,100,2.5,Engl115W
Uwe Glasser,Computer Science,3.5,4,50,2.8,CMPT318
Mathew Arthur,Women's Studies,4,2,50,2.5,GSWS321
Cheryl Matthew,Archaeology,4,1,100,2,ARCH-200
Katherine Watson,Sociology,3.6,5,60,3.4,SA257
Ronald  Au-yeung.,Political Science,3.7,3,66.6667,3.3,POL200W
Shannon Wong,Accounting,4,2,50,2.5,BUS200
Tim Christin,Philosophy,4.5,6,75,3.5,PHIL001; PHIL105
Serena Canaan,Economics,4,2,100,2.5,Econ280
Katen Kelly,Biomedical Physiology & Kinesiology,5,2,100,2.5,BPK423
Suzanne Norman,Publishing  Printing,3,26,75,2.4,101; C100; PUB101; PUB201; PUB372
Melissa Panjer,Business Administration,4.4,5,80,2.4,BUS483; BUS485
Oliver Schulte,Computer Science,3,38,53.8462,2.8,CMPT310; CMPT318; CMPT320; CMPT354; CMPT420; CMPT726; CMPT880; CMPT882
Maite Taboada,Linguistics,4.7,3,100,3.3,LING250; LING450
Nicole Beaulieu,French,1,3,0,5,1101
Yuepeng Wang,Computer & Informational Tech.,5,2,100,2.5,CMPT383
Robin  Barrett,Cognitive Science,0,0,-1,0,
Kristin Oliver,Archaeology,0,0,-1,0,
Madison  Almond,Psychology,1,1,0,4,PSYCH379
Sophie McCall,English,3.5,60,75,2.8,ENG101W; ENG111W; ENG357; ENG383; ENGL; ENGL101; ENGL101W; ENGL104; ENGL115; ENGL115W; ENGL207; ENGL355; ENGL357; ENGL359; ENGL455; ENGLPOSTGENRE
Elizabeth Cooper,International Studies,3.8,18,75,3.6,427; IS230; IS329; IS355; IS450; IS450W; IS451
Mike Church,Business Administration,3.7,3,66.6667,1.7,BUS466
Sukhjit Chohan,History,4.3,6,100,2.7,HIST106; HIST225; HIST374W; POL445
Abu Fakhri,Sociology,5,1,100,1,SA150
Susan Doig,Business Administration,1.5,2,0,2.5,BUS561
Hung Truong,Economics,3.9,7,71.4286,2.4,103; ECON105
Fatemeh Ali Beik,Mathematics,1,1,0,5,math232
Stewart Prest,Political Science,4.1,36,80.5556,3.1,POL100; POL121; POL132; POL151; POL200; POL200W; POL221; POL232; POL300; POL322; POL324; POL347; POL400
Noureddine Elouazizi,Linguistics,3,6,100,2.2,LING100
Wendy Thornton,Psychology,3.4,84,75,3.5,357; ADULTANDAGING; PSY357; PSYC357; PSYC358; PSYC384; PSYCH357
Thomas Shermer,Computer Science,1.9,27,21.7391,4.6,CMPT225; CMPT307; CMPT361; CMPT379; MACM101
Jason Stearns,International Studies,4.7,6,100,3,ENG112; IS200; IS306; IS325
Ian McCarthy,Business Administration,1,1,0,3,BUS-724
Tucker Sharon,Industrial Studies,1,1,0,5,HIST106
Merbouh Nabyl,Chemistry,3.3,12,42.8571,3.5,CHEM281; CHEM283; CHEM286
Ryan Woods,Health Science,4.9,13,100,2.5,HSCI230; HSCI330
Dj Sandhu,Business Administration,2.5,57,75,2.9,343; 347; BUEC; BUS120; BUS343; BUS347; MKTG347
Bernard Crespi,Biology,3.3,16,66.6667,3.8,BISC300; BISC400; BISC441
Asia Wilson,English,1.5,15,100,4.4,204; ENG1140; ENG204; ENG204TM; ENG8; ENGL204; ENGL207; ENGLISH304; ENGLVAR; ENGTA
Mary Messer,Education,1,1,0,3,EDUC473
Lauren Currie,Health Science,1.9,38,18.9189,3.6,307HSCI; HSCI1120; HSCI120; HSCI305; HSCI307; HSCI827
Gillian Smith,Education,3.5,6,83.3333,2.7,EDUC423
Susan Crawford,Gerontology,1,9,0,4.9,GERO407; GERO408
David Sivak,Physics,3.5,8,75,3.1,PHYS101
Yoko Morishita,Languages,5,5,100,1.4,JAPN100; JAPN110
Michelle Corbett,Business Administration,4.8,4,100,3.3,BUS217W
Kathleen Akins,Philosophy,2.7,33,14.2857,3.7,COGS300; COGS310; PHI320; PHIL100; PHIL100W; PHIL120; PHIL455; PHILGRAD; POL232
Remya Neela,Business Administration,1.5,10,10,4.3,BUS346
Dongwoo Kim,Economics,3.4,5,60,4.6,ECON333; ECON435
Norbert Haunerland,Biology,2.9,49,38.7755,4,BISC101
Vera Lucci,TA,1,1,0,4,bpk306
Peter Chow-White,Communication,3.8,9,75,2.6,CMNS353; COMM302
Yupin Yang,Business Administration,2.8,18,50,3.1,BUS345; BUS442; BUS445; BUS446; BUS493
Karen Selesky,English,3,16,100,3.2,ENG105; ENGL101; ENGL105; ENGL130; ENGL327; ENGLISH105
Emily Treen,Business Administration,4.4,16,87.5,2.5,BUS341; BUS345; BUS443; BUS447; BUS449
Mahdad Khatirinejad Fard,Mathematics,3.9,40,58.8235,3.2,BUS157; FAN99; MACM201; MATH100; MATH152; MATH155; MATH157; MATH2310; MATH242; MATH251; STAT2281
Lorena Braid,Molecular Biology & Biochemistry,3,4,75,3.3,BISC202
Michael Vetterli,Physics,4.1,9,66.6667,3.3,PHY385; PHYS125; PHYS211; PHYS321; PHYS380; PHYS898
Bamdad Hosseini,Mathematics,2,14,21.4286,4.8,AMATH352; MACM316
Caroline Greaves,Psychology,2.7,17,57.1429,3.7,INTG100; PSYC100; PSYC102; PSYC1100; PSYC241; PSYCH241
Matthew Sedeberg,Engineering,4,1,100,4,ENSC324
Payman Jula,Business Administration,3.8,44,55.5556,3.2,440; BUS336; BUS366; BUS437; BUS440; BUS473; BUS706; BUS738
Elena Caselli,Languages,5,2,100,3,ITA1911; ITAL101
Tom Shermer,Computer Science,2.9,38,45.4545,4.2,CM; CMPT225; CMPT307; CMPT361; CMPT379; MACM101
Peter Keller,Geography,3.9,9,77.7778,3.2,GEOG251
YI Lu,Statistics,3,26,63.1579,3.7,ACMA101; ACMA210; ACMA315; ACMA395; ACMA401; ACMA425; ACMA445; ACMA455; ACMA831
Lee Vargen,Psychology,2.3,3,33.3333,4,379
Ardalan Rezamand,History,3.2,13,53.8462,3.9,HIST151; HIST249; HIST352
Yvonne Dzal,Biology,4.8,6,100,2.2,bisc100
Daniella Sieukaran,Psychology,4.7,27,100,2.6,201; PSYC100; PSYC102; PSYC201; PSYC201W; PSYC300; PSYC300W; PSYCH102; PSYCH201; PSYCH201W; PSYCH300; PSYO2090
George Agnes,Chemistry,2.1,27,0,4.1,CHEM110; CHEM111; CHEM215; CHEM316; CHEM372
Christopher Napier,Kinesiology,2,1,0,4,BPK303
Jason Ho,Business Administration,3.7,41,50,3.1,BUS303; BUS343; BUS345; BUS439; BUS441; BUS445; BUSN343; MKRT101
Daniel Marigold,Kinesiology,3,32,33.3333,3.8,BPK207; BPK415; KIN207; KIN242; KIN415; KINE207
Yourie Pankrats,Linguistics,4,45,66.6667,2.3,110; LING100; LING110; LING111; LING260
Avi Bick,Business Administration,4,43,85.7143,2.7,316493; 814; BUS312; BUS316; BUS316493; BUS419; BUS493; BUS814; BUS818
Robert Holt,Biochemistry,4,5,66.6667,3.4,MBB420; MBB440; MBB462
Christopher Luelfesmann,Economics,2.5,4,50,4.3,ECON201
Alex Karaivanov,Economics,4,39,77.7778,3,ECON; ECON201; ECON301; ECON355; ECON355W; ECON455; ECON455W
Jeremy Snyder,Health Administration,3.8,5,60,2.6,HSCI319; HSCI319W; HSCI481
Linda Bruneau,Foreign Languages,4.4,43,83.3333,2.9,FR221; FRE120; FRE215; FREN099; FREN099101; FREN101; FREN120; FREN201; FREN215; FREN221; FREN221215; FREN222; FREN245; FREN2XX; FREN300; FREN407; FRENCH201; FRENCH221; FRENXXX
Jen-Li Shen,Criminal Justice,5,5,100,2.2,CRIM241
Eldon Yellowhorn,Anthropology,2.2,40,0,3.9,ARCH; ARCH100; ARCH273; ARCH334; FN; FNS301; FNST353W; FNST401; FNST403; FNST433; INDG101; SA401
Jane McCarthy,Business Administration,3,2,0,3,BUS217
Susan Erikson,Health Science,3.8,31,80,3.3,308; HSCI160; HSCI308; HSCI822
Mehran Shirazi,Engineering,5,15,100,2.4,APSC179; CIS145; ENSC483; ENSC488
Diane Gutiw,Business Administration,4.5,4,75,3.5,BUS468
Kaitlin Fredericks,Criminal Justice,4.8,4,100,2,Crim131
Frederic Pio,Biochemistry,2.2,27,44.4444,3.2,MBB201; MBB222; MBB442
Eric Simons,Archaeology,5,3,100,1.7,1132
Irene Gordon,Accounting,2.1,9,12.5,4.3,BUS421
Jarko Jalava,Psychology,4.2,55,100,2.8,207; CRIM111; CRIM240; PSY207; PSYC207; PSYC307; PSYC402; PSYCH207; PSYCHOLOGY
Devan Prithipaul,Communication,5,3,100,3.7,CMNS253; CMNS331
Anne MacDonald,Business Administration,4.2,240,62.963,3.2,251; BUS201; BUS251
Robert Anderson,Communication,3.5,28,50,3,BUS251; BUS254; BUS393; CMNS346; CMNS347; CMNS362; CMNS388; CMNS446; CMNS447; CMNS456; CMNS460; CMSN400
Alix Shield,Indigenous Studies,4.4,15,73.3333,2.5,INDG101; INDG201W
Leah Wiener,History,5,1,100,3,HIST102
Noha Amer,Business Administration,4.7,3,66.6667,2.3,BUS237; BUS360
Alois Sieben,English,4.3,4,75,2.3,ENGL114W
Natasha Patterson,Gender Studies,2.1,24,25,3.3,GSWS101; GSWS205; GSWS318; GSWS320; GSWS398W; GSWS411; WGS1232
Jane Rogers,Mathematics,5,3,100,2,MTH101
Rini Sumartojo,Geography,3.5,8,100,2.4,GEOG1100; GEOG1160; GEOG241; GEOG462; GEOGTA
Safia Suleman,Accounting,4.8,5,100,3.2,BUS254; BUS322
rawia inaim,English,3,2,50,3,ENGL112W; JASPER523
Bill Scott,Business Administration,3.5,12,66.6667,2.2,BUS272; BUS488
Kevin Gillen,Earth Science,4.2,9,100,3.2,EAES1201; EASC101; EASC104; EASC302; GEOG312
Aleksandar Jovanovic,History,4.3,9,77.7778,2.7,HIST349; HUM277
Peter Loo,Graphic Arts,2.5,2,0,2,IAT110
Julie Lunniss,Science,4.2,99,81.4815,3,CHEM110; CHEM111; CHEM121; CHEM121LAB; CHEM126
Rebecca Lennox,Sociology,3.3,6,50,3,SA150
Jane McDonald,Mathematics,1,1,0,5,MACM316
June Francis,Marketing,2.8,19,14.2857,3.5,343; BUS343; BUS447; MBA
Hansol Park,Mathematics,4.7,15,100,2.1,251
Ivan Drury,Labor Studies,5,4,100,2.5,HIS102; LBST101
Sad Yalinejad,Finance,1,1,0,4,BUS312
Deborah Dergousoff,Sociology,2.5,30,28.5714,3.3,300; SA100; SA100W; SA250; SA300; SA304; SA321; SA331; SA358; SA362; SA363
David Newman,Communication,3.5,101,8.3333,3.3,130; BUS217; CMNS130; CMNS131; CMNS230; CMNS235; CMNS444; CMNS458; PUB438; WRDS150; WRDS150A
Cathy Puskas,Health Science,4.5,11,90,2.8,HSCI1120; HSCI1130; HSCI120; HSCI140; HSCI212; HSCI431; HSCL1130
Reza Siavashi,Physics,2.5,13,30.7692,3.9,PHY100; PHY12; PHYC100; PHYS100; PHYS1114; PHYS1118; PHYSICS100; W011125
Kenneth Huynh,Communication,2.2,19,26.3158,4.6,CMNS110
Keith Hamilton,Psychology,3.3,3,33.3333,2.7,Psyc365
Bassam Nyaeme,Health Science,4.6,9,100,2.7,HSCI120; HSCI323
Aude-Claire Fourot,Political Science,4.4,17,81.8182,3.1,POL221; POL351; POL359; POL463
Magie Ramirez,Geography,4,5,80,2.6,G241; GEOG241
David Murphy,Communication,3.9,20,75,2.4,CMNS; CMNS200; CMNS226; CMNS321; CMNS357; CMNS358; CMNS386; CMNS387; CMNS426; CMNS428
Wynnie Chung,Art & Design,2.9,7,57.1429,3.9,IAT103W; IAT110; IAT309W
David Chariandy,English,4.3,50,100,2.4,101; 300LEVEL; 300LEVELENG; 394; CANADIANLIT; ENG101; ENG112W; ENG392; ENG394; ENGFICTION; ENGL; ENGL101; ENGL101W; ENGL105; ENGL207; ENGL272; ENGL300LEVEL; ENGL357; ENGL360; ENGL364; ENGL365; ENGL366; ENGL382; ENGL4XX
Donald Hedges,Kinesiology,4.5,22,100,2.9,241; BPK241; KIN241; KINS1210
V. Gordon Rose,Psychology,2.5,196,17.5824,4,201; 300W; PSY201; PSY300; PSYC099; PSYC201; PSYC201W; PSYC300; PSYC300W
Zafar Adeel,Resource Management,1.7,3,33.3333,3.7,SEE351
Paola Ardiles,Health Science,3.7,7,60,3.6,8303; HSCI449; HSCI855
Lilach Marom,Education,4.8,5,100,1.6,EDU1100; EDUC100W; EDUC1100; EDUC382
Phil Shreeves,Statistics,3.3,8,50,3.9,Stat100
Chung-hye Han,Linguistics,4.3,4,100,2,LING100; LING324; LING342
Robin Elliott,Business Administration,3.9,47,70.2703,3.3,BUS217W; BUS360W; BUS393
Shereen  Khan,Psychology,3.2,6,66.6667,3.3,EDU323; EDUC323; EDUC328
Sean Chorney,Education,4.3,9,87.5,2.8,EDUC211; EDUC375; EDUC845
Luka  Ivkovic,Health Science,3.7,3,66.6667,3.3,Hsci305
Christopher Woo,Accounting,5,1,100,4,BUS330
Andrew Harries,Business Administration,4.8,4,100,3.3,BUS338; BUS455; BUS734
Deanna Peluso,Education,4.8,2,100,2.5,ECC512; EDUC471
Chie Furukawa,Languages,4.9,8,100,2.4,JAP201; JAPN100; JAPN110; JAPN200; JAPN201
Thomas Vigie,Business Economics,4.8,9,100,3.2,ECON220W; ECON302; ECON483
Bob Ley,Psychology,1.9,11,9.0909,4.6,PSYC370
Aishwarya Shukla,Business Administration,3,56,50,3.4,BUS237; BUS464
Behnam Ghavami,Engineering,5,1,100,4,ENSC350
Ena Lee,Education,4.6,10,83.3333,2.4,EDUC382; FALX99
Lisa  Tang,Computer Science,1.8,26,0,4.7,CMPT165; CMPT470
Natasha Ferenczi,Anthropology,2.5,13,46.1538,4,SA101; SA201W; SA365W
Sonya Sabet-Rasekh,Labor Studies,4.6,11,100,2.6,LBST309; LBST313
Scott Bowering,Education,4,1,100,2,EDUC230
Marina Adshade,Economics,2.4,4,100,4.8,ECON108
Alissa Greer,Criminology,4.7,12,100,3.3,CRIM103; CRIM312; CRIM417
Melissa Roberts,Criminology,4,9,100,2.1,CRIM220; CRIM241; SOC225
Sina Mehdizadeh,Biomedical Physiology & Kinesiology,4,1,100,3,BPK207
Natasha Patterson,Communication,1.6,22,26.6667,4.1,CMNS130; CMNS230; GSWS100; GSWS101; GSWS205; GSWS318; GSWS319; GSWS398W; WMST207
Adam Dyck,Mathematics,2.1,59,25.4237,3.9,MATH100; MATH155; MATH232
Scott Russell,English,4.5,2,100,3.5,114
Sirish Rao,Literature,5,1,100,2,WL330
Pamela Filiatrault,Education,4.5,6,83.3333,3,EDUC315; EDUC422
Mark Jaccard,Resource Management,4.3,26,87.5,2,BUS350; REM350
Matt Nashlenas,English,3.9,18,77.7778,2.9,ENG115; ENGL115; ILS101; WL101
Liang Cao,Education,4.2,5,80,3,CHIN100; EDUC341; EDUC471
Ian Bercovitz,Statistics,4.5,25,100,2.3,101; STAT100; STAT101; STAT203; STATS100; STATS203
Stephen Easton,Economics,2.5,98,66.6667,3.8,342; 443; ECON105; ECON282; ECON290; ECON2900; ECON342; ECON345; ECON382; ECON448; ECON450; EON342
David Puddiford,Literature,3.1,9,55.5556,3.9,INTG100
Wayne Knights,Humanities,3.9,37,50,2.8,HIST321; HUM 101W; HUM101; HUM101W; HUM201; HUM240; HUM321; HUM321W; HUM340; POLSHUM
William Shen,Economics,4.9,8,100,2.6,ECON-105
Katherine Reilly,Communication,2.9,24,36.3636,3.6,CMNS247; CMNS262; CMNS333; CMNS346; CMNS3464; CMNS444
Johnes Shauna,Business Administration,3,3,66.6667,3.7,BUS202
Stephanie Wiley,Criminology,3.7,50,68,3.1,CRIM104; CRIM210; CRIM220; CRIM311; SOC380
Tarah Hodgkinson,Criminology,2.9,12,0,3.5,CC603; CRIM104; CRIM251; CRIM455
Julian Christians,Biology,3.7,38,61.1111,3.2,BISC111; BISC202; BISC305; BISC445
Zuzana Vasko,English,2,1,0,4,educ199
Ron Velin,Business Administration,3.6,36,72.7273,2.6,BUS272; BUS486; BUS487; bus485
Harpreet Kaur,Mathematics,4.4,8,100,2.6,EDUC212; MATH0005
Shaila Shams,Writing,1,2,0,5,FALX99
Charles Hostovsky,Resource Management,3.8,6,66.6667,2.3,Plan-100; REM100
Mandy Judge,English & Liberal Studies,1,1,0,4,INTG100
Catherine Black,French,4.2,14,91.6667,3.2,FREN121; FREN200; FREN301; FREN301W; FREN307; FRENCH307
Kimberly Plomp,Archaeology,4.1,9,77.7778,2.7,ARCH131; ARCH323; ARCH373
Marianna  Cervantes,Anthropology,3,1,0,3,arch442
Andrew Flostrand,Business Administration,3.5,174,56.6929,3.8,BUEC232; BUES232; BUS232; BUS336
Robert Ley,Psychology,2.7,87,8.6957,3.4,355; 370; PSY355; PSY370; PSYC355; PSYC356; PSYC370; PSYCH355; PSYCH370
Nathalie Sinclair,Education,3,2,50,4.5,EDUC212
John O'Neil,Health Science,3.6,5,60,3,HSCI160
Gorkem Ozdemir,Business Administration,2.9,50,44,3.9,BUS336; ECON105
Erika Horwitz,Education,1.4,10,0,2.7,CNPS364; EDUC324
Janet Marontate,Communication,2.7,17,40,2.8,CMNS201; CMNS260; CMNS262; CMNS325; CMNS488
Levon Pogosian,Physics,4,10,75,3,PHY131; PHYS109; PHYS125; PHYS126; PHYS211
Sheree Rodney,Education,5,10,100,2.4,EDUC212
Srabana Dasgupta,Business Administration,2.7,14,57.1429,2.9,BUS207; BUS343; BUS345
Manolis Savva,Computer Science,2.7,7,42.8571,3.1,CMPT700; CMPT985
Cale Plut,Computer & Informational Tech.,4.8,4,100,1.8,IAT210
Gervase Bushe,Business Administration,2.9,35,40,2.6,374; BUS373; BUS374; BUS429; BUS487; BUS488; BUS681; BUS806; GBUA704
David Wangsgard,Anthropology,3.2,7,0,2.9,SA101; SA316; SA356
Mathew Fleury,Health Science,5,1,100,3,HSCI340
Michael MacDougall,Business Administration,1.9,18,7.1429,2.8,BUS341; BUS401; BUS478; BUS488
Elina Birmingham,Education,4,2,100,2.5,EDUC426
Tania Arvanitidis,Criminology,3.9,11,62.5,2.3,CRIM3113; CRIM315
Susan Clements-Vivian,Not Specified,3.7,3,100,2.7,IAT100; IAT313
Kate Parnell,General Studies,5,11,100,1.1,ILS101; ILSA101
Matthew Amy,Computer Science,5,1,100,5,CMPT409
Shuyu Kong,Asian Studies,3.5,26,55.5556,3,ASC201; ASC300; ASC301; ASC302; HUM203; HUM309; HUM382; SA345
Neil Roberts,Economics,3.5,37,0,2.8,ECON103; ECON104; ECON105; ECON220; ECON260; ECON291; ECON345; ECON362; ECONOMICS
Hanna Ogawa,Psychology,3,2,50,3,PSYC300W
Colette Colligan,English,4.3,82,69.2308,2.5,ENG101; ENG105W; ENG112; ENG112W; ENG206; ENG329; ENG330; ENG336; ENG434W; ENGL101; ENGL101206; ENGL101W; ENGL112; ENGL112W; ENGL115W; ENGL206; ENGL392; ENGL436; ENGLISH206; ENGLISH329; HIST101
Aynsley Pescitelli,Criminology,4.3,41,73.3333,2.7,1100; 131; CRIM1100; CRIM1150; CRIM131; CRIM2251; CRIM3370
Theodore Wisniewski,English,4.6,30,91.6667,2.7,199W; ENG105; ENG105W; ENG112; ENG114; ENG114W; ENG199; ENG347; ENGL101; ENGL101W; ENGL105; ENGL112; ENGL113; ENGL114; ENGL347
"Johnson, Michael",Not Specified,4.5,13,84.6154,3.4,BUS336; COMM652
Arvind Saraswat,Environmental Science,2.8,17,41.1765,2.2,D100; EVSC100; EVSC300; EVSC395
Birute Galdikas,Archaeology,3.5,109,87.5,2.9,131; 322; ARCH131; ARCH322; ARCH331; ARCH334; ARCH344
Wendy Palen,Biology,3,2,50,3,BISC204; BISC830
Sun-Ha Hong,Communication,4.5,8,87.5,3.1,CMNS253; CMNS253W; CMNS815
Shauna Jones,Business Administration,2.7,77,15.3846,3.6,202; BUS202; BUS360; BUS360W
Maite Taboada,Languages,3,56,100,3.1,DISC107; LING100; LING200; LING220; LING221; LING222; LING450; LING481; LING482W; SDA250
Murray Munro,Languages,3.9,35,72.7273,3.6,LING200; LING290; LING330; LING360; LING362; LING480; LINGALL
Mike Walsh,Science,3.2,22,100,2.8,BPK140; BPK142; KIN140; KIN142; KIN305; KIN375; KIN375305
Jerome Francis,Business Administration,1.3,3,0,4.3,BUS217W
Jody Baker,Communication,4.3,98,89.7959,2.7,223W; 323W; CMNS110; CMNS130; CMNS220; CMNS220223W; CMNS220CMNS323; CMNS223; CMNS223W; CMNS223W220; CMNS323; CMNS323W
Jaqueline Faubert,Criminal Justice,3.9,55,11.1111,2.8,CRIM; CRIM203; CRIM300; CRIM300321; CRIM300W; CRIM321; CRIM431
Brian Thomas,Philosophy,1.3,3,0,3.3,PHIL120W; PHIL320; POL-151
Dina Sadeghi,TA,1.5,2,0,5,PLAN100
Shauna Johnes,Business Administration,1,1,0,3,BUS202
Caitlin Gordon-Walker,Sociology  Anthropology,2.8,14,40,2.9,ARCH100; SA100; SA100W; SA101; SA102W
Michael Rosenblat,Biomedical Physiology & Kinesiology,1,2,0,5,BPK303; BPK326
Phil Winne,Education,1.5,2,0,1.5,EDUC600
Scott Bursey,Religion,4.2,9,100,2.4,
Kathryn Taft,Business Administration,3.3,2,100,2.5,MGMT310
Guoxin Xing,Communication,3.1,16,50,2.5,CMNS346; CMNS445; CMNS446
Jacqueline Nelsen,Computer Science,1.9,77,19.4805,3.7,105W; CMPT105; CMPT105W; CMPT320; CMPT376; CMPT376W
Alanaise Ferguson,Counseling & Educational Psych,5,1,100,2,educ323
Srinivas Krishnamoorthy,Business Administration,5,3,100,1.3,BUS473
Jian Pei,Computer Science,3.8,48,64.7059,3,300; CMPT300; CMPT354; CMPT454; CMPT456; CMPT459; CMPT741; CMPT843
Joshua Wright,Psychology,3.4,42,61.9048,3.8,260PSYCH; PSY260; PSYC260; PSYC391; PSYCH260; PSYCHOLOGY260; SOC251
Josip Dasovic,International Studies,3.7,28,72.7273,3.4,IS210; IS210ANDIS240; IS240; IS306; IS309; POL201
Laura Hilton,Health Science,4.1,21,100,2.2,HSCI100; HSCL100; MBB460
Parvinder Dhariwal,Foreign Languages,1.7,3,0,4.3,PUNJ100
Kelli Finney,Linguistics,3.3,3,66.6667,3.7,BUS217W; LING282W
Rodrigo Finkelstein,Communication,4.9,12,100,2.3,CMNS130; CMNS202
Brent Flodin,Kinesiology,5,43,100,2.4,BP143; BPK142; BPK304W; KIN142
Michael Rosenblat,Kinesiology,1,2,0,5,BPK303; BPK326
Jamie Rennie,Communication,4.6,34,81.25,1.9,CMN110; CMNS110; CMNS1120; CMNS1220; CMNS1221; CMNS210
Nathan Gock,Health Science,5,1,100,2,HSCI471
Paul Hibbitts,Computer Science,4.3,44,66.6667,3,CMPT363
Servet Ulas,Art amp Design,5,9,100,2.3,IAT210; IAT343; IAT431
Orlando Vera,Earth Science,4.3,7,85.7143,2.6,EASC101; EASC107
Jason Starnes,English,3.9,8,80,3,ALC; ALC101; ENGL101W; ENGL112; INTG100
Gibson Steve,Biology,2.7,9,44.4444,3.7,BUS216; BUS251
Pooya Taheri,Computer Science,4.9,17,100,2.7,CMPT120; CMPT130; CMPT132; CMPT135; CMPT225
Lisa Shapiro,Philosophy,2.5,63,40,3.2,151; 356; DESCARTES; HISTPHIL; PHIL100; PHIL100W; PHIL151; PHIL270; PHIL280; PHIL352; PHIL353; PHIL354; PHIL356; PHIL3XX; PHIL451W; PHILXXX; RATIONALISM; SPNZA3XX; VARIOUSPHIL
Kate Salters,Health Science,4.6,45,100,2.4,120; ENGL120; HSCI120; HSCI124; HSCI431
Geoffrey Tien,Computer Science,3.8,47,73.5294,3.6,225; APSC160; CMPT225; CMPT307; CPSC121; CPSC221; CPSC259; CPSC320; CS259
Diana Allen,Earth Science,3,9,75,4.6,EASC304; EASC315W
Dionysia Kotsovili,Humanities,5,1,100,4,HUM240
Mark Collard,Archaeology,3.3,33,83.3333,4.2,ARCG131; ARCH131; ARCH333; ARCH385
Elena Halmaghi,Computer Science,3,2,50,4,MATH151
Guldana Salimjan,Gender Studies,5,3,100,2,GSWS321; GSWS333
Daniel Eisenkraft Klein,Health Science,5,2,100,2.5,HSCI-481
Tebuwana Ratnasekera,Statistics,1,3,0,4,stats-201
Sarah Yercich,Criminology,4.2,139,70.8333,3.1,CRIM101; CRIM104; CRIM131; CRIM135; CRIM202; CRIM203; CRIM213; CRIM300W; CRIM317; CRIM432; SOC100
Willeen Keough,History,3.8,58,66.6667,2.8,HIST; HIST101; HIST1215SMU; HIST362; HIST390; HIST425; HIST485; HISTORY101
Brent Amburgey,Business Administration,4.5,13,92.3077,3.3,BUS217; BUS217W; FALX99
Jennifer Warriner,Philosophy,3.7,54,63.3333,3.4,PHIL100; PHIL100W; PHIL120; PHIL120144; PHIL120W; PHIL151; PHIL221; PHIL240; PHIL241; PHIL242; PHIL300; PHIL320; PHIL321; PHIL326; PHIL347
Lucas Crawford,Gender Studies,4,16,50,3,204; 298; 398; GSWS101; GSWS204; GSWS205; GSWS333; GSWS398; GSWS398W
Tucker Sharon,History,1,3,0,4,HIST106; IS265; LAS161
Jennifer Marchbank,Gender Studies,2.3,6,16.6667,3.3,GSWS102
Bernd Stelzer,Physics,3.9,65,75.7576,3.3,385; PHY102; PHY120; PHY385; PHYS102; PHYS120; PHYS121; PHYS285; PHYS385; PHYS485
Colton Fehr,Criminology,3.2,20,60,4.1,CRIM230; CRIM330; CRIM331; CRIM418
Dave Thomas,Business Administration,4.4,15,71.4286,2.6,BUS200; BUS338; BUS380; BUS432
Yuriy Zabolotnyuk,Business Administration,3.5,8,80,3.4,BUS207; BUS312; BUS315
Jeff Reading,Health Science,2.5,2,50,3,HSCI406
Cecilia Heredia,Health Science,3.9,20,70,2.6,HSCI211; HSCI304; HSCI307; HSCI483
Caroline Pacheco,Education,1,3,0,4,EDUC159; EDUC347; EDUC474
Martin Bouchard,Criminology,4.1,40,81.8182,2.9,CIM131; CRIM101; CRIM104; CRIM131; CRIM220; CRIM313; CRIM417; CRIM453; CRIM459; CRIM464
Mary Shearman,Women's Studies,4.8,21,87.5,2.8,GSWS100; GSWS101; GSWS102; GSWS204; GSWS320; GSWS321; GWSW102; WS101; WS102; WS205; WS334
Jiannan Wang,Computer Science,4.1,9,77.7778,2.9,CMPT300; CMPT354; CMPT843
Lisa Higashi,Business Administration,4.3,7,100,2.7,BUS272; D100
William Hahm,Geography,4.4,5,80,2.8,GEOG311; GEOG418
Kai Chow,Computer Science,1,4,0,3,CMPT756
Joshua Tiong,Business Administration,3.5,2,50,3.5,BUS314
Paul St. Pierre,English,3.9,79,100,2.4,104W; 368; EDUC322; ENG; ENG101; ENG104; ENG104W; ENG322; ENG354; ENG360; ENG364; ENG392; ENGL101; ENGL104; ENGL329; ENGL354; ENGL364; ENGL367; ENGL368; ENGL392; ENGL482; ENGL492; ENGLISH484; LITCRIT
Jill McIntosh,Philosophy,2.8,247,19.3548,3.8,100W; PHIL001; PHIL100; PHIL100W; PHIL105; PHIL110; PHIL144; PHIL1O5; PHIL333; PHIL343; PHILO3XX; PHILXX1; PHIXX1
Vishal Jain,Health Science,2.6,10,40,4.2,HSCI340
Xin Li,Accounting,1,4,0,4,BUS321; BUS322
Robbie Dunlop,Earth Science,3.6,65,70,3.5,101; EASC; EASC101; EASC102; EASC103; EASC106; EASC203; EASC210; GEOL101
Yuan Liao,Not Specified,3,6,100,3.7,BUS272; EE641
Cécile Ollivier-Budisa,Languages,4.1,21,87.5,3,FR211; FR221; FREN120; FREN121; FREN122; FREN210; FREN211; FREN212; FREN221; FREN301; FRENCH120
Brett Hodinka,Biology,5,6,100,2,BISC-475; BISC455
Mala Fernando,Biology,3.3,79,64.2857,3.4,BIO100; BIO100A; BIO101; BISC100; BISC303; BISC329; BISC337
Peter Ruben,Kinesiology,4.9,39,100,1.9,421; BPK110; BPK140; BPK340; BPK421; KIN140; KIN201; KIN205; KIN446; KINFALL
Taeyoung Kim,Communication,4,6,50,3,CMNS202
Momoko Ueda,Criminology,3.3,6,50,3.2,CRIM355; CRIM402
Nafiseh Sedaghat,Computer Science,1,16,6.25,4.4,CMPT310
Noriko Omae,Languages,2.2,83,0,4,ECON101; JALANG101; JAP100; JAP101; JAP201; JAPA101; JAPAN101; JAPJAP; JAPN100; JAPN101; JAPN102; JAPN200; JAPN300; JPAN100
Tamie Fennig,Criminology,4.1,88,69.8795,3.6,300W; CRIM101; CRIM131; CRIM135; CRIM220; CRIM300W; CRIM302; CRIM321; CRIM330
Marybelle Issa,French,5,11,100,1.6,FREN120
Gaitri Yapa,Statistics,1.6,96,10.9756,3.3,STAT100; STAT101; STAT201; STAT203
Jessica Hunter,Education,2.4,7,28.5714,3,EDUC322
Karen Brown,Education,4.5,23,76.9231,2.7,CRIM101; CRIM131
Chantal Gibson,Business Administration,3.4,6,100,4.2,BUS272; BUS360; BUS360W
Emmanuel Krebs,Economics,2.3,3,0,4.7,ECON302; HSCI416
Drew Parker,Business Administration,4.7,29,100,1.9,362468; BU362; BUS362; BUS362BUS466; BUS466; BUS468
Lawrence McCandless,Health Science,3.3,6,0,3.3,HSCI330; HSCI410
Michael Solyom,Economics,3,30,100,3.3,ECON102; ECON103; ECON105; ECON291; ECON342
Pek-Hooi Soh,Business Administration,2.7,10,57.1429,3.1,BUS478; BUS479; BUS752
Sharon Koehn,Gerontology,2.2,5,20,4.4,GERO406; GERO840
Jeremy Chiu,Mathematics,3.4,68,61.8182,3.6,CALC155; CPSC1171; MATH115; MATH152; MATH155
Christopher Beh,Molecular Biosciences,3.5,29,0,3.5,331; MBB331; MBB333; MBB430; MBBSS331
Greg Dow,Economics,4.4,24,62.5,3,354; ECON354; ECON383; ECON426; ECON452; ECON483; ECON802; ECON911
Trude Heift,Linguistics,4.3,43,78.2609,2.8,GERM201; GERMAN; GERMANALL; GERMLING; LING; LING100; LING200; LING220; LING360
Karen Kohfeld,Environmental Resources,3.6,12,33.3333,3.1,REM100; REM370
Tamila McMullan,Biology,2,1,0,4,318
Jeremy Carpendale,Psychology,2.9,37,75,3.5,3541; CHILDPSYC; CRIM354; PSYC354; PSYC452; PSYCH354
Michal Fedeles,Health Science,3.9,8,0,1.8,HSCI312; HSCI403
Amy Parent,Education,2.2,5,20,3.8,EDUC300; EDUC311
Dara Culhane,Anthropology,4.3,8,100,3.1,SA245; SA245SA486; SA301; SA359; SA402
Ronald Roesch,Psychology,3.1,20,53.8462,3.4,PSYC268; PSYCH268; PYSC268
Rob Rondeau,Archaeology,5,3,100,2.3,ARCH200
Daniel Dunford,English,4,40,73.6842,3.5,EDUC100; ENG199; ENG199W; ENG214; ENG475; ENGL119; ENGL199; ENGL199W; ENGL214; FAL99; FALX99; FANX99
Rebecca Cox,Education,2.5,11,40,2.8,900; 905; EDUC000; EDUC001; EDUC100W; EDUC376; EDUC800; EDUC813; EDUC864; EUC600
Jan MacLean,Education,4.3,21,87.5,1.9,100; EDUC100W; EDUC342W; EDUC456; FALX99
Jan Simon,Business Administration,3.4,11,60,3.3,BUS635; BUS636; BUS764; BUS866
Dean Mellow,Languages,3.9,48,87.5,2.7,220; 3; 350; LING; LING220; LING301; LING323; LING350; LING360; LING362
Derek Yee,Business Administration,3.5,60,100,3.2,315; 809; ACC251; ACCOUNTING251; BUS251; BUS254; BUS315; BUS315417; BUS316; BUS320; BUS413; BUS417; BUS809; BUSS417
Sarah Coupland,Psychology,3.9,19,73.6842,3.8,PSYC100; PSYC391
Eva Sajoo,Communication,4,2,100,2.5,INTG100
Michael Hayden,Physics,3.9,67,100,3.7,PHY120; PHY121; PHYS120; PHYS121; PHYS126; PHYS130; PHYS192; PHYS321; PHYS421; PHYSICS121
Habiba Zaman,Women's Studies,3.4,23,62.5,2.7,308; GSWS308; GSWS309; GSWS312; GSWS314; WS208; WS308; WS309; WS314
Don Sinclair,Science,3.6,64,37.5,3,202; BIOL2341; BISC202; DATT2050; MBB221; MBB222; MBB231; MBB308; MBB309; MBB309W; MBB432
Kimberly Jang,Business Administration,4.9,22,95.4545,3.1,BUS201
Pengyu Liu,Mathematics,4,86,76.7442,2.8,MACM316
Andrew Rawicz,Engineering,3.3,30,42.8571,2.8,330; 340; ENSC330; ENSC340; ENSC370; ENSC440; ENSC481
Stephanie Simmons,Physics,2.3,6,33.3333,3.7,PHYS255; PHYS285
Peter Hallschmid,Engineering,4,2,100,3.5,ENSC252
Teresa Cheung,Engineering,5,1,100,3,ENSC280
Forough Pourhossein,Business Administration,4.4,20,90,3.4,BUS336
Tiffany Schulz,Kinesiology,4.5,2,100,4,BPK142
Salta Zhumatova,Political Science,4,2,100,3.5,POL317; POLI328
Cynthia (Cindy) Patton,Sociology,4.6,18,93.75,3.1,PSYP430; SA; SA150; SA250; SA321; SA327; SA335
Andrew Hillian,Communication,4.3,4,75,3,CMNS304W
Ofelia Flores,Education,1.6,9,0,3.4,EDUC220; EDUC222
Andrei Frolov,Physics,2.8,6,60,3.3,PHYS132; PHYS255; PHYS490
Andrei Abulatov,Computer Science,1.8,4,0,4.3,725; MACM101
Natt Hongdilokkul,Economics,3.3,5,66.6667,3,BUEC333; ECON103; ECON201; ECON370
Matthew Greaves,Communication,3.4,12,50,3,CMNS210; CMNS230; CMNS240; CMNS353; CMNS40; LBST308
Christina Giovas,Anthropology,4.3,4,100,2.8,ARCH100; ARCH331
Ashu Adhikari,Art amp Design,2.5,2,0,3,IAT167; IAT210
Anne Rimrott,Linguistics,3.6,66,75,3.3,IAT100; LING100; LING110; LING111; LING200; LING220; LING221
Barbara Frisken,Physics,1.8,29,50,4.2,366W; PHY346; PHYS102; PHYS130; PHYS233; PHYS234; PHYS346
Marela Dichupa,Education,3.3,19,80,3.1,99; EDUC100; EDUC100W; EDUC199; EDUC252; EDUC352W; EDUC382; FALX99
Melora Koepke,Geography,1.9,11,18.1818,2.6,GEOG201; GEOG261; GEOG364; GEOG382; GEOG442
Gina Whitaker,Kinesiology,4,8,50,3.5,BPK205; HMKN190; HMKN203; KIN205
Genevieve Johnson,Political Science,4.8,2,100,3,POL210; POL316
Carlos Costa,Business Administration,4.4,19,89.4737,3.3,BUS410; BUS417; BUS418; BUS766; BUS825; BUS864; BUS866; MINE396
Shawn Ireland,Business Administration,1.8,5,0,3.6,BUS100; BUS272; BUS488; MGMT403
Svetlana Smirnova,Communication,2.8,2,0,2.5,CMNS110; CMNS130
Defne Ezgi,Political Science,4.1,19,84.2105,3.5,POL132; POL141; POL201
Ken Li,Statistics,3.2,29,70,3,3AB3; STAT100; STAT200
Jack Thomas,Computer Science,4.9,16,100,2.6,CMPT225; CMPT276; CMPT354
Ivan Aguilar,Art & Design,4.7,13,92.3077,1.9,IAT210
Masarah-C. Paquet-Clouston,Criminology,4,4,50,3.5,CRIM380
Amin Milani Fard,Business Administration,4.5,20,95,3.1,BUS462; BUS465; BUS492
Matthew Araki,History,3.5,4,75,3.5,HIST101
Arsineh Garabedian,Business Administration,4.1,79,80.7692,3.2,254; BUS251; BUS254; BUS420; BUS510; BUSE102
Vanessa Fong,Psychology,3.2,14,50,3.4,PSYC359
Russel Days,Psychology,1,2,0,3.5,PSYC100; PSYCH100
Adrienne White,Business Administration,1,1,0,4,MGMT325
Richard Smith,Communication,4,28,40,3,253; CMN253453; CMNS; CMNS253; CMNS353; CMNS453; CMNS458
Barry Cartwright,Criminal Justice,4.2,236,76,2.2,CRIM100; CRIM101; CRIM101CRIM104; CRIM104; CRIM218; CRIM332
Iain Crump,Mathematics,4.9,16,100,2.8,FAN99; FANX99; MACM201; MATH197
James Carter,Science,3.5,2,50,4,BPK142
Heift Trude,Linguistics,5,2,100,3.5,LING100; LING220
Gratien Prefontaine,Health Science,2.2,24,25,3.7,324; HSCI321; HSCI324; HSCI475; HSCI476
George Chow,Computer Science,4,1,100,2,CMPT732
Jennifer Spear,History,3.8,14,50,2.6,HIST104; HIST200; HIST212; HIST212N; HIST215; HIST427; HIST4444
Oliver Baker,Humanities,1.5,4,0,3.8,HUM102; HUM102W
David Laycock,Political Science,3.2,46,36.3636,3.8,313428; POL100; POL210; POL219; POL312; POL313; POL363; POL3XX; POL411; POL428; POL435; POLISCI; POLS237
Chris Lim,Communication,4.2,5,80,2.6,CMNS326; CMNS331
Christina Atanasova,Business Administration,2.7,30,16.6667,3.4,BUS316; BUS418; BUS495; BUS803
Shiva Olyaei,Law,4.9,9,100,2.9,POL324; POL344; POL351
John Harris,Industrial Studies,3.5,2,100,3,IS319; IS800
Paddy Smith,Political Science,3.2,79,25,2.8,151; POL151; POL214; POL3; POL354; POL454; POL4LVL; POL8817; POLI151; POLISCI151; POLYSCI151
Carolyn Mamchur,Education,3,30,85.7143,2.7,ED485WED326; EDU199; EDUC; EDUC100; EDUC199; EDUC326; EDUCATION; PDP; PDP401
Vasiliki Spiliotopoulos,Education,3.5,4,50,2.8,BUS217W; EDUC252; LLED360
Jasmina Arifovic,Economics,3.2,9,40,2,ECON403; ECON428; ECON482; ECON832
Jennifer Chutter,History,3.7,3,66.6667,3.3,FASS200; HIST436
Tracy Liu,Business Administration,3.5,2,50,3,BUS200
Frederick Willeboordse,Business Administration,3.8,14,85.7143,3,BUS312; BUS315
Maureen Jack-LaCroix,Education,2,2,0,1.5,EDUC471
Jason Young,Geography,2.7,48,33.3333,4,BIOC212; GEO100; GEOG100; GEOG212; GEOG241; GEOG321; GEOG387; SA260
Jeff Schultz,Film,1,1,0,5,CA230
Linda Elmose,Political Science,2.6,42,30.4348,3.5,LBST330; POL121; POL150; POL221; POL232; POL343; POL344; POL346; POL347; POL359; POL446; POL449; POLI101; POLI111; POLI204; POLI221
Arthur Alder,Not Specified,4.2,13,80,2.4,PSYC100; PSYC102; PSYC201W; PSYCH102
Kandice Sharren,English,4.7,15,93.3333,3.3,ENG206; ENGL115; ENGL115W; ENGL205; ENGL206; ENGL208; ENGL330; ENGL364
Joy Walcott-Francis,Gender Studies,3.8,8,75,2.3,GSWS210; GSWS319; GSWS320; GSWS321; KIN2216; KIN2261; KINS2261
Kristin Matheson,Business Administration,4.5,2,100,3,BUS200
Betty Schellenberg,English,3,59,52.381,3.8,ENG104; ENG104W; ENG205; ENG320; ENG322; ENGL104; ENGL104205; ENGL114; ENGL114W; ENGL205; ENGL320; ENGL322; ENGL420; ENGLISH104
Sean Markey,Geography,4,12,100,2.6,CED301; EXPL110; GEO383; GEOG383; PLAN200; SCD301
Marek Syrzycki,Engineering,2.1,38,25,3.7,225; 325; ENSC225; ENSC325; ENSC852
Jack Davis,Statistics,4.2,28,78.2609,2.5,STAT201; STAT203; STAT300; STAT300W; STAT302; STAT305; STAT342; STATS201; STATS203
John Grant,Business Administration,1,1,0,1,BUS202
Rick Parent,Criminology,3.2,39,44.4444,3.2,CRIM; CRIM131; CRIM251; CRIM315; CRIM351; CRIM431; CRIM458; CRIM499
Michael Batu,Economics,3.3,7,42.8571,3.9,ECON342
Boyuan Wang,Economics,1,1,0,4,ECON105
Shuxing Li,Mathematics,2.5,13,23.0769,4.2,MATH240
Steeve Mongrain,Economics,3.5,13,53.8462,3.5,ECON301; ECON302; ECON492
Lesley Schimanski,Psychology,4.4,39,89.7436,3,COGS110; COGS1110; PSYC100; PSYC102; PSYC201; PSYC201W; PSYC210; PSYC325; PSYC382; PSYCH100; PYSC325
Bryan Jones,Psychology,3.7,37,50,3.6,PSYC1100; PSYC201; PSYC2315; PSYC280; PSYC300; PSYC381; PSYC383; PSYCH280; PSYCH381; PSYCH383; PSYCPSYC
Robert Manery,Not Specified,3.1,5,75,2.6,EDUC100W; EDUC230; EDUC250; FALX99
Joan Sharp,Science,3.3,122,45.8333,3.6,316; BIO102; BISC100; BISC102; BISC102LAB; BISC204; BISC316
Colin Campbell,Marketing,3.5,11,75,3.7,BUS207; BUS345; BUS347
Lisa Craig,Molecular Biosciences,3.9,35,85.7143,3.2,222; 428; MBB222; MBB420; MBB428
Aateka Shashank,Geography,1.7,6,16.6667,4.8,GEOG355
Julia Black,Publishing & Printing,2,1,0,4,PUB2321
Jens Classen,Computer Science,3,4,25,4,CMPT310
Michael Markwick,Communication,3.8,23,0,2.1,CMN425; CMNS210; CMNS221; CMNS231; CMNS262; CMNS332; CMNS346; CMNS348; CMNS425; COMMSECT; QUALRESEARCH
Daryl Fuller,Business Administration,5,11,100,2,BUS108; BUS110; BUS200
Nilesh Saraf,Information Systems,5,1,100,3,BUS362
Yves Candau,Cognitive Science,5,1,100,3,COGS110
Allan Mackinnon,Education,3.5,14,66.6667,2.7,EDU816; EDUC100; EDUC100W; EDUC476
Madeleine Potvin,Indigenous Studies,4,1,100,3,INDG101
Ahlem Bensari,Chemistry,1.6,10,20,4.5,CHEM1012; CHEM121; CHEM1213; CHEM123; CHEM282
Jacqueline Barreiro,Education,4.8,4,100,1.8,EDUC370; EDUC371; EDUC382
Kanya Adam,Political Science,4.6,13,100,2.4,POL241; POL339; POL373; POL481; POLS448
Susan Owen,Geography,4.4,5,100,2.4,GEOG100
Yaser Sattari,Economics,3.6,10,80,3.7,ECON105
Patrick Brouder,Geography,3.5,2,50,3,GEOG327
Sudheer Gupta,Business Administration,4.6,14,100,2.9,BUS473; BUS474
Laya Behbahani,Criminology,4.9,5,100,1.8,CRIM334; LBST307
Karmvir Padda,Criminology,4.4,17,94.1176,2.9,CRIM131; CRIM135; CRIM230; CRIM321; CRIM330; CRIM332
Jose Pizarro,Finance,5,2,100,1.5,BUS312
David Heide,Philosophy,5,1,100,4,PHIL203
Anil Narine,Communication,4.2,24,80,1.9,CMNS110; CMNS130W; CMNS221; CMNS223; CMNS230; CMNSCMNS; FPA135; MDSA02
Kory Stevens,Physics,3,5,0,2.8,PHYS102; PHYS121; PHYSICS121
Milena Droumeva,Communication,5,5,100,2.6,355W; CMNS258; CMNS259; CMNS355
John Irwin,Geography,3,79,20,3,GEO100; GEO389W; GEOG100; GEOG102; GEOG221; GEOG2250; GEOG322; GEOG322324; GEOG324; GEOG389; GEOG389W; GEOG424; GEOG445; REM100
Darelle Odo,Business Administration,3.4,10,60,4.1,BUS217; BUS217W
Kylie Reale,Criminology,3.4,5,60,3.4,CRIM101; CRIM316; CRIM320
Alicia Massie,Communication,4.5,2,100,3,CMNS432
Jens Classes,Computer Science,3,2,0,4,CMPT120; CMPT310
Marco Galvani,Business Administration,5,7,100,2.9,BUS217W
Laura D'Amico,Education,4,1,100,4,EDUC482
May Hen-Smith,Sociology,1,1,0,1,SA325
Linden Lechner,Biomedical Physiology & Kinesiology,4.2,5,80,3.4,BPK326; BPK375
Erik Kimbrough,Economics,2.5,21,12.5,3.5,201; ECON200; ECON201; ECON301; ECON383; ECON828
John Lyon,Linguistics,4,1,100,4,LING324
Candyce Kelshall,International Studies,4.5,30,96.6667,3.9,IR01; IS309; ORGB1105; ORGB5110; POL349
Carl Lowenberger,Biology,3.9,13,50,3.3,BISC318; BISC372; BISC418; BISC472; PARASITOLOGY
Byron Gates,Chemistry,4.1,11,75,3.6,CHEM215; CHEM316; CHEM371
Raymond Leung,Accounting,1,4,0,4,BUS249; BUS254
Huai Bao Dhawa,Gender Studies,3.9,17,50,2.5,CHINA101; GRSJ224; GRSJ224A; GRSJ24; GSWS101
Eliav Danziger,Economics,2.9,24,50,3.6,105; ECON105; ECON392
Yildiz Atosoy,Sociology,3.4,8,100,3.4,SA325; SA350; SA360; SA429; SA430
Genevieve Breau,Health Science,2.3,28,35.7143,2.8,HCSI305; HLTC19; HSCI130; HSCI211; HSCI305
Simone Brugiapaglia,Mathematics,3.6,15,66.6667,3.3,ENGR233; MATH232; MATH252; MATH354
Simranpreet Badesha,Gender Studies,4.5,2,100,1,GSWS319; GSWS321
Rose Vernon,Psychology,3.3,6,80,3.8,PSYC201W; PSYCH201W; PSYCH300W
Sarah Yerich,Criminology,5,3,100,2.7,CRIM131; CRIM213; CRIM317
Carleigh Baker,English,5,2,100,1.5,ENGL472; ENGL472W
Eunice Chin,Biology,2.1,30,26.087,4.1,305; BIO111; BISC101; BISC305; BISC366; BISC455; HSCI216; MBB321
Roy Bendor,Communication,3.6,9,0,3.4,CMNS220; CMNS253; CMNS253W
Philip Grant,Business Administration,2.3,17,11.1111,2.8,BUS343; BUS447; MARK1115
Mikael Mokkonen,Biology,2.7,17,50,3.4,BISC100; BISC202; BISC204; BISC300; BISC316; BISC422
Sara Sagaii,Mathematics,4,1,100,5,MACM101
Hasheem Hakeem,French,4,1,100,5,FREN304
Andrea Migone,Political Science,3.1,59,0,2.8,MULTINATCORP; POG214; POL101W; POL151; POL208; POL214; POL221; POL222; POL223; POL251; POL327; POL339; POL343; POL359; POL439; POLI201; POLI221; POLI343; POLIPOLI; POLSC223N
Kyeong-min Kim,Linguistics,2.9,10,40,2.6,LING200; LING322
Flora Hsiao,Business Administration,3.1,14,50,3.1,BUQU1130; BUQU1230; BUS315; BUSI1130
Scott Uzelman,Communication,4,8,0,2.5,1002H; CMNS110; CMNS221; SOCI02H
Maryam Dehghani Estakhri,Engineering,3.7,3,66.6667,1.7,BUQU1230; ENGR101
Graeme Abernethy,English,4.7,10,100,2.5,ENG100; ENG101; ENG1100; ENGL438
Augustine Kwofie,Health Science,3,2,50,4,HSCI212; HSCI215
Cameron Brewer,Resource Management,4,1,100,3,REM319
Daniel Tones,Fine Arts,3.2,7,100,3.6,ARTS1100; FPA341
Andy Calvert,Earth Science,3.5,2,100,3,EASC207
Zahia Marzouk,Education,4.6,14,92.8571,2.3,EDUC220
Billie Joe Rogers,Indigenous Studies,4,1,100,2,PSYC8855
Goksel Demir,Criminology,5,1,100,3,CRIM351
Kristen Matheson,Business Administration,5,1,100,3,BUS200
John Calvert,Political Science,3.9,48,75,2.9,356; AFEW300S; CNS391; HIST356; HSCI160; HSCI305; HSCI404; HSCI407; LBST; POL; POL251; POL351; POL356
Stephen Campbell,Education,3.8,33,92.3077,2.3,EDU250; EDU475; EDUC211; EDUC250; EDUC411; EDUC475; EDUC901
John McDonald,Psychology,4.1,17,83.3333,2.8,PSYC382; PSYC386; PSYCH382; PYSC335; PYSC382
Aaron Danielson,Statistics,2,1,0,4,STAT310
Nathaniel Payne,Business Administration,2,94,24.4681,3.8,BUS232; BUS336; STAT1181
Jeremy Venditti,Geography,3.8,21,66.6667,2.9,213; GEO213; GEOG213; GEOG214; GEOGGRAD; GEOMORPH
Robert Krider,Business Administration,3.4,32,100,3.1,343; BUS343; BUS445; BUS446
Anastasia Ufimtseva,Business Administration,5,3,100,3,BUS346
Alex Clapp,Geography,4.4,20,100,3.1,322; GEOG; GEOG322; GEOG322428; GEOG322W; GEOG328; GEOG428; GEOGRAPHY322; GGR343
Cheryl Prophet,Applied Arts,3.3,5,33.3333,2.6,CA129; FPA101; FPA122; FPAFPA
Carlo Menon,Engineering,4.8,6,0,2.7,ENSC383; ENSC801; MSE491
Ryan Morin,Molecular Biosciences,3.6,4,66.6667,3.5,462; MBB342; MBB460
Mike Lanthier,History,4.5,43,92.8571,2.4,HIS102F; HIST101; HIST106; HIST130; HIST223; HIST332; HIST334; HIST355; HIST401; HIST411; HIST413; HIST416; HUM340; IS101
Erin Thrift,Education,4.7,11,100,2.5,EDU400; EDUC327; EDUC328
Stefanie Rezansoff,Health Science,3,14,50,2.9,HSC214; HSCI214; HSCI402
Ray Corrado,Criminal Justice,3.1,28,0,3.2,CRIM103; CRIM131; CRIM210; CRIM310; CRIM313; CRIM413; CRIM413TERROR; CRIM811; TERRORISM
Sam Behfarshad,Engineering,4.9,16,100,2.5,MSE220; MSE223; MSE300; MSE301; MSE321
Tony Leyland,Kinesiology,3.3,100,56.5217,3,143; 143C; 342; BPK140; BPK141; BPK143; BPK201; BPK343; KIN143; KIN201
Bertille Antoine,Economics,3.6,25,66.6667,3.4,BUEC333; ECON3; ECON331; ECON333
Cody Groat,History,5,1,100,3,HIST325
Khaled Diab,Computer Science,3.3,3,66.6667,1.7,CMPT471
Fiachra Knox,Mathematics,2.6,29,33.3333,4.1,100; MATH; MATH100; MATH251
Antonina Kolokolova,Computer Science,4,1,100,3,CMPT404
Srini Krishnamoorthy,Business Administration,5,1,100,1,BUS473
Daniel Veloso Magnino,Business Administration,3.9,15,73.3333,3.7,BUS361
Samuel Bass,History,5,1,100,2,GA101
Michelle Pidgeon,Education,4.8,4,100,2.8,D100; EDUC100W; EDUC352; EDUC818
Olivia Ha,Criminology,4.3,4,75,2.3,CRIM316; CRIM414
Annette Rouleau,Education,5,2,100,2,EDEL316; EDUC475
Kevin Leung,Political Science,5,1,100,2,POL100
Susan Clements,Media Arts,3,2,0,3.5,IAT202
Novia Chen,Gender Studies,1,3,0,4.3,GSWS101; GSWS102
Carl Peters,English,2.9,28,0,3.6,333; AMLIT; ENG; ENG1; ENG105; ENG300L; ENG352; ENG359; ENG360; ENG377; ENGL; ENGL352; ENGL360; ENGLISH170; MODERNISM
James (Jim) Utley,Business Administration,3,1,100,4,BUS484
Baris Tuncer,Mathematics,3.8,22,68.1818,3,D100; MATH150; MATH154
Mitra Kiamanesh,Business Administration,2.6,8,37.5,3.8,BUS485
George Blazenko,Business Administration,3.7,123,68,3.5,BUS312
Seeparsad Matadeen,Business Administration,1.6,9,0,4.4,BUS207
Tracy Yiu,Business Administration,5,2,100,2.5,BUS200
Michael Huenefeld,Business Administration,1.5,17,17.6471,3.5,BUS200; BUS272; BUS361; D100; D200
Corey Abell,English,5,2,100,3,ENG115W; ENGL115
Colleen Pawlychka,Criminology,1.9,56,28.5714,4.3,104; 315; CRIM104; CRIM1100; CRIM1170; CRIM131; CRIM135; CRIM241; CRIM290; CRIM315; CRIM3376
Gregory Feldman,International Studies,4.2,17,75,3,IS101; IS302; IS319; SOC48220
Timothy Paulson,History,3,4,50,4,HIST112; HIST132
Laura Lee,Health Science,5,1,100,3,HSCI312
Anisef Aubie,Not Specified,4.3,17,100,2,MATH151; MATH157; STAT203; STATS203
Mehran Norafkan,Linguistics,3.6,8,50,3.4,LING; PER118; PERS118
Lindsay Pattison,History,1.7,6,16.6667,4.3,GSWS201; GSWS311; HIST102; HIST444W
Steve Conrad,Not Specified,3.5,22,60,3.1,ENV221; REM100; REM221; REM381; REM412; SD381
Marinko Sarunic,Engineering,4.3,12,40,2.3,COOP1ST; ENSC225; ENSC325; ENSC410; ENSC476
Carolyn Sparrey,Engineering,3.8,9,75,3.6,222; ENSC282; MSE222; MSE312
Shahram Amiri,Engineering,1,2,0,3,MSE320; MSE995
Bahram Dadgostar,Finance,1,2,0,3.5,BUS312
Cassius King,Criminology,5,6,100,1.5,CRIM135
Helene Wheeler,Criminology,5,1,100,3,CRIM330
Angela Lin,Accounting,4.2,13,84.6154,3.5,BUS251
Patrick Carolan,Psychology,4.1,24,89.4737,3.1,PSYC100; PSYC1115; PSYC325; PSYCH100; PSYCH3027
Vanessa Shum,Business Administration,4.1,9,77.7778,3.2,BUS381
Terry Neiman,Communication,3.4,67,76.9231,3.3,304; 304W; 447; CMNS1216; CMNS200; CMNS304; CMNS304W; CMNS304WJ; CMNS347; CMNS425; CMNS447; CMNSD100; FASS204
Liang Diao,Economics,1.3,3,0,4.7,ECON383
Manfred Trummer,Mathematics,2.2,100,32,3.9,MA232; MACM316; MACM409; MATH152; MATH157; MATH232; MATH251
Christina Hull,Biomedical Physiology & Kinesiology,4.6,5,80,3.4,BPK110; BPK304W
David Hik,Biology,4.7,3,66.6667,3.3,BISC366; SCI190
Susan Bush,Business Administration,2,1,0,4,BUS361
Andrea Geiger,History,3.2,27,75,3.8,104; HIST104; HIST206; HIST322; HIST376; HIST390; HIST447; HIST447W; HIST485; HIST486
Mohsen Moghaddam,Linguistics,4.7,3,100,3,EDUC100; LING160
Jim Hutchinson,Philosophy,4.5,12,83.3333,2.7,PHIL100; PHIL100W; PHIL101W; PHIL110; PHIL201
Justine Gauthier,Mathematics,4,3,66.6667,3.3,MATH150
Marnie Branfireun,Environmental Science,2.7,56,35.4167,3.5,EVSC100; EVSC201W; EVSC205
Ryan McBride,Computer Science,4.8,4,100,3.5,MACM101
Jessica Bouchard,Criminology,4,1,100,4,CRIM220
Leslie Armijo,International Studies,3.6,14,57.1429,2.9,IS101; IS220; IS340; IS450; IS450W; IS45O
Alisa Paul,Education,5,1,100,3,EDUC454
Joe Thompson,Psychology,3.5,38,60.5263,3.3,COGS110; PSYC102; PSYC1100; PSYC120; PSYC210; PSYC308; PSYCH102
Michael Campbell,Geography,3.5,2,50,2.5,HSCI424
Ayaka Yoshimizu,Communication,3.5,12,25,2.6,ASIA354; CMNS110; CMNS262; CMNS423; CMNS432
Shuna Ho,Business Administration,1.5,9,22.2222,3.6,BUS237; MGMT601
Jack Chen,Biology,3.5,11,100,2.6,MBB243; MBB342; MBB420; MBB440; MBB441; MBB461
Noel Dyck,Anthropology,2.8,30,100,3.5,ANTH1; SA101; SA301; SA332; SA352; SA364
David Kaufman,Education,3.8,5,75,2.4,EDUC351; EDUC863
Mark Drew,Computer Science,3,49,50,3.2,828; CMPT100; CMPT101; CMPT110; CMPT365; CMPT828; CMPT880
Rob Bittner,Gender Studies,4.5,9,66.6667,2.1,GSWS100; GSWS210
Nadine Boulay,Gender Studies,5,1,100,3,GSWS318
"Anthony ""Tony"" Leyland",Kinesiology,3.7,10,75,3.1,BPK142; BPK143; BPK201; KIN143; KIN201
Matthew Gervais,Psychology,2.8,26,53.8462,3.2,P391; PSYC391; PSYCH361; PSYCH391
Fernando Aragon,Economics,2.5,24,33.3333,4.3,BUS201; ECON201; ECON201301; ECON301; ECON362
Catherine Blancard,Languages,3.9,40,50,2.9,FR151211; FR201; FR222; FREN; FREN099; FREN120; FREN150; FREN151; FREN201; FREN210; FREN211; FREN221; FREN222; FREN300; FRENCH; FRENCH211; L
Julie Nielsen,Environmental Resources,1,2,0,3,REM471
Scott Venners,Health Science,4.3,11,100,3,HSCI304; HSCI330
Mary Ellen Kelm,History,3.2,17,50,2.7,HIST101; HIST325; HIST326; HIST427; HISTD
Paul Dutton,History,4.3,89,80,3.3,HIST105; HISTBOOK; HISTORY105; HUM103; HUM105; HUM150; HUM216; HUM219; HUM307; HUM312; HUM382; HUM385
Nadine Flagel,English,3,70,27.2727,3.5,101W; 105; 113W; 199W; ENG101; ENG101W; ENG207; ENG340; ENG383; ENGL101; ENGL103; ENGL103W; ENGL105; ENGL113W; ENGL114; ENGL199W; ENGL207; ENGL340; ENGL342; ENGL438; ENGL438W
Edward Surman,Religion,5,3,100,3,HUM130; HUM309
Kevin Ginnell,Political Science,4,27,71.4286,2.2,POL131; POL151; POL200; POL221; POL222; POL251; POL343; POL358; POL359; POL400; POL423; POL438
Irina Presnyakova,Linguistics,4.5,4,100,2.5,LING160; LING220
Elizabeth Lisa Phillips,Business Administration,4.5,11,100,2.7,BUS381
Carlie Bell,Business Administration,4.4,5,80,3.6,BUEC232
Christina Tang,Cognitive Science,1,1,0,4,COGS100
Sarah Hogarth Rossiter,Philosophy,4.4,8,100,3,PHIL150; PHIL350; PHIL357
Amal Ghazal,History,3.3,3,100,3.3,HIST151; HIST350
Duncan Knowler,Environmental Studies,3.5,16,100,3,REM100; REM200; REM363
Alfred Kong,Economics,2.5,13,0,3.1,ECO230; ECON103; ECON291; ECON383
Lee Hanlan,Chemistry,3.2,88,53.3333,3,121; C236; CHEM110; CHEM111; CHEM121; CHEM122; CHEM236; CHEM336; CHEMI121; CHWM122
Lara Campbell,Women's Studies,4.3,51,71.4286,2.7,GSWS101; GSWS317; GSWSD100; WMST101; WS100; WS101; WS202; WS317
Lynn Fels,Education,4.4,12,100,1.2,EDUC355
Shu Ho,Business Administration,1.3,11,0,4.1,BUS237; IBUS3530; IBUS4540
John MacFarlane,Fine Arts,3.3,11,50,3.6,170; 389; FPA; FPA170; FPA171; FPA389
Madeline Knickerbocker,History,3,9,44.4444,3.6,FNST101; FNST201; FNST201W; FNST222; FNST2O1W; FNST326
John Whatley,English,3.6,24,60,3,102; 104; CRIM384; CRIM3XX; CRIM416; CRIM417; CRIM418; ENG; ENG3263; ENGL102; ENGL205; ENGL216; ENGL315; ENGL322; ENGL325; ENGL357; ENGLSECT
Jorge Oceguera,Business Administration,4.9,7,100,2.3,BUS201
Peter Anderson,Communication,4.3,6,100,1.5,CMNS356; CMNS456
Rasoul Narimani,Physics,4.5,12,91.6667,3,PHYS100; PHYS101; PHYS140; PHYS141; SFU101
Emanuela Mileva,Linguistics,4,1,100,3,LING200
Stacey Copeland,Communication,5,1,100,3,CMNS321
Nicole  Myers,Criminology,3.5,11,50,3.5,343; CRIM332; CRIM343; SOCY389
Elena Cirkovic,Political Science,3.3,15,100,3.3,POL321; POL329; POL339; POL3394; POLI116; POLI300; POLI329; POLS466; PPP
Rita Ueda,Music,3.5,17,40,2.6,CA104; FPA 104; FPA104
Miriam Lavergne,Health Science,4.2,6,83.3333,2.8,HSCI305
Daniel Nnane,Geography,1,5,0,4.2,GEOG311
Jorge Rodriguez,Statistics,1.2,75,0,4.2,270; SA257; STAT100; STAT201; STAT203; STAT270; STAT302; STAT305; STATS100; STATS270
Eric Wong,Business Administration,5,2,100,2.5,BUS237
Sterling Keful,Psychology,5,1,100,3,PSYC300
E.M Verheyen,Science,4.3,50,100,3,BIO102; BIO202; BISC202; MBB438
Joan Brockman,Criminal Justice,3.5,57,50,3.4,330; 432; CRIM330; CRIM432; CRIM436; CRIM437; CRIM438
Iryna Ponomarenko,Criminology,4,3,66.6667,3.7,CRIM230
David Campbell,Statistics,3,17,87.5,3.9,203; DATA180; STAT203; STAT240; STAT285; STATS203
Shona Adams,Psychology,3.1,19,52.6316,2.2,PSYC241; PSYC391
Birgit Schwarz,Biology,2.6,5,60,3,BIOL2050; BISC300; BISC410; NATS1550
Mark Fettes,Education,3.5,13,0,2.6,398; EDCT100; EDUC100; EDUC101; EDUC394
Joseph Peters,Computer Science,3.5,27,70,3.7,CMPT305; CMPT307; CMPT371; CMPT405
Lawrence McAllister,English,5,1,100,4,ALC099
Jay Leardi,Philosophy,5,2,100,2,COGS310; PHIL100W
James Delgrande,Computer Science,2.7,3,50,3.3,CMPT310; CMPT411
Penny Deck,Health Science,2.6,7,66.6667,4,BPK110; BPK140; HSCI100
Annette Stenning,English,2.2,10,20,3.7,BUS216; ENG; ENG102W; ENG112; ENG112W; ENGL3ISH; ENGL410
Amir Azaron,Business Administration,1.9,36,17.1429,3.7,BEUC232; BUEC232; BUQU1230; BUS232; BUS237; BUS336; BUS473
Ami Mamolo,Mathematics,2.4,44,0,4.2,CLASSSECT; EDUC1310; FAN01; FAN100; FAN99; FANX99; FANXX; FANXX99; MATH100; MATH197
Louis Ng,Statistics,3.7,47,63.8298,2.2,STAT100; STAT201; STUTPID499
Graham Mackenzie,Communication,4,5,60,3,CMNS201; CMNS347; CMNS410
Steven Thompson,Statistics,5,1,100,2,STAT330
Ethan Kazemir,Biomedical Physiology & Kinesiology,5,1,100,4,BPK426
Lieke Brummelhuis,Business Administration,3.7,27,69.5652,2.6,BUS272
Alamgir Hossain,Mathematics,3.8,5,80,2.8,MATH154
Carol Fleischhaker,Criminology,4,13,100,3.4,CRIM330
Ashraf Mohammed,Health Science,1,2,0,3,HSCI432
Carlos Ponce,Criminology,3.6,20,65,2.8,CRIM101; CRIM104
Alexandra Fedorova,Computer Science,3.3,14,0,3.4,431; 571B; 886; CMPT401; CMPT431; CMPT886; CPEN331
George Kirczenow,Physics,3.8,4,50,2.7,PHYS102; PHYS421
Huamei Han,Education,2.9,11,50,3.9,EDUC467; EDUC471; EDUC825; EDUE
Sarah Farstad,Psychology,4.5,11,100,2.5,PSYC102; PSYC241; PSYC3450; PSYC391; PSYCH241
Joshua Wilkie,Science,2.6,40,100,3.2,CHEM122; CHEM360; CHEM460; CHEM464
Efe Peker,Sociology,4.5,11,100,2.5,350; SA350; SA364; SCS2105; SCS2150
Haley Goren,Criminology,2,3,33.3333,2.7,CRIM355; CRIM356; CRIM402
Krystal Glowatski,Criminology,4.7,3,100,2.3,CRIM135; CRIM315; CRIM317
Marissa Bowsfield,Psychology,1,1,0,4,PSYC362
Steve Mongrain,Economics,3.9,51,88.8889,2.8,325; 393; 402; ECON103; ECON110; ECON302; ECON325; ECON393; ECON402; ECON492; ECON494; ECON803; ECON892
Steve Whitmore,Engineering,4.4,44,100,2.3,101; 803; E101; ENG101; ENSC100W; ENSC101; ENSC101102; ENSC1012; ENSC102; ENSC105; ENSC105W; ENSC305
Colleen Stevenson,Business Administration,2.3,3,33.3333,3.3,BUS217W
Fat-Kwong Ng,Statistics,1,2,0,2.5,STAT100
Kerstin Heilgenberg,Educational Research,4.2,13,0,1.7,2222; COM206; EDU467; EDUC467; FAL; FALX99
Massimo Pozzolo,Asian Studies,5,4,100,2.2,ASIA203; DAD230; PHIL101; SITONMYFACE200
Maryam Aliyar,Computer Science,3.7,28,100,2.4,CMPT125; CMPT225; CMT225; COM225
Barbara Winter,Archaeology,3.4,31,42.8571,3.2,ANTH1217; ANTH130; ARCH300; ARCH301; ARCH302; ARCH332; ARCH348; ARCH349; ARCH444; ARCH480; ARCHART; MUSEUMCUR
Christine Neudecker,Criminology,5,4,100,3,CRIM320
Daria Capostagno,Languages,4.8,12,100,2,ITAL100; ITAL100101
Diego Silva,Health Science,3.4,7,42.8571,3.9,HSCI319; HSCI319W; HSCI481
Tun Myint,Health Science,3.9,39,71.7949,2.8,HSCI130; HSCI160; HSCI211; HSCI432; POSC170
Yunzhijun Yu,Business Administration,3,8,50,3.9,BUS343; BUS347; YU22576
Marijuana Paduraru,Chemistry,3,55,0,3.8,281; CHEM111; CHEM120; CHEM121; CHEM281; CHEM281L; CHEM282; CHEM283; CHEM286; OCHEM253
Charmaine Perkins,Criminology,3,49,46.4286,4.1,300; 300W; 321; CRIM; CRIM104; CRIM311; CRIM312; CRIM321; CRIM322; CRIM332; GS422; THEORY
Jeffrey Checkel,International Studies,2.9,13,80,4.3,I300; IS200; IS300; IS451; IS800
Chohre Rassekh,Italian,4.6,24,100,2.7,ITAL100; ITAL100101; ITAL101; ITAL200; ITAL201; ITALD
Ysera Huang,Business Administration,5,1,100,3,BUS272
Clifford Burgess,Linguistics,3.3,171,46.1538,3.8,110; D100; LING; LING100; LING104; LING110; LING200; LING200GRMMR; LING220; LING282; LING282W; LING295; LING360; LING362
Jodie-Ann Warren,Criminology,4.3,28,87.5,3.1,335; CRIM103; CRIM214; CRIM318; CRIM355; CRIM402
Elizabeth Milton,Art,5,6,100,2.5,FINA1120; FINA1220; FINA2290; FPA160; FPA260
Malgorzata Dubiel,Mathematics,3.8,54,87.5,2.8,FAN99; FANX99; MATH100; MATH190
Amelie Trotignon,Mathematics,2.7,11,54.5455,3.6,MATH150
Genevieve Brisson,Education,5,1,100,2,EDUC480
Aditi Ghosh,Mathematics,5,1,100,5,MATH381
Liliana Perez,Geography,2,13,0,2.5,G251; GEOG251
James Wakeling,Kinesiology,2.9,7,33.3333,3.4,BPK201; BPK301; KIN201; KIN301
Michael Silverman,Microbiology,2.9,67,27.2727,3.4,BIOL403; BISC403; MBB221; MBB231; MBB403
Ismaeil Fazel,Literature,2.5,2,50,4,FAL99; FALX99
Nidhi Panwar,International Studies,2,1,0,3,IS101
Benjamin Unterman,Design,1,1,0,4,IAT100
Pedro Feijao,Mathematics,2.8,12,50,3.4,MATH150
Nimal Rajapakse,Engineering,1,1,0,5,ENSC180
Stuart Parker,History,2.9,33,52.381,3.9,H225; HIST209W; HIST288; HIST358; HIST436; HIST486; IS209; IS220; IS230; IS265; IS358
Chris Atchison,Social Science,4.1,53,25,4,355; SA101; SA250; SA255; SA255355; SA355; SA360; SASA; SOCI355
Muhammad Asad Asadullah,Criminology,4.9,16,100,1.4,315; CRIM135; CRIM315
Tanya Tang,Accounting,1.9,12,0,3.9,ACCT254; ACTG4P41; BUS254
Petra Berenbrink,Computer Science,2,29,100,3.6,307; CMP307; CMPT300; CMPT307; CMPT405
Bozena Kaminska,Engineering,1.6,36,42.8571,3.1,330; 330E100; ENCS330; ENSC330; ENSC410; ENSC893
Christine Pan,Languages,1.5,2,0,4,JAPN100
Rodrick Lal,Education,4.3,18,100,3.4,E320; EDPSYCH32301; EDU323; EDUC220; EDUC321; EDUC323; EDUC5520
Elizabeth MacDonald,Communication,2.6,6,0,3.7,BUS251; CMNS100
Kyungjae Lee,Computer Science,4.2,6,100,2.3,CIS145; CMPT128; COMP150
Stefano Gulmanelli,Political Science,1.8,5,20,3.8,POL317; POLSCI317
Samantha May,Sociology  Anthropology,2.9,5,100,3,SA250; SA255; SOCIO200
Kari Marken,Education,4.5,3,100,2.3,ASTU204C; EDUC100; FALX99
Ted Kirkpatrick,Computer Science,3.4,41,50,2.3,CMPT120; CMPT225; CMPT276; CMPT2XX; CMPT363; CMPT376; CMPT383; CMPT474; CMPT6XX; CMPT743
Wang Yue,Not Specified,5,1,100,3,LING401
David Jacks,Economics,3.9,27,100,3,BUEC; BUEC333; ECON103; ECON301; ECON345; ECON372; ECON3XX; ECON451
Elisabeth McClymont,Health Science,4.2,7,85.7143,2.8,HSCI307
Charles Turo,Mathematics,5,5,100,3.4,MACM201
Dylan Wiwad,Psychology,2.7,7,42.8571,3.4,PSYC201W; PSYC260
Taylor Anderson,Geography,2,2,0,3.5,GEOG255
Parin Dossa,Social Science,2.9,37,40,2.9,218; ANTHRO100; MED3; SA203; SA218; SA245; SA319; SA345; SA356; SA356W; SA402; SOC; SOC203; SOCIOLOGY
William Ruth,Statistics,4.8,6,100,2.5,STAT201; STATS201
Mina Sedaghatjou,Education,4.3,3,100,3.3,EDUC212; EDUC451
Sarah Canham,Gerontology,2.7,8,42.8571,2.9,GERO101; GERO300
Nichole Scheerer,Psychology,3.7,6,50,3.3,PSYC389
Katherine Hennessey,Not Specified,3,1,0,3,ENGL302
Btara Truhandarien,Computer Science,4,1,100,4,CMPT225
Broc Rossell,English,4.3,14,100,2.8,102W; ENG102W; ENG205; ENG472W; ENGL102; ENGL112W; ENGL205; ENGL212; ENGL387; HUM320; HUM340
Nicola Mulberry,Mathematics,3.2,5,80,4,MATH157
Eleonora Joensuu,Education,4.9,8,100,2,EDUC100; EDUC240; EDUC252
Paula MacDowell,Education,5,3,100,2.7,EDUC100
Kiffer Card,Health Science,4.4,12,91.6667,3.5,HSCI345; HSCI432
Efe Gurcan,Sociology,3.6,10,70,3.2,IS210; IS300; SA325; SA350; SA362
Nicole Scheerer,Psychology,2,1,0,3,PSYC389
Nathan Szymanski,English,4.2,8,87.5,3.4,ENG203; ENGL112; ENGL112W; ENGL203; ENGL207; ENGL310
Dana Greig,Business Administration,2.7,12,41.6667,3.8,BUS426
Alexander Beyer,Political Science,5,1,100,4,POL339
Robyn Long,Education,5,2,100,2,EDUC222; EDUC320
Jakub Burkowicz,Sociology,4.3,15,83.3333,3.1,321; SA100W; SA150; SA150SA250; SA250; SA250SA350; SA321; SA327; SOCI2220; SOCI327; SOCY250
Brian Funt,Computer Science,3.6,37,100,3,101; CMPT102; CMPT361; CMPT412; CMPT461; CMPTXXX; CPMT102
Ian Tietjen,Health Science,4.3,12,91.6667,3.5,HSCI100; HSCI212
Jodie Ann Warren,Forensic Science,3.5,2,100,3,CRIM103
Lynne Quarmby,Science,3,37,100,3.9,BISC403; BISC433; MBB221; MBB231; MBB302; MBB431; MMB221
Michael Silvergieter,Biology,3.3,10,60,3.1,BIO1203; BIO1210; BIOL1210; BISC100; COS126
Ze-Nian Li,Computer Science,2.6,13,0,4.6,CMPT365; CMPT414
Richard Parent,Criminology,1,1,0,4,CRIM7124
Kai Bu,Computer Science,4,2,100,2,CMPT300
Yusuf Tuncer,Mathematics,2.2,5,20,3,MATH154
Adam Barlev,Molecular Biology amp Biochemistry,3.2,13,69.2308,3.7,MBB222
Teo Penkov,Biology,4.8,7,100,1.4,BISC101; BISC202
Rick Gruneau,Communication,4,41,0,3.4,310; 310410; CMN410; CMNS; CMNS240; CMNS310; CMNS310410; CMNS324; CMNS326; CMNS331; CMNS386; CMNS410; CMNS422; COMM386; SPORT
Masoud Shadnam,Business Administration,3.6,3,100,2.3,BUS303; HIST101; ORGA316
Kim Trottier,Business Administration,3.8,11,100,3,BUS321; BUS400; BUS420; BUS421; BUS639
Martin Davidson,Psychology,4,57,100,3,355; 355AND356; 356; 365; PSY106; PSYC106; PSYC355; PSYC355356; PSYC355AND356; PSYC355OR356; PSYC356; PSYCH355
Susan Brook,English,4.1,53,100,3,101W; ENG101; ENG101W; ENG207; ENG342; ENG364; ENG378; ENGL101; ENGL101W; ENGL115W; ENGL207; ENGL342; ENGL364; ENGL378; ENGL440W
David Pajot,French,4.6,15,100,2.2,FREN122; FREN210; FREN211; FREN221; FREN23; FREN301; FREN304; FRENC122; FRENCH122
John Harriss,International Studies,3.4,12,100,4.2,IS00; IS101; IS313W; IS409; IS451
Salahuddin Muntaseer,Computer Science,3.6,20,0,2.7,CMPT120; CMPT125; CMPT126; CMPT128; CMPT150
David Borys,History,3.7,5,50,2.8,HIST102; HIST102W; HIST436
Shora Ebrahimi,Economics,3.8,16,91.6667,3.1,325; BUQU1130; BUQU1230; BUSI1130; BUSI2429; ECON1220; ECON201; ECON2260; ECON325
Eleanor Stebner,Humanities,4.7,9,100,2.7,HUM102; HUM300; HUM330; HUM375
Nancy Khalil,Mathematics,3.5,20,55.5556,3.6,MATH100; MATH152; MATH154; MATH232
George Nicholas,Archaeology,3.9,28,50,3.8,ANTH471; ARCH201; ARCH201INTRO; ARCH332; ARCH455; ARCH471; ARCH471W; ARCH479W; ARCHA471; ARCHINTRO
Rita Santillan,Languages,1.3,6,0,3.3,SPAN102; SPAN103
Apala Guha,Computer Science,2,24,29.1667,2.8,CMPT354; CMPT379
Sonja Luehrmann,Anthropology,3.9,7,66.6667,2.7,SA322; SA345; SA356; SA386
Leonid Chindelevitch,Computer Science,2.7,15,40,3.6,CMPT225; CMPT405; CMPT441; CMPT705
Balbir Gill,Engineering,2.3,6,16.6667,3.3,CMPT371; ENSC327
Jim Delgrande,Computer Science,2.3,33,0,3.8,310; CMPT300; CMPT310; CMPT311; CMPT354; CMPT411
Aisha Ravindran,Education,2.9,13,75,3.1,ENGL112; ENGL1130; FALX99; X99
Dipankar Sen,Science,3.7,20,66.6667,3,MBB222; MBB420; MBB421
Gregory Polakoff,Liberal Studies,4.3,25,100,2.7,ENG101W; ENG105; ENGL216; ENGL233; ENGL364; ENGL465; ENGL468; ENGLENGL; HUM321; HUM322; HUM330; WL100; WL102; WL104; WLALL
Michelle Kline,Psychology,3.5,12,58.3333,2.5,PSY250; PSYC250; PSYCH250
Jay Healey,Criminology,4,24,100,2.6,CRIM101; CRIM220; CRIM300W; CRIM3011; CRIM316
Greg Mori,Computer Science,4.3,41,100,3.1,721; CMPT225; CMPT310; CMPT31O; CMPT419; CMPT726; CMPT891
Cécile Weil,French,4,2,50,4,FREN121; FREN221
Majid Ghorbani,Business Administration,2.7,16,0,2.8,BUS303; BUS374; BUS432
Monica Semeniuk,International Business,1.5,2,0,3.5,BUSN1210
Jonathan Katz,Philosophy,2.9,33,25,3.7,110; DOESTMATTERMA; PHIL100; PHIL100W; PHIL105; PHIL110; PHIL144; PHIL240; PHILLXX1; PHILXX1
Nancy Teeple,Political Science,3.7,4,50,3.3,445W; POL347; POL348
Cathi Shaw,Education,3.9,10,0,2.7,ED100; EDUC; EDUC100; EDUC465463; EDUCATION100; ENG112; FALX99; LFE101
Rebecca Yoshizawa,Gender Studies,4.8,9,100,2.3,CMNS253W; CMNS455W; GSWS210; GSWS318; SOCI3260
Paul Ho,Engineering,3.9,13,75,3.1,832; ENSC380; ENSC832
Jenny Shaw,Anthropology,4.9,9,88.8889,2.6,ANTH1100; SA332; SA356; SA356W; SA375; SA474
Sophie Lavieri,Chemistry,4.1,129,100,2.5,CHEM100; CHEM110; CHEM111; CHEM121; CHEM122; CHEM126; CHEM281; CHEMCHEM
Marc Acherman,English,3.3,16,60,3.6,ENG105; ENGL105; ENGL1127; ENGL207; ENGL2235
Hilary Todd,Criminology,4.7,28,91.3043,2.1,CR101; CRIM101; CRIM1100; CRIM135; CRIM251; CRIM455; CRIM468; CRM251
Jillian Deri,Sociology & Anthropology,4.4,15,100,2.1,150; GSWS1101; GWST223; GWST495O; SA150; SA337; SOCI1125
Dawn MacKey,Kinesiology,5,2,100,2.5,KIN304
Jenny Cory,Biology,4.5,2,100,3,BISC204; BISC435
Srinivas Sura,Biology,5,2,100,3.5,BISC302
Stephen Ogden,English,3,81,0,3.4,ENG101; ENG104; ENG105; ENG206; ENG330; ENG342; ENG383; ENG484; ENGL101; ENGL103; ENGL104; ENGL104W; ENGL105; ENGL206; ENGL340; ENGL341; ENGL342; ENGL357; ENGL383; ENGL436; LIB7001; LIBS7001
Nicole Tunbridge,Biology,4,34,0,3.1,BIO100; BIO102; BIO1110; BIO204; BISC; BISC100; BISC102; BISC204; BISC300; BISC309
Barry Cartwight,Criminology,3.7,38,0,2.3,CRIM100; CRIM101; CRIM103; CRIM104; CRIM131; CRIM1O1D1OO; CRIM220; CRIM300
John Giles,Statistics,1.8,9,11.1111,3.8,STAT201; STATS201
Simon Verdun-Jones,Criminal Justice,4.3,119,66.6667,3,230; 314; CRIM1; CRIM230; CRIM230AN314; CRIM314; CRIMINAL LAW
Jean Hebert,Communication,3.3,14,100,2.9,CMNS110; CMNS253; CMNS253W; CMNS323W; COMM1100; COMM120; TECH101W
Maggie MacAulay,Communication,4,11,62.5,2.5,CMNS342; CMNS353; CMNS455
Meguido Zola,Education,2.7,63,100,2.9,100; CHILDRENSLIT; EDU100; EDU465; EDUC; EDUC100; EDUC100W; EDUC200; EDUC400; EDUC405; EDUC464; EDUC465; EDUC472; EDUC485
Sj Ruuth,Mathematics,3.7,43,33.3333,2.7,MACM316; MATH232; MATH251; MATH310; MATH470
Jiarui Li,Molecular Biology amp Biochemistry,3,7,71.4286,4,MBB331
Ron Zitron,Business Administration,3.6,79,28.5714,3.7,BUS; BUS149; BUS312; BUS312336; BUS314; BUS336; BUS437; BUS473
William Davidson,Molecular Biosciences,4.2,28,50,3.3,MBB; MBB222; MBB321; MBB463
Jeannette Paschen,Business Administration,3,10,50,2.8,BUS341; BUS361; MRKT1199
Richard Ward,Science,3.8,25,85.7143,2.8,303; BPK303; BPK304W; BPK304W303; BPK375; KIN303; KIN303BPK375; KIN304; KIN375304
Laurie Goldsmith,Health Science,2.1,24,66.6667,4.2,305; HSCI305
Michael Wilkinson,Business Administration,5,2,100,5,BUS217W
Daniel Papania,Business Administration,4.2,9,77.7778,2.7,BUS345; BUS445; BUS464; BUS468
Jack Martin,Psychology,4.1,35,50,2.7,308; HISTPSYC; PSY207; PSYC; PSYC207; PSYC308; PSYCH207; PSYCH308
Michael  Nixon,Select department,3,2,50,3.5,IAT206W; IAT309W
Vincent Andrisani,Communication,4.9,12,100,2.5,CMNS321; CMNSM321
David Andolfatto,Economics,3,76,66.6667,3.1,305; ECON304; ECON305; ECON387; ECON410; ECON807; ECS250; MACRO
Iryna Dudnyk,Economics,3.5,101,54.5455,3.2,103; ECO103; ECON103; ECON104; ECON105; ECON2100; ECON302; ECON8500
Lisa Papania,Business Administration,3.6,17,50,2.9,453; BUS238; BUS443; BUS444; BUS446; BUS449
Keir Moulton,Linguistics,4.8,12,100,2.5,LING222; LING282W; LING282WQ; LING301W; LING322; LING480
Gurshant Sandhu,Gender Studies,5,3,100,4.3,ECON103; GEN228; GSWS102
Courtney Szto,Communication,4.5,2,100,2,CMNS324
Chen Shih-Shan,Gender Studies,1,1,0,4,GSWS101
Ameer Abdelhadi,Engineering,4.8,15,93.3333,3.5,ENSC252; ENSC350
Stephen Brown,Kinesiology,3.6,22,25,2.6,140; BKP140; BPK140; BPK340; KIN140; KIN340; KIN481
Nadia Kenareh,Computer Science,5,1,100,3,MATH151
Olympia Koziatek,Geography,5,1,100,3,GEOG251
Anne Higgins,English,3,103,50,3,102W; 111W; 201; ENG102; ENG111; ENG201; ENG306; ENG311; ENG313; ENGL102; ENGL102W; ENGL103; ENGL111; ENGL111W; ENGL201; ENGL306; ENGL311; ENGL377; ENGL404
Ghasem Behfarshad,Engineering,5,4,100,2.5,MSE220; MSE321
Alireza Saremi,Business Administration,1.8,4,25,3.5,BUS336; BUS440
Denise Zabkiewicz,Health Science,2.5,26,28.5714,3.3,HSC307; HSCI307; HSCI555
Jasdeep Chahal,Business Economics,2.7,14,100,3.7,BUS207; BUS478
yael mayer,Psychology,3.7,11,63.6364,3.6,PSYC371; PYSC371
Bhuvinder Vaid,Education,4.3,6,100,2.5,EDUC1100; FALX99; FALX99D021
Barry Honda,Molecular Biosciences,2.4,39,50,3.9,BIO; MBB222; MBB308; MBB331; MBB431; MBB436
Julian Rrushi,Computer Science,2,3,66.6667,1.3,CMPT300
Jennifer Thewalt,Physics,3,65,100,3.4,MBB323; MBB422; PHY102; PHYS102
Ryan Shea,Computer Science,3.9,7,71.4286,3.9,CMPT300; CMPT371; CMPT886
Phil Hanson,Philosophy,3.9,22,100,2.9,PHIL; PHIL110; PHIL201; PHIL203; PHIL302; PHIL331; PHIL357; PHIL455; PHIL802; PHILXXX
Alison Beale,Communication,3.8,9,100,3.1,334; CMNS000; CMNS334; CMNS433
Jordana Gallison,Criminology,3.2,19,100,3.1,101; 6782; CRIM101; CRIM350; CRIM352; CRIM416
Landon Kleis,Business Administration,2,14,14.2857,3.6,BUS361; BUS362; BUS462; BUS468; BUS554
Scott McLeod,Political Science,2.7,11,60,3.1,POL151; POL221; POL222
Eldar Sehic,Business Economics,4.7,74,100,2.2,ECON101; ECON103; ECON105; ECON313
Chang Oh,Business Administration,4,5,100,3.2,BUS346; BUS435
Caleb Tarzwell,Statistics,1,1,0,3,STAT203
Rosemary  Twomey ,Philosophy,3.2,13,61.5385,3.4,PHIL100; PHIL100W; PHIL150; PHIL201; PHILL100W
Timothy Mossman,English,3.4,5,100,3.8,FALX99; WORKS101
Gary Poole,Psychology,4.8,20,100,2.7,100102; 101; PSY100; PSY100P; PSYC; PSYC100; PSYC101; PSYC102; PSYC365; PSYCH100102; PSYCH101
Shawn Jansepar,Computer Science,5,1,100,4,CMPT470
Golnar Sheikhshabbafghi,Computer Science,2.3,3,33.3333,3.3,CMPT225
Craig Janes,Health Science,5,2,100,2.5,HSCI821; HSCI824
Russell Mitchell,Criminology,3.2,7,57.1429,2.9,CRIM135
Miranda Mandarino,Business Administration,4.7,6,100,3,BUS475
Fizzell Maureen,Not Specified,4.5,2,100,2.5,BUS221; BUS251
Greg Feldman,International Studies,3.4,5,100,3.8,IS101; IS110; IS329
Yves.Van Gennip,Mathematics,1,1,0,5,G12MAN
jason leach,Geography,4.8,4,100,2.5,GEO311; GEOG311
Tiffany Werth,English,4.5,35,100,2.9,203; 203W; ENG102W; ENG105; ENG105W; ENG203; ENG2039; ENG410W; ENGL102; ENGL102W; ENGL103; ENGL105; ENGL105W; ENGL203; ENGL310; ENGL315; ENGLISH105
John Bogardus,Social Science,3.8,56,0,3.3,200300; 200LEVEL; 201; 300LEVEL; 302W; AFEW; CMNS260; SA1; SA100; SA100W; SA100WDISTED; SA201; SA201402; SA201W; SA294; SA301402; SA301410; SA302; SA302W; SA402; SA498; SOC201; SOCIO386
Jonathon Wilcke,English,3.1,14,50,2.9,ENG101; ENG102; ENG102E; ENG102W; ENGL102; ENGL102W; ENGLENGL
Dale Montgomery,History,4.9,8,100,3.6,HIST100; HIST1131; HIST213; HIST320
Gavin Paul,English,4.6,18,100,3.1,ARTS001; ARTSONE; ENG100; ENG1000; ENG1202; ENG310; ENG311; ENGL100; ENGL115W; ENGL310; ENGL311; ENGL313; ENGL322
Allen Thornton,Psychology,2.6,18,66.6667,3.4,387; NEUROSCIENCE; PSYC387; PSYCH387
Scott Timcke,Communication,2.9,44,50,3.9,110; 310; 362; CMNS110; CMNS262; CMNS304; CMNS310; CMNS321; CMNS332; CMNS362; COMM101; COMM110; COMM1102; COMS1102
Tara Petrie,Mathematics,5,3,100,3,MATH150
Fariha Naz,Computer Science,1.7,10,20,3.3,CMPT276
Pierre Nguimkeu Nguedia,Not Specified,4.6,7,100,2.6,BUEC333; ECON8710; ECON8740; ECONOMETRICS
Golnar Sheikshab,Computer Science,1.5,26,15.3846,4.1,CMPT225
Kathleen Slaney,Psychology,3,46,20,4.1,207; 308; HIST207; PSYC207; PSYC210; PSYC301; PSYC308; PSYCH207; PSYCHHIST
Patrick Lenouvel,Business Administration,3.7,29,100,3.2,417; BUS410; BUS413; BUS417; BUS418; BUS430
Nora Hope,Psychology,3.2,6,50,2.7,PSYC370
Dolores Van Der Wey,Education,4,1,100,3,EDUC837
May Siksik,Engineering,1.8,4,25,4.8,ENSC351; ENSCI351
Christiaan Muris,Economics,3.6,32,50,3,BUEC301; BUEC333; ECON387; ECON435
Allyson Clay,Fine Arts,2.8,7,100,2.7,CA160; FINA800; FPA000; FPA326; FPA333; FPA360
Annie Ross,Anthropology,2.7,38,66.6667,3.1,ARCH301; FN101; FNST; FNST100; FNST101; FNST322; FNST363; FNST403; FNST433; FPA389; FSNT101
Neil Boyd,Criminal Justice,3.1,47,100,2.8,135; 312; 840; CRIM; CRIM000; CRIM112; CRIM135; CRIM136; CRIM187; CRIM312; CRIM321; CRIM369; CRIM840; SOCPERS
David Dobson,Business Administration,2.6,68,20,3,BUEC23; BUEC232; BUEC336; BUS232; BUS336; BUS345; BUS360
Wing Him Yeung,Business Administration,4.8,30,100,2.9,BUS251; BUS312; BUS320; BUS321; BUS322; BUS413
Marco Faccone,Accounting,5,5,100,3.2,BUS254
Jamie Scott,Biology,2.5,21,20,4.4,426; IMMUNOLOGY; MBB420; MBB426
Margo Moore,Biology,4.2,20,50,3.4,BISC; BISC303; BISC498; MBB221; MBB428
Yaoli Jing,Foreign Languages,4.5,2,100,2.5,CHIN100
Stephen Rochefort,Psychology,4.9,5,100,3.2,PSYC2300; PSYC241; PSYC3314
Breanne Muir,Criminology,1,1,0,4,CRIM131
Jayme Lewthwaite,Biology,3,1,0,3,BISC300
Christina Galeano,Linguistics,3.2,12,100,3.1,LING100; LOVE121
Neil Branda,Chemistry,4.4,54,66.6667,3,281; 282; CHEM281; CHEM282; CHEM282283
Maureen Fizzel,Business Administration,3.4,29,100,3.7,420; BUS201; BUS221; BUS251; BUS319; BUS320; BUS420; CLASSSECT
Lucy Le Mare,Education,3.4,14,50,2.1,EDU322; EDUC322; EDUC605
Christian Phillips,Music,4.3,4,100,1.8,CNTRY101
George Dengin,Art,3.5,2,100,3.5,ECON103; ECON201
Shayna Plaut,International Studies,5,4,100,3.8,IS319; IS419
Sean Blenkinsop,Education,4.8,2,100,3.5,DIAL390; EDUC240
Kaveh Rayani,Biomedical Physiology & Kinesiology,5,1,100,2,BPK142
Felix Breden,Biology,2.6,36,100,2.6,100; BIO202; BIOL; BISC100; BISC202; BISC400; BISC422
John Falvey,Business Administration,4.7,3,100,2.3,BUS345; BUS435
Mary Kropinski,Mathematics,3.2,31,100,3.4,MACM203; MACM316; MATH100; MATH152; MATH240; MATH252; MATH310; MATH314; MATH462
Jens Bauch,Mathematics,3.1,12,100,3.7,MATH150; MATH151
Brianna Turner,Psychology,4.5,11,100,2.9,PSY260; PSY371; PSYC365; PSYC371; PSYC391
"Haitao ""Tony"" Xiang",Economics,3,31,63.6364,2.8,2110; ECON103; ECON105; ECON1250; ECON210; ECON291; ECON310
Georgi Boichev,Economics,2.4,45,0,3.5,355W; ECON103; ECON201; ECON224; ECON301; ECON335W; ECON355; ECON355W; ECONUA291
Theryn  Fleming,Communication,1.8,4,0,1.5,CMNS455
Richard Vaughan,Computer Science,3.5,41,80,3,CMPT118; CMPT127; CMPT128; CMPT300; CMPT431
Xiaowen Lei,Economics,5,2,100,4,ECON305
Robin Barrow,Education,3,26,100,3.3,DEANOFED; ED230; EDU230; EDUC; EDUC220; EDUC230; EDUC433; EDUC471; ENG433
Steve Marshall,Education,4.9,8,100,1.3,EDUC856; FALX99
Nicholas Harden,Molecular Biosciences,3.8,15,100,3.1,BIOLGQEQE; MBB331; MBB402; MBB440
Donald Gutstein,Communication,2.6,71,0,3.8,235; 261; CMNS110; CMNS235; CMNS261; CMNS435; TWOCMNS
Ali Forghani,Kinesiology,2.4,15,0,3.6,EDKP208; KIM201; KIN101; KIN201
Louise Legris,Management,1,1,0,3,CPRA210
Frank Gao,Economics,1.8,13,15.3846,4,ECON103
Megan Humphrey,Sociology,3.5,5,100,3.2,SA302; SA302W; SA321
Anja-Lina Wamser,Business Administration,3.7,3,66.6667,4,BUS489; MARK1120
Zorana Svedic,Business Administration,4,62,50,2.7,272; BUS201; BUS237; BUS272; BUSMIS; COMM292
Owen Ware,Philosophy,4.8,5,100,2.4,PHIL120; PHIL120W; PHIL358
Josh Labove,Geography,4.4,11,100,2.5,CPPA125; GEO381; GEOG102; GEOG221; GEOG381; GEOG387
Gordon Rein,Business Administration,3.2,10,70,2.5,BUS201; BUS341; BUS343; BUS446; REIN97694
Bob Neubauer,Communication,3.5,2,0,3,CMNS349
Donna Tafreshi,Psychology,4.5,12,91.6667,3.3,PSYC210; PSYCH210
Wayne Beggs,Geography,2.3,4,25,3.5,GEOG362; GEOG383
Rachel Treloar,Sociology,3.6,4,100,3,SA100W; SA203; SA340
Benita Bunjun,Sociology,3.6,8,100,4.1,SA100; SA100W; SA150; SA304
Zabrina Brumme,Health Science,3.7,4,50,3.5,HSCI478
Greg Simmons,Criminology,4.4,13,100,2.4,302; CRIM101; CRIM302; CRIM336
Chris Schmidt,Computer Science,1.6,9,100,4.1,CMPT120; CMPT165
Killian Kleffner,Psychology,5,1,100,3,PSYC391
Chantal Faucher,Criminology,3.8,13,66.6667,3.2,CRIM103; CRIM213; CRIM220; CRIM301; CRIM332
Iris Geva-May,Political Science,2.3,18,100,3.5,459; EDUC325; EDUCEDUC; POL459; POL463; POLICYANDPROC; UNSPEC
Tyler Wereha,Psychology,4.7,48,88.8889,3,354; 354AND385; 385; 8529; PSYC1100; PSYC250; PSYC300; PSYC354; PSYC385; PSYCH221; PSYCH354
Lorene Linklater,Business Economics,2.9,16,50,3.7,BUEC232; BUS232
Rebecca Carleton,Criminology,3.9,50,100,2.7,101; CRIM100; CRIM101; CRIM1013; CRIM104; CRIM220; CRIM230; CRIM300; CRIM320; CRIM321; CRIM402
Hayley Lagroix,Psychology,3,2,50,1,PSYC303
Elliot Goldner,Health Science,4.6,27,100,1.9,214; HSCI214; HSI214
Bruce Whittlesea,Psychology,2.7,60,100,4.2,325; MEMORYANDMIND; PSUC325; PSY325; PSYC201; PSYC201W; PSYC325; PSYCH; PSYCH101; PSYCH201; PSYCH325; PSYCMEMORY
Angelpreet Singh,Education,4,4,75,2.8,EDU341; EDUC341
Mario Liotti,Psychology,2.7,26,0,3.2,325; PSYC325; PSYC382; PSYC389; PSYC391; PSYC482980; PSYCH325; PSYCH391; PSYCH482
Jennifer Trew,Psychology,2.7,4,75,3.2,PSYC391
Wo-Shun Luk,Computer Science,1.9,33,100,3.6,CMPT354; CMPT454; CMPT600; CMPT740
Snjezana Huerta,Psychology,3.1,35,71.4286,3.4,PSYC210; PSYC308
Kirill Gostaf,Mathematics,4.5,23,100,3,MACM316; MATH130; MATH232; MATH310
Kim Lajoie,Kinesiology,4,11,0,2.5,BPK207; KIN140; KIN207
Simon Chilvers,Labor Studies,4.8,4,100,3.5,301W; LBST301W
Wanda Cassidy,Education,2.8,13,0,3.3,820; EDUC; EDUC444; EDUC446; EDUC448; EDUC816; EDUCGOO1; SOCSTU
Michael Newton,Asian Studies,4.1,34,33.3333,2,ACS102; ASC102; ASC201; ASC400; ASIA0000; ASIA100; HUM130; HUM230; HUM331; HUM340; HUMS353
Stan Anonby,Linguistics,4,1,100,2,LING160
Andrew McGee,Economics,2.8,39,0,4.2,ECON201; ECON2D200; ECON301; ECON399; ECON482
Cari Miller,Health Science,3,8,100,3.1,HSCI340; HSCI431; HSCI481
Dayna Woiwod,Psychology,4.4,5,100,2.6,PSYC268; PSYCH268
Michele Valiquette,English,3.5,51,50,3.1,ENG199; ENG199W; ENGL199; ENGL199W; ENGL210; ENGL212; ENGL371; ENGLD200; ENGLISH210
Linda Lee,Business Administration,3.3,6,50,3.5,BUS448; BUS449
Paul Macdonald,Biology,5,1,100,3,BISC407
Igor Herbut,Physics,4.8,2,100,3.5,PHYS344; PHYS415
David MacIntyre,Fine Arts,3.5,38,100,3.7,ABABDTTT; COMP; FPA000; FPA111; FPA245; FPA246; FPA285; FPA345; FPA346; FPA445; FPA446; FPA489; FPA883; FPASECT; GEOG246; MUSIC; MUSIC245
Viviane Josewski,Health Science,2,2,0,2,HSCI340
Hilary Morden,Criminology,2.6,76,52.6316,4.2,101; 103; 104; CRIM; CRIM101; CRIM103; CRIM220; CRIM300W; CRIM321
Adam Mills,Business Administration,4.6,31,100,2.2,BUS343; BUS446; BUS449; BUS466; BUS478; BUS556; BUSBUS
Jing Li,Business Administration,3.6,9,100,2.8,BUS346; BUS435
Gabriel Lariviere,Philosophy,2,1,0,5,PIHL120W
Blake Sylvia,Communication,3.6,4,100,3.2,CMNS230; CMNS333
Aidan Fortier,Criminology,1,2,0,3.5,CRIM101; CRIM301
John Peloza,Business Administration,4.5,9,0,3.6,BUS448; BUS449; EMBA600; MBA610; MKTG448
Songzi Du,Economics,3.9,18,100,2.9,302MICRO; 383; ECON302; ECON383
Susan Petrina,Business Administration,4,2,100,3,BUS202
Anjali Bal,Business Administration,4.8,5,100,2.4,BUS343; BUS345; BUS448
Colin Hawes,Business Administration,4.6,5,100,2.4,BUS393
Moses Zitron,Business Administration,4,2,100,2,BUS312; BUSD100
Jodi Viljoen,Psychology,4.4,10,100,2.6,PSYC201; PSYC210; PSYC379; PSYCH201
Peter Liljedahl,Mathematics,4,3,50,3,EDUC475; MATH190
Alison Kermode,Biology,3.6,18,100,2.5,BISC; BISC366; BISC431; BISC457; MBB221
Vighen Pacradouni,Physics,2.7,16,100,3.2,PHY101; PHYS100; PHYS101
William Glackman,Criminology,1.8,2,0,4.5,CRIM220
Faran Ali,Geography,3.6,74,75,2,102; 111; GEGE111; GEGO102; GEGO111; GEO102; GEO111; GEOG102; GEOG111; GEOG251; GEOG311
Eugene Chu,Molecular Biosciences,4.3,21,50,3.2,BIOL110; MBB222
Prashant Shukla,Business Administration,4.7,3,100,2.3,BUS401; BUS478
Shan Wu,Communication,3.6,3,0,2,CMNS221; CMNS310
Gretchen Hernandez,International Studies,3.5,2,50,4,DEVS201; GEOG100
Ashley Hewitt,Criminology,4,2,50,3.5,CRIM316; ENGL454
Sukhwant Rathour,Business Administration,4,2,100,2,BUS237
Jenny Scott,Health Science,4,1,100,2,HSCI412
Steph Dawson,Criminology,4.1,12,77.7778,3.4,CRIM131; CRIM320; CRIM413
Dawn North,Criminology,3.7,4,50,3,CRIM131; CRIM180
Stephanie Bertels,Business Administration,4.4,4,100,2.8,716; BUS303; BUS735
Dave Hunt,Criminology,4.3,33,100,3.2,CRIM241; CRIM300; CRIM312; CRIM335; CRIM343; CRIMCRIM
Cameron Morland,Mathematics,1.4,30,50,4.4,100; FANX99; MATH100; MATH130; MATH310
Robert Bittner,Women's Studies,3.3,2,100,2,GSWS100; GSWS319
Jill MacIntosh,Philosophy,2.4,36,50,4.2,PHIL001; PHIL100; PHIL105; PHIL110; PHIL144; PHIL331; PHILL144; PHILXX1
Julia Aoki,Communication,4.7,6,100,3.3,240; CMNS221; CMNS240; CMNS261
Jenny Wong,Chemistry,2.4,20,33.3333,3.9,CHEM102; CHEM121; CHEM122; CHEM122126; CHEM126
Josephine Anthony,Kinesiology,2.7,31,100,4.4,BPK325; BPK426; KIN325; KIN326; KIN326336; KIN336; KIN426; KINE325
Michael Picard,Cognitive Science,2.9,3,100,3.3,COGS100
William Glackman,Criminal Justice,1.8,12,0,3.4,CRIM103; CRIM220
Mirjam Gollmitzer,Communication,1.3,3,0,4.3,CMNS253; CMNS432
Ivor Winton,Geography,3.4,194,100,4.1,GEO100; GEO300; GEOG100; GEOG101; GEOG300; GEOG382; GEOGGEOG
Alan Jones,Business Administration,2.7,7,0,3.9,BUS202
Ali Madooei,Computer Science,5,2,100,2,CMPT102; CMPT126
Debopam Das,Linguistics,1.8,14,100,4.4,160; LING100; LING160
Tasneem Pirani-Sheriff,Biomedical Physiology  Kinesiology,2,1,100,1,BPK110
Richard Harris,Economics,2.7,29,100,3.4,ECON102; ECON103; ECON105; ECON282; ECON382; ECON403; ECON446; ECON807; TRADE
Mehrdad Moallem,Engineering,3.9,4,100,3.3,MSE312; MSE450
Alexander Dawson,History,4,39,100,3.3,209; HIS208; HIST208; HIST209; HIST219; HIST251; HIST265; HIST324; HIST455; HIST459W; HIST549; HISTORY320; HST208
Shawn Stapleton,Engineering,3.5,10,100,3.6,ENSC380; ENSC426; ENSC810
Tom Walker,Labor Studies,4.3,2,100,3.5,LBST309
Laura Campbell,Gender Studies,5,1,100,2,GSWS101
Stephen Buckley,Labor Studies,3,3,33.3333,4,LBST310
Leah Esplen,Kinesiology,2,23,50,3.8,
William Cupples,Kinesiology,3,14,50,3.4,BPK306; BPK801; KIN306; KIN496
Scott Drake,English,5,2,100,3,ENGL101; ENGL112W
Fabio Campi,Engineering,4.4,24,50,2.1,215; 351; ENSC; ENSC180; ENSC350; ENSC450; ENSCXXX
Sharka Stuyt,Business Administration,4.3,2,100,3,BUS238; BUS477
Cyril Thong,Biology,4.5,108,100,3.3,BIO; BIO101; BIO101L; BIO101LAB; BISC101; BISC101LAB; COOL101
Neil Madu,Criminal Justice,3.3,32,0,2.3,365; COS220; CRIM369
Irene Botosaru,Economics,2.2,11,50,3.7,333; BUEC333; ECON431
Tina Sikka,Communication,3.1,8,0,3,CMNS110; CMNS130; CMNS223; CMNS223W; CMNS455
Stephen Elliott-Buckley,Labor Studies,2.5,2,50,4,LBST310
Kenneth Lam,Economics,3.5,6,100,3,383; ECON105; ECON305; ECON383
Andrew Bruce,Literature,4,1,100,3,WL104W
Susan O''Neil,Education,2.8,4,0,3.3,EDUC252; EDUC399; EDUC866
Terri Evans,Geography,3.8,12,100,2.5,GEO261; GEOG261; GEOG264; URBAN
Roberto Dosil,Not Specified,4.1,5,100,2.4,PUB231; PUB330; XXX
Scott Kristjanson,Computer Science,4.7,13,100,1.8,CMPT125; CMPT126; CMPT135
John Manning,Biomedical Physiology  Kinesiology,5,1,100,3,BPK207
Sean Broadbent,Geography,4.3,2,100,3,GEOG426
Sitara Thobani,Gender Studies,3,1,0,4,GSWS200
Michael Gordon,Education,5,1,100,1,EDUC100
Sitara Thobani,Sociology  Anthropology,5,1,100,1,SA101
Bryan Monk,Criminology,4.8,2,100,2.5,CRIM135; CRIM480
Robert Menzies,Criminal Justice,3.5,39,100,3.3,101; 314; CRI101; CRIM; CRIM100; CRIM101; CRIM203; CRIM314; CRIM862; HIST1100; HUM382; INDIANHISTORY; MENTDIS; SA210; SA250
Michael Eikerling,Chemistry,3,30,0,3.4,CHEM110; CHEM111; CHEM122; CHEM281; CHEM360; CHEM465; CHEM465865
Michael Howard,International Studies,2.5,37,100,3,HONORS2050; IS230; IS303; ISD100; SA; SA275; SA450
Sherri Brown,Political Science,3.7,17,100,3.3,POL; POL223; POL241; POL327; POL329; POL343; POLI327
John Bird,Engineering,2.4,54,0,3.5,ENC320; ENSC100; ENSC101; ENSC220; ENSC320; ENSC380
Chia-Chi Shen,Finance,3.1,7,50,2.9,315; BUS315
Christie Spry,Environmental Science,2.8,8,0,3.5,EVSC100
Steven Brown,Psychology,4,59,100,2.7,BIOPSCY; BIOPSYC; KIN140; KIN340; KIN342; KIN382; KIN481; PSYC; PSYC106; PSYC221; PSYC280; PSYC382; PSYCH221; PSYCH280; PYSC106
Peter Nelson,Economics,5,3,100,3.3,ECON201; ECON302
Maggie Squires,Geography,2.5,23,100,3.7,312; EXPL110; GEO312; GEOG312; NATURALHAZARDS
Derryl MacLean,History,3.9,53,100,3.4,352; HIS249; HIST; HIST249; HIST252; HIST302; HIST347; HIST349; HIST351; HIST352; HIST469; HIST490; HISTHIST; HISTORY; HST249; HST252
Catherine Wilson,Psychology,3.7,8,100,1.9,PSYC102; PSYC331; PSYCH102
Barry Worsfold,Gerontology,2.5,6,0,3.2,GERO; GERO300; GERO302; GERO413
Ozlem Sensoy,Education,3.2,7,100,4.3,EDUC382; EDUC445; EDUC446; EDUC448; EDUC864; EDUCATION382
Dianna Mawson,Counseling  Educational Psych,5,1,100,4,EDUC872
Stephen Duguid,Humanities,3.5,16,100,3.3,HIST101; HUM101; HUM350; LS812
Sasha Colby,English,4.7,14,100,3,ENG101; ENGL; EXPL120; LS800; WL100
Julian Brooks,History,4.7,5,100,3,HIST130; HIST151; HIST307
Dominique Falls,Sociology,5,11,100,1.8,SA250; SA353; SOC250; SPSC1105
Marcos Moldes,Communication,4.9,6,100,2.8,CMNS235; CMNS452
M.D. Caroline Lefebvre,Anthropology,1.6,10,100,4.9,441; EDU441; EDUC; EDUC230; EDUC441
Mehrdad Oveisi,Computer Science,4.1,6,50,2.8,CMPT310; CPSC210; UBCCPSC210
Tim Hargrave,Business Administration,4.2,3,100,2,BUS374
Firuz Demir,Physics,2.7,28,100,3.4,100; PHY100; PHYS100; PHYS131; PYS100
Tom Grieve,English,4.1,33,100,3,101W; 102340; 105; 105W; 150W; ENG; ENG102; ENG105; ENG105W; ENG207; ENG338; ENG366; ENGL101W; ENGL105; ENGL207; ENGL338; ENGL364; ENGL465; ENGLISH; ENGLISH338
Bob Hackett,Communication,3,26,0,3.7,CMNS331; CMNS437; CMNS486804; CMS437; LAS140; NEWSPAPERS
Lisa Droogendyk,Psychology,4.1,16,50,2.7,363; PSYC1100; PSYC260; PSYC363; PSYC366
Jade Boyd,Gender Studies,5,2,100,2,GSWS204; SA356
Anthony Dixon,Computer Science,4.1,139,100,3.8,250; CMPT110; CMPT150; CMPT205; CMPT250; CMPT295; MACM101
Roger Hayter,Geography,2.9,27,0,3.2,221; 497FEILDENG; GEO221; GEOG220; GEOG221; GEOG323; GEOG426; GEOGFEILDSTUD
Karen Yeats,Mathematics,3.4,26,100,3.9,MACM201; MATH240; MATH447
Charles-Louis Labrecque,Political Science,4.2,3,-1,3,POL251; POL349
Shamshad Khan,Communication,3.7,3,-1,3,CMNS223; CMNS346; COM4813
Carole Gerson,English,4.5,8,-1,2.6,CANADIANLIT; ENG455; ENGL105; ENGL354; ENGL435
Dirk Kirste,Earth Science,3.4,22,-1,3.3,EASC106
Angela Brooks-Wilson,Kinesiology,4.8,5,-1,2.4,BPK420; KIN140
Yen  Cheng,Biomedical Physiology  Kinesiology,4.1,9,-1,3.9,205; BPK205
Jacqueline Jordan,Design,1.5,1,-1,1,IAT210
Akin Akinwumi,Geography,4.3,13,-1,3.2,241; GEO100; GEO261; GEOG100; GEOG241; GEOG261
Jenny Steinke,French,4.5,1,-1,2,FREN120
Douglas Edward Ross,Archaeology,4,8,-1,3.1,273; ARCH100; ARCH223; ARCH272; ARCH273
Margaret Jackson,Criminology,4.9,4,-1,1.8,CRIM416; CRIM440
Modupeoluwa Jebutu,French,2.5,3,-1,3,FR122; FRENCH122
Elizabeth Blackwood,Political Science,4,5,-1,3.6,LBST101; POL343
Blake Byron Walker,Geography,5,1,-1,4,GEOG355
Sherry Mumford,Criminology,5,1,-1,5,CRIM440
Michel Joffres,Health Science,3.6,52,-1,1.9,140; HLSC211; HSC140; HSCI140; HSCI211; HSCI330
Kseniya Garaschuk,Mathematics,4.8,4,-1,2.8,FANX99; MATH100
Peter Horban,Philosophy,3.6,297,-1,3.6,PHIL001; PHIL001100110; PHIL1; PHIL100; PHIL100W; PHIL101; PHIL110; PHIL120; PHIL240; PHILLOTS; PHILXX1
Karl Froschauer,Sociology,2.9,42,-1,2.8,SA100; SA100SA300; SA100W; SA150; SA150C; SA300; SA350; SAD100; SOC100; SOCIOLOGY100
Craig Asmundson,Kinesiology,3.8,35,-1,2.6,BPK142; KIN142; KIN152; KINKIN
Iain Begg,Business Administration,2.3,2,-1,2,BUS314
Harun Kurkcu,Mathematics,3,14,-1,2.4,MATH130; MATH152; MATH157
Cherlynn Bassani,Sociology,2.5,12,-1,2.8,IS240; POL201; SOC1125; SOC324; SOCIO2260
Peter Morelli,English,5,1,-1,4,ENG486
Janet Sturgeon,Geography,2.4,26,-1,2.9,389; CLASSSECT; GEO241; GEOG241; GEOG241389; GEOG389; GEOG468; GEOGGEOG
Robert Christie,Film,3,1,-1,3,FPA135
Karen Robson,Business Administration,2.4,10,-1,3.4,BUS341; BUS343
Lisa Helps,Criminology,4.5,1,-1,4,CRIM319
Kivanc Tatar,Fine Arts,2.5,1,-1,1,FPA149
Michelle Iorio,Business Administration,4,18,-1,2.7,BUS254
Carol Wenzel,Biology,3,17,-1,3.5,202; BIO202; BIOT4260; BISC; BISC100; BISC202; BISC303
John Jones,Engineering,4.5,50,-1,2.1,100; ENSC100; ENSC100W; ENSC101; ENSC106; ENSC201; ENSC330; MSE102
Carl Schwarz,Statistics,4,18,-1,3.2,STAT201; STAT300; STAT301; STAT302; STAT340; STAT342; STAT403; STAT430; STATS201
Alexei Kochetov,Linguistics,2.7,28,-1,4.2,221; LIN100; LING; LING110; LING221; LING221321; LING321; LING321PHONO; LING441; LINGUISTICS221
Tirthankar Bose,English,4,20,-1,2.7,103; 316; EBG380; ENG; ENG103; ENG205; ENG312; ENGL; ENGL103; ENGL205; ENGL312; ENGLISH; ENGLISH20
Ian Chunn,Communication,2.3,86,-1,3.4,110; CMNA372; CMNS103; CMNS110; CMNS130; CMNS130W; CMNS372; COM101; COM130W; MACS130
Jennifer Pink,Psychology,4.1,9,-1,2.6,362; PSYC362
Graham Lyons,English,1.8,2,-1,5,ENG100; ENG207
Bettina Cenerelli,French,4.6,5,-1,3.4,FRD; FREN245; FREN344
Tyler Herrington,Geography,3.3,3,-1,3.3,GEOG214
Bersant Hobdari,Economics,3.2,55,-1,2.8,382; BUEC280; CMNS383; E342; E381; ECON260; ECON305; ECON342; ECON381; ECON3814; ECON382; ECON382383; ECON383
Freda Eddy Sumeke,Business Administration,2.2,100,-1,4,291; BUS312; BUS316; BUS316E; BUS410; BUS418; BUS418E; ECON1250; ECON290; ECON29091; ECON291; ECON302; MICROS13
Robert Grauer,Business Administration,2.8,21,-1,4.4,BUEC817; BUS000; BUS315; BUS826
Elspeth Pratt,Fine Arts,3.6,10,-1,2.8,FPA160; FPA161; FPA260; FPA261; FPA460
James Thompson,Linguistics,2,13,-1,3.9,221; 221100; 221D100; LING221; LING222
Khaled Hamdan,Geography,3.7,11,-1,2.2,GEO202UFV; GEO2140; GEO215; GEOB102UBC; GEOG215; GEOG317; GEOG417
Masood Kamlani,Business Administration,3.1,62,-1,3.4,254; ACCT254; ACCTD200; BUS251; BUS254; BUS272; BUS321; BUS322
Jonas Jankauskas,Mathematics,2.2,13,-1,3.9,MATH115; MATH152; MATH215
Monica Escudero,International Studies,3.2,28,-1,3.3,LAS; LAS100; LAS100322; LAS140; LAS312; SA100; SPAN102; SPAN103
Jana Vamosi,Biology,3.8,4,-1,3,BISC300; PLBI327
Nick Athey,Criminology,4.3,20,-1,2.7,104; CRIM101; CRIM104
Penelope Deck,Kinesiology,3.9,79,-1,3.1,140; BPK110; BPK140; HSCI100; KIN110; KIN110140; KIN140; KIN140D; KIN140INT; KIN142; KIN306
Joe Qranfal,Mathematics,1.4,27,-1,4.2,1571234; 310; MATH152; MATH157; MATH232; MATH251; MATH310
Brian Booth,Computer Science,3.6,4,-1,5,CMPT300
Ying Wai Tang,Computer Science,1.8,3,-1,4,CMPT165
Joanna Amirault,Criminology,3,4,-1,3.8,CRIM3000; CRIM314; CRIM316; PSYC3001
D. C. Merrett,Archaeology,3.3,4,-1,2.5,ARCH322; ARCH334; ARCH344
Abby Kolb,Criminology,4.3,13,-1,3.5,300; 300W; 400W
Greg Felbman,International Studies,5,1,-1,3,IS101
Stewart Parker,International Studies,4,1,-1,3,IS220
 Dimitra  Panagiotoglou,Health Science,5,1,-1,1,HSCI305
R.Craig Asmundson,Kinesiology,4.1,57,-1,3.1,142407; BPK142; BPK143; KIN142; KIN142C; KIN407; KINES142
Dolores Van Der Wey,Education,2.9,9,-1,3.1,ABC311; EDU311; EDU395; EDUC311; EDUC341
Meg Krawchuk,Geography,2,1,-1,4,GEOG215
Phyllis MacIntyre,Business Administration,1.3,11,-1,3.5,BUS207; BUS272
Elic Chan,Sociology,4.5,5,-1,3,1120SOCIOLOGY; SA322; SOCI1120; SOCIO210
Zhaosong LU,Mathematics,2.3,4,-1,3.8,150; MACM316; MATH151
Catherine Murray,Communication,2.7,75,-1,3.5,CMNS130; CMNS230; CMNS333; CMNS363; CMNS432; COM130; GSWS; WS410
Jessie Singh,Business Administration,4.5,2,-1,3,BUS478
Ming Li,Finance,3.8,2,-1,3.5,BUS316
Mohammed Akbar,Economics,2.6,132,-1,2.6,ECON103; ECON1150; ECON210; ECON232; ECON305; ECON355; ECON355W; ENTR3150; MATH2312; MICRO100; MICROECON
Tom Brown,Mathematics,2.4,49,-1,3.1,303; BUS303; CAL151; MA151; MACM201; MATH151; MATH152; MATH232; MATH438; MATH495
Anne Ahmad,Communication,4.1,25,-1,3.1,135; CMNS; CMNS130; CMNS426; CMNS473; GD131
Chiaka Drakes,Mathematics,3.9,42,-1,3.6,CACL251; CALC251; MATH100; MATH150; MATH152; MATH157; MATH158; MATH251; MATH310; MATHS310
Martin Behr,English,1.5,5,-1,4,ENG101; ENG105; ENG199; ENG199W; ENGL101
Bernie Maroney,Business Administration,3.6,50,-1,3.6,BUEC232; BUEC232BUS336; BUS207; BUS207D200; BUS336; BUS345; BUS443; BUS447; BUS473; BUS477; ECON336
Rishma Johal,Women's Studies,3.2,5,-1,3.6,ENG101; GSWS101; GSWS102
Ester Tejeda,Languages,4.2,33,-1,3.4,FREN; SAPN102; SPAN; SPAN102; SPAN103; SPAN201; SPAN202; SPAN305
Cindy Barha,Psychology,4.3,3,-1,4,325; PSYC325
Kim Lockhart,Education,5,3,-1,2.7,380; EDUC380
Gilliam Smith,Education,4,1,-1,2,EDUC423
Jane  Huang,Computer Science,1.7,27,-1,3.8,125; CMPT125; CMPT354; MACM101
Stewart Marshall,Accounting,4,1,-1,3,BUS251
Colin Green,History,5,7,-1,2.3,255; HIST254; HIST255; HISTORY254
Pavol Hell,Computer Science,4,36,-1,3.5,307; CMP307; CMPT307; MACM101; MACM201; MATH343
Zita McRobbie,Languages,3.8,26,-1,2.7,130; LING130; LING220; LING221; LING309; LING321; LING330; LING401; LING407; LING409; LINGUISTIC
Colin Weir,Mathematics,3.6,10,-1,2.5,152; MATH152
Ravi Neelakantan,Chemistry,4,1,-1,3,CHEM121
Ayaka Iwase,Communication,3.3,2,-1,2,262; CMNS262
Joy Palacios,French,5,1,-1,1,FREN441
Navid Alam,Mathematics,3,1,-1,5,MATH155
Wang Tang,Computer Science,4,1,-1,2,CMPT165
Giuseppe Danese,Economics,2.5,4,-1,4,354; ECON260; ECON354
Qian (Michelle) Zhou,Statistics,2.1,23,-1,3.3,201; STAT101; STAT201; STAT285; STAT330; STAT445; STATS101; STATS201
Norm O'Rourke,Psychology,2.7,25,-1,3.6,106; GER; GER301; GERO; GERO300; GERO301; GERO400; GERO409; GERO411; PSYC106; PSYCH106
Mohamed Touahria,French,3.4,6,-1,2.3,221; FREN100; FREN210; FREN211; FREN221
Gary Harris,Fine Arts,3.6,17,-1,2.2,170; FPA170; FPA171; TECH171
Michael Hiatt,Biochemistry,3.1,4,-1,3.5,MBB231
Amir Farahani,Physics,4.5,15,-1,2.5,121; PHYS100; PHYS101; PHYS115; PHYS121; PHYS131
Margaret Cobbett,Geography,2.5,3,-1,3.3,GEOG312
Colleen Collins-Dodd,Business Administration,3.5,6,-1,3,343; BUS345; BUS347; BUS754; MOTMBA
Jessica Stanley ,Psychology,4.1,4,-1,2.8,241; PSYC241
Gregory Cetnarowski,Chemistry,5,2,-1,3,CHEM261; CHEM371
Andrea Nicki,Health Science,3.6,27,-1,2.6,HSCI319; HSCI319W; HSCI327; WMS316; WS316
Momcilo Deretic,Not Specified,4.5,6,-1,2.2,BUS478; COMM491; D100
Camille Panier,French,4.3,6,-1,2.3,FREN210; FRENCH210
Timothy  Michel,Education,3.8,4,-1,2,EDU100; EDUC100; EDUC100W; EDUCATION100W
Chris Bastone,Computer Science,2.8,13,-1,3.2,CMPT320
Gordan Djurdjevic,Asian Studies,3.6,14,-1,1.9,ASC202; EXPL140; HUM130; HUM201; HUM300S; HUM331; HUM332; HUM409; HUM422
Tracey Leacock,Education,2.6,14,-1,3.1,COGS100; EDUC220; EDUC222; EDUC320
Keshav Mukunda,Mathematics,4,41,-1,3,FALX99; FANX99; MATH100; MATH1201; MATH150; MATH151; MATH152; MATH155; MATH157; MATH197; MATH232
Ben Woo,Communication,2.2,5,-1,4.6,CMNS223; COMM1101
Neil Abramson,Business Administration,2.5,31,-1,4,478; BUS340; BUS478; BUS710; BUSINESS
Allan Majdanac,Mathematics,5,4,-1,2.3,MATH150; MATH2260
Scott Briscoe,Biology,3,53,-1,3.9,222; BIS202; BISC100; BISC202; BISC303; MBB221; MBB222; MBB231
Marianne Jacquet,Education,4.5,3,-1,2.3,482; EDUC382
Ray Jennings,Philosophy,3.6,60,-1,3.6,210; 210314; LOGICMANY; PHIL210; PHIL210214; PHIL214; PHIL280; PHIL300; PHIL310; PHIL314; PHIL3XX
Stephen Makonin,Computer Science,4.4,11,-1,1.5,165; CMPT165
Senem Oz,French,4.8,6,-1,1.2,FREN120
Robert Hanlon,Political Science,4.4,17,-1,2.6,D300; IS100; IS101; IS201; POL100; POL101; POL101W; POL201; POL373; POL448; POLI101; POLI231
Philippe Giabbanelli,Computer Science,3.2,47,-1,4.4,CMPT120; CMPT225; CMPTD200
Morten Jerven,International Studies,3,42,-1,3.8,IS101; IS220; IS2220; IS324; IS429; IS450; IS800; IS802; ISA
Christina Neudorf,Geography,2,1,-1,4,213
Scott Marsden,English,5,5,-1,2.2,ENG105W; ENG10XW; ENG199; ENG199W; ENGL101
Ehor Boyanowsky,Criminology,3.1,38,-1,3,CRIM103; CRIM130; CRIM135; CRIM301; CRIM313; CRIM319
Benoit Brisson,French,5,1,-1,4,FREN321
Adam Cotterall,Not Specified,3.8,10,-1,2.4,374; BUS272; BUS374
Lindsay Meredith,Business Administration,3.2,16,-1,3.3,BUS344; BUS444; BUS446
Paul Warwick,Political Science,3.4,13,-1,2.9,1S210; IS240; IS419; POL; POL201; POL431; POL830; POLISCI4; POLYSCI
Ruiwen Chen,Computer Science,4.1,9,-1,2.3,CMPT125; CMPT126; CMPT470
Andrew Gemino,Business Administration,4.3,40,-1,3.1,201; 237; BUS; BUS201; BUS232; BUS237; BUS361; BUS364; BUS462; BUS468; BUS554
Darby Thompson,Statistics,4.6,18,-1,2.2,STAT203; STAT302; STAT305; STATS302; STATS305
Tariq Nuruddin,Computer Science,1.5,12,-1,3.9,CMPT150; COM100; MATH112
Mary Chong,Accounting,3.4,7,-1,3.6,AUDIT; BUS254; FMGT3410; FMGT4410
Dorota Salvail,Criminology,5,3,-1,2,CRIM101; CRIM135; CRIM315
Martin Kitchen,History,2.8,15,-1,3.4,HIST; HIST201; HIST225; HISTORY; HST205
Brandon Marriott,History,3.3,4,-1,3.8,HIST130; HIST151
Karen Davison,Health Science,5,1,-1,4,HSCI140
Oksana Chkrebtii,Statistics,2.7,6,-1,2.8,STAT203; STATS203
Marco Espinoza,Education,3,2,-1,3,370
Albert Curzon,Physics,2.5,48,-1,4.2,221; P102; PHY102; PHYS101; PHYS102; PHYS211; PHYS221; PHYS346; PHYSICS101; SILLY
E.O. Boyanowsky,Criminal Justice,2.5,113,-1,3.3,319; CRIM103; CRIM301; CRIM313; CRIM416; CRIMPSYC
Brooke Seal,Psychology,3.8,21,-1,3.1,102; PSYC102; PSYC371; PSYCH102; PSYCH371
Graeme Coetzer,Business Administration,2.7,33,-1,2.6,BUS251; BUS271; BUS272; BUS487; BUS488
Nick Mitrou,Kinesiology,5,1,-1,2,BPK305
Rosemary Cornell,Biochemistry,1.7,13,-1,4.4,322; MBB322; MBB422
Doug Wilson,Science,4.8,22,-1,2.3,329; BISC307; BISC307329; BISC329; BISC329307
Brian Pendleton,Asian Studies,3.3,13,-1,2.9,200; ASC200; ASC201; ASC302; ASC303
Reza Sabzehgar,Engineering,3.6,8,-1,3.1,EE330; ENSC225; ENSC387; ENSCD300
Jacqueline Turner,Humanities,3,17,-1,3.4,ENG102; ENG102W; ENG199; ENG199W; ENG374; ENGL102W; ENGL199W; ENGL374; POETR102
Stephen Bath,Business Administration,1.5,2,-1,3,BUS345
Peyman Taheri,Engineering,4.1,6,-1,3,ENSC283; ENSC388; MSE321
Adrienne Peters,Criminology,4.4,25,-1,2.5,104; CRIM101; CRIM104; CRIM135
S. Cenk Sahinalp,Computer Science,2.9,5,-1,4,711; CMPT711; CMPT889; CMPT891
Samantha Balemba,Criminology,3.4,4,-1,3.8,CRIM316; CRIM320; RESMETH
Marti Sevier,Linguistics,5,3,-1,2.7,EAS101
John Clague,Earth Science,3.1,7,-1,3.3,EASC101; EASC104; EASC403
Kouri Keenan,Criminology,5,4,-1,2.5,CRIM330; CRIM356
Sara Smyth,Criminology,3.1,15,-1,3.3,CRIM318; CRIM380
Andrew Reid,Criminology,2.9,11,-1,3.9,CRIM101; CRIM1150; CRIM220; CRIM352; CRIM380; CRIM381
Maureen Fizzell,Business Administration,3.9,6,-1,1.5,BUS251; BUS320; BUS420
Arash Rafiey,Computer Science,3.4,11,-1,2.9,CMPT126; CMPT212; CMPT307; D100
Peter Pretorius,Physiology,2.7,6,-1,4.2,BPK461; KIN461
Vladan Pantic,Communication,2.9,10,-1,2.2,CMNS230; COM110130; COMM132
Brad King,Communication,3.7,20,-1,3.2,CMNS323; CMNS323W
Lou Hafer,Computer Science,2.2,94,-1,4.5,CMPT125; CMPT126; CMPT150; CMPT250; CMPT371; CMPT471; COMP125
Amir Ghaseminejad,Communication,4,25,-1,2.4,CMNS230; CMNS235; CMNS260; CMNS331; CMNSCMNS
Kathleen Cross,Communication,4.1,31,-1,3.3,CMNS130; CMNS230; CMNS235; CMNS262; CMNS331; CMNS332; CMNSD100
Tim Takaro,Health Science,3.6,8,-1,2.5,BPK140; HSCI130; HSCI212
Dr. Isabell Graf,Mathematics,2.8,2,-1,2.5,MATH251
Nebile Barkin,Economics,2.3,6,-1,4,ECON103; ECON105; ECON201; ECON290
Adam Vaughan,Criminology,5,4,-1,2.3,CRIM131; CRIM220; CRIM251
Anne Hales,Education,4.8,8,-1,2.3,EDUC405; FALX99; PDP
Don Kugler,Fine Arts,4,3,-1,1,COS126; FPA357; FPAFPA
David Anderson,Philosophy,4.3,9,-1,1.6,PHIL110; PHIL201; PHIL201W
Alex Abdel-Malek,Education,5,2,-1,3.5,EDU323; EDUC323
John Heaney,Business Administration,2.1,36,-1,3.1,315; 315100; BUEC815; BUS315; BUS413; BUS802; BUS806
Phil Curry,Economics,3.8,32,-1,2.5,282; 301; ECON103; ECON282; ECON301; ECON402; ECONOMICS103; ECONSECT
James Climenhage,Psychology,4.7,3,-1,2.7,260; PSYC260
Darcie Bennett,Sociology,5,2,-1,2.5,SA304
Homa Eghbali,Engineering,4.7,9,-1,2.1,ENSC325
Heather Gies,Communication,5,1,-1,2,CMNS130
Linda Harasim,Communication,2.9,9,-1,3.2,CMNS362; CMNS453
Gary Mauser,Business Administration,3.6,18,-1,4,442; BUS; BUS442; BUS449
Amie McLean,Sociology,3.1,20,-1,2.6,SA150; SA335; SOC101
Niki Huitson,Criminology,3.6,18,-1,2.7,CRIM103; CRIM129; CRIM203; CRIM220; CRIM300; CRIM355; CRIM402; CRIMM355; HIST203
Liana Sammartino,Languages,3.8,2,-1,3.5,ITAL100
Veronika Tzankova,Not Specified,5,1,-1,4,IAT103W
Brent McFerran,Marketing,4.3,2,-1,2.5,BUS449
John Kowalik,Mathematics,4.8,2,-1,3.5,ACMA335
Susan Baxter,Health Science,3.1,11,-1,2.4,HSCI130; HSCI340; HSCI481
Rochelle Fouladi,Psychology,2.6,35,-1,3.6,PSYC210; PSYC301; PSYCH210; STATS210
Bryce Westlake,Criminology,3.6,7,-1,3.4,CRIM103
Blaize Reich,Business Administration,4.5,4,-1,2.3,BUS361; BUS468; MIS551
Tom Boothby,Mathematics,2.1,7,-1,4.6,MACM201
Chris Atchinson,Sociology,3.6,5,-1,4,SA255
David Zetland,Economics,2.3,2,-1,4,ECON362
Emma Humphrey,Archaeology,3.5,1,-1,4,D200
Ann Chinnery,Education,4.1,9,-1,2.7,ED101; EDFDT101; EDFDT101435; EDFDT435; EDUC230; EDUC252; EFDT101
Paul McFetridge,Linguistics,3.1,58,-1,2.1,LING100; LING110; LINGLING
Marit Heideman,Earth Science,1.7,6,-1,4,EASC101; EASC104
Jamal Mansour,Psychology,3,34,-1,3,376PSYC; PSY100; PSYC100; PSYC201; PSYC201W; PSYC376; PSYCH100; PSYCH201; PYSCH100
Marlene Sawatsky,English,3.5,25,-1,3.3,199; 371; ENG199; ENG210; ENG214; ENGL199; ENGL199W; ENGL210; ENGL212; ENGLISH199
Lannie Kanevsky,Education,5,4,-1,3.5,EDUC405; EDUC428
Thomas Rodengen,Environmental Science,4.6,9,-1,1.4,EVSC100
Peggy Meyer,Political Science,4.2,29,-1,2.5,392; POL335; POL3354; POL339; POL441; POL446; POL448; POL4XX; POLI335; POLI446; POLI448
Alissa Ehrenkranz,Education,3.7,6,-1,1.8,EDU220; EDUC220
Alison Gill,Geography,2.9,12,-1,3.2,G327; GEO327; GEOG327; GEOGRAPHY327; SPSC1195
Raegan Carmichael,Criminal Justice,4.3,28,-1,2.9,CRIM; CRIM101; CRIM103; CRIM104; CRIM105; CRIM135; CRIM203; CRIM220; CRIM300; CRIM300W; CRIM312; CRIM369; CRIMTA
Francis Michaud,Economics,2.3,6,-1,2.7,ECON103COMUS; ECON104; ECON325
Richard Hutchings,Sociology,4.3,4,-1,3,GEO102; SA371; SA388
Mike Evans,Computer Science,1.9,100,-1,4.1,CMPT110; CMPT125; CMPT126; CMPT225; CMPT300; CMPTA; CMPTD100
Funda Ergun,Computer Science,3.8,18,-1,2.7,CMPT371; CMPT765
Dan Burns,Environmental Studies,2,1,-1,3,ENV197
Alan Meichsner,Mathematics,4.5,17,-1,2.7,155; MATH109; MATH152; MATH155; MATH251
Brian Butcher,Humanities,2.8,8,-1,3.5,HUM101; HUM101W; HUM330; THO2189
Pete Smith,Criminology,4.5,10,-1,4.1,CRIM230; CRIM356
Alex Chubaty,Biology,1.9,35,-1,4.5,300; BISC300
Roberto Barrera,Mathematics,2,3,-1,4.7,MATH310
Kirsten Robertson,Business Administration,4.9,13,-1,2,BUS203; BUS272; BUS374; BUSA
Colin Whelan,Political Science,3.5,3,-1,4,POL201
Paul Klein,Economics,2.8,10,-1,3.5,ECON305
Heather Dawkins,Fine Arts,3.5,15,-1,3.1,211; EXPL135; FPA211; FPA311; FPA313; FPA321; FPA411; FPA412
Piper Jackson,Computer Science,3.8,3,-1,2.3,CMPT383
Susie Chang,Business Administration,3.9,4,-1,3.3,BUS251
Lionel Jackson,Earth Science,2.6,7,-1,3.7,EASC104; EASC106
Jasmine Nichols Figueiredo,English,4.1,4,-1,4.5,1130; ENG205; ENGL204; ENGLISH
Alissa Eherhenkranz,Education,2.3,26,-1,2.7,D10; EDU220; EDUC220; EDUC320; EDUC322; EDUCA320
Thomas Perry,Linguistics,3,4,-1,4,LING221; LING321; LING480
Tony Wilson,Criminal Justice,2.4,5,-1,3.8,CRIM135
Manroop Padda,Business Administration,3.9,4,-1,2.5,BUS478
Allen Seager,History,3.4,45,-1,2.5,102; 390; CNS360; CNS486; H424; HIST102; HIST201; HIST204; HIST204W; HIST252; HIST390; HIST391; HIST424; HIST426; HIST436; HIST474; HIST486; HISTHIST; HST; HST204
Colin Ruloff,Philosophy,4.9,5,-1,2.8,PHIL300; PHILXX1
Rick Routledge,Statistics,2.4,22,-1,2.1,ENSC200; ENVSC100; EVSC100; EVSC200; STAT101; STAT302; STAT403; STATS101
Terry Beech,Business Administration,3.9,8,-1,3.3,BUS342; BUS478
Bill Barlethemy,Philosophy,4.2,32,-1,2.6,PHIL; PHIL001; PHIL110; PHIL120; PHIL150; PHIL1501; PHIL150151; PHIL150PHIL24; PHIL151; PHIL242; PHIL242PHIL150
Stuart Richmond,Education,3.6,8,-1,2.6,EDUC456; EDUC471; EDUC945
Jason Bell,Mathematics,4.7,47,-1,2.4,CALC151; MA151; MA232; MACM201; MATH158; MATH232; MATH240; MATH242
Ashley Bennington,Business Administration,4.5,25,-1,2.4,BUS272; BUS481; BUS487; HRMT1612
Lorinda Stoneman,Criminology,2.9,19,-1,3.8,CRIM101; CRIM104; CRIM241; CRIM321; CYC432
Wendell Challenger,Statistics,2.4,14,-1,3,STAT100; STATS100
Peyman Ajabi Naeini,Business Administration,3.8,9,-1,2.7,BUS466
Mark Letchner,Health Science,1,1,-1,1,HSCI372
Tarya Laviolette,Health Science,4.1,4,-1,2.8,HSCI305
Jacqueline Levitin,Women's Studies,2.5,4,-1,3.3,FPA335; GSWS412; WS301; WS412
Asheka Jackson,Criminology,4,2,-1,2,CRIM300; CRIM300W
Jakub Burkowcz,Sociology,5,2,-1,2.5,SA321; SAJ100
Alvaro Higueras,Archaeology,2.3,9,-1,3.3,ARCH; ARCH100; ARCHARCH
Gabriel Oba,Chemistry,3.9,13,-1,3.8,CHEM281; OCHEM121; OCHEM281SUMMER
Subhadip Ghosh,Economics,3,24,-1,2.6,ECOAA; ECON103; ECON1150; ECON1250; ECON325; ECON342; ECON355
Leanna Mitchell,Economics,2,4,-1,3.8,ECON301
Helene Dillman,Business Administration,1.3,3,-1,2.7,BUS272; BUS486; BUS486D200
Vajiheh Sedaghat Jou,Education,3.5,1,-1,2,EDUC375
Kim Bartholomew,Psychology,4.3,44,-1,3,362; PSCY391; PSY362; PSYC361; PSYC362; PSYC391; PSYC400; PSYC760; PSYCH362
Sun Zheng,Statistics,2.8,4,-1,3,STAT330
Joakim Nilsson,English,4.6,22,-1,2.3,ENG342; ENG349; ENG383; ENGL201; ENGL207; ENGL304; ENGL306; ENGL342; ENGL349; ENGL383
Craig Emby,Business Administration,2,22,-1,3.7,BUS; BUS251; BUS254; BUS426
Chaudhury Habib,Gerontology,4.1,4,-1,2,GERO300
Arlene Young,Psychology,3.5,15,-1,3.5,356; PSYC; PSYC356; PSYCH356
Andrew Von Nordenflycht,Business Administration,4.4,9,-1,3.3,
Rohan Raheja,Business Administration,4.3,4,-1,3,BUS254; BUS321
Jamie Palmerhague,Psychology,3,5,-1,2.8,PSYC100; PSYCH100
Carla MacDougall,History,4.4,7,-1,2.9,HIST224; HIST225; HIST325; HIST401
Onur Bakiner,International Studies,3,16,-1,3.4,IS100; IS101; IS419; ISD100; ISIS
Xuefei Wang,Economics,3.1,15,-1,2.7,ECO290; ECON290; ECON301; ECON305; ECON305E; ECON484; EON305
Anders Knudby,Geography,3.3,12,-1,2.1,GEOG253; GEOG353
Joshua Newman,Political Science,4.1,7,-1,1.6,POL101W; POL201
Robert Wyllie,Sociology & Anthropology,4.3,2,-1,3,SA316
Lindsay Parker,Philosophy,2.4,9,-1,4,EXPL120; EXPLEXPL; PHIL; WL100
Susan Fawcett,Education,5,1,-1,4,EDUC426
Arthur Aginam,Communication,3.1,23,-1,3.2,CMNS130; CMNS261; CMNS262; CMNS346; CMNS444; CMNS456; CMNSSECT; COMMUNICATIONS; HUM392
Emily Walsh,Mathematics,4,4,-1,2.8,MACM316; MATH150
Jennifer Bazar,Psychology,5,3,-1,2.3,PSYC308; PSYC391
Robin Insley,Statistics,3,84,-1,3.4,ACMA210; SATS203; STAT100; STAT201; STAT203; STAT270; STAT301; STATS201; STATS203
Larry Wosk,Business Administration,3.3,22,-1,2.8,478; BUS341; BUS478; BUS478344
Dugan O'Neil,Physics,4.1,19,-1,2.6,PHY285; PHYS; PHYS121; PHYS125; PHYS126; PHYS285; PHYS346
Dagmar Bernstein,Psychology,3.7,13,-1,2.9,PSYC241; PSYC356; PSYCH241
Kamal Masari,Management Information Systems,3.9,7,-1,2.6,BUS237; BUS361
Ashok Bhagnari,Business Administration,3.2,12,-1,2.3,BUS343; BUS446; BUS447; BUS477
Michelle Funk,Criminology,2.5,1,-1,4,CRIM440
Kirsten Uszkalo,English,3.5,13,-1,4.2,ENG122; ENG203; ENG313; ENGL122; ENGL203; ENGL340; ENGL416
Chris Jones,Humanities,4.1,59,-1,2.9,130; HUM100; HUM101; HUM101W; HUM130; HUM201; HUM204; HUM230; HUM330; PHIL104
Doris Baltruschat,Communication,2.5,4,-1,4,CMNS220; FIST220; FIST240; MCOM3101
Jennifer Alexander,Linguistics,4.5,2,-1,2.5,LING221
Janelle Jones,Psychology,2.2,18,-1,3.9,PSY260; PSYC260; PSYCH260; PSYCSPECTOPIC
Etienne Lee,French,4.9,33,-1,1.4,FRD100; FRE120; FREN120; FREN121; FREND100; FRN120
Soroosh Yazdani,Mathematics,1.9,14,-1,3.6,MATH1410; MATH152; MATHD100
Erin Keating,English,3.8,2,-1,4,ENGL322; ENGLISH322
Roman Onufrijchuk,Communication,4,125,-1,2.5,CMNS110; CMNS210; CMNS221; CMNS253; CMNS353; CMNS354; CMNS362; CMNS387; CMNS428; COM387; COMM110; PUB438
Denny Capps,Earth Science,3.8,11,-1,2.2,EASC101; EASC104
Mahboubeh Asgari,Education,5,1,-1,3,ADULTEDTT
Patricia Mooney,Physics,1,1,-1,4,PHYS231
Jackie Steele,Political Science,3,4,-1,4,POL321; POL32X; POLIS321
Ian Angus,Humanities,4.1,10,-1,3.6,COMMUNICATION; HUM; HUM202; HUM360; HUM382; HUM382FRIENDS; SA360
David Gaertner,English,5,1,-1,3,ENG359
Marlow Irvine,Education,4.8,2,-1,3.5,EDUC406; EDUC807
Colin Stewart,Computer Science,3.9,38,-1,3.4,CMPT110; CMPT120; CMPT125; CMPT165
Jack Stockholm,Interactive Media Design,3.5,18,-1,2.9,IAT100; IAT167; IAT235; SIAT167
Barbara Mitchell,Gerontology,5,1,-1,4,GERO408
Elizabeth MacDonald,Business Administration,3,1,-1,3,BUS251
Ana Boza-Arlotti,Archaeology,2.8,3,-1,4.7,ARCH442
Francisco Avelino,Business Administration,4.9,4,-1,3,ADM; BUS322; BUSD100
Rick Hobson,Engineering,2.2,6,-1,4,CMPT250; ENSC250; ENSC450
Natalie Sorenson,Fine Arts,2.5,2,-1,2.5,168E100; FPA168
Jennifer Lewis,Archaeology,4.8,3,-1,2.3,ARCH332
Olga Volkoff,Business Administration,3.2,16,-1,4.1,BUS326; BUS362; BUS468
Rob McTavish,Education,4.6,18,-1,3.3,EDUC220; EDUC222; PSYCH220
Kimiaki Shinno,Languages,4.5,15,-1,2,JAP100; JAPN100; JAPN101; JAPN200; JAPN201; JPN201
Echo Yuan Liao,Business Administration,4.3,6,-1,3.2,BUS272
Maurizio Ceseri,Mathematics,5,2,-1,2,MACM316
Loch Brown,Geography,4.3,23,-1,2.7,GEO100; GEO312; GEOG100; GEOG102; GEOG312; GEOG316
Kina Chenard,Criminology,3.3,5,-1,4.2,POL251; POL358; POL460; POLXXX
Hitoshi Shigeoka,Economics,3.9,4,-1,2.8,ECON383
Imran Munir,Communication,4,8,-1,2.3,CMNS; CMNS110; CMNS323; CMNS323W; CMNS386; CMNSXXX
Rustum Choksi,Mathematics,4.1,30,-1,3.2,MACM316; MATH0; MATH151; MATH152; MATH154; MATH251; MATH252; MATH310; MATH375
Julie MacArthur,Political Science,4.5,4,-1,3.5,POL222; POL327; POL358
Zahwill Dossa,Business,4.1,7,-1,3.3,BUS320; BUS321
Pasha Tashakor,Finance,4.5,12,-1,3.4,BUS251; BUS312
Raheja Rohan,Business Administration,3.5,2,-1,4,ACCT202; BUS254
Jennifer MacPherson,Health Science,4.5,2,-1,2,HSCI140
Karen Palmer,Health Science,4.4,5,-1,3.8,HSCI305
Chloe Humphreys,Not Specified,1.5,1,-1,2,EDUC471
Bojin Traykov,Communication,2.9,4,-1,2,CMN323W; CMNS323
Charles Carroll,English,4,1,-1,4,ENG416
Helen Kang,Sociology,3.9,4,-1,3.5,SA210; SA315
Amanda Bidnall,History,4.4,7,-1,3.1,HIST106; HIST215; HIST224; HIST407
Maryam Ali,Business Administration,2.6,15,-1,3.6,BUS237; BUS237D; BUSD100
Kevin Sun,Mathematics,3.9,4,-1,2.8,MATH100; MTH100; PRECA1
Jon Heidt,Criminology,4.1,16,-1,2.4,241; CRIM; CRIM140; CRIM220; CRIM241; CRIM300; CRIM410
Kash Heed,Criminology,4.4,7,-1,1.6,CRIM131; CRIM251
Radoslava Trnavac,Linguistics,2.5,12,-1,2.2,COG100; COGS100; COGS200
Ben McNamee,Economics,2.7,11,-1,3.6,BUEC280; BUEC282; ECON282
Harvey DeRoo,English,4,17,-1,2.9,ENG102; ENG204; ENG304; ENG360; ENGL102; ENGL204; ENGL2304; ENGL300; SCFCSCFC
Joao Salm,Justice Studies,4,15,-1,2.5,CRIM442; JUS101; JUS105; JUSJUS; SOC225
Leigh Bloomfield,Kinesiology,4.7,7,-1,2.6,KIN140; KIN205; KIN207
Andrew King,Mathematics,2.5,1,-1,2,MATH240
Nathalie Schapansky,Linguistics,1.9,24,-1,4,221; FREN300; FREN330; FRENC330; LING100; LING160; LING222; LING300; LING322; LING401
Barb Edwards,Accounting,2,4,-1,4.3,BUS550; ECMAY2
Shamman Ramsundhar,Business Administration,3.8,8,-1,2.6,BUS251; BUS322
Grant Havers,Business Administration,3.5,94,-1,3.4,303; BUS303; BUS343
Greg Clarke,Political Science,2.9,37,-1,3.1,151; POL100; POL151; POL221; POL321; POL324; POL400LEVEL; POL423; POLI151; POLISCI151; POLMANY; XXX666
Daniel Monte,Economics,3.2,18,-1,3.8,ECON101; ECON302; ECON383
K. Laird,Philosophy,3.2,9,-1,2.9,KANT; PHIL110; PHIL203; PHIL2XX; PHIL331; PHIL343
Shinder Purewal,Political Science,3.1,7,-1,2.6,POL; POL339; POLI
Amin Sharifi,Computer Science,2.3,6,-1,3,CMPT125
Shiu Lo,Statistics,4.8,2,-1,3,STAT203
Luis Sojo,Chemistry,1.5,2,-1,3,CHEM371
Sue Wilkinson,Women's Studies,4.5,1,-1,2,WS302
Yayoyi Shinbo,Languages,4.3,2,-1,1.5,JAP100; JPN100
Anna Lund,Criminology,3.8,2,-1,2.5,CRIM135
Natalee Popadiuk,Education,3.4,4,-1,4,EDUC393; EDUC500
Fiona Jeffries,Communication,4.7,8,-1,2.6,CMNS110; CMNS262; CMNS444; CMNS455
Carolyn Lui,Communication,1,3,-1,4.7,CMNS130; CMNS362
Anna Belogurova,History,4.5,2,-1,2.5,HIST255; HIST390A
Jeffrey Zurek,Earth Science,5,5,-1,1.2,EASC104
Krishna Subedi,Education,5,2,-1,3,CALA; MATH105
Tota Panggabean,Not Specified,2.2,3,-1,1.3,BUS322
Saman Harirchian-Saei,Chemistry,5,2,-1,1.5,CHEM121
Ararat Harutyunyan,Mathematics,3.8,3,-1,3.7,MACM201; MATH150
Graeme Coetzer Graeme Coetzer,Business Administration,1,1,-1,4,BUS272
Rob Ouetten,Psychology,5,1,-1,2,PSYC363
Lucia Chung,Economics,5,4,-1,2.5,ECON103
Don Northey,Education,3.3,15,-1,2.7,ALL; EDU326; EDU435; EDUC326; EDUC328; EDUC414; EDUC471; EDUCPDP; FIELDSCHOOL
Mary Lynn Stewart,History,3.6,25,-1,2.9,GDST302; GSWS204; GSWS319; HIST310; HIST390; HIST411; HISTORY; HISTWS3XX; HST390; WS102; WS216; WS363; WSHIST
Lorna Ramsay,Education,3.3,8,-1,2.5,EDUC252; EDUC326; FALX99; FANX99
Jerry Clarkson,Education,4,14,-1,2.1,EDUC100; EDUC150; EDUC250; EDUC471; EDUC477; POL471
Bob Hadley,Computer Science,2.7,24,-1,3.3,CMPT310; CMPT320; CMPT418; CMPT419; CMPT826
David Zimmerman,Philosophy,3.5,46,-1,2.7,100; 120; PHIL120; PHIL120242; PHIL120W; PHIL241; PHIL242; PHIL321; PHIL331; PHIL451; PHILLOTS; PIHIL120
Daniel Grace,Health Science,4.5,1,-1,3,HSCI431
Jing Zhi (joyce) Shang,Business Administration,2.6,4,-1,2.3,BUS345; BUS347
Alison Ayers,Political Science,4.5,50,-1,3.6,POL343; POL344; POL349; POL447; POL470; SA203; SA363; SA396; SOCI363
Randal Mindell,Earth Science,3.8,7,-1,2.1,EASC101; EASC104; EASCD100
Carolyn Stewart,Health Science,4.8,9,-1,2,HSCI120
Nadia Gill,Psychology,4.8,2,-1,1.5,EDUC324
Darryl Cressman,Communication,4.8,20,-1,2.6,CMNS110; CMNS253; CMNS321; CMNS353
Chris Kellman,Business Administration,4.8,14,-1,2.4,BUEC232; BUS232
Larysa Stepanova,Linguistics,3.6,7,-1,2,LING160; LING220
Clayton Wilson,Communication,4,7,-1,3.1,CMNS130; CMNS304; CMNS304W; CMNS332
Monica Aufrecht,Philosophy,4.5,1,-1,2,PHIL144
John A. Jackson,Psychology,5,1,-1,1,PSYCD100
Allen Pike,Computer Science,4.5,1,-1,2,CMPT470
Ben Fu,Economics,3.5,9,-1,3.3,ECON301; ECON305; ECON331
Todd Green,Business Administration,4.3,3,-1,2.7,BUS343; BUS449
Mike Smith,Geography,2,3,-1,4,GEO100; GEOG100; GEOG1101
Margot Black,Mathematics,3.8,2,-1,2.5,MATH100
Andres Wanner,Information Technology,5,1,-1,1,IAT334
Ronan Teyssier,Political Science,2.3,3,-1,3.7,POL100; POL201; POL253
Katherine Poyner-Del Vento,English,3.6,32,-1,3.6,ENG101; ENG101W; ENG199; ENGL101; ENGL101W; ENGL199; ENGL199W
Yujia Jiang,Languages,4.5,3,-1,1,CHIN100
Patrick Lussier,Criminal Justice,3.1,29,-1,3.1,220; 320; CRIM; CRIM220; CRIM316; CRIM320; CRIM417
Meera Nair,Communication,3.8,10,-1,2.6,BUS360; CMNS230
Lucy Goodbrand,Education,5,2,-1,3.5,EDUC479
Ewa Ciesielska,Linguistics,4.3,2,-1,2.5,GERM102
Sarah Sadeghi,Physics,1.8,11,-1,2.6,PHYS101; PHYS102
Daryl Funk,Mathematics,5,1,-1,1,MATH150
Francis Law,Biology,2.4,6,-1,4.2,BIO202; BISC312; BISC313
Marco Bieri,Physics,4,8,-1,2.4,PHY100; PHYS100; PHYS120; PHYS131
Lanny Zrill,Economics,3.3,2,-1,3.5,ECON105
Jake Stone,Psychology,5,1,-1,1,EDUC327
Daniel Katz,Mathematics,4.1,4,-1,2.3,MATH232
Lila Torabi,Engineering,4.2,9,-1,2.3,ENSC150
Jin Me Yoon,Fine Arts,4.4,7,-1,3.3,811; FPA160; FPA161; FPA260; FPA460
Marjorie Cohen,Political Science,4.1,8,-1,3.8,CDN280; GSWS350; POL301; POL356; POL825
Ellexis Boyle,Gender Studies,5,2,-1,2.5,GSWS330
Kevin Doerksen,Mathematics,2.8,2,-1,4,MATH157
Alain Duncan,Business,4.6,62,-1,3.2,321; 321421; ACCTG; BUS254; BUS320; BUS320321; BUS321; BUS321420; BUS420; BUS670
Hassan Khosravi,Computer Science,3.9,24,-1,3.5,CMPT310; CMPT354; CMPTD100; CPMT310
Kevin McQuiggin,Computer Science,4.9,4,-1,2,CMPT120; CMPT123; COMP101
Martin Gotfrit,Fine Arts,4.7,7,-1,1.6,FPA147; FPA289; VARIOUSMUSIC
Lin Yao,Communication,3.8,4,-1,2.5,CMNS130; CMNS130W; CMNS240
Kristin McIlhenney Peters,Geography,4.7,3,-1,1.7,GEO100; GEOG100
B.D Roitberg,Science,3.6,12,-1,3.8,BIO100; BIO101; BISC100; BISC204; BISC304; BISC407; BISC435; BISCC100
Hisako Hayashi,Languages,1,1,-1,2,JAPN100
Chris Aloia,Health Science,3.5,1,-1,3,HSCI140
Alexandra B.L. Stark,Education,5,1,-1,2,EDU143
Juan Sosa,Linguistics,2.2,69,-1,3.7,130; LIGUSTICS; LIN160; LING; LING103; LING130; LING130221; LING160; LING221; LING221321; LING260; LING309W; LING321; LING330; LING409
Susannah Kirby,Linguistics,3.8,2,-1,4,LING322; LING481
Benedikt Fischer,Health & Human Performance,4,1,-1,2,HSCI402
Sean Robertson,Geography,2.8,2,-1,2.5,GEOG241
Olivier Ferlatte,Health Science,4.5,1,-1,3,HSCI150
Richard Arias-Hernandez,Sociology,3.5,2,-1,1,SA315
Bryan Sokol,Psychology,3.6,39,-1,3.4,354; 354450; ENG101; PSY354; PSY487; PSYC250; PSYC354; PSYC450; PSYCH250; PSYCH354; PSYCH355
E. Wyn Roberts,Languages,3.2,36,-1,3.4,130; 330; ADVANCEDPHONET; LING; LING1130; LING130; LING321; LING330
Graeme Walker,Economics,4,4,-1,2.8,ECON282
Andrew Park,Computer Science,4.5,4,-1,1.5,CMPT110; CMPT125
Hudson Moura,Applied Arts,3.5,7,-1,2.1,FPA414; SA245
Harald Yurk,Health Science,4.3,2,-1,2,HSCI216
Ali Wise,Education,4.8,2,-1,2.5,EDUC220; EDUC416
Jessica Palma,Health Science,4.8,2,-1,2.5,HSCI214
George Wallace,Psychology,3.7,3,-1,3,PSYC120; PSYC200; PSYC300
Heather Fleming,Communication,1,1,-1,5,CMNS304W
Paul Saunders,English,4.5,1,-1,3,ENGL216
Sinan Caykoylu,Management,4.3,11,-1,1.6,BUS272; BUS303; BUS374
Paul Lee,Kinesiology,4,2,-1,2,KIN142
Charles Samuels,Mathematics,3.3,2,-1,4,MATH154
DF Afd,Advisor,3,1,-1,4,ENDL001
Connie Singh,Political Science,3.4,4,-1,2.8,POL349; POL359; POL449
Patrice Keats,Counseling,4.5,1,-1,3,EDUC423
Charles Samuelson,Mathematics,3,3,-1,4,MATH154
Adam Oberman,Mathematics,3.1,22,-1,3.1,MACM316; MATH254; MATH309; MATH418; MATH418PDE
David Prime,Psychology,3.5,4,-1,2.8,PSYC325; PSYCH1100; PSYCH325
Mecedes Eng,English,1.5,1,-1,5,ENGL359
Mila Lazarova,Business Administration,2.9,17,-1,2.9,346; 432; BUS; BUS346; BUS380; BUS430; BUS432; BUSD
Lianbin Dai,History,1,4,-1,5,HIST254; HISTD10
Torsten Moller,Computer Science,4.3,51,-1,2.5,308; 308310; 311310; 313308; 314; 360; CMPT316; CMPT361; CMPT361C; CMPT461; CMPT466; ENG; ENG310; ENG311; ENG313; ENG315; ENGL203; ENGL306; ENGL308; ENGL310; ENGL311; ENGL311313; ENGL313; ENGLISH311313
Russell A. Nicholson,Biology,4.4,12,-1,3.3,BISC100; BISC432; BISC656
Britta Peters,Geography,2.9,5,-1,2,GEOG253
Marcin Marzencki,Engineering,4.9,4,-1,3,ENSC387
Andrew Klager,History,4.3,8,-1,2.4,HIST2011; HIST288
Almas Zakiuddin,International Studies,1.9,5,-1,3.2,ASIA2255; INST329; IS100; IS329
Agnes Koos,Political Science,1.3,3,-1,3.7,POL241; POLI241
Rick Iverson,Business Administration,4.8,48,-1,2.5,BUS183; BUS381; BUS381484; BUS381BUS482; BUS482; BUS482484; BUS484
Geoff Dunbar,Economics,3.4,50,-1,3.6,305; ECON291; ECON305; ECONECON
Irene Pivotto,Mathematics,2.9,4,-1,2.8,MATH154
Yaroslava Polosina,Molecular Biosciences,2.5,1,-1,2,MBB420
Gabor Tardos,Computer Science,4.4,8,-1,4,CMPT307; CMPT407; CMPT710
Marc Paquet,French,5,3,-1,2,FREN210
Kamran Kaveh-Maryan,Physics,5,1,-1,2,PHYS1
Tomasz Majek,Geography,3.1,18,-1,3.6,GEO100; GEOG100; GEOG221; GEOG323; GEOG325; GEOG426; GEOG497
Norbert Ruebsaat,Communication,3.2,11,-1,3,CMNS258; CMNS259
Laila Ferreira,English,2,1,-1,4,ENGL427W
Camilla Sears,Criminal Justice,4.6,37,-1,2.1,330; CRIM101; CRIM104; CRIM213; CRIM313; CRIM412
Lealle Ruhl,Political Science,3.8,25,-1,3.2,211; 319; FEM2275; POL210; POL211; POL319; POL4; POL410; POL418; POL463; POLI; POLI210; POLI400; PT1
Hiroki Matsukawa,Languages,4.8,2,-1,1.5,JAPN100
Linda Apps,Education,5,1,-1,2,EDUC100
Peter Willimans,Resource Management,2.5,1,-1,2,REM649
James Cousins,History,4.5,5,-1,3,HIST102; HIST102W
Peter Inglis,Biology,4,1,-1,3,BISC101
Kenneth Fish,Sociology,4.2,59,-1,2.7,SA100; SA150; SA151; SA210; SA260; SA315; SOC150
Rick Coe,English,3.1,40,-1,3,ENG; ENG102; ENG103; ENG105; ENG105374; ENG105W; ENG214; ENG366; ENG367; ENG7077; ENGL103; ENGL105; ENGL105W; ENGL214; ENGL375; ENGLISH103
Brian Hayden,Archaeology,3.1,41,-1,3.3,ARCH100; ARCH101; ARCH104; ARCH105; ARCH201; ARCH226; ARCH272; ARCH272OLDWRLD; ARCH277; ARCH372; PHY120; RELIGION
Nathalie Lovasz,Psychology,4,2,-1,2,PSYC308; PSYCH308
Mark McPherran,Philosophy,4.4,9,-1,2.9,PHIL100; PHIL150; PHIL350; PHIL357; PHIL451W
Gerald Walton,Education,4.3,4,-1,2.5,EDU524; EDUC240; EDUC382
Ryan Stephenson,English,3.9,7,-1,3.4,ABC313; ENG327; ENG330; ENGL327; ENGL330
Rocky Penate,French,3.3,5,-1,2.4,FR270; FREN301; FREN360; FREN476
Jorge Cruz Lopez,Finance,3.5,38,-1,4,BUS315; BUS316; BUS493; FIN315
Cathy Ace,Business Administration,2.9,36,-1,3.3,BUS343; BUS448; BUS478
Kimberly Voll,Computer Science,4.9,9,-1,1.6,APSC160; CMPT110; CMPT165; COGD300; CPSC221; CS221
Katherine Dixon-Gordon,Psychology,2.9,4,-1,4,PSYC371
Victor Chen,Business Administration,3.8,4,-1,2,BUS207; BUS207E; CBMF120
Emily Jenkins,Health Science,4.5,1,-1,3,HSCI214
Ali Hajshirmohammadi,Business Administration,3,6,-1,2.8,BUS311; BUS336; OM304
Michael Pollock,Psychology,4.7,11,-1,1.9,PSYC102; PSYC106; PSYCH101; PSYCH106; PYSC106
Mohammad Motamed,Mathematics,3.5,3,-1,2.7,MATH151
Charn Jagpal,English,5,1,-1,4,ENGL492W
Nicole Tomassetti,Accounting,4.4,13,-1,2.5,BUS251
Paquet Marc,French,5,1,-1,2,FREN122
Sadie Donovan,Education,4.5,1,-1,2,EDUC370
Haider Nizamani,Political Science,3.1,17,-1,2.8,IS101; IS102; IS319; POL; POL300; POL433; POL441; POLI319
Roger Donaldson,Mathematics,4.5,1,-1,2,MATH232
Melissa McRae,Business Administration,3,1,-1,2,BUS381
David Paterson,Education,5,1,-1,2,EDUC323
Jennifer Kennedy-Pannett,Political Science,5,1,-1,1,POL373
Roselene Dhaliwal,Kinesiology,3.2,5,-1,4.2,KIN110; KIN140
Xianghua Wu,Languages,4.7,3,-1,3.3,CHIN100; CHIN151; CHIN292
Kelly White,Education,5,1,-1,1,EDUC371W
Boyd Cohen,Business Administration,2,4,-1,2.8,BUS342; BUS4XX; BUS532
Silva Tenenbein,Communication,3.4,25,-1,3.5,200; 200304; 3; CMNS200; CMNS2003; CMNS304; COM; COMM200
Cs Morrissey,History,4.3,16,-1,1.9,151; HUM102; HUM104; HUM151; HUM161; HUM216; LATIN151; LATN211
Neven Leddy,Humanities,4.6,34,-1,3.2,HIS1120; HIST1; HIST1101; HIST130; HIST1701; HIST1707; HUM100W; HUM101; HUM110; HUMAN101; HUMW3
Owen Underhill,Fine Arts,3.9,6,-1,2.5,COMP; FPA145; FPA245; FPA346; FPASECT
Art Liestman,Computer Science,3.9,31,-1,3.6,CMPT307; CMPT308; CMPT376; CMPT405; MACM101
Bryan Quaife,Mathematics,4.5,1,-1,2,MATH314
Liliana Castaneda,Languages,2.4,5,-1,3.8,SPAN101; SPAN102; SPAN103
Karyn Huenemann,English,3.3,25,-1,3.1,E387; ENG354; ENG383; ENG387; ENGL101; ENGL354; ENGL383; ENGL387; ENGL487
Ghizlaine Laghzaoui,Languages,4,20,-1,3.5,122; FR301; FREN; FREN120; FREN210; FREN212; FREN222; FREN230; FREN300; FREN301; FREN302; FRENFREN; FRENXXX
Grace Lau,Psychology,3,10,-1,3.2,PSYC363; PSYC491; PSYCH363; PYSCH363
Nick Inglis,Biology,4.2,15,-1,3.5,BISC333; MBB231
David Baillie,Molecular Biosciences,3.9,10,-1,2.9,CHEM282; MBB435
Sean Connelly,Geography,1.5,1,-1,4,GEO261
Kleen Toohey,Education,4.5,1,-1,4,EDUC480
Kourosh Khosraviani,Engineering,2.2,6,-1,3.5,ENSC215
Jeff Derksen,English,3.7,36,-1,2.8,105; ENG105; ENG207; ENG36363; ENGL105; ENGL105W; ENGL357; ENGL359; ENGLISH; ENLGL311; KING666
James Sallis,Marketing,3.4,4,-1,2.3,BUS446; BUS447
David Hendrickson,Urban Planning,1.5,1,-1,5,GEOG363
Vivian Fang,Economics,2.8,46,-1,3.2,103; 291; ECON103; ECON290; ECON291; ECON391; MICRO
Laura Weir,Biology,5,1,-1,3,BIOLD100
Julia Heinon,Chemistry,4.5,1,-1,4,CHEM121
Larry Davids,Art Education,3,2,-1,3,FPA147; FPA289
Stacey Fitzsimmons,Business Administration,4.6,13,-1,3.5,BUS272
Eric Grahn,Political Science,2.7,15,-1,3.5,349; POL; POL347; POL348; POLI400
Victoria Jeffries,Health Science,2,1,-1,3,HSCI402
Ross Hill,Chemistry,2.2,48,-1,3.7,CHEM120; CHEM121; CHEM12122; CHEM122; CHEM260
Shawn Shen,International Studies,2.3,37,-1,3.5,IS0; IS100; IS101; IS429; ISD
Briggs Buchanan,Archaeology,1.5,1,-1,3,ARCH376
Ilja Tromp-Van Meerveld,Geography,4.7,5,-1,2.2,GEOG310; GEOG311; GEOG411
Avelino Francisco,Business Administration,1,1,-1,3,BUS322
Yasheng Chen,Accounting,3.9,11,-1,2.4,BUS321
Sean Kelly,History,1.6,10,-1,4,HIST106; HIST224
Eric Lim,Business Administration,3.6,9,-1,3.2,BUS374
Stephanie Campbell,Geography,3.2,17,-1,3.2,GEO100; GEOG100; GEOG100A; GEOG110; GEOG325; GEOG362
Andrew MacK,International Studies,4,1,-1,3,INST409
Ian Ponsford,Geography,2.5,1,-1,3,GEOG327
Nicole Bourdeau,Business Administration,2.5,1,-1,3,
Lisa Sterling,Education,2.9,12,-1,3.7,ECE464; EDUC220; EDUC464; EDUCEDUC
Chris Erickson,Political Science,4.3,9,-1,2.2,POL100; POL319; POLI100
Margaret Hall,Criminology,2,3,-1,4,CRIM135; CRIM338
Fernando Martin,Economics,1.9,28,-1,4.1,301; ECON210; ECON301; ECON387; ECON410
Olusola Adesope,Education,3.8,10,-1,3.1,EDU220; EDUC000; EDUC220; EDUC222
Thomas Huw,Psychology,3,1,-1,3,CLASS000
Jen Currin,Writing,4.5,1,-1,4,CRWR1100
Liz Elliott,Criminal Justice,4.1,37,-1,1.8,300; 315; CRIM; CRIM300; CRIM315; CRIM343
Bob Mercer,Communication,3.3,24,-1,2,375; CMNS375; PUB375
Sal Ferreras,Fine Arts,3.5,3,-1,4.7,FIN341; FPA341
James Acken,English,3.4,24,-1,3.1,ENG204; ENG304; ENGL204; ENGL304; HIST106; HIST304; HUM202; HUM219; HUM240; HUM305; HUM332; HUM333; HUM340
Kitty Corbett,Health Science,3,2,-1,3,HSCI301; HSCI9000
Stacy Tzoumakis,Criminology,5,1,-1,3,CRIM103
Jan Manuch,Computer Science,2.3,14,-1,3.1,CMP212; CMPT212; CMPT225; CMPT307; MATH157; MATH308
Cathy Bray,Sociology,4.6,6,-1,2.8,SA150; SA255; SASA; SOC255; SOCIO231
Bill Havens,Computer Science,3.7,31,-1,3.3,CMPT101; CMPT120; CMPT125; CMPT201; CMPT417; CMPT827; COMP101; MASTERS
Jonathan Craft,Political Science,4.5,1,-1,1,POL359
Stephen Corber,Health Science,4.3,3,-1,2,HSCI211
Fernando De Maio,Sociology,4,19,-1,3.3,SA255; SA355; SOC255
Christopher Nowlin,Criminal Justice,2.9,4,-1,4.3,CRIM; CRIM1100; CRIM2316; CRIM419
Charles Scott,Education,4.9,4,-1,2.5,EDUC230; EDUC712; FALX99
Joyce Gordon,Biology,1.1,14,-1,4.4,BIO0983; BIO1120; BISC102; MBB221
Courtney Kang,Health Science,1,1,-1,5,HSCI330
Vineet Johnson,Kinesiology,4.2,15,-1,3,KIN140; KIN142; KIN205
Roland Wittler,Mathematics,3.3,6,-1,1.7,MATH157
Jon Scott,International Studies,3,2,-1,4,IS406; IS409
Mark Skinner,Archaeology,3.2,32,-1,3.4,ARCH131; ARCH136; ARCH333; ARCH372; ARCH373; ARCH385; ARCH432; ARCH442; ARCH473; ENGL472
Tony Herdman,Psychology,2.4,17,-1,4,BIO280; PSYC280; PSYC335; PSYCH280; PYSC280
Ian Hutchinson,Geography,3.7,31,-1,3.1,GEO111; GEO312; GEOG; GEOG111; GEOG111312; GEOG215; GEOG312; GEOG315; GEOG415; GEOGRAPHY312; PHYSGEOG
Joel Blok,Communication,4,1,-1,2,CMNS321
Roman Deng,Economics,1,1,-1,4,ECON105
Peter Halpin,Psychology,2.3,15,-1,4.7,PSY210; PSYC210; PSYCH210
"Ruonan ""Annie"" Zhang",Mathematics,2.5,3,-1,3.7,MATH157
Michael Levykh,Education,4.5,1,-1,2,EDUC240
Zaheer Jiwani,Business Administration,3.7,3,-1,3.7,BUS444
Travis Proulx,Psychology,2.9,21,-1,3.7,PSYC355; PSYC391; PSYC491; PSYCH301; PSYCH355
Angela Tomizu,Graphic Design,3.1,4,-1,3,IAT102
Jose Mora,Business Administration,2.8,11,-1,2.7,BUS343; BUS347
Dorothy Chunn,Criminal Justice,2.9,23,-1,3.6,333; 412; CRIM412; POL100; SA210; SA331; SA335; SOCSECT; THEORY
Ronald Ignace,Anthropology,3,1,-1,4,FNST201
Daniel Shugar,Geography,4,5,-1,3,GEOG213
Anichul Md Hoque Khan,Economics,1.5,1,-1,3,
Andrew Cheung,Business Administration,1.9,43,-1,4,BUS; BUS315; BUS316; BUS418; COMM203
Jack Little,History,2.2,35,-1,4.1,101; CANADIANHISTOR; FRENCHHISTORY; HIST; HIST101; HIST328; HIST336; HIST391; HIST4; HIST400LEVEL; HIST424; HIST430; HISTCAN; HISTHIST; HISTSECT; HST430; NEWFRANCE; QUEBEC
Joseph Bateman,Business Administration,4.2,22,-1,3.1,BUS393; BUS393LAW; BUSINESS
Andreas Adams-Geiger,History,2.8,8,-1,4.1,HIS376; HIST322; HIST376; HIST428; HIST485
Irina Tzoneva,Education,2.8,2,-1,3.5,EDUC426
Bruce Kadonoff,Mathematics,4.8,36,-1,2.9,157; CALC2; MATH; MATH130; MATH150; MATH151; MATH152; MATH155; MATH157; MATH190
Hannah Wittman,Sociology,4.3,4,-1,2.5,LAS200; SA326; SA356W; SA371
Torsten Moeller,Computer Science,2.3,13,-1,4.5,CMPT; CMPT361; CMPT461; CMPT466; MATH461
Mark Selman,Business Administration,2.4,4,-1,3.5,BUS303
Larry Weldon,Statistics,2.3,24,-1,3.1,MSSC480; STAT100; STAT101; STAT280; STAT490; STATS101
Helena Daudt,Health Science,2.1,7,-1,3,BISC333; HSCI100
Stefania Forlini,English,3.5,11,-1,3.3,ENG101; ENG111; ENGL101; ENGL101W; ENGL105W; ENGL206; ENGL237; ENGL327
Stephen Hardy,Engineering,4,1,-1,2,ENSC220
Anne-Marie Dibon,Humanities,2.1,4,-1,4,HUM302; HUM309; HUM383; HUM385
Larry Davids,Music,5,2,-1,2.5,FPA104; FPA289
Lilian Zuccolo,Languages,4.2,33,-1,3.2,103; 207; SPAN101; SPAN102; SPAN103; SPAN201
Gerrit Keizer,Chemistry,1.9,80,-1,4.2,111; CHEM100; CHEM101; CHEM110; CHEM111; CHEM151; HIST110
Benjamin Muller,Political Science,3.3,47,-1,4,POL; POL100; POL241; POL339; POL349; POL438; POL448; POL449; POLI000; POLI100; POLI339; POLI339349
Andrew Ede,History,3.9,14,-1,2.8,HIST110; HIST361; HIST363; HIST485; HISTTECG
Laura Blaj,Humanities,2.8,4,-1,1.3,HUM307; WL102
Pascal Lavergne,Economics,2.8,19,-1,3.3,BUEC333; BUECC333; ECON282; ECON435
Dana Lepofsky,Archaeology,3.7,17,-1,2.9,ARCH; ARCH100; ARCH200; ARCH201; ARCH365; ARCH378; ECOARCH
Simi Kohli,Kinesiology,3.9,14,-1,2.6,KIN110; KIN111; KIN143; KIN212; KINE111; KINES143
Blair Davis,Film,4.2,35,-1,2.6,136; ENG105FPA135; FPA; FPA135; FPA136; FPA137; FPA236; GDST136
Don Devoretz,Economics,3,35,-1,3.1,355; E355; ECON; ECON300; ECON351; ECON355
Stephen McBride,Political Science,3.6,42,-1,3.1,327; POL100; POL327; POL449; POL471; POLI100; POLI327; POLISCI
Sandra MacLean,Political Science,3,34,-1,2.9,POL231; POL342; POL349; POL373; POL437; POL438; POL438837; POLI1121; POLI231; POLISCI; POLITICS
Julie MacArthr,Political Science,5,1,-1,3,POL358
Kathleen Barnard,Education,4.8,4,-1,2.3,FAL99; FALX99
Don Read,Psychology,2.7,26,-1,4.2,369; PSYC368; PSYC369; PSYC376; PSYC379; PSYCH368
Jax Cao,Geography,2.3,4,-1,3.5,GEOG214; GEOG251
Steve Kammerer,Communication,3.8,12,-1,2.5,CMNS110; CMNS223; CMNS323; CMNS332; CMNS371; CMNS372; HIST203
K. Regan,Psychology,3.3,11,-1,2.8,362; PSY100; PSYC102; PSYC3; PSYC362
Mark Frein,Business Administration,4.6,14,-1,1.9,BUS374; BUS488
Sara Grimes,Communication,3,1,-1,1,CMNS324
Bill Holmes,Business Administration,4.5,3,-1,1.7,BUS303
Shannon Tito,Education,5,1,-1,3,EDUC400
Paulo Horta,Humanities,3,42,-1,3.4,394; 3RDYRENGL; ENG342; ENG392; ENG394; ENGL; ENGL207; ENGL383; ENGL392; ENGTWO; EXPL130; HUM; HUM240; HUM381; HUM383; HUMANITIES240; POLLAS450; POLYSCI; WL100; WL101; WL303
Yves Van Gennip,Mathematics,1.5,7,-1,4.6,MATH150; MATH151; MATH157; MATHMATH
Lacey Forsyth,Sociology,1,1,-1,5,
Anne Hungerford,English,4.5,1,-1,4,ENG475
Karyn Audet,Education,4,6,-1,3.5,EDUC222; PSYCH1600
Ramjee Parajulee,Political Science,3.9,8,-1,2.5,POL241; POL346; POLI
Barry Ledwidge,Psychology,3.7,33,-1,2.6,241; CMNS241; PHARM383; PSY241; PSYC241; PSYC241270; PSYC270; PSYCH; PSYCH241; PSYCH270
Kelvin Liu,Business Administration,3,1,-1,4,BUS419
Darwin Lahue,Kinesiology,3.5,4,-1,2.3,KIN140; KPE170
Jean-Claude Brodovitch,Chemistry,4.8,5,-1,3.2,CHEM366; CHEM367; NUSC341
Karin Lee,Asian Studies,3,2,-1,3,ASC301; ASC400
Daniel Tashnek,Geography,3.8,13,-1,4.5,GEO111; GEO322; GEO323; GEOG111; GEOG230; GEOG322; GEOG411
Inderjeet Sahota,Kinesiology,5,1,-1,2,KIN305
Hema Samachetty,Chemistry,2.4,14,-1,4.4,ACCT202; CHEM121; CHEM281
Nadine Roth,History,4.3,55,-1,2.8,HIS332; HIST; HIST106; HIST225; HIST225332; HIST325; HIST332; HIST345; HIST401; HIST414; HIST425; HISTO106; HISTORY332
Kelly Heward,Communication,4.5,1,-1,3,CMNS259
Nima Mahanfar,Engineering,4.6,8,-1,3.4,ENSC325
Parveen Bawa,Kinesiology,3.9,17,-1,3.8,KIN; KIN205; KIN305; KIN306; KIN415; KIN861
Sourabh Paul,Economics,3.5,3,-1,3,ECON105
Gerald Thomas,Health Science,3.5,9,-1,2.1,ELECT3; HSCI140
Sheila Delany,English,2.4,49,-1,4,04; 204; 304; CHAUCER; CHAUCERC; E376; EGNL304; ENG; ENG104; ENG204; ENG3; ENG306380; ENG380; ENG390; ENGL; ENGL04; ENGL104; ENGL204; ENGL300L; ENGL304380; ENGL332; ENGL366; ENGL369; ENGL382; ENGLISH; JEWISHLIT; WHATEVER
Sean Carleton,History,4.8,4,-1,2.8,FNST401; HIST101
Bruce Hiebert,History,4.8,5,-1,3,HIST390; HIST424; HST36363
Ron Ferguson,Mathematics,1.9,7,-1,4.1,MATH154; MATH251
John D'Auria,Chemistry,2.1,18,-1,3.7,CHEM102; CHEM110; CHEM120; CHEM12021; CHEM121; NUSC341; NUSC344
Matthieu Sturzenegger,Geology,3.8,2,-1,2.5,EASC104
Mike Volker,Engineering,3.1,10,-1,3,ENSC201
John Bateman,Business Administration,2.8,2,-1,4,BUS393
Donna Gerdts,Linguistics,5,2,-1,2.5,LIING222; LING222
David Firman,Communication,3.2,14,-1,3.2,CMN260; CMNS110; CMNS130; CMNS260; CMNS260TA
Jean-Francois Godbout,Political Science,4.2,3,-1,3.3,POL339
Ean Jackson,Business Administration,4.6,10,-1,2.9,BUS477
Yufen Fu,Business Administration,4.5,1,-1,2,BUS312
Les Marshall,Economics,2.8,74,-1,3.6,BUEC280; ECON103; ECON105; ECON290; ECONFALL
Kate Milberry,Communication,3,5,-1,3,CMNS253; CMNS372; CMNS455
Meg Zuccaro,Education,4.3,15,-1,1.9,ECU100; ED100; EDU100; EDUC100; EDUC465
Lorraine Malcoe,Health Science,4.5,2,-1,4,HSCI340
Johannes Koch,Geography,2.7,7,-1,3,EASC104; GEOGGEOG
Edmond Lee,Mathematics,3.6,50,-1,3.5,MACM201; MATH; MATH102; MATH151; MATH154; MATH157; MATH232
Stella Atkins,Computer Science,3.5,17,-1,1.9,CMPT340; CMPT363
William Turnbull,Psychology,2.2,9,-1,4.6,PSYC358; PSYC451; PSYCPSYC
Susan Morton,Linguistics,3.1,22,-1,4.2,L200; LING100; LING200; LING362
Frank Vandenberg,Computer Science,4.7,3,-1,3.3,CMPT275
Mohamed Sulman,Mathematics,2.1,17,-1,3.5,CALC154; MATH154; MATH157
Yin Ruan,Economics,4.5,1,-1,1,ECON301
Maureen Gillis,Communication,4.8,2,-1,4,CMNS371
Tiffany Alkan,English,3.5,9,-1,3.1,ENG102; ENG310; ENG410; ENGL102; ENGL203; ENGL310; ENGL410
Kenneth Hopscotch,Biology,3.9,8,-1,4.5,BIO478; BISC478; BISC999; IMP101; SEX101; WOWX99
Ginger Grant,Business Administration,3.6,21,-1,3,BUS272; BUS347; BUS374; BUS446; BUS477; BUS492; BUS493
Warren Burton,Computer Science,1.8,16,-1,2.5,CMPT101; CMPT383; CMPT481; MACM101; MACM300
Hepzibah Munoz-Martinez,Political Science,3.4,8,-1,3.4,POL100; POL349; POL400; POL440
Michael Siemer,Business Administration,2.8,2,-1,4,ECON345
Kelli Vogstad,Education,4.8,12,-1,3.5,EDUC472
Jessica Green,Psychology,4.2,5,-1,2.8,PSYC221; PSYCH221
Neil Mathur,Business Administration,4.1,9,-1,2.7,BUS360; BUS360W
Anil Chauhan,Theater,4,4,-1,2.5,FPA170; FPA1700
Carey Jo Huffman,Theater,2.5,2,-1,5,FPA1100; FPA150
Brian Smerdon,Earth Science,4.6,4,-1,2,EASC104
Sima Joshi-Koop,Political Science,4.8,3,-1,2,POL100; POL359
Peter Borwein,Mathematics,2.8,14,-1,2.9,MAT151; MATH100; MATH151; MATH152; MATH190; MATH322
Martin Monsalve,History,4.5,4,-1,2.5,HIST208; HIST209; HIST485
Kristen Howard,Criminology,3.6,4,-1,2.8,CRIM315
Michael Boudreau,History,2.3,25,-1,4.5,HIST; HIST204; HIST328; HIST329; HIST428; HIST436; HST204; HST328; HST428
Veronica Dahl,Computer Science,2,17,-1,3.7,310; AI; CMPT310; DBCLASS; SCI303
Denielle Elliott,Anthropology,2.1,8,-1,2.3,ANTH402; SA201; SA203; SA312; SA402
Bernice Kastner,Mathematics,5,1,-1,4,MATH190
Richard Yates,Business Administration,3.5,11,-1,3.9,BUEC391; BUS393
Dennis Krebs,Psychology,4.7,6,-1,2.8,PSYC385; PSYC452; PSYC482; PSYC491; PSYCH482
Sharla Sava,Fine Arts,3.1,26,-1,3.4,CMNS220; CMNS223; CMNS231; CMNS240; CMNS261; CMNS262; CMNS323; FPA167
Robert Kitsos,Art,4.5,1,-1,3,FPA321
Wolfgang Haider,Resource Management,2.6,6,-1,2.3,REM356
Jeremy Hall,Business Administration,4,1,-1,3,BUS478
Naoko Kato,Asian Studies,4.5,1,-1,2,ASC300
Isabella  Graf,Mathematics,1,1,-1,5,MATH251
Luca Doria,Physics  Chemistry,5,1,-1,1,PHYS100
Brianne Layden,Psychology,5,1,-1,3,371
Jiacheng Wang,Engineering,4,1,-1,2,MSE490
Justin Beaudoin,Economics,5,1,-1,2,ECON362
Diana Seleski,Mathematics,5,1,-1,1,MAT0022
Ali AbdulHussein,Engineering,5,1,-1,2,ENSC220
Noa  Grass,History,5,1,-1,1,HIST254
Ziying Zhang,Gerontology,0,0,-1,0,
Mirza Baig ,Computer Science,0,0,-1,0,
Behrooz  Aghmiyouni,Computer Science,0,0,-1,0,
Korrie  Grant ,Criminal Justice,0,0,-1,0,
Sophie Chen,Business Administration,0,0,-1,0,
JB Kim,Business Administration,0,0,-1,0,
Rimika Adzijaj,Computer Science,0,0,-1,0,
Fabrice Retiere,Physics,0,0,-1,0,
Laura Kadowaki,Gerontology,0,0,-1,0,
Nick Gottlieb,Geography,0,0,-1,0,
ismail noyan,History,0,0,-1,0,
Victor Suwantaweechoat,Kinesiology,0,0,-1,0,
Hiu Lee,Geography,0,0,-1,0,
Michelle Makigaki-Baron,Linguistics,0,0,-1,0,
Kimberly Thomson,Health Science,0,0,-1,0,
Schulschenk Jess,Business Administration,0,0,-1,0,
Devadrita  Nair,Business Administration,0,0,-1,0,
Kishore Seetharaman,Health Science,0,0,-1,0,
Becky Lin,Mathematics,0,0,-1,0,
Gabriela Kuczynski,Biomedical Physiology & Kinesiology,0,0,-1,0,
Navid Alari,Mathematics,0,0,-1,0,
Andrew Bel,Mathematics,0,0,-1,0,
Mauve Page,Art & Design,0,0,-1,0,
Ward Owen,Statistics,0,0,-1,0,
Vijay Naidu,Mathematics,0,0,-1,0,
Chin Seah,Business Administration,0,0,-1,0,
Madeleine Reddon,Indigenous Studies,0,0,-1,0,
Ceacutecile Ollivier-Budisa,French,0,0,-1,0,
Kiera Anderson,Gender Studies,0,0,-1,0,
Abu Rahman,Communication,0,0,-1,0,
Kthim Imeri,Mathematics,0,0,-1,0,
Brendan Dyck,Earth Science,0,0,-1,0,
Robbie Donald,Earth Science,0,0,-1,0,
Mark Mahadeo,Molecular Biosciences,0,0,-1,0,
Valerie Liao,Business Administration,0,0,-1,0,
Julie Sture,Education,0,0,-1,0,
Sarine Sadhra,Education,0,0,-1,0,
Margaret Jamieson,Health Science,0,0,-1,0,
Benjamin Lam,Engineering,0,0,-1,0,
Kam Kim,Business Administration,0,0,-1,0,
Chaitanya Kaligotla,Business Administration,0,0,-1,0,
Mohammad Ghotboddini,Statistics,0,0,-1,0,
Payman Nickchi,Statistics,0,0,-1,0,
Stephen Takacs,Biology,0,0,-1,0,
Micheal ScHmitt,Psychology,0,0,-1,0,
Sophie Dunbar,Advisor,0,0,-1,0,
Deepak Rout,Computer Science,0,0,-1,0,
Siobhan Watters,Communication,0,0,-1,0,
Andrew Hill an,Communication,0,0,-1,0,
Sonya Cressman,Health Science,0,0,-1,0,
micheal hart,Biology,0,0,-1,0,
Queenie Chan,Linguistics,0,0,-1,0,
Stéphanie O'Neill,History,0,0,-1,0,
Robert Jones,Business Administration,0,0,-1,0,
Lakshman One,Engineering,0,0,-1,0,
Noortje Weers,Linguistics,0,0,-1,0,
Kennedy Stewart,Policy Studies,0,0,-1,0,
Francesco Papania,Marketing,0,0,-1,0,
Jeanette Paschen,Business Administration,0,0,-1,0,
Nadine Flagel,Health Science,0,0,-1,0,
Nur Intan Murtadza,Music,0,0,-1,0,
Evgenia Teranovska,Computer Science,0,0,-1,0,
Darija Susac,Chemistry,0,0,-1,0,
Jose Lopez,Chemistry,0,0,-1,0,
Sebastian Touza,Communication,0,0,-1,0,
Jorge Lopez,Business Administration,0,0,-1,0,
Binjie Yu,Business Administration,0,0,-1,0,
Diana Walker,Education,0,0,-1,0,
Markus Delves,Business Administration,0,0,-1,0,
Zeynep Kara,Business Administration,0,0,-1,0,
Normand O'Rourke,Psychology,0,0,-1,0,
Flachra Knox,Mathematics,0,0,-1,0,
Peter Muirhead,Statistics,0,0,-1,0,
Denise Weisgerber,Psychology,0,0,-1,0,
Stephen Fagan,Business Economics,0,0,-1,0,
Amy Newman,Education,0,0,-1,0,
Suzanne Gessner,Linguistics,0,0,-1,0,
Lesley Tilley,Music,0,0,-1,0,
Rasadah Mat-Ali,Science,0,0,-1,0,
Marjan Marzban,Computer Science,0,0,-1,0,
Darija Susac,Chemistry,0,0,-1,0,
Jose Lopez,Chemistry,0,0,-1,0,
Sebastian Touza,Communication,0,0,-1,0,
Tom Allen,Criminology,0,0,-1,0,
Binjie Yu,Business Administration,0,0,-1,0,
Denise Weisgerber,Psychology,0,0,-1,0,
Stephen Fagan,Business Economics,0,0,-1,0,
Amy Newman,Education,0,0,-1,0,
Samantha Seto,Business Administration,0,0,-1,0,
Ali Boloor,Business Administration,0,0,-1,0,
Jaspal Singh,Accounting,0,0,-1,0,
Yuen-Fung Ng,Kinesiology,0,0,-1,0,
Sean Hackett,Management,0,0,-1,0,
Stuart Peacock,Health Science,0,0,-1,0,
Eireann  O'Dea,Gerontology,0,0,-1,0,
	Judy  Wu,Health Science,0,0,-1,0,
Reza Shams,Business Administration,0,0,-1,0,
Samira Siahrostami,Chemistry,0,0,-1,0,
Sam Doesburg,Kinesiology,0,0,-1,0,
Alex Coates,Biomedical Physiology & Kinesiology,0,0,-1,0,
Jozina Vander Klok,Linguistics,0,0,-1,0,
Rachel Chimuka,Geography,0,0,-1,0,
Annika Aires,Urban Studies,0,0,-1,0,
Mohammed Shojayian,Engineering,0,0,-1,0,
Scott McAlpine,Political Science,0,0,-1,0,
Ashu Adhikar,Art & Design,0,0,-1,0,
Zed Gao,Sociology & Anthropology,0,0,-1,0,
Andrew Frostlord,Business Economics,0,0,-1,0,
John Hughes,Communication,0,0,-1,0,
Mina Mozafari,Chemistry,0,0,-1,0,
Stephen Zillwood,English,0,0,-1,0,
Rabia Azziz,Economics,0,0,-1,0,
Jen Shen,Criminal Justice,0,0,-1,0,
Kelsey Vicars,Philosophy,0,0,-1,0,
Angela Dichupa,Education,0,0,-1,0,
Emily Jukich,History,0,0,-1,0,
Kate Nickelchok,Business Administration,0,0,-1,0,
Suzanne Seblani,French,0,0,-1,0,
Habtamu Taddesse,Archaeology,0,0,-1,0,
Nafiseh Sedaghat,Engineering,0,0,-1,0,
Danai Thomaidis,Humanities,0,0,-1,0,
ted winsniewski,Literature,0,0,-1,0,
Caitlin McKinney,Communication,0,0,-1,0,
Nia  Pazoki,Education,0,0,-1,0,
Brenda Lyshawg,International Studies,0,0,-1,0,
Hayley Kellam,Biology,0,0,-1,0,
Jim Carter ,Biomedical Physiology & Kinesiology,0,0,-1,0,
Kazem Zabihollahi,Education,0,0,-1,0,
Molly Cairncross,Psychology,0,0,-1,0,
Samuel Hanson,Chemistry,0,0,-1,0,
Michael Loncaric,English,0,0,-1,0,
Mark Legacy,Education,0,0,-1,0,
Geoffrey Mann,Geography,0,0,-1,0,
Mark Faccone,Business Administration,0,0,-1,0,
Adrian Debruyn,Resource Management,0,0,-1,0,
Amanda Oye,Communication,0,0,-1,0,
Murray Mollard,Criminology,0,0,-1,0,
Kolappan Subramaniapillai,Biology,0,0,-1,0,
John Heandy,Business Administration,0,0,-1,0,
Kin Chan,Not Specified,0,0,-1,0,
Eng Mercedes,English,0,0,-1,0,
Ivan Shi,Art,0,0,-1,0,
Heidi  Wudrick,Communication,0,0,-1,0,
Diego Scheide,Mathematics,0,0,-1,0,
Chris Enns,History,0,0,-1,0,
Simon Zhang,Business Administration,0,0,-1,0,
Keith Rice-Jones,Education,0,0,-1,0,
Donald Grayston,Humanities,0,0,-1,0,
Ce Xiu,Geography,0,0,-1,0,
Liz Wood,Education,0,0,-1,0,
Mel Watkins,Canadian Studies,0,0,-1,0,
Jerry Tom,Geography,0,0,-1,0,
Satwinder Bains,Education,0,0,-1,0,
Mario Pinto,Chemistry,0,0,-1,0,
David Gaumont-Guay,Geography,0,0,-1,0,
Anna Miegon,English,0,0,-1,0,
Mingming Zhou,Education,0,0,-1,0,
Milka Njoroge,Women's Studies,0,0,-1,0,
Nahla Charaf,Business Administration,0,0,-1,0,
Jenna-Leigh Di Nardo,Education,0,0,-1,0,
Niloofar  Habibi,Health Science,0,0,-1,0,
Evan Price,Economics,0,0,-1,0,
Gordon McTaggart-Cowan,Engineering,0,0,-1,0,
Ö. NILAY  YALÇIN,Information Technology,0,0,-1,0,
Brian Burtch,Criminology,0,0,-1,0,
Madelyn Prevost,Sociology & Anthropology,0,0,-1,0,
Zeinab  Naderpour ,Linguistics,0,0,-1,0,
Nadia Shihab,Film,0,0,-1,0,
Gustavo Balbinot,Biomedical Physiology & Kinesiology,0,0,-1,0,
Malcolm Steinberg,Health Science,0,0,-1,0,
Lauren  Schneider,Linguistics,0,0,-1,0,
Sean Hackett,Social Science,0,0,-1,0,
Oliver Shulte,Computer & Informational Tech.,0,0,-1,0,
Wendy Loken,Psychology,0,0,-1,0,
Elise Couture-Grondin,Native Studies,0,0,-1,0,
Donna Hull,Education,0,0,-1,0,
Alberto Lusoli,Communication,0,0,-1,0,
Jessica Ferreira,Psychology,0,0,-1,0,
Mariana Barrios,Business Administration,0,0,-1,0,
Jennifer Austen,Archaeology,0,0,-1,0,
Wendy Loken,Psychology,0,0,-1,0,
Gleb Glebov,Mathematics,0,0,-1,0,
GEORGE NICHOLAS,Anthropology,0,0,-1,0,
Jenna-Leigh DiNardo,Education,0,0,-1,0,
Christopher  Buse ,Health Science,0,0,-1,0,
Violette Baillargeon,Education,0,0,-1,0,
Niloofar  Habibi,Health Science,0,0,-1,0,
Jenna-Leigh Di Nardo,Education,0,0,-1,0,
Ö. NILAY  YALÇIN,Information Technology,0,0,-1,0,
Brian Burtch,Criminology,0,0,-1,0,
Gordon McTaggart-Cowan,Engineering,0,0,-1,0,
Evan Price,Economics,0,0,-1,0,
Pamela Lincez,Health Science,0,0,-1,0,
Rachelle Pullmer,Psychology,0,0,-1,0,
Lisa Donovan,Education,0,0,-1,0,
T'ea Dong,Science,0,0,-1,0,
Susmita Dey,Publishing  Printing,0,0,-1,0,
Tom Brown,Business Administration,0,0,-1,0,
Michael Davis,Statistics,0,0,-1,0,
Annie Ross,Philosophy,0,0,-1,0,
Sarah Rudrum,Sociology  Anthropology,0,0,-1,0,
Roger Frei,Psychology,0,0,-1,0,
Barry Cartwright,Criminology,0,0,-1,0,
Kalysha Venditti-Closson,Health Science,0,0,-1,0,
James Hutchinson,Philosophy,0,0,-1,0,
Elise Couture-Grondin,Native Studies,0,0,-1,0,
Julie Leinis,Chemistry,0,0,-1,0,
Glenn Powers,Finance,0,0,-1,0,
Yuzhuang Hu,Computer Science,0,0,-1,0,
Kevin Williams,Communication,0,0,-1,0,
John Fountain,Economics,0,0,-1,0,
Chanakya Wijeratne,Education,0,0,-1,0,
Alexandra B.L. Hottie,Education,0,0,-1,0,
Alain Duncon,Business,0,0,-1,0,
Torsten Möller,Computer Science,0,0,-1,0,
Graham Farrell,Criminology,0,0,-1,0,
Allison Campbell,Criminology,0,0,-1,0,
Stephen Brown,Biomedical Physiology  Kinesiology,0,0,-1,0,
H. Antecol,Economics,0,0,-1,0,
Nancy Cochrane,Biology,0,0,-1,0,
Frank Loren,Economics,0,0,-1,0,
Tanya Burke,Biology,0,0,-1,0,
Daniel Monet,Not Specified,0,0,-1,0,
Mohamed Zahid,Not Specified,0,0,-1,0,
Ronan Tessier,Political Science,0,0,-1,0,
Jennifer Storey,Psychology,0,0,-1,0,
Elizabeth McDonald,Not Specified,0,0,-1,0,
Jane Fee,Linguistics,0,0,-1,0,
Kat Mulski,Education,0,0,-1,0,
Cameron Morden,Mathematics,0,0,-1,0,
Kristen Pankratz,Business Administration,0,0,-1,0,
Ronald Ignance,Anthropology,0,0,-1,0,
Hall Margaret,Criminology,0,0,-1,0,
Jack Stockholm Iii,Not Specified,0,0,-1,0,
Christina Spry,Environmental Science,0,0,-1,0,
Ryan Woolrych,Gerontology,0,0,-1,0,
Norman Swartz,Philosophy,0,0,-1,0,
Rebecca Hogue,Communication,0,0,-1,0,
Pierre Evariste,Not Specified,0,0,-1,0,
John Webster,Biology,0,0,-1,0,
Elizabeth Fee,Languages,0,0,-1,0,
Michael Marchesi,Not Specified,0,0,-1,0,
Teejay Horne,Mathematics,0,0,-1,0,
Lorraine Simpson,Business Administration,0,0,-1,0,
Sara Davidson,Education,0,0,-1,0,
Kyle Krystalowich,Business Administration,0,0,-1,0,
Haggai Liu,Mathematics,0,0,-1,0,
Mengxin Pan,Business Administration,0,0,-1,0,
addae  bright,Geography,0,0,-1,0,
Indira Riadi,Gerontology,0,0,-1,0,
Minjie Deng,Economics,0,0,-1,0,
Mina Xu,Engineering,0,0,-1,0,
Allen Yee,Psychology,0,0,-1,0,
Cicilia Zhang,Criminology,0,0,-1,0,
Cristina Moretti,Anthropology,0,0,-1,0,
Samantha Teichman,Sociology,0,0,-1,0,
Gahyun  Son,Education,0,0,-1,0,
Joy Johnson,Health Science,0,0,-1,0,
Melissa Gregg,Criminology,0,0,-1,0,
arthur riggs,Engineering,0,0,-1,0,
Natalie Gajdamaschko,Education,0,0,-1,0,
Nadira Aleaf,TA,0,0,-1,0,
Arshana Lalani,Criminology,0,0,-1,0,
Olga Vasileva,Psychology,0,0,-1,0,
Nassim tariq,Mathematics,0,0,-1,0,
Dawn Hoogeveen,Health Science,0,0,-1,0,
Sylvia Parusel,Labor Studies,0,0,-1,0,
Steffi Chan,Business Administration,0,0,-1,0,
Matthew Fitzpatrick,Physics,0,0,-1,0,
Ali Ali AbdulHussein,Engineering,0,0,-1,0,
Ivanna Cikes,English,0,0,-1,0,
Mark Labrecque,Health Science,0,0,-1,0,
George Lee,Accounting,0,0,-1,0,
Wijendra Premarathna,Statistics,0,0,-1,0,
Tanya Hansen,Education,0,0,-1,0,
Allan MacLeod,Political Science,0,0,-1,0,
John Walker,Labor Studies,0,0,-1,0,
Luke Bornn,Statistics,0,0,-1,0,
Sam Wang,Chemistry,0,0,-1,0,
J Gray,Mathematics,0,0,-1,0,
Sds Sds,Communication,0,0,-1,0,
Leslie Cormack,History,0,0,-1,0,
Diana Ng,Business Administration,0,0,-1,0,
Sharon Hannah,Chemistry,0,0,-1,0,
Bob Christie,Fine Arts,0,0,-1,0,
Ping Tan,Computer Science,0,0,-1,0,
Vicki Marlatt,Science,0,0,-1,0,
Ivanna Cikes,English,0,0,-1,0,
Mark Labrecque,Health Science,0,0,-1,0,
Nebile Barklin,Biochemistry,0,0,-1,0,
June Beynon,Education,0,0,-1,0,
Robert Clyde,Learning Center,0,0,-1,0,
Ali Ali AbdulHussein,Engineering,0,0,-1,0,
George Lee,Accounting,0,0,-1,0,
Naomi Lloyd,History,0,0,-1,0,
Hisako Hayashi,Humanities,0,0,-1,0,
James Marcia,Psychology,0,0,-1,0,
Robert Lamphear,Environmental Public Health,0,0,-1,0,
Aaron White,Education,0,0,-1,0,
Peter Schaub,Business Administration,0,0,-1,0,
Dejan Milidragovic,Earth Science,0,0,-1,0,
Nebile Barkin,Not Specified,0,0,-1,0,
Mark Fenwick,Criminology,0,0,-1,0,
Francis Pelletier,Philosophy,0,0,-1,0,
Jessie (Xiaojia) Yang,Business Administration,0,0,-1,0,
Ali Bhagat,Public Policy,0,0,-1,0,
Katie Gravestock,Geography,0,0,-1,0,
Rick Montoya,Agriculture,0,0,-1,0,
Robert Brown,Mathematics,0,0,-1,0,
Reyan Adzijaj,Computer Science,0,0,-1,0,
Jonathan Goldman,Biomedical Physiology & Kinesiology,0,0,-1,0,
Eric Lanoix,Business Administration,0,0,-1,0,
Jocelyn Minns,Computer Science,0,0,-1,0,
Jennifer  Davis ,Psychology,0,0,-1,0,
Marissa  Traversa,Psychology,0,0,-1,0,
Lucas Villlagra Torcomian,Mathematics,0,0,-1,0,
Nigare Raheem,Chemistry,0,0,-1,0,
Farzana  Kara ,Criminology,0,0,-1,0,
Korrie Grant,Criminology,0,0,-1,0,
Bubra  Susan,Accounting,0,0,-1,0,
Richard Tatomir,Education,0,0,-1,0,
Tatiana  Pakhomova ,Health Science,0,0,-1,0,
Genevieve LeBaron ,Political Science,0,0,-1,0,
Rafega beham,Engineering,0,0,-1,0,
Roghayeh Nataj,Business Administration,0,0,-1,0,
James Kinney,Criminology,0,0,-1,0,
Leanne Roderick,Geology,0,0,-1,0,
Caroline Colijn,Statistics,0,0,-1,0,
Diana Soloman,English,0,0,-1,0,
Duncan Saunders,Health Science,0,0,-1,0,
Maria Spiliotopoulou,Resource Management,0,0,-1,0,
Jeremy Hosking,Psychology,0,0,-1,0,
Nansheng Chen,Molecular Biology & Biochemistry,0,0,-1,0,
Heather Hart,Education,0,0,-1,0,
Joseph Waugh,Political Science,0,0,-1,0,
Freda Carmack,Political Science,0,0,-1,0,
Jiangy Ye,Computer Science,0,0,-1,0,
Avinash Kumar,Physics,0,0,-1,0,
Jodi Lough,Physiology,0,0,-1,0,
Diana Soloman,English,0,0,-1,0,
Duncan Saunders,Health Science,0,0,-1,0,
Matthew McKitrick,Geography,0,0,-1,0,
Leanne Roderick,Geology,0,0,-1,0,
Caroline Colijn,Statistics,0,0,-1,0,
Bryan Weber,Business Administration,0,0,-1,0,
Samantha Tiechman,Sociology,0,0,-1,0,
Abdul Rehman,Chemistry,0,0,-1,0,
Ahmed Rawi ,Communication,0,0,-1,0,
William  Hsiao,Health Science,0,0,-1,0,
Eric Werker,Business Administration,0,0,-1,0,
Jenkins Xu,Advisor,0,0,-1,0,
Roghayeh Nataj,Business Administration,0,0,-1,0,
James Kinney,Criminology,0,0,-1,0,
Anastasia Copeland,Communication,0,0,-1,0,
Claire Cupples,Molecular Biology & Biochemistry,0,0,-1,0,
Hannah Vogel,English,0,0,-1,0,
Cara Camcastle,Social Science,0,0,-1,0,
Danielle Brown,Criminology,0,0,-1,0,
Kayla Barkase,Criminology,0,0,-1,0,
Sushmita Saha,Accounting,0,0,-1,0,
David Schuberth,Psychology,0,0,-1,0,
Emily Sadowski,Education,0,0,-1,0,
Chris Springer,Sociology,0,0,-1,0,
Peter Goniak,Communication,0,0,-1,0,
Sarah Chen,Kinesiology,0,0,-1,0,
Shannon Gaudry,Education,0,0,-1,0,
Fedeles Michal,Not Specified,0,0,-1,0,
Michelle Hanson,Earth Science,0,0,-1,0,
William Heaney,Finance,0,0,-1,0,
Robyn Woodward,Archaeology,0,0,-1,0,
Roberta Dunlop,Earth Science,0,0,-1,0,
Angela Wilson,Marketing,0,0,-1,0,
Andrew Nordenflycht,Not Specified,0,0,-1,0,
Lorna Boschman,Interactive Media Design,0,0,-1,0,
Katherine  Rossiter,Criminology,0,0,-1,0,
Ronan Teyssie,Political Science,0,0,-1,0,
Judith Marcuse,Education,0,0,-1,0,
Michael Oram,Political Science,0,0,-1,0,
Ivelina Koleva,Linguistics,0,0,-1,0,
Teresa Jenkins,Education,0,0,-1,0,
Heandy John,Business Administration,0,0,-1,0,
Kirsten Pankratz,Not Specified,0,0,-1,0,
"Robert Grauer,",Business Administration,0,0,-1,0,
Ryan Aleen,Health Science,0,0,-1,0,
Thomas Joyce,English,0,0,-1,0,
Steve Gobsin,Business Administration,0,0,-1,0,
Jeremy Schmidt,History,0,0,-1,0,
